timestamp,lat,lon
2026-01-28T21:38:51Z,21.219716666666667,-158.16253333333333
2026-01-28T21:39:01Z,21.219716666666667,-158.16253333333333
2026-01-28T21:39:11Z,21.219716666666667,-158.16253333333333
2026-01-28T21:39:21Z,21.219716666666667,-158.16253333333333
2026-01-28T21:39:31Z,21.219699999999996,-158.16253333333333
2026-01-28T21:39:41Z,21.219699999999996,-158.16253333333333
2026-01-28T21:39:51Z,21.219699999999996,-158.16251666666668
2026-01-28T21:47:17Z,21.21915,-158.16285000000002
2026-01-28T21:47:27Z,21.21915,-158.16285000000002
2026-01-28T21:47:47Z,21.21915,-158.16285000000002
2026-01-28T21:47:57Z,21.21773333333333,-158.16153333333332
2026-01-28T21:48:07Z,21.217699999999997,-158.16151666666667
2026-01-28T21:48:17Z,21.217633333333332,-158.16146666666666
2026-01-28T21:48:44Z,21.21755,-158.16143333333332
2026-01-28T21:49:15Z,21.217533333333336,-158.16141666666667
2026-01-28T21:49:35Z,21.217483333333334,-158.16138333333336
2026-01-28T21:49:55Z,21.21745,-158.16135
2026-01-28T21:50:59Z,21.217249999999996,-158.1612
2026-01-28T21:53:05Z,21.216866666666668,-158.16093333333336
2026-01-28T21:55:42Z,21.216350000000002,-158.16060000000002
2026-01-28T21:56:02Z,21.216316666666664,-158.16056666666665
2026-01-28T21:56:22Z,21.21626666666667,-158.16053333333332
2026-01-28T21:56:42Z,21.216216666666664,-158.16048333333336
2026-01-28T21:57:02Z,21.216150000000003,-158.16043333333334
2026-01-28T21:57:22Z,21.216099999999997,-158.1604
2026-01-28T21:57:34Z,21.216066666666666,-158.16036666666665
2026-01-28T21:57:54Z,21.216,-158.1603166666667
2026-01-28T21:58:14Z,21.21595,-158.16028333333333
2026-01-28T21:58:34Z,21.215883333333334,-158.16023333333334
2026-01-28T21:58:54Z,21.21581666666667,-158.16019999999997
2026-01-28T21:59:14Z,21.215766666666664,-158.16016666666667
2026-01-28T21:59:26Z,21.215733333333333,-158.16013333333333
2026-01-28T21:59:46Z,21.215733333333333,-158.16013333333333
2026-01-28T21:59:56Z,21.215733333333333,-158.16013333333333
2026-01-28T22:00:06Z,21.215733333333333,-158.16013333333333
2026-01-28T22:00:16Z,21.215733333333333,-158.16013333333333
2026-01-28T22:00:26Z,21.215733333333333,-158.16013333333333
2026-01-28T22:00:36Z,21.215733333333333,-158.16013333333333
2026-01-28T22:13:27Z,21.218200000000003,-158.16098333333332
2026-01-28T22:13:37Z,21.218200000000003,-158.16098333333332
2026-01-28T22:13:47Z,21.218200000000003,-158.16098333333332
2026-01-28T22:13:57Z,21.216150000000003,-158.15921666666665
2026-01-28T22:14:07Z,21.216116666666668,-158.15918333333332
2026-01-28T22:14:17Z,21.216033333333332,-158.15911666666668
2026-01-28T22:14:48Z,21.21595,-158.15905
2026-01-28T22:15:19Z,21.215933333333336,-158.15905
2026-01-28T22:15:38Z,21.21586666666667,-158.15901666666664
2026-01-28T22:15:58Z,21.21581666666667,-158.1589666666667
2026-01-28T22:16:34Z,21.21571666666667,-158.15888333333334
2026-01-28T22:17:37Z,21.21553333333333,-158.15873333333332
2026-01-28T22:18:53Z,21.215300000000003,-158.15856666666664
2026-01-28T22:19:13Z,21.21526666666667,-158.15851666666669
2026-01-28T22:19:33Z,21.215216666666667,-158.15848333333332
2026-01-28T22:19:53Z,21.21515,-158.15843333333333
2026-01-28T22:20:13Z,21.2151,-158.15838333333335
2026-01-28T22:20:33Z,21.215049999999998,-158.15833333333333
2026-01-28T22:20:55Z,21.21496666666667,-158.1583
2026-01-28T22:21:15Z,21.214850000000002,-158.15818333333334
2026-01-28T22:21:44Z,21.21483333333333,-158.15816666666666
2026-01-28T22:22:04Z,21.214783333333337,-158.15811666666664
2026-01-28T22:22:16Z,21.214750000000002,-158.15810000000002
2026-01-28T22:22:36Z,21.214750000000002,-158.15810000000002
2026-01-28T22:22:46Z,21.214750000000002,-158.15810000000002
2026-01-28T22:22:56Z,21.214750000000002,-158.15810000000002
2026-01-28T22:23:06Z,21.214750000000002,-158.15810000000002
2026-01-28T22:23:16Z,21.214750000000002,-158.15810000000002
2026-01-28T22:34:45Z,21.217033333333333,-158.15801666666667
2026-01-28T22:34:55Z,21.217033333333333,-158.15801666666667
2026-01-28T22:35:05Z,21.215016666666664,-158.1566
2026-01-28T22:35:15Z,21.215016666666664,-158.1566
2026-01-28T22:35:25Z,21.214933333333338,-158.15651666666665
2026-01-28T22:35:53Z,21.21483333333333,-158.15645
2026-01-28T22:36:22Z,21.21483333333333,-158.15643333333335
2026-01-28T22:36:44Z,21.214750000000002,-158.15638333333334
2026-01-28T22:37:04Z,21.21468333333333,-158.15633333333332
2026-01-28T22:37:49Z,21.21455,-158.15623333333332
2026-01-28T22:38:53Z,21.21435,-158.1561
2026-01-28T22:41:06Z,21.21393333333333,-158.15581666666668
2026-01-28T22:41:28Z,21.213883333333335,-158.15578333333332
2026-01-28T22:41:52Z,21.2138,-158.15573333333333
2026-01-28T22:42:04Z,21.213783333333335,-158.1557
2026-01-28T22:42:24Z,21.213783333333335,-158.1557
2026-01-28T22:42:34Z,21.213783333333335,-158.1557
2026-01-28T22:42:44Z,21.213783333333335,-158.1557
2026-01-28T22:42:54Z,21.213766666666668,-158.1557
2026-01-28T22:43:04Z,21.213766666666668,-158.15568333333334
2026-01-29T00:03:49Z,21.227833333333333,-158.16908333333333
2026-01-29T00:04:00Z,21.227833333333333,-158.16908333333333
2026-01-29T00:04:10Z,21.227516666666663,-158.16996666666668
2026-01-29T00:04:19Z,21.227483333333332,-158.16989999999998
2026-01-29T00:04:29Z,21.227449999999997,-158.16981666666666
2026-01-29T00:05:00Z,21.227383333333332,-158.16978333333333
2026-01-29T00:05:26Z,21.22735,-158.16975
2026-01-29T00:05:46Z,21.2273,-158.1697166666667
2026-01-29T00:06:06Z,21.227233333333334,-158.16966666666667
2026-01-29T00:06:14Z,21.227233333333334,-158.16966666666667
2026-01-29T00:06:21Z,21.2272,-158.16963333333334
2026-01-29T00:06:34Z,21.22716666666667,-158.1696
2026-01-29T00:06:54Z,21.227133333333335,-158.16958333333332
2026-01-29T00:07:14Z,21.227083333333333,-158.16956666666667
2026-01-29T00:07:29Z,21.227050000000002,-158.16951666666668
2026-01-29T00:08:32Z,21.2269,-158.16943333333333
2026-01-29T00:09:35Z,21.22675,-158.16933333333333
2026-01-29T00:11:53Z,21.226350000000004,-158.16906666666668
2026-01-29T00:12:29Z,21.2263,-158.16903333333332
2026-01-29T00:12:52Z,21.226266666666668,-158.16899999999998
2026-01-29T00:13:12Z,21.226200000000002,-158.16895000000002
2026-01-29T00:13:40Z,21.22618333333333,-158.16893333333334
2026-01-29T00:14:00Z,21.22615,-158.16891666666666
2026-01-29T00:14:23Z,21.226083333333335,-158.16888333333333
2026-01-29T00:14:43Z,21.22605,-158.16885
2026-01-29T00:15:03Z,21.226,-158.1688
2026-01-29T00:15:23Z,21.225966666666668,-158.16878333333335
2026-01-29T00:15:43Z,21.225849999999998,-158.16871666666665
2026-01-29T00:16:13Z,21.225849999999998,-158.1687
2026-01-29T00:17:02Z,21.22575,-158.16863333333333
2026-01-29T00:17:22Z,21.2257,-158.16858333333332
2026-01-29T00:17:46Z,21.225650000000005,-158.16854999999998
2026-01-29T00:18:06Z,21.2256,-158.16853333333333
2026-01-29T00:18:17Z,21.22556666666667,-158.16851666666668
2026-01-29T00:18:38Z,21.22556666666667,-158.16851666666668
2026-01-29T00:18:48Z,21.22556666666667,-158.16851666666668
2026-01-29T00:18:58Z,21.22556666666667,-158.16851666666668
2026-01-29T00:19:08Z,21.22556666666667,-158.16851666666668
2026-01-29T00:19:18Z,21.22556666666667,-158.16851666666668
2026-01-29T02:11:31Z,21.22225,-158.17418333333333
2026-01-29T02:11:41Z,21.22225,-158.17418333333333
2026-01-29T02:12:01Z,21.22225,-158.17418333333333
2026-01-29T02:12:11Z,21.22225,-158.17418333333333
2026-01-29T02:12:21Z,21.22225,-158.17418333333333
2026-01-29T02:12:31Z,21.222183333333337,-158.1754
2026-01-29T02:12:41Z,21.222166666666666,-158.1754
2026-01-29T02:12:51Z,21.2221,-158.17535
2026-01-29T02:13:18Z,21.222066666666667,-158.17535
2026-01-29T02:13:48Z,21.22205,-158.17533333333333
2026-01-29T02:14:08Z,21.222016666666665,-158.17531666666667
2026-01-29T02:14:22Z,21.222,-158.1753
2026-01-29T02:15:25Z,21.221899999999998,-158.17520000000002
2026-01-29T02:17:47Z,21.22165,-158.175
2026-01-29T02:18:43Z,21.221566666666664,-158.1749333333333
2026-01-29T02:18:54Z,21.22155,-158.1749166666667
2026-01-29T02:19:14Z,21.22151666666667,-158.17488333333333
2026-01-29T02:19:34Z,21.221483333333335,-158.17486666666667
2026-01-29T02:19:54Z,21.221433333333334,-158.17485
2026-01-29T02:20:14Z,21.221400000000003,-158.17479999999998
2026-01-29T02:20:34Z,21.22136666666667,-158.17478333333332
2026-01-29T02:20:54Z,21.221349999999997,-158.17476666666667
2026-01-29T02:21:14Z,21.221299999999996,-158.17473333333334
2026-01-29T02:21:34Z,21.221283333333336,-158.17471666666668
2026-01-29T02:21:54Z,21.221266666666665,-158.17468333333332
2026-01-29T02:22:14Z,21.22121666666667,-158.17468333333332
2026-01-29T02:22:34Z,21.221166666666665,-158.17464999999999
2026-01-29T02:22:55Z,21.221133333333334,-158.17464999999999
2026-01-29T02:23:15Z,21.2211,-158.17463333333333
2026-01-29T02:23:35Z,21.221083333333333,-158.1746
2026-01-29T02:23:55Z,21.221049999999998,-158.17458333333335
2026-01-29T02:24:15Z,21.221016666666667,-158.17455
2026-01-29T02:24:35Z,21.220983333333333,-158.17451666666665
2026-01-29T02:24:55Z,21.220950000000002,-158.1744833333333
2026-01-29T02:25:15Z,21.22093333333333,-158.1744833333333
2026-01-29T02:25:35Z,21.220899999999997,-158.17445
2026-01-29T02:25:55Z,21.220866666666666,-158.17443333333333
2026-01-29T02:26:15Z,21.220833333333335,-158.1744
2026-01-29T02:26:35Z,21.2208,-158.17438333333334
2026-01-29T02:26:55Z,21.22076666666667,-158.17436666666666
2026-01-29T02:27:15Z,21.220716666666664,-158.17433333333332
2026-01-29T02:27:35Z,21.220700000000004,-158.17430000000002
2026-01-29T02:27:55Z,21.220666666666663,-158.17428333333334
2026-01-29T02:28:15Z,21.220633333333332,-158.17425
2026-01-29T02:28:35Z,21.22061666666667,-158.17423333333332
2026-01-29T02:28:55Z,21.220583333333334,-158.17419999999998
2026-01-29T02:29:15Z,21.220550000000003,-158.17416666666668
2026-01-29T02:29:35Z,21.2205,-158.17413333333334
2026-01-29T02:29:55Z,21.22048333333333,-158.17411666666666
2026-01-29T02:30:15Z,21.220449999999996,-158.1741
2026-01-29T02:30:35Z,21.220416666666665,-158.17406666666665
2026-01-29T02:30:55Z,21.220383333333334,-158.17405
2026-01-29T02:31:15Z,21.22033333333333,-158.1740333333333
2026-01-29T02:31:35Z,21.22031666666667,-158.1740166666667
2026-01-29T02:31:55Z,21.220283333333334,-158.17398333333333
2026-01-29T02:33:57Z,21.22006666666667,-158.17385000000002
2026-01-29T02:34:13Z,21.22005,-158.17383333333333
2026-01-29T02:34:24Z,21.220033333333337,-158.17381666666668
2026-01-29T02:34:44Z,21.219999999999995,-158.17378333333332
2026-01-29T02:35:04Z,21.219966666666664,-158.17376666666667
2026-01-29T02:35:25Z,21.219933333333334,-158.17373333333336
2026-01-29T02:35:45Z,21.219883333333335,-158.1737
2026-01-29T02:36:05Z,21.219849999999997,-158.17368333333334
2026-01-29T02:36:17Z,21.219833333333334,-158.17366666666666
2026-01-29T02:36:37Z,21.219800000000003,-158.17365
2026-01-29T02:36:48Z,21.21976666666667,-158.17363333333333
2026-01-29T02:37:08Z,21.21976666666667,-158.17363333333333
2026-01-29T02:37:18Z,21.21976666666667,-158.17363333333333
2026-01-29T02:37:28Z,21.21976666666667,-158.17363333333333
2026-01-29T02:37:38Z,21.21976666666667,-158.17363333333333
2026-01-29T02:37:48Z,21.21976666666667,-158.17363333333333
2026-01-29T07:18:59Z,21.213316666666667,-158.21821666666668
2026-01-29T07:19:19Z,21.213316666666667,-158.21821666666668
2026-01-29T07:19:29Z,21.213316666666667,-158.21821666666668
2026-01-29T07:19:39Z,21.213616666666667,-158.21206666666666
2026-01-29T07:19:49Z,21.213616666666667,-158.21205
2026-01-29T07:19:59Z,21.213616666666667,-158.212
2026-01-29T07:20:23Z,21.213583333333336,-158.21188333333333
2026-01-29T07:20:54Z,21.213583333333336,-158.21186666666665
2026-01-29T07:21:19Z,21.213583333333336,-158.21178333333333
2026-01-29T07:22:22Z,21.213566666666665,-158.21156666666667
2026-01-29T07:24:44Z,21.213566666666665,-158.21103333333335
2026-01-29T07:25:55Z,21.213566666666665,-158.21079999999998
2026-01-29T07:28:11Z,21.21353333333333,-158.21013333333335
2026-01-29T07:29:22Z,21.21351666666667,-158.20991666666666
2026-01-29T07:30:48Z,21.213483333333336,-158.2095666666667
2026-01-29T07:31:08Z,21.213483333333336,-158.20951666666667
2026-01-29T07:34:26Z,21.213383333333333,-158.20843333333332
2026-01-29T07:36:07Z,21.21335,-158.20826666666665
2026-01-29T07:36:30Z,21.213333333333335,-158.20805000000001
2026-01-29T07:37:30Z,21.213316666666667,-158.20791666666668
2026-01-29T07:38:57Z,21.213283333333333,-158.20763333333335
2026-01-29T07:39:16Z,21.213250000000002,-158.2073
2026-01-29T07:40:36Z,21.21323333333333,-158.20708333333332
2026-01-29T07:41:42Z,21.21323333333333,-158.20708333333332
2026-01-29T07:41:52Z,21.21323333333333,-158.20708333333332
2026-01-29T07:42:02Z,21.21323333333333,-158.20708333333332
2026-01-29T07:42:12Z,21.21323333333333,-158.2070666666667
2026-01-29T07:42:22Z,21.213216666666668,-158.2070666666667
2026-01-29T09:49:34Z,21.2126,-158.24165
2026-01-29T09:49:44Z,21.2126,-158.24165
2026-01-29T09:50:04Z,21.2126,-158.24165
2026-01-29T09:50:14Z,21.2126,-158.24165
2026-01-29T09:50:24Z,21.20813333333333,-158.24235
2026-01-29T09:50:34Z,21.20811666666667,-158.24231666666668
2026-01-29T09:50:44Z,21.208000000000002,-158.24228333333335
2026-01-29T09:51:14Z,21.207933333333337,-158.24218333333334
2026-01-29T09:51:43Z,21.207933333333337,-158.2421666666667
2026-01-29T09:52:03Z,21.20788333333333,-158.2421
2026-01-29T09:52:15Z,21.20785,-158.24204999999998
2026-01-29T09:53:20Z,21.20775,-158.24186666666668
2026-01-29T09:54:36Z,21.207600000000003,-158.24159999999998
2026-01-29T09:57:40Z,21.20725,-158.24098333333333
2026-01-29T09:58:03Z,21.207216666666667,-158.24089999999998
2026-01-29T09:59:06Z,21.2071,-158.24069999999998
2026-01-29T09:59:27Z,21.207066666666666,-158.24063333333334
2026-01-29T09:59:38Z,21.207033333333335,-158.2406
2026-01-29T09:59:58Z,21.207033333333335,-158.2406
2026-01-29T10:00:08Z,21.207033333333335,-158.24058333333332
2026-01-29T10:00:18Z,21.207016666666664,-158.24058333333332
2026-01-29T10:00:28Z,21.207016666666664,-158.24058333333332
2026-01-29T12:05:20Z,21.20246666666667,-158.27528333333333
2026-01-29T12:05:30Z,21.20246666666667,-158.27528333333333
2026-01-29T12:05:50Z,21.20246666666667,-158.27528333333333
2026-01-29T12:06:00Z,21.20246666666667,-158.27528333333333
2026-01-29T12:06:10Z,21.204700000000003,-158.2749
2026-01-29T12:06:20Z,21.20468333333333,-158.27488333333335
2026-01-29T12:06:30Z,21.204583333333336,-158.27481666666665
2026-01-29T12:06:55Z,21.20451666666667,-158.2748
2026-01-29T12:07:22Z,21.2045,-158.27478333333332
2026-01-29T12:07:42Z,21.204449999999998,-158.27475
2026-01-29T12:08:02Z,21.204416666666663,-158.27473333333333
2026-01-29T12:08:19Z,21.204383333333332,-158.2747
2026-01-29T12:08:42Z,21.204333333333338,-158.27466666666666
2026-01-29T12:09:02Z,21.204333333333338,-158.27466666666666
2026-01-29T12:09:12Z,21.204333333333338,-158.27466666666666
2026-01-29T12:09:22Z,21.204333333333338,-158.27466666666666
2026-01-29T12:09:32Z,21.204333333333338,-158.27466666666666
2026-01-29T12:09:42Z,21.204316666666667,-158.27466666666666
2026-01-29T14:15:23Z,21.19478333333333,-158.30896666666666
2026-01-29T14:15:33Z,21.19478333333333,-158.30895
2026-01-29T14:15:53Z,21.19478333333333,-158.30895
2026-01-29T14:16:03Z,21.19478333333333,-158.30895
2026-01-29T14:16:13Z,21.19606666666667,-158.30766666666665
2026-01-29T14:16:23Z,21.19605,-158.30758333333333
2026-01-29T14:16:33Z,21.195983333333334,-158.30766666666665
2026-01-29T14:16:57Z,21.195933333333333,-158.30765000000002
2026-01-29T14:17:26Z,21.19591666666667,-158.30766666666665
2026-01-29T14:17:46Z,21.195883333333335,-158.30766666666665
2026-01-29T14:18:06Z,21.195833333333333,-158.30763333333334
2026-01-29T14:18:18Z,21.195816666666662,-158.30763333333334
2026-01-29T14:18:30Z,21.195800000000002,-158.30761666666666
2026-01-29T14:18:50Z,21.195800000000002,-158.30761666666666
2026-01-29T14:19:00Z,21.19578333333333,-158.30761666666666
2026-01-29T14:19:10Z,21.19578333333333,-158.30761666666666
2026-01-29T14:19:20Z,21.19578333333333,-158.30761666666666
2026-01-29T14:19:30Z,21.19578333333333,-158.3076
2026-01-29T16:27:53Z,21.1785,-158.33725
2026-01-29T16:28:03Z,21.1785,-158.33725
2026-01-29T16:28:23Z,21.1785,-158.33725
2026-01-29T16:28:33Z,21.17658333333333,-158.33886666666666
2026-01-29T16:28:43Z,21.17658333333333,-158.33888333333334
2026-01-29T16:28:53Z,21.176566666666666,-158.33885
2026-01-29T16:29:18Z,21.176516666666664,-158.33885
2026-01-29T16:29:53Z,21.1765,-158.33885
2026-01-29T16:30:14Z,21.17645,-158.33885
2026-01-29T16:31:17Z,21.176350000000003,-158.33886666666666
2026-01-29T16:33:02Z,21.176133333333336,-158.33891666666665
2026-01-29T16:33:25Z,21.176133333333336,-158.33893333333333
2026-01-29T16:33:45Z,21.176083333333334,-158.33894999999998
2026-01-29T16:34:05Z,21.17605,-158.33893333333333
2026-01-29T16:34:16Z,21.176033333333333,-158.33893333333333
2026-01-29T16:34:30Z,21.17601666666667,-158.33893333333333
2026-01-29T16:34:50Z,21.17601666666667,-158.33893333333333
2026-01-29T16:35:00Z,21.176,-158.33893333333333
2026-01-29T16:35:10Z,21.176,-158.33893333333333
2026-01-29T16:35:20Z,21.176,-158.33893333333333
2026-01-29T16:35:30Z,21.176,-158.33893333333333
2026-01-29T18:48:29Z,21.18923333333333,-158.3118
2026-01-29T18:48:39Z,21.18923333333333,-158.3118
2026-01-29T18:48:49Z,21.183516666666666,-158.31326666666666
2026-01-29T18:48:59Z,21.183516666666666,-158.31326666666666
2026-01-29T18:49:09Z,21.183483333333335,-158.31321666666665
2026-01-29T18:49:37Z,21.18345,-158.3131833333333
2026-01-29T18:50:07Z,21.18345,-158.3131666666667
2026-01-29T18:50:27Z,21.18341666666667,-158.31315
2026-01-29T18:50:39Z,21.18341666666667,-158.31313333333335
2026-01-29T18:50:51Z,21.1834,-158.31313333333335
2026-01-29T18:51:54Z,21.183333333333334,-158.31305
2026-01-29T18:54:11Z,21.183200000000003,-158.31283333333334
2026-01-29T18:54:37Z,21.18316666666666,-158.3128
2026-01-29T18:54:57Z,21.18315,-158.31276666666665
2026-01-29T18:55:17Z,21.183116666666667,-158.3127166666667
2026-01-29T18:55:37Z,21.1831,-158.3127
2026-01-29T18:55:57Z,21.183083333333336,-158.31266666666667
2026-01-29T18:56:17Z,21.183066666666665,-158.31265
2026-01-29T18:56:37Z,21.18305,-158.3126
2026-01-29T18:56:57Z,21.18301666666667,-158.31256666666667
2026-01-29T18:57:18Z,21.183,-158.31253333333333
2026-01-29T18:57:38Z,21.18298333333333,-158.3125
2026-01-29T18:57:58Z,21.18296666666667,-158.31248333333332
2026-01-29T18:58:18Z,21.18296666666667,-158.31243333333333
2026-01-29T18:58:38Z,21.182949999999998,-158.31241666666668
2026-01-29T18:59:41Z,21.182900000000004,-158.3123
2026-01-29T19:02:02Z,21.182766666666666,-158.31208333333333
2026-01-29T19:03:13Z,21.18271666666667,-158.31198333333333
2026-01-29T19:06:24Z,21.18256666666667,-158.31166666666667
2026-01-29T19:08:44Z,21.182450000000003,-158.31141666666664
2026-01-29T19:09:04Z,21.182450000000003,-158.3114
2026-01-29T19:09:24Z,21.18241666666667,-158.3113666666667
2026-01-29T19:09:44Z,21.18241666666667,-158.31133333333335
2026-01-29T19:10:04Z,21.182399999999998,-158.3113
2026-01-29T19:10:24Z,21.182383333333338,-158.31126666666665
2026-01-29T19:10:44Z,21.182366666666667,-158.31121666666667
2026-01-29T19:11:04Z,21.182349999999996,-158.31118333333333
2026-01-29T19:11:24Z,21.182333333333336,-158.31115
2026-01-29T19:11:44Z,21.182333333333336,-158.31113333333332
2026-01-29T19:12:04Z,21.1823,-158.31108333333336
2026-01-29T19:12:24Z,21.1823,-158.31105
2026-01-29T19:12:44Z,21.1823,-158.31101666666666
2026-01-29T19:13:04Z,21.18228333333333,-158.31098333333333
2026-01-29T19:13:24Z,21.18226666666667,-158.31091666666669
2026-01-29T19:13:44Z,21.18225,-158.3109
2026-01-29T19:14:04Z,21.18225,-158.31086666666667
2026-01-29T19:14:24Z,21.182216666666665,-158.31083333333333
2026-01-29T19:14:44Z,21.182216666666665,-158.3108
2026-01-29T19:15:04Z,21.182199999999998,-158.31076666666667
2026-01-29T19:15:24Z,21.182183333333334,-158.31073333333333
2026-01-29T19:15:44Z,21.182166666666664,-158.31068333333332
2026-01-29T19:16:04Z,21.182166666666664,-158.31064999999998
2026-01-29T19:16:24Z,21.18215,-158.31063333333336
2026-01-29T19:16:44Z,21.182133333333333,-158.31058333333334
2026-01-29T19:17:04Z,21.18211666666667,-158.31055
2026-01-29T19:17:25Z,21.18211666666667,-158.3105
2026-01-29T19:17:45Z,21.1821,-158.31046666666668
2026-01-29T19:18:05Z,21.182083333333335,-158.31041666666667
2026-01-29T19:18:25Z,21.182066666666667,-158.3104
2026-01-29T19:18:45Z,21.182049999999997,-158.31035
2026-01-29T19:19:05Z,21.182049999999997,-158.31031666666667
2026-01-29T19:19:25Z,21.182033333333333,-158.31028333333333
2026-01-29T19:19:45Z,21.182033333333333,-158.31023333333331
2026-01-29T19:20:05Z,21.182016666666662,-158.31019999999998
2026-01-29T19:20:25Z,21.182000000000002,-158.31015
2026-01-29T19:20:45Z,21.182000000000002,-158.31013333333334
2026-01-29T19:21:05Z,21.18198333333333,-158.31008333333332
2026-01-29T19:21:25Z,21.181966666666668,-158.31006666666664
2026-01-29T19:21:45Z,21.181966666666668,-158.31003333333334
2026-01-29T19:22:05Z,21.181949999999997,-158.30998333333335
2026-01-29T19:22:25Z,21.181949999999997,-158.30995
2026-01-29T19:22:45Z,21.181933333333337,-158.3099
2026-01-29T19:23:05Z,21.181916666666666,-158.30986666666666
2026-01-29T19:23:25Z,21.181900000000002,-158.30983333333333
2026-01-29T19:23:45Z,21.181900000000002,-158.3098
2026-01-29T19:24:05Z,21.181900000000002,-158.30976666666666
2026-01-29T19:24:25Z,21.181866666666664,-158.30973333333336
2026-01-29T19:24:45Z,21.181866666666664,-158.3097
2026-01-29T19:25:05Z,21.18185,-158.30963333333332
2026-01-29T19:25:25Z,21.18183333333333,-158.30961666666664
2026-01-29T19:25:45Z,21.18183333333333,-158.30956666666668
2026-01-29T19:26:05Z,21.18181666666667,-158.30951666666667
2026-01-29T19:26:25Z,21.18181666666667,-158.30948333333333
2026-01-29T19:26:45Z,21.18181666666667,-158.30945
2026-01-29T19:27:05Z,21.1818,-158.3094
2026-01-29T19:27:18Z,21.181783333333335,-158.30936666666668
2026-01-29T19:27:44Z,21.181750000000005,-158.30925
2026-01-29T19:28:45Z,21.181716666666663,-158.30911666666668
2026-01-29T19:29:49Z,21.1817,-158.30898333333334
2026-01-29T19:30:51Z,21.18166666666667,-158.30885
2026-01-29T19:31:52Z,21.181649999999998,-158.3088
2026-01-29T19:32:21Z,21.181649999999998,-158.30878333333334
2026-01-29T19:32:41Z,21.181633333333334,-158.30875
2026-01-29T19:33:01Z,21.181633333333334,-158.30870000000002
2026-01-29T19:33:21Z,21.181633333333334,-158.30868333333333
2026-01-29T19:33:41Z,21.181616666666667,-158.30863333333335
2026-01-29T19:34:01Z,21.181616666666667,-158.30858333333333
2026-01-29T19:34:21Z,21.181600000000003,-158.30855000000003
2026-01-29T19:34:41Z,21.181600000000003,-158.30851666666666
2026-01-29T19:35:05Z,21.181583333333332,-158.30846666666667
2026-01-29T19:35:25Z,21.181583333333332,-158.3084333333333
2026-01-29T19:35:45Z,21.181583333333332,-158.30838333333335
2026-01-29T19:36:05Z,21.181583333333332,-158.30835
2026-01-29T19:36:25Z,21.18156666666666,-158.30831666666666
2026-01-29T19:36:45Z,21.18155,-158.30821666666668
2026-01-29T19:37:12Z,21.18155,-158.3082
2026-01-29T19:37:33Z,21.18155,-158.30816666666666
2026-01-29T19:38:36Z,21.181516666666667,-158.30803333333333
2026-01-29T19:39:46Z,21.181499999999996,-158.3079
2026-01-29T19:40:41Z,21.181466666666665,-158.30778333333333
2026-01-29T19:40:47Z,21.181466666666665,-158.30778333333333
2026-01-29T19:44:56Z,21.1814,-158.30724999999998
2026-01-29T19:45:08Z,21.1814,-158.30721666666668
2026-01-29T19:46:12Z,21.18136666666667,-158.30706666666669
2026-01-29T19:46:21Z,21.18136666666667,-158.30705
2026-01-29T19:46:39Z,21.18136666666667,-158.307
2026-01-29T19:46:51Z,21.18136666666667,-158.30698333333333
2026-01-29T19:47:11Z,21.18136666666667,-158.30698333333333
2026-01-29T19:47:21Z,21.18135,-158.30698333333333
2026-01-29T19:47:31Z,21.18135,-158.30698333333333
2026-01-29T19:47:41Z,21.181333333333335,-158.30698333333333
2026-01-29T23:03:13Z,21.187250000000002,-158.34763333333333
2026-01-29T23:03:33Z,21.187250000000002,-158.34763333333333
2026-01-29T23:03:43Z,21.187250000000002,-158.34763333333333
2026-01-29T23:03:53Z,21.187250000000002,-158.34763333333333
2026-01-29T23:04:03Z,21.187250000000002,-158.34763333333333
2026-01-29T23:04:13Z,21.187250000000002,-158.34763333333333
2026-01-29T23:04:23Z,21.18906666666667,-158.34576666666666
2026-01-29T23:04:33Z,21.188983333333333,-158.3459
2026-01-29T23:04:43Z,21.188883333333333,-158.3457
2026-01-29T23:05:10Z,21.18883333333333,-158.34563333333332
2026-01-29T23:05:44Z,21.18883333333333,-158.34563333333332
2026-01-29T23:06:04Z,21.1888,-158.34560000000002
2026-01-29T23:07:07Z,21.1887,-158.3455
2026-01-29T23:09:01Z,21.188550000000003,-158.34535
2026-01-29T23:11:19Z,21.188316666666665,-158.34513333333334
2026-01-29T23:12:30Z,21.18821666666667,-158.34505
2026-01-29T23:14:46Z,21.188066666666668,-158.3448
2026-01-29T23:15:06Z,21.188033333333337,-158.3448
2026-01-29T23:15:26Z,21.188016666666666,-158.34476666666666
2026-01-29T23:15:46Z,21.18798333333333,-158.34473333333332
2026-01-29T23:16:07Z,21.18795,-158.34470000000002
2026-01-29T23:16:27Z,21.18791666666667,-158.34466666666668
2026-01-29T23:16:47Z,21.187883333333335,-158.34463333333332
2026-01-29T23:17:07Z,21.187850000000005,-158.34458333333333
2026-01-29T23:17:27Z,21.187833333333334,-158.34456666666668
2026-01-29T23:17:47Z,21.187816666666663,-158.34451666666666
2026-01-29T23:18:07Z,21.187783333333332,-158.34448333333333
2026-01-29T23:18:27Z,21.18776666666667,-158.34445
2026-01-29T23:18:47Z,21.187716666666667,-158.3444166666667
2026-01-29T23:19:07Z,21.187700000000003,-158.34438333333335
2026-01-29T23:19:27Z,21.18765,-158.34431666666666
2026-01-29T23:19:47Z,21.18763333333333,-158.34431666666666
2026-01-29T23:20:07Z,21.187583333333336,-158.34428333333332
2026-01-29T23:20:27Z,21.18755,-158.34423333333334
2026-01-29T23:20:47Z,21.18753333333333,-158.3442
2026-01-29T23:21:07Z,21.1875,-158.34418333333332
2026-01-29T23:21:27Z,21.18746666666667,-158.34416666666667
2026-01-29T23:22:30Z,21.18735,-158.3441
2026-01-29T23:23:42Z,21.18723333333333,-158.3439833333333
2026-01-29T23:24:02Z,21.1872,-158.34393333333335
2026-01-29T23:24:22Z,21.187183333333337,-158.34393333333335
2026-01-29T23:24:42Z,21.187149999999995,-158.3439
2026-01-29T23:25:02Z,21.187133333333335,-158.34385
2026-01-29T23:25:22Z,21.18708333333333,-158.34383333333332
2026-01-29T23:25:42Z,21.18706666666667,-158.34378333333333
2026-01-29T23:26:02Z,21.187033333333336,-158.34376666666668
2026-01-29T23:26:22Z,21.186983333333334,-158.34373333333332
2026-01-29T23:26:42Z,21.186950000000003,-158.34371666666667
2026-01-29T23:27:02Z,21.18691666666667,-158.34368333333333
2026-01-29T23:27:22Z,21.186883333333338,-158.34366666666668
2026-01-29T23:27:42Z,21.186849999999996,-158.34363333333334
2026-01-29T23:28:03Z,21.186816666666665,-158.34361666666666
2026-01-29T23:28:23Z,21.18678333333333,-158.34358333333333
2026-01-29T23:28:43Z,21.186733333333336,-158.3435333333333
2026-01-29T23:29:03Z,21.186716666666666,-158.3435166666667
2026-01-29T23:29:10Z,21.186716666666666,-158.3435
2026-01-29T23:29:30Z,21.186683333333335,-158.34346666666667
2026-01-29T23:29:40Z,21.186666666666664,-158.34345
2026-01-29T23:30:00Z,21.18663333333333,-158.34343333333334
2026-01-29T23:30:20Z,21.1866,-158.3434
2026-01-29T23:30:40Z,21.186566666666668,-158.34338333333332
2026-01-29T23:31:00Z,21.186500000000002,-158.3433
2026-01-29T23:31:28Z,21.18648333333333,-158.3433
2026-01-29T23:31:50Z,21.186466666666668,-158.34326666666666
2026-01-29T23:32:10Z,21.186433333333337,-158.34323333333333
2026-01-29T23:32:30Z,21.186400000000003,-158.34321666666668
2026-01-29T23:32:50Z,21.186366666666665,-158.34318333333334
2026-01-29T23:33:10Z,21.186316666666666,-158.34316666666666
2026-01-29T23:34:14Z,21.186216666666663,-158.3430666666667
2026-01-29T23:34:29Z,21.1862,-158.34303333333335
2026-01-29T23:34:40Z,21.18618333333333,-158.34301666666667
2026-01-29T23:35:00Z,21.18618333333333,-158.34301666666667
2026-01-29T23:35:10Z,21.18616666666667,-158.34301666666667
2026-01-29T23:35:20Z,21.18616666666667,-158.34301666666667
2026-01-29T23:35:30Z,21.186149999999998,-158.34301666666667
2026-01-29T23:35:40Z,21.186149999999998,-158.34301666666667
2026-01-30T01:18:23Z,21.209666666666667,-158.33421666666666
2026-01-30T01:18:33Z,21.209650000000003,-158.33421666666666
2026-01-30T01:19:03Z,21.209650000000003,-158.33421666666666
2026-01-30T01:19:13Z,21.21191666666667,-158.33385
2026-01-30T01:19:23Z,21.2119,-158.33383333333333
2026-01-30T01:19:33Z,21.2118,-158.3338
2026-01-30T01:20:03Z,21.21175,-158.33373333333333
2026-01-30T01:20:45Z,21.211733333333335,-158.33373333333333
2026-01-30T01:21:04Z,21.211700000000004,-158.33371666666665
2026-01-30T01:22:08Z,21.211566666666666,-158.3336666666667
2026-01-30T01:23:15Z,21.211416666666665,-158.3336
2026-01-30T01:24:18Z,21.211266666666667,-158.33351666666667
2026-01-30T01:26:37Z,21.210950000000004,-158.33338333333333
2026-01-30T01:26:57Z,21.210950000000004,-158.33338333333333
2026-01-30T01:27:07Z,21.210950000000004,-158.33338333333333
2026-01-30T01:27:17Z,21.210950000000004,-158.33338333333333
2026-01-30T01:27:27Z,21.210933333333333,-158.33338333333333
2026-01-30T03:09:07Z,21.235633333333332,-158.32505
2026-01-30T03:09:17Z,21.235633333333332,-158.32505
2026-01-30T03:09:37Z,21.235633333333332,-158.32505
2026-01-30T03:09:47Z,21.235633333333332,-158.32505
2026-01-30T03:09:57Z,21.236749999999997,-158.32648333333333
2026-01-30T03:10:07Z,21.236700000000003,-158.32646666666668
2026-01-30T03:10:16Z,21.236700000000003,-158.3264333333333
2026-01-30T03:10:47Z,21.2366,-158.32638333333335
2026-01-30T03:11:18Z,21.2366,-158.32636666666667
2026-01-30T03:11:37Z,21.236533333333334,-158.32636666666667
2026-01-30T03:11:58Z,21.236483333333332,-158.32635
2026-01-30T03:13:01Z,21.23633333333333,-158.32633333333334
2026-01-30T03:13:05Z,21.236316666666667,-158.32633333333334
2026-01-30T03:16:22Z,21.235816666666665,-158.32623333333333
2026-01-30T03:17:33Z,21.235683333333334,-158.3262
2026-01-30T03:19:52Z,21.23535,-158.32610000000003
2026-01-30T03:20:12Z,21.23535,-158.32610000000003
2026-01-30T03:20:22Z,21.23535,-158.32610000000003
2026-01-30T03:20:32Z,21.23535,-158.32611666666665
2026-01-30T03:20:42Z,21.23535,-158.32611666666665
2026-01-30T03:20:52Z,21.23535,-158.32611666666665
2026-01-30T05:02:20Z,21.2621,-158.32208333333335
2026-01-30T05:02:30Z,21.262116666666664,-158.32208333333335
2026-01-30T05:02:50Z,21.262116666666664,-158.32208333333335
2026-01-30T05:03:00Z,21.262116666666664,-158.32208333333335
2026-01-30T05:03:10Z,21.262116666666664,-158.32208333333335
2026-01-30T05:03:20Z,21.262116666666664,-158.32208333333335
2026-01-30T05:03:30Z,21.262966666666664,-158.32161666666667
2026-01-30T05:03:40Z,21.263,-158.32156666666666
2026-01-30T05:03:50Z,21.263016666666665,-158.32148333333333
2026-01-30T05:04:16Z,21.262983333333334,-158.32141666666666
2026-01-30T05:04:49Z,21.262983333333334,-158.32139999999998
2026-01-30T05:05:07Z,21.26295,-158.32136666666665
2026-01-30T05:05:58Z,21.262866666666664,-158.32126666666667
2026-01-30T05:07:01Z,21.262800000000002,-158.32115000000002
2026-01-30T05:08:05Z,21.262700000000002,-158.32101666666668
2026-01-30T05:10:26Z,21.26251666666667,-158.32071666666667
2026-01-30T05:11:37Z,21.262433333333334,-158.32058333333333
2026-01-30T05:13:59Z,21.26225,-158.3203
2026-01-30T05:14:19Z,21.26225,-158.3203
2026-01-30T05:14:29Z,21.26225,-158.3203
2026-01-30T05:14:39Z,21.26225,-158.3203
2026-01-30T05:14:49Z,21.26225,-158.3203
2026-01-30T05:14:59Z,21.26225,-158.3203
2026-01-30T06:58:10Z,21.290016666666663,-158.31628333333336
2026-01-30T06:58:20Z,21.290016666666663,-158.31628333333336
2026-01-30T06:58:40Z,21.290016666666663,-158.31628333333336
2026-01-30T06:58:50Z,21.290016666666663,-158.31628333333336
2026-01-30T06:59:00Z,21.28938333333333,-158.31538333333336
2026-01-30T06:59:10Z,21.289416666666664,-158.31536666666668
2026-01-30T06:59:20Z,21.28938333333333,-158.3152166666667
2026-01-30T06:59:46Z,21.289300000000004,-158.31508333333335
2026-01-30T07:00:19Z,21.289283333333334,-158.31506666666667
2026-01-30T07:00:39Z,21.28925,-158.31496666666666
2026-01-30T07:01:39Z,21.289183333333334,-158.31475
2026-01-30T07:02:43Z,21.28908333333333,-158.31446666666668
2026-01-30T07:02:48Z,21.28908333333333,-158.31445
2026-01-30T07:06:05Z,21.2888,-158.3136
2026-01-30T07:07:16Z,21.288716666666666,-158.31334999999999
2026-01-30T07:09:35Z,21.28853333333333,-158.3128
2026-01-30T07:09:55Z,21.28853333333333,-158.3128
2026-01-30T07:10:05Z,21.28853333333333,-158.31278333333333
2026-01-30T07:10:15Z,21.28853333333333,-158.31278333333333
2026-01-30T07:10:25Z,21.28853333333333,-158.3128
2026-01-30T07:10:35Z,21.28853333333333,-158.3128
2026-01-30T08:53:44Z,21.316300000000002,-158.31199999999998
2026-01-30T08:53:54Z,21.316300000000002,-158.31199999999998
2026-01-30T08:54:14Z,21.316300000000002,-158.31199999999998
2026-01-30T08:54:24Z,21.316300000000002,-158.31199999999998
2026-01-30T08:54:34Z,21.316300000000002,-158.31199999999998
2026-01-30T08:54:44Z,21.31495,-158.31205
2026-01-30T08:54:54Z,21.31495,-158.31198333333333
2026-01-30T08:55:04Z,21.314933333333336,-158.3118
2026-01-30T08:55:30Z,21.314883333333334,-158.31165000000001
2026-01-30T08:56:02Z,21.314883333333334,-158.31161666666668
2026-01-30T08:56:25Z,21.31485,-158.31153333333333
2026-01-30T08:57:28Z,21.314750000000004,-158.31123333333335
2026-01-30T08:59:48Z,21.31453333333333,-158.31053333333332
2026-01-30T09:00:59Z,21.314433333333334,-158.31023333333331
2026-01-30T09:03:18Z,21.314216666666667,-158.30955
2026-01-30T09:03:38Z,21.314183333333336,-158.30948333333333
2026-01-30T09:03:52Z,21.314166666666665,-158.30941666666666
2026-01-30T09:04:03Z,21.31415,-158.30938333333333
2026-01-30T09:04:23Z,21.31415,-158.30938333333333
2026-01-30T09:04:33Z,21.31415,-158.30938333333333
2026-01-30T09:04:43Z,21.31415,-158.30938333333333
2026-01-30T09:04:53Z,21.314133333333334,-158.30938333333333
2026-01-30T09:05:03Z,21.314133333333334,-158.30938333333333
2026-01-30T10:49:17Z,21.34026666666667,-158.31118333333333
2026-01-30T10:49:37Z,21.34026666666667,-158.31118333333333
2026-01-30T10:49:47Z,21.34026666666667,-158.31118333333333
2026-01-30T10:49:57Z,21.34026666666667,-158.31118333333333
2026-01-30T10:50:08Z,21.34026666666667,-158.31118333333333
2026-01-30T10:50:17Z,21.33926666666667,-158.31178333333335
2026-01-30T10:50:27Z,21.33925,-158.31171666666665
2026-01-30T10:50:37Z,21.339133333333333,-158.31165000000001
2026-01-30T10:51:05Z,21.339033333333337,-158.3116
2026-01-30T10:51:34Z,21.339016666666666,-158.3116
2026-01-30T10:51:54Z,21.33895,-158.31154999999998
2026-01-30T10:52:06Z,21.3389,-158.31153333333333
2026-01-30T10:53:06Z,21.33866666666667,-158.31145
2026-01-30T10:54:09Z,21.338416666666664,-158.3113
2026-01-30T10:56:28Z,21.33778333333333,-158.31098333333333
2026-01-30T10:57:27Z,21.337566666666664,-158.31085
2026-01-30T10:57:47Z,21.3375,-158.31081666666665
2026-01-30T10:58:07Z,21.337400000000002,-158.31078333333335
2026-01-30T10:58:27Z,21.337316666666666,-158.31075
2026-01-30T10:58:39Z,21.337266666666665,-158.31073333333333
2026-01-30T10:58:59Z,21.337266666666665,-158.31073333333333
2026-01-30T10:59:09Z,21.337266666666665,-158.31073333333333
2026-01-30T10:59:19Z,21.337266666666665,-158.31071666666668
2026-01-30T10:59:29Z,21.33725,-158.31071666666668
2026-01-30T10:59:39Z,21.33725,-158.31071666666668
2026-01-30T12:42:03Z,21.361800000000002,-158.31128333333334
2026-01-30T12:42:13Z,21.361800000000002,-158.31128333333334
2026-01-30T12:42:33Z,21.361800000000002,-158.31128333333334
2026-01-30T12:42:43Z,21.361800000000002,-158.31128333333334
2026-01-30T12:42:53Z,21.361800000000002,-158.31128333333334
2026-01-30T12:43:03Z,21.361800000000002,-158.31128333333334
2026-01-30T12:43:13Z,21.361800000000002,-158.31128333333334
2026-01-30T12:43:23Z,21.362983333333332,-158.3107
2026-01-30T12:43:33Z,21.36293333333333,-158.31073333333333
2026-01-30T12:43:43Z,21.362883333333336,-158.31076666666667
2026-01-30T12:44:09Z,21.362816666666664,-158.31083333333333
2026-01-30T12:44:40Z,21.3628,-158.31085
2026-01-30T12:45:00Z,21.36275,-158.31088333333335
2026-01-30T12:46:03Z,21.362616666666668,-158.31101666666666
2026-01-30T12:47:51Z,21.362383333333334,-158.31126666666665
2026-01-30T12:50:10Z,21.362033333333336,-158.31154999999998
2026-01-30T12:50:30Z,21.362,-158.31158333333332
2026-01-30T12:51:33Z,21.361849999999997,-158.3117
2026-01-30T12:53:49Z,21.3615,-158.31205
2026-01-30T12:54:19Z,21.361483333333332,-158.31205
2026-01-30T12:54:39Z,21.361433333333334,-158.31210000000002
2026-01-30T12:54:50Z,21.361400000000003,-158.31211666666667
2026-01-30T12:55:10Z,21.361400000000003,-158.31211666666667
2026-01-30T12:55:20Z,21.361400000000003,-158.31210000000002
2026-01-30T12:55:30Z,21.361400000000003,-158.31210000000002
2026-01-30T12:55:40Z,21.361400000000003,-158.31211666666667
2026-01-30T12:55:50Z,21.361383333333333,-158.31211666666667
2026-01-30T14:40:12Z,21.3875,-158.31455
2026-01-30T14:40:22Z,21.3875,-158.31455
2026-01-30T14:40:42Z,21.3875,-158.31455
2026-01-30T14:40:52Z,21.3875,-158.31455
2026-01-30T14:41:02Z,21.38835,-158.31698333333333
2026-01-30T14:41:12Z,21.388333333333335,-158.317
2026-01-30T14:41:22Z,21.388316666666665,-158.31713333333335
2026-01-30T14:41:49Z,21.388316666666665,-158.31726666666665
2026-01-30T14:42:19Z,21.388316666666665,-158.31730000000002
2026-01-30T14:42:39Z,21.388316666666665,-158.31736666666666
2026-01-30T14:42:53Z,21.388316666666665,-158.31743333333333
2026-01-30T14:43:13Z,21.388316666666665,-158.31743333333333
2026-01-30T14:43:23Z,21.388299999999997,-158.31743333333333
2026-01-30T14:43:33Z,21.388299999999997,-158.31743333333333
2026-01-30T14:43:43Z,21.388299999999997,-158.31743333333333
2026-01-30T14:43:53Z,21.388299999999997,-158.31745
2026-01-30T16:27:18Z,21.415450000000003,-158.31533333333334
2026-01-30T16:27:28Z,21.415450000000003,-158.31533333333334
2026-01-30T16:27:48Z,21.415450000000003,-158.31533333333334
2026-01-30T16:27:58Z,21.415450000000003,-158.31533333333334
2026-01-30T16:28:08Z,21.418116666666666,-158.31503333333333
2026-01-30T16:28:18Z,21.41815,-158.31505
2026-01-30T16:28:28Z,21.418249999999997,-158.31516666666667
2026-01-30T16:28:56Z,21.418366666666664,-158.31531666666666
2026-01-30T16:29:27Z,21.418366666666664,-158.31533333333334
2026-01-30T16:29:48Z,21.418433333333336,-158.31541666666666
2026-01-30T16:30:51Z,21.41861666666667,-158.31563333333332
2026-01-30T16:33:12Z,21.41903333333333,-158.31618333333333
2026-01-30T16:33:32Z,21.419083333333333,-158.31623333333334
2026-01-30T16:34:35Z,21.41925,-158.31641666666667
2026-01-30T16:37:35Z,21.419766666666668,-158.31703333333334
2026-01-30T16:37:55Z,21.419833333333333,-158.31711666666666
2026-01-30T16:38:58Z,21.420016666666665,-158.31734999999998
2026-01-30T16:39:22Z,21.4201,-158.31743333333333
2026-01-30T16:39:42Z,21.4201,-158.31743333333333
2026-01-30T16:39:52Z,21.4201,-158.31743333333333
2026-01-30T16:40:02Z,21.4201,-158.31743333333333
2026-01-30T16:40:12Z,21.4201,-158.31743333333333
2026-01-30T18:25:30Z,21.450033333333334,-158.3134
2026-01-30T18:25:40Z,21.450033333333334,-158.3134
2026-01-30T18:26:00Z,21.450033333333334,-158.3134
2026-01-30T18:26:10Z,21.450033333333334,-158.3134
2026-01-30T18:26:20Z,21.45041666666667,-158.31289999999998
2026-01-30T18:26:30Z,21.450466666666664,-158.31291666666667
2026-01-30T18:26:40Z,21.450516666666665,-158.31296666666668
2026-01-30T18:27:07Z,21.450633333333332,-158.31303333333332
2026-01-30T18:27:37Z,21.450633333333332,-158.31303333333332
2026-01-30T18:27:58Z,21.450683333333338,-158.31306666666666
2026-01-30T18:29:01Z,21.450816666666665,-158.31315
2026-01-30T18:31:20Z,21.451116666666667,-158.31336666666667
2026-01-30T18:32:17Z,21.451233333333334,-158.31343333333334
2026-01-30T18:32:57Z,21.4513,-158.31348333333332
2026-01-30T18:33:08Z,21.45131666666667,-158.3135
2026-01-30T18:33:29Z,21.45131666666667,-158.3135
2026-01-30T18:33:39Z,21.45131666666667,-158.3135
2026-01-30T18:33:49Z,21.45133333333333,-158.3135
2026-01-30T18:33:59Z,21.45133333333333,-158.3135
2026-01-30T18:34:09Z,21.45133333333333,-158.3135
2026-01-30T20:16:34Z,21.4802,-158.30793333333335
2026-01-30T20:16:44Z,21.480216666666667,-158.30793333333335
2026-01-30T20:17:04Z,21.480216666666667,-158.30793333333335
2026-01-30T20:17:14Z,21.480216666666667,-158.30793333333335
2026-01-30T20:17:24Z,21.480216666666667,-158.30793333333335
2026-01-30T20:17:33Z,21.477433333333337,-158.30828333333332
2026-01-30T20:17:43Z,21.477433333333337,-158.3083
2026-01-30T20:17:53Z,21.477433333333337,-158.3083
2026-01-30T20:18:20Z,21.477433333333337,-158.30833333333334
2026-01-30T20:18:51Z,21.477449999999997,-158.30835
2026-01-30T20:19:09Z,21.477449999999997,-158.30835
2026-01-30T20:20:12Z,21.477449999999997,-158.30836666666667
2026-01-30T20:22:31Z,21.477483333333332,-158.3084333333333
2026-01-30T20:22:51Z,21.477483333333332,-158.3084333333333
2026-01-30T20:23:11Z,21.477500000000003,-158.30845
2026-01-30T20:24:14Z,21.477500000000003,-158.30845
2026-01-30T20:26:31Z,21.477516666666663,-158.30851666666666
2026-01-30T20:27:39Z,21.477516666666663,-158.30855000000003
2026-01-30T20:29:23Z,21.477500000000003,-158.30858333333333
2026-01-30T20:30:27Z,21.477483333333332,-158.30861666666667
2026-01-30T20:31:27Z,21.477483333333332,-158.30861666666667
2026-01-30T20:31:37Z,21.477483333333332,-158.30861666666667
2026-01-30T20:31:47Z,21.477483333333332,-158.30861666666667
2026-01-30T20:31:57Z,21.477483333333332,-158.30859999999998
2026-01-30T21:22:56Z,21.491699999999998,-158.30713333333333
2026-01-30T21:23:06Z,21.49171666666667,-158.30713333333333
2026-01-30T21:23:26Z,21.49171666666667,-158.30713333333333
2026-01-30T21:23:36Z,21.49171666666667,-158.30713333333333
2026-01-30T21:23:46Z,21.49071666666667,-158.30686666666668
2026-01-30T21:23:56Z,21.4907,-158.30685
2026-01-30T21:24:06Z,21.49065,-158.30683333333334
2026-01-30T21:24:32Z,21.490633333333335,-158.30683333333334
2026-01-30T21:24:59Z,21.490616666666664,-158.30681666666666
2026-01-30T21:25:18Z,21.490583333333333,-158.30681666666666
2026-01-30T21:26:21Z,21.490483333333334,-158.30678333333333
2026-01-30T21:27:35Z,21.490366666666667,-158.30676666666668
2026-01-30T21:30:05Z,21.490133333333333,-158.30666666666667
2026-01-30T21:30:17Z,21.490099999999998,-158.30666666666667
2026-01-30T21:30:37Z,21.490099999999998,-158.30666666666667
2026-01-30T21:30:47Z,21.490099999999998,-158.30666666666667
2026-01-30T21:30:57Z,21.490099999999998,-158.30666666666667
2026-01-30T21:31:07Z,21.490099999999998,-158.30666666666667
2026-01-30T22:22:35Z,21.503383333333332,-158.30564999999999
2026-01-30T22:22:45Z,21.503383333333332,-158.30564999999999
2026-01-30T22:23:05Z,21.503383333333332,-158.30564999999999
2026-01-30T22:23:15Z,21.503383333333332,-158.30564999999999
2026-01-30T22:23:25Z,21.503383333333332,-158.30564999999999
2026-01-30T22:23:35Z,21.503383333333332,-158.30564999999999
2026-01-30T22:23:45Z,21.50261666666667,-158.30456666666666
2026-01-30T22:23:55Z,21.50261666666667,-158.30456666666666
2026-01-30T22:24:05Z,21.502533333333336,-158.30453333333335
2026-01-30T22:24:35Z,21.502516666666665,-158.30451666666667
2026-01-30T22:25:05Z,21.502533333333336,-158.30451666666667
2026-01-30T22:25:23Z,21.502516666666665,-158.30451666666667
2026-01-30T22:25:43Z,21.5025,-158.30450000000002
2026-01-30T22:26:47Z,21.50246666666667,-158.30446666666666
2026-01-30T22:27:57Z,21.502416666666665,-158.30441666666667
2026-01-30T22:28:17Z,21.502399999999998,-158.3044
2026-01-30T22:28:37Z,21.502383333333334,-158.3044
2026-01-30T22:28:57Z,21.502366666666664,-158.30438333333333
2026-01-30T22:29:17Z,21.502366666666664,-158.30436666666668
2026-01-30T22:29:37Z,21.50235,-158.30436666666668
2026-01-30T22:29:57Z,21.502333333333333,-158.30435
2026-01-30T22:30:17Z,21.50231666666667,-158.30433333333335
2026-01-30T22:30:37Z,21.50231666666667,-158.30433333333335
2026-01-30T22:30:58Z,21.50231666666667,-158.30431666666667
2026-01-30T22:31:18Z,21.502283333333335,-158.30429999999998
2026-01-30T22:31:38Z,21.502283333333335,-158.30429999999998
2026-01-30T22:31:58Z,21.502266666666667,-158.30428333333333
2026-01-30T22:32:18Z,21.502250000000004,-158.30428333333333
2026-01-30T22:32:38Z,21.502216666666662,-158.30428333333333
2026-01-30T22:32:58Z,21.502216666666662,-158.30428333333333
2026-01-30T22:33:18Z,21.502216666666662,-158.30426666666665
2026-01-30T22:33:27Z,21.502200000000002,-158.30425
2026-01-30T22:33:47Z,21.502200000000002,-158.30425
2026-01-30T22:33:57Z,21.502216666666662,-158.30425
2026-01-30T22:34:17Z,21.502200000000002,-158.30425
2026-01-30T22:34:37Z,21.502200000000002,-158.30425
2026-01-30T22:34:57Z,21.502166666666668,-158.3042
2026-01-30T22:35:25Z,21.502166666666668,-158.3042
2026-01-30T22:35:45Z,21.502166666666668,-158.3042
2026-01-30T22:35:57Z,21.502166666666668,-158.3042
2026-01-30T22:36:17Z,21.502166666666668,-158.3042
2026-01-30T22:36:27Z,21.502166666666668,-158.3042
2026-01-30T22:36:37Z,21.502166666666668,-158.3042
2026-01-30T22:36:47Z,21.502149999999997,-158.30418333333333
2026-01-30T23:28:45Z,21.514633333333336,-158.3047
2026-01-30T23:28:55Z,21.514633333333336,-158.30468333333334
2026-01-30T23:29:15Z,21.514633333333336,-158.30468333333334
2026-01-30T23:29:26Z,21.514633333333336,-158.30468333333334
2026-01-30T23:29:35Z,21.51465,-158.30391666666668
2026-01-30T23:29:45Z,21.51465,-158.30391666666668
2026-01-30T23:29:55Z,21.51465,-158.30393333333333
2026-01-30T23:30:22Z,21.51465,-158.30393333333333
2026-01-30T23:30:52Z,21.51465,-158.30393333333333
2026-01-30T23:31:13Z,21.51465,-158.30395
2026-01-30T23:32:16Z,21.514616666666665,-158.30396666666667
2026-01-30T23:33:27Z,21.514600000000005,-158.30396666666667
2026-01-30T23:35:58Z,21.51455,-158.304
2026-01-30T23:36:18Z,21.51455,-158.304
2026-01-30T23:36:28Z,21.51453333333333,-158.304
2026-01-30T23:36:38Z,21.51453333333333,-158.304
2026-01-30T23:36:48Z,21.51453333333333,-158.30398333333332
2026-01-31T00:28:31Z,21.526983333333337,-158.30436666666668
2026-01-31T00:29:01Z,21.526966666666667,-158.30435
2026-01-31T00:29:12Z,21.526966666666667,-158.30435
2026-01-31T00:29:21Z,21.52833333333333,-158.30278333333334
2026-01-31T00:29:31Z,21.52835,-158.30278333333334
2026-01-31T00:29:41Z,21.52845,-158.30281666666667
2026-01-31T00:30:07Z,21.5285,-158.3028666666667
2026-01-31T00:30:34Z,21.528516666666665,-158.3028666666667
2026-01-31T00:30:42Z,21.528566666666666,-158.3028666666667
2026-01-31T00:31:02Z,21.528583333333337,-158.30288333333334
2026-01-31T00:31:22Z,21.52863333333333,-158.30288333333334
2026-01-31T00:31:42Z,21.528666666666663,-158.3028666666667
2026-01-31T00:32:45Z,21.528816666666664,-158.3028666666667
2026-01-31T00:35:04Z,21.529116666666663,-158.30288333333334
2026-01-31T00:35:24Z,21.529116666666663,-158.30288333333334
2026-01-31T00:35:34Z,21.529116666666663,-158.3028666666667
2026-01-31T00:35:44Z,21.529116666666663,-158.3028666666667
2026-01-31T00:35:54Z,21.529116666666663,-158.30285
2026-01-31T00:36:04Z,21.529116666666663,-158.30283333333333
2026-01-31T01:27:05Z,21.527849999999997,-158.31415
2026-01-31T01:27:15Z,21.527849999999997,-158.31415
2026-01-31T01:27:25Z,21.528283333333334,-158.31336666666667
2026-01-31T01:27:35Z,21.528299999999998,-158.31334999999999
2026-01-31T01:27:45Z,21.52831666666667,-158.31325
2026-01-31T01:28:08Z,21.52836666666667,-158.3131666666667
2026-01-31T01:28:38Z,21.52836666666667,-158.31315
2026-01-31T01:28:58Z,21.5284,-158.31306666666666
2026-01-31T01:29:10Z,21.528416666666665,-158.31301666666667
2026-01-31T01:30:13Z,21.52845,-158.31281666666666
2026-01-31T01:31:50Z,21.528533333333332,-158.31253333333333
2026-01-31T01:32:10Z,21.528533333333332,-158.31253333333333
2026-01-31T01:32:20Z,21.528533333333332,-158.31251666666668
2026-01-31T01:32:30Z,21.528533333333332,-158.3125
2026-01-31T01:32:40Z,21.528533333333332,-158.31248333333332
2026-01-31T01:32:50Z,21.528533333333332,-158.31248333333332
2026-01-31T01:33:00Z,21.528550000000003,-158.31246666666667
2026-01-31T02:24:18Z,21.527066666666663,-158.32245
2026-01-31T02:24:28Z,21.527066666666663,-158.32245
2026-01-31T02:24:48Z,21.527066666666663,-158.32245
2026-01-31T02:24:58Z,21.528,-158.32438333333332
2026-01-31T02:25:08Z,21.52808333333333,-158.32438333333332
2026-01-31T02:25:18Z,21.52821666666667,-158.32445
2026-01-31T02:25:45Z,21.5284,-158.32451666666665
2026-01-31T02:26:20Z,21.52845,-158.32451666666665
2026-01-31T02:26:40Z,21.52848333333333,-158.32455
2026-01-31T02:27:00Z,21.528550000000003,-158.32458333333335
2026-01-31T02:28:03Z,21.528816666666664,-158.32471666666666
2026-01-31T02:30:25Z,21.529433333333333,-158.32501666666667
2026-01-31T02:30:44Z,21.529483333333328,-158.32505
2026-01-31T02:31:04Z,21.529483333333328,-158.32505
2026-01-31T02:31:14Z,21.529483333333328,-158.32503333333335
2026-01-31T02:31:24Z,21.5295,-158.32503333333335
2026-01-31T02:31:34Z,21.5295,-158.32503333333335
2026-01-31T03:24:08Z,21.525433333333332,-158.33666666666667
2026-01-31T03:24:18Z,21.525433333333332,-158.33665000000002
2026-01-31T03:24:38Z,21.525433333333332,-158.33665000000002
2026-01-31T03:24:48Z,21.525433333333332,-158.33665000000002
2026-01-31T03:24:58Z,21.52676666666667,-158.33928333333333
2026-01-31T03:25:08Z,21.526816666666665,-158.3393
2026-01-31T03:25:18Z,21.526933333333332,-158.33938333333333
2026-01-31T03:25:45Z,21.527033333333332,-158.33943333333335
2026-01-31T03:26:12Z,21.52705,-158.33945
2026-01-31T03:26:32Z,21.527116666666664,-158.33948333333333
2026-01-31T03:26:46Z,21.52718333333333,-158.33951666666664
2026-01-31T03:27:50Z,21.52746666666667,-158.33966666666666
2026-01-31T03:29:03Z,21.527733333333337,-158.33981666666665
2026-01-31T03:30:35Z,21.528100000000002,-158.34001666666666
2026-01-31T03:30:55Z,21.528100000000002,-158.34001666666666
2026-01-31T03:31:05Z,21.528100000000002,-158.34001666666666
2026-01-31T03:31:15Z,21.528100000000002,-158.34001666666666
2026-01-31T03:31:25Z,21.528116666666666,-158.34001666666666
2026-01-31T03:31:35Z,21.528116666666666,-158.34001666666666
2026-01-31T05:15:04Z,21.519549999999995,-158.36783333333332
2026-01-31T05:15:14Z,21.519549999999995,-158.36783333333332
2026-01-31T05:15:34Z,21.519549999999995,-158.36783333333332
2026-01-31T05:15:44Z,21.519549999999995,-158.36783333333332
2026-01-31T05:15:54Z,21.519549999999995,-158.36783333333332
2026-01-31T05:16:04Z,21.522283333333334,-158.36981666666668
2026-01-31T05:16:14Z,21.52235,-158.36986666666664
2026-01-31T05:16:24Z,21.522516666666668,-158.37
2026-01-31T05:16:52Z,21.5227,-158.37008333333333
2026-01-31T05:17:38Z,21.522716666666664,-158.3701
2026-01-31T05:17:58Z,21.522816666666667,-158.37016666666665
2026-01-31T05:18:18Z,21.522883333333333,-158.37019999999998
2026-01-31T05:19:21Z,21.52315,-158.37036666666665
2026-01-31T05:21:40Z,21.523733333333332,-158.37071666666668
2026-01-31T05:22:01Z,21.523783333333334,-158.37073333333333
2026-01-31T05:22:21Z,21.523783333333334,-158.37073333333333
2026-01-31T05:22:31Z,21.523783333333334,-158.37073333333333
2026-01-31T05:22:41Z,21.523799999999998,-158.37073333333333
2026-01-31T05:22:51Z,21.523799999999998,-158.37073333333333
2026-01-31T05:23:01Z,21.52381666666667,-158.37075000000002
2026-01-31T07:06:52Z,21.511566666666667,-158.39668333333333
2026-01-31T07:07:02Z,21.511566666666667,-158.39669999999998
2026-01-31T07:07:22Z,21.511566666666667,-158.39669999999998
2026-01-31T07:07:32Z,21.511566666666667,-158.39669999999998
2026-01-31T07:07:41Z,21.514583333333334,-158.39758333333333
2026-01-31T07:07:51Z,21.514583333333334,-158.39756666666665
2026-01-31T07:08:01Z,21.5147,-158.39763333333335
2026-01-31T07:08:28Z,21.514766666666667,-158.3977
2026-01-31T07:09:10Z,21.514799999999997,-158.39773333333332
2026-01-31T07:09:30Z,21.51481666666667,-158.39776666666666
2026-01-31T07:09:50Z,21.514833333333332,-158.39778333333334
2026-01-31T07:10:05Z,21.514850000000003,-158.39780000000002
2026-01-31T07:11:08Z,21.51495,-158.39786666666666
2026-01-31T07:12:13Z,21.5151,-158.3979666666667
2026-01-31T07:14:32Z,21.51538333333333,-158.39825000000002
2026-01-31T07:14:52Z,21.51541666666667,-158.39826666666667
2026-01-31T07:15:03Z,21.51543333333333,-158.39826666666667
2026-01-31T07:15:23Z,21.51543333333333,-158.39826666666667
2026-01-31T07:15:33Z,21.51545,-158.39828333333335
2026-01-31T07:15:43Z,21.515466666666665,-158.39828333333335
2026-01-31T07:15:53Z,21.515483333333336,-158.39828333333335
2026-01-31T11:12:03Z,21.501966666666664,-158.41910000000001
2026-01-31T11:12:13Z,21.501983333333335,-158.41910000000001
2026-01-31T11:12:33Z,21.501983333333335,-158.41910000000001
2026-01-31T11:12:43Z,21.501983333333335,-158.41910000000001
2026-01-31T11:12:53Z,21.501983333333335,-158.41910000000001
2026-01-31T11:13:03Z,21.501983333333335,-158.41910000000001
2026-01-31T11:13:13Z,21.490133333333333,-158.41596666666666
2026-01-31T11:13:23Z,21.49011666666667,-158.41598333333334
2026-01-31T11:13:33Z,21.490049999999997,-158.41598333333334
2026-01-31T11:14:04Z,21.48995,-158.41596666666666
2026-01-31T11:14:44Z,21.489933333333337,-158.41598333333334
2026-01-31T11:15:04Z,21.489916666666666,-158.41598333333334
2026-01-31T11:16:02Z,21.489783333333335,-158.41598333333334
2026-01-31T11:16:22Z,21.489750000000004,-158.41598333333334
2026-01-31T11:17:25Z,21.489633333333337,-158.41595
2026-01-31T11:19:46Z,21.489316666666664,-158.41593333333333
2026-01-31T11:20:06Z,21.489300000000004,-158.41593333333333
2026-01-31T11:20:26Z,21.489300000000004,-158.41593333333333
2026-01-31T11:20:36Z,21.489300000000004,-158.41593333333333
2026-01-31T11:20:46Z,21.489300000000004,-158.41593333333333
2026-01-31T11:20:56Z,21.489300000000004,-158.41593333333333
2026-01-31T11:21:06Z,21.489316666666664,-158.41593333333333
2026-01-31T15:12:48Z,21.50175,-158.41885
2026-01-31T15:12:58Z,21.50175,-158.41885
2026-01-31T15:13:18Z,21.50175,-158.41885
2026-01-31T15:13:28Z,21.50175,-158.41885
2026-01-31T15:13:38Z,21.491016666666663,-158.41635
2026-01-31T15:13:48Z,21.491233333333337,-158.41625000000002
2026-01-31T15:13:58Z,21.491333333333333,-158.41631666666666
2026-01-31T15:14:27Z,21.4914,-158.41643333333334
2026-01-31T15:14:57Z,21.4914,-158.41643333333334
2026-01-31T15:15:17Z,21.4914,-158.41655
2026-01-31T15:16:20Z,21.49145,-158.41685
2026-01-31T15:18:51Z,21.491366666666668,-158.41763333333336
2026-01-31T15:21:09Z,21.49143333333333,-158.41825
2026-01-31T15:21:28Z,21.49143333333333,-158.41828333333333
2026-01-31T15:21:48Z,21.49143333333333,-158.41828333333333
2026-01-31T15:21:58Z,21.49143333333333,-158.41828333333333
2026-01-31T15:22:08Z,21.49143333333333,-158.41828333333333
2026-01-31T15:22:18Z,21.49143333333333,-158.41828333333333
2026-01-31T19:17:55Z,21.500650000000004,-158.41918333333334
2026-01-31T19:18:05Z,21.500650000000004,-158.41918333333334
2026-01-31T19:18:25Z,21.500650000000004,-158.41918333333334
2026-01-31T19:18:35Z,21.500650000000004,-158.41918333333334
2026-01-31T19:18:45Z,21.500650000000004,-158.41918333333334
2026-01-31T19:18:55Z,21.500650000000004,-158.41918333333334
2026-01-31T19:19:05Z,21.514766666666667,-158.42075000000003
2026-01-31T19:19:15Z,21.514766666666667,-158.42071666666666
2026-01-31T19:19:25Z,21.514850000000003,-158.42073333333335
2026-01-31T19:19:50Z,21.514933333333335,-158.42078333333333
2026-01-31T19:20:22Z,21.51496666666667,-158.42079999999999
2026-01-31T19:20:42Z,21.515016666666664,-158.42083333333332
2026-01-31T19:21:45Z,21.515199999999997,-158.42095
2026-01-31T19:24:00Z,21.515600000000003,-158.42118333333335
2026-01-31T19:26:22Z,21.516099999999998,-158.42145
2026-01-31T19:26:41Z,21.51611666666667,-158.42146666666667
2026-01-31T19:27:01Z,21.51611666666667,-158.42146666666667
2026-01-31T19:27:11Z,21.516133333333332,-158.42146666666667
2026-01-31T19:27:21Z,21.516133333333332,-158.42146666666667
2026-01-31T19:27:31Z,21.51615,-158.42146666666667
2026-01-31T19:27:41Z,21.51615,-158.42146666666667
2026-01-31T23:22:51Z,21.50173333333333,-158.41951666666668
2026-01-31T23:23:01Z,21.50175,-158.41951666666668
2026-01-31T23:23:21Z,21.50175,-158.41951666666668
2026-01-31T23:23:31Z,21.50175,-158.41951666666668
2026-01-31T23:23:41Z,21.490900000000003,-158.42091666666664
2026-01-31T23:23:51Z,21.490883333333333,-158.42095
2026-01-31T23:24:01Z,21.490766666666666,-158.42106666666666
2026-01-31T23:24:30Z,21.490766666666666,-158.42103333333336
2026-01-31T23:24:57Z,21.490766666666666,-158.42103333333336
2026-01-31T23:25:17Z,21.490783333333336,-158.42103333333336
2026-01-31T23:26:20Z,21.490799999999997,-158.421
2026-01-31T23:28:44Z,21.490900000000003,-158.42085
2026-01-31T23:29:04Z,21.490900000000003,-158.42085
2026-01-31T23:30:07Z,21.490949999999998,-158.42083333333332
2026-01-31T23:32:20Z,21.491033333333334,-158.42073333333335
2026-01-31T23:32:40Z,21.491033333333334,-158.42071666666666
2026-01-31T23:35:00Z,21.49115,-158.42061666666666
2026-01-31T23:35:20Z,21.49115,-158.4206
2026-01-31T23:35:41Z,21.49115,-158.42058333333335
2026-01-31T23:36:01Z,21.49115,-158.42056666666667
2026-01-31T23:36:21Z,21.491166666666665,-158.42055
2026-01-31T23:36:41Z,21.491183333333332,-158.42053333333334
2026-01-31T23:37:44Z,21.491216666666666,-158.4205
2026-01-31T23:38:43Z,21.491249999999997,-158.42046666666664
2026-01-31T23:39:03Z,21.491266666666668,-158.42043333333334
2026-01-31T23:39:45Z,21.491266666666668,-158.42043333333334
2026-01-31T23:40:05Z,21.491300000000003,-158.42043333333334
2026-01-31T23:41:08Z,21.49128333333333,-158.42038333333332
2026-01-31T23:43:29Z,21.491350000000004,-158.42026666666666
2026-01-31T23:43:49Z,21.491350000000004,-158.42026666666666
2026-01-31T23:43:59Z,21.491350000000004,-158.42026666666666
2026-01-31T23:44:09Z,21.491350000000004,-158.42026666666666
2026-01-31T23:44:19Z,21.491333333333333,-158.42026666666666
2026-02-01T03:41:02Z,21.50145,-158.4193
2026-02-01T03:41:12Z,21.50145,-158.4193
2026-02-01T03:41:32Z,21.50145,-158.4193
2026-02-01T03:41:42Z,21.50145,-158.4193
2026-02-01T03:41:52Z,21.50145,-158.4193
2026-02-01T03:42:02Z,21.49475,-158.41093333333336
2026-02-01T03:42:12Z,21.494950000000003,-158.41101666666665
2026-02-01T03:42:22Z,21.494866666666667,-158.41094999999999
2026-02-01T03:42:50Z,21.494883333333338,-158.41093333333336
2026-02-01T03:43:29Z,21.494899999999998,-158.41093333333336
2026-02-01T03:43:49Z,21.494899999999998,-158.41093333333336
2026-02-01T03:44:09Z,21.494950000000003,-158.41093333333336
2026-02-01T03:45:12Z,21.494999999999997,-158.41091666666668
2026-02-01T03:47:29Z,21.49518333333333,-158.41085
2026-02-01T03:48:06Z,21.49518333333333,-158.41085
2026-02-01T03:48:25Z,21.4952,-158.41083333333333
2026-02-01T03:48:45Z,21.4952,-158.41083333333333
2026-02-01T03:48:55Z,21.4952,-158.41083333333333
2026-02-01T03:49:05Z,21.49518333333333,-158.41083333333333
2026-02-01T03:49:15Z,21.49518333333333,-158.41083333333333
2026-02-01T03:49:25Z,21.495166666666666,-158.41083333333333
2026-02-01T07:55:04Z,21.511966666666662,-158.37286666666665
2026-02-01T07:55:14Z,21.511966666666662,-158.37286666666665
2026-02-01T07:55:34Z,21.511966666666662,-158.37286666666665
2026-02-01T07:55:44Z,21.511966666666662,-158.37286666666665
2026-02-01T07:55:54Z,21.511966666666662,-158.37286666666665
2026-02-01T07:56:04Z,21.53123333333333,-158.38218333333333
2026-02-01T07:56:14Z,21.531533333333332,-158.38263333333333
2026-02-01T07:56:24Z,21.531766666666666,-158.3826
2026-02-01T07:56:54Z,21.53183333333333,-158.38254999999998
2026-02-01T07:57:24Z,21.531850000000002,-158.38253333333333
2026-02-01T07:57:44Z,21.531883333333333,-158.38253333333333
2026-02-01T07:57:55Z,21.531900000000004,-158.38250000000002
2026-02-01T07:58:59Z,21.53196666666667,-158.3824
2026-02-01T08:01:22Z,21.532233333333338,-158.38230000000001
2026-02-01T08:02:32Z,21.532333333333334,-158.38225
2026-02-01T08:04:52Z,21.532466666666664,-158.38205000000002
2026-02-01T08:05:12Z,21.532466666666664,-158.38205000000002
2026-02-01T08:05:22Z,21.532466666666664,-158.38205000000002
2026-02-01T08:05:32Z,21.532466666666664,-158.38205000000002
2026-02-01T08:05:42Z,21.532466666666664,-158.38205000000002
2026-02-01T08:05:52Z,21.532483333333335,-158.38205000000002
2026-02-01T12:03:57Z,21.51976666666667,-158.34955
2026-02-01T12:04:07Z,21.519783333333333,-158.34955
2026-02-01T12:04:27Z,21.519783333333333,-158.34955
2026-02-01T12:04:37Z,21.519783333333333,-158.34955
2026-02-01T12:04:47Z,21.519783333333333,-158.34955
2026-02-01T12:04:57Z,21.519783333333333,-158.34955
2026-02-01T12:05:06Z,21.513716666666664,-158.35536666666667
2026-02-01T12:05:16Z,21.51365,-158.35535
2026-02-01T12:05:26Z,21.513550000000002,-158.35531666666665
2026-02-01T12:05:53Z,21.513449999999995,-158.3553
2026-02-01T12:06:25Z,21.513449999999995,-158.3553
2026-02-01T12:06:44Z,21.51338333333333,-158.35528333333332
2026-02-01T12:07:48Z,21.513233333333332,-158.35526666666667
2026-02-01T12:10:07Z,21.512833333333333,-158.3552
2026-02-01T12:11:18Z,21.512700000000002,-158.35518333333331
2026-02-01T12:14:29Z,21.5122,-158.35511666666667
2026-02-01T12:15:28Z,21.51206666666667,-158.35510000000002
2026-02-01T12:15:48Z,21.51206666666667,-158.35510000000002
2026-02-01T12:15:58Z,21.51206666666667,-158.35510000000002
2026-02-01T12:16:08Z,21.51206666666667,-158.35510000000002
2026-02-01T12:16:18Z,21.51206666666667,-158.35511666666667
2026-02-01T16:21:01Z,21.501483333333333,-158.40776666666667
2026-02-01T16:21:11Z,21.501483333333333,-158.40778333333336
2026-02-01T16:21:31Z,21.501483333333333,-158.40778333333336
2026-02-01T16:21:41Z,21.501483333333333,-158.40778333333336
2026-02-01T16:21:51Z,21.501483333333333,-158.40778333333336
2026-02-01T16:22:01Z,21.501483333333333,-158.40778333333336
2026-02-01T16:22:11Z,21.494233333333334,-158.39006666666668
2026-02-01T16:22:21Z,21.494216666666663,-158.39010000000002
2026-02-01T16:22:31Z,21.494216666666663,-158.39018333333334
2026-02-01T16:23:00Z,21.4942,-158.3903
2026-02-01T16:23:33Z,21.494183333333332,-158.3903
2026-02-01T16:23:56Z,21.4942,-158.39036666666667
2026-02-01T16:24:59Z,21.494149999999998,-158.39055000000002
2026-02-01T16:26:31Z,21.494100000000003,-158.39081666666667
2026-02-01T16:26:51Z,21.494083333333332,-158.39084999999997
2026-02-01T16:27:11Z,21.494100000000003,-158.3909
2026-02-01T16:27:31Z,21.494100000000003,-158.39095
2026-02-01T16:27:51Z,21.494083333333332,-158.39101666666664
2026-02-01T16:28:11Z,21.494083333333332,-158.39106666666666
2026-02-01T16:28:31Z,21.49406666666666,-158.39113333333336
2026-02-01T16:28:51Z,21.49405,-158.3912
2026-02-01T16:29:11Z,21.49403333333333,-158.39123333333333
2026-02-01T16:29:31Z,21.49403333333333,-158.39129999999997
2026-02-01T16:29:51Z,21.494016666666667,-158.39135
2026-02-01T16:30:11Z,21.493999999999996,-158.3914
2026-02-01T16:30:31Z,21.493999999999996,-158.39146666666664
2026-02-01T16:30:51Z,21.493983333333336,-158.39151666666666
2026-02-01T16:31:11Z,21.493966666666665,-158.39159999999998
2026-02-01T16:31:31Z,21.493966666666665,-158.39163333333332
2026-02-01T16:31:51Z,21.493966666666665,-158.39168333333333
2026-02-01T16:32:01Z,21.49395,-158.39171666666667
2026-02-01T16:32:22Z,21.49395,-158.39176666666665
2026-02-01T16:32:31Z,21.49395,-158.3918
2026-02-01T16:32:51Z,21.493933333333334,-158.39185
2026-02-01T16:33:11Z,21.49391666666667,-158.3919
2026-02-01T16:33:32Z,21.4939,-158.39203333333336
2026-02-01T16:34:06Z,21.4939,-158.39203333333336
2026-02-01T16:34:26Z,21.4939,-158.39203333333336
2026-02-01T16:34:36Z,21.49388333333333,-158.39203333333336
2026-02-01T16:34:46Z,21.49388333333333,-158.39203333333336
2026-02-01T16:34:56Z,21.49388333333333,-158.39203333333336
2026-02-01T18:13:42Z,21.497016666666664,-158.40808333333334
2026-02-01T18:13:52Z,21.497016666666664,-158.40808333333334
2026-02-01T18:14:12Z,21.497016666666664,-158.40808333333334
2026-02-01T18:14:22Z,21.497016666666664,-158.40808333333334
2026-02-01T18:14:33Z,21.505899999999997,-158.41626666666667
2026-02-01T18:14:42Z,21.505916666666668,-158.41631666666666
2026-02-01T18:14:52Z,21.50595,-158.4164
2026-02-01T18:15:19Z,21.505983333333333,-158.41648333333333
2026-02-01T18:15:46Z,21.506000000000004,-158.41649999999998
2026-02-01T18:16:08Z,21.506016666666664,-158.41658333333334
2026-02-01T18:17:11Z,21.50611666666667,-158.4168
2026-02-01T18:18:35Z,21.50625,-158.41711666666666
2026-02-01T18:18:55Z,21.50626666666667,-158.41715000000002
2026-02-01T18:19:15Z,21.506300000000003,-158.41723333333331
2026-02-01T18:19:35Z,21.506316666666667,-158.4173
2026-02-01T18:19:55Z,21.506349999999998,-158.41738333333333
2026-02-01T18:20:15Z,21.50638333333333,-158.41745
2026-02-01T18:20:36Z,21.5064,-158.41751666666667
2026-02-01T18:20:56Z,21.506433333333334,-158.41761666666667
2026-02-01T18:21:16Z,21.506450000000005,-158.41766666666666
2026-02-01T18:21:36Z,21.506483333333335,-158.41773333333333
2026-02-01T18:21:56Z,21.506516666666666,-158.4178
2026-02-01T18:22:16Z,21.50653333333333,-158.41786666666667
2026-02-01T18:22:36Z,21.506566666666664,-158.4179333333333
2026-02-01T18:22:56Z,21.50658333333333,-158.418
2026-02-01T18:23:16Z,21.506616666666666,-158.41808333333333
2026-02-01T18:23:36Z,21.506633333333337,-158.41815
2026-02-01T18:23:56Z,21.506649999999997,-158.41821666666667
2026-02-01T18:24:08Z,21.506666666666668,-158.41826666666665
2026-02-01T18:24:28Z,21.506716666666662,-158.41833333333335
2026-02-01T18:24:38Z,21.506733333333333,-158.4183833333333
2026-02-01T18:24:58Z,21.506766666666667,-158.41843333333333
2026-02-01T18:25:18Z,21.506783333333335,-158.41850000000002
2026-02-01T18:25:38Z,21.50685,-158.41865
2026-02-01T18:26:03Z,21.50685,-158.41866666666667
2026-02-01T18:27:06Z,21.50695,-158.4189
2026-02-01T18:30:24Z,21.50725,-158.41958333333332
2026-02-01T18:32:44Z,21.507499999999997,-158.42008333333334
2026-02-01T18:33:55Z,21.507600000000004,-158.42030000000003
2026-02-01T18:36:14Z,21.50785,-158.42078333333333
2026-02-01T18:36:34Z,21.50785,-158.42078333333333
2026-02-01T18:36:44Z,21.50786666666667,-158.42078333333333
2026-02-01T18:36:54Z,21.50786666666667,-158.42079999999999
2026-02-01T18:37:04Z,21.50786666666667,-158.42079999999999
2026-02-01T18:37:14Z,21.50786666666667,-158.42079999999999
2026-02-01T22:45:44Z,21.483516666666667,-158.39966666666666
2026-02-01T22:45:54Z,21.483516666666667,-158.39968333333334
2026-02-01T22:46:14Z,21.483516666666667,-158.39968333333334
2026-02-01T22:46:24Z,21.483516666666667,-158.39968333333334
2026-02-01T22:46:34Z,21.483516666666667,-158.39968333333334
2026-02-01T22:46:44Z,21.48051666666667,-158.40441666666666
2026-02-01T22:46:54Z,21.48053333333333,-158.40436666666668
2026-02-01T22:47:04Z,21.4805,-158.40431666666666
2026-02-01T22:47:36Z,21.480450000000005,-158.40428333333332
2026-02-01T22:48:03Z,21.480450000000005,-158.40428333333332
2026-02-01T22:48:23Z,21.480416666666663,-158.40426666666664
2026-02-01T22:49:26Z,21.480383333333332,-158.4042
2026-02-01T22:51:49Z,21.48025,-158.4041
2026-02-01T22:53:00Z,21.4802,-158.40405
2026-02-01T22:56:11Z,21.480016666666664,-158.40393333333336
2026-02-01T22:58:30Z,21.479866666666666,-158.40381666666664
2026-02-01T22:59:41Z,21.4798,-158.40378333333334
2026-02-01T23:02:00Z,21.47966666666667,-158.40363333333335
2026-02-01T23:02:20Z,21.47966666666667,-158.40363333333335
2026-02-01T23:02:30Z,21.47966666666667,-158.40363333333335
2026-02-01T23:02:40Z,21.47966666666667,-158.40365
2026-02-01T23:02:50Z,21.47966666666667,-158.40365
2026-02-01T23:03:00Z,21.47966666666667,-158.40366666666665
2026-02-02T02:59:23Z,21.4564,-158.3824
2026-02-02T02:59:33Z,21.4564,-158.3824
2026-02-02T02:59:53Z,21.4564,-158.3824
2026-02-02T03:00:03Z,21.4564,-158.3824
2026-02-02T03:00:12Z,21.44605,-158.37461666666667
2026-02-02T03:00:22Z,21.44606666666667,-158.37463333333332
2026-02-02T03:00:32Z,21.4461,-158.37465
2026-02-02T03:00:57Z,21.446116666666665,-158.37465
2026-02-02T03:01:39Z,21.446133333333332,-158.37465
2026-02-02T03:01:58Z,21.446149999999996,-158.37466666666666
2026-02-02T03:03:01Z,21.446183333333337,-158.37465
2026-02-02T03:04:40Z,21.446299999999997,-158.37463333333332
2026-02-02T03:06:28Z,21.4464,-158.37463333333332
2026-02-02T03:08:39Z,21.4465,-158.37465
2026-02-02T03:09:54Z,21.446599999999997,-158.37465
2026-02-02T03:12:06Z,21.446733333333334,-158.37471666666667
2026-02-02T03:12:25Z,21.446733333333334,-158.37471666666667
2026-02-02T03:12:46Z,21.446733333333334,-158.37471666666667
2026-02-02T03:12:56Z,21.446733333333334,-158.37473333333335
2026-02-02T03:13:06Z,21.446733333333334,-158.37473333333335
2026-02-02T03:13:16Z,21.446716666666664,-158.37473333333335
2026-02-02T07:15:44Z,21.41525,-158.34405
2026-02-02T07:15:54Z,21.41525,-158.34405
2026-02-02T07:16:14Z,21.41525,-158.34405
2026-02-02T07:16:24Z,21.41525,-158.34405
2026-02-02T07:16:34Z,21.43126666666667,-158.34835
2026-02-02T07:16:43Z,21.43136666666667,-158.34836666666666
2026-02-02T07:16:53Z,21.431483333333336,-158.34848333333332
2026-02-02T07:17:17Z,21.431516666666667,-158.34848333333332
2026-02-02T07:17:44Z,21.43156666666666,-158.34851666666665
2026-02-02T07:18:04Z,21.431716666666663,-158.34861666666666
2026-02-02T07:18:41Z,21.431733333333334,-158.34861666666666
2026-02-02T07:19:01Z,21.43181666666667,-158.34865
2026-02-02T07:19:12Z,21.43183333333333,-158.34868333333333
2026-02-02T07:20:16Z,21.432033333333333,-158.34883333333335
2026-02-02T07:21:19Z,21.432216666666665,-158.34896666666666
2026-02-02T07:21:54Z,21.432333333333336,-158.34901666666667
2026-02-02T07:22:14Z,21.432333333333336,-158.34901666666667
2026-02-02T07:22:24Z,21.432349999999996,-158.34903333333332
2026-02-02T07:22:34Z,21.432349999999996,-158.34903333333332
2026-02-02T07:22:44Z,21.432349999999996,-158.34903333333332
2026-02-02T11:33:04Z,21.409033333333333,-158.3314
2026-02-02T11:33:14Z,21.409033333333333,-158.33141666666668
2026-02-02T11:33:34Z,21.409033333333333,-158.33141666666668
2026-02-02T11:33:44Z,21.409033333333333,-158.33141666666668
2026-02-02T11:33:54Z,21.409033333333333,-158.33141666666668
2026-02-02T11:34:04Z,21.409033333333333,-158.33141666666668
2026-02-02T11:34:14Z,21.40505,-158.32996666666668
2026-02-02T11:34:24Z,21.405033333333336,-158.3299
2026-02-02T11:34:34Z,21.405000000000005,-158.32978333333332
2026-02-02T11:35:05Z,21.404983333333334,-158.32968333333335
2026-02-02T11:35:35Z,21.404983333333334,-158.32966666666667
2026-02-02T11:35:55Z,21.404983333333334,-158.32958333333332
2026-02-02T11:36:58Z,21.404966666666663,-158.3294
2026-02-02T11:38:46Z,21.40493333333333,-158.32906666666668
2026-02-02T11:40:26Z,21.40493333333333,-158.32876666666667
2026-02-02T11:40:53Z,21.40495,-158.32868333333332
2026-02-02T11:41:13Z,21.40493333333333,-158.32863333333336
2026-02-02T11:41:54Z,21.40495,-158.3285
2026-02-02T11:42:14Z,21.40495,-158.32841666666667
2026-02-02T11:42:40Z,21.40495,-158.32834999999997
2026-02-02T11:43:00Z,21.40495,-158.32828333333333
2026-02-02T11:43:15Z,21.40495,-158.32823333333332
2026-02-02T11:43:27Z,21.40495,-158.32816666666668
2026-02-02T11:43:47Z,21.404966666666663,-158.32813333333334
2026-02-02T11:43:58Z,21.404966666666663,-158.3281
2026-02-02T11:44:23Z,21.404966666666663,-158.32801666666668
2026-02-02T11:44:43Z,21.404983333333334,-158.32795
2026-02-02T11:44:51Z,21.404983333333334,-158.32793333333333
2026-02-02T11:45:11Z,21.404983333333334,-158.32785
2026-02-02T11:45:31Z,21.405000000000005,-158.3278
2026-02-02T11:45:52Z,21.404983333333334,-158.32775
2026-02-02T11:46:12Z,21.405000000000005,-158.32768333333334
2026-02-02T11:46:32Z,21.405016666666665,-158.32755
2026-02-02T11:46:57Z,21.405016666666665,-158.32753333333332
2026-02-02T11:47:16Z,21.405033333333336,-158.32746666666665
2026-02-02T11:47:36Z,21.405016666666665,-158.32741666666666
2026-02-02T11:47:56Z,21.405033333333336,-158.32736666666668
2026-02-02T11:48:16Z,21.405033333333336,-158.3273
2026-02-02T11:48:36Z,21.40505,-158.32725
2026-02-02T11:48:56Z,21.40505,-158.32718333333332
2026-02-02T11:49:09Z,21.405033333333336,-158.32715000000002
2026-02-02T11:49:24Z,21.40505,-158.3271
2026-02-02T11:49:44Z,21.40505,-158.3271
2026-02-02T11:49:54Z,21.40505,-158.3271
2026-02-02T11:50:04Z,21.40505,-158.3271
2026-02-02T11:50:14Z,21.40505,-158.3271
2026-02-02T11:50:24Z,21.40505,-158.32711666666668
2026-02-02T11:57:45Z,21.404016666666667,-158.32686666666666
2026-02-02T11:58:15Z,21.404016666666667,-158.32686666666666
2026-02-02T11:58:25Z,21.404016666666667,-158.32686666666666
2026-02-02T11:58:35Z,21.404100000000003,-158.32561666666666
2026-02-02T11:58:45Z,21.404133333333334,-158.32555
2026-02-02T11:58:55Z,21.404149999999998,-158.32545
2026-02-02T11:59:26Z,21.404149999999998,-158.32535000000001
2026-02-02T11:59:53Z,21.404149999999998,-158.32535000000001
2026-02-02T12:00:16Z,21.404149999999998,-158.32528333333332
2026-02-02T12:00:36Z,21.404149999999998,-158.32521666666668
2026-02-02T12:01:39Z,21.404149999999998,-158.32501666666667
2026-02-02T12:02:19Z,21.404133333333334,-158.3249
2026-02-02T12:02:39Z,21.404149999999998,-158.32483333333332
2026-02-02T12:03:00Z,21.404133333333334,-158.32465
2026-02-02T12:03:40Z,21.404133333333334,-158.32465
2026-02-02T12:04:00Z,21.404116666666663,-158.3246
2026-02-02T12:04:20Z,21.404116666666663,-158.32455
2026-02-02T12:04:40Z,21.404100000000003,-158.3245
2026-02-02T12:04:50Z,21.404100000000003,-158.32445
2026-02-02T12:05:10Z,21.40406666666667,-158.32438333333332
2026-02-02T12:05:30Z,21.40406666666667,-158.32433333333333
2026-02-02T12:05:50Z,21.404049999999998,-158.32416666666668
2026-02-02T12:06:26Z,21.404049999999998,-158.32415
2026-02-02T12:06:46Z,21.404049999999998,-158.3241
2026-02-02T12:07:49Z,21.404016666666667,-158.32391666666666
2026-02-02T12:08:35Z,21.404016666666667,-158.32376666666667
2026-02-02T12:08:55Z,21.403999999999996,-158.3237
2026-02-02T12:09:15Z,21.403983333333333,-158.32363333333333
2026-02-02T12:09:35Z,21.403983333333333,-158.3236
2026-02-02T12:09:58Z,21.403966666666665,-158.32353333333333
2026-02-02T12:10:18Z,21.403950000000002,-158.32348333333331
2026-02-02T12:10:41Z,21.403950000000002,-158.32343333333336
2026-02-02T12:11:01Z,21.403950000000002,-158.32343333333336
2026-02-02T12:11:11Z,21.403950000000002,-158.32343333333336
2026-02-02T12:11:21Z,21.403950000000002,-158.32341666666667
2026-02-02T12:11:31Z,21.403950000000002,-158.32341666666667
2026-02-02T12:27:40Z,21.401183333333332,-158.32091666666665
2026-02-02T12:27:50Z,21.401183333333332,-158.32091666666665
2026-02-02T12:28:00Z,21.40056666666667,-158.32048333333333
2026-02-02T12:28:10Z,21.40055,-158.32048333333333
2026-02-02T12:28:20Z,21.40055,-158.3204
2026-02-02T12:28:51Z,21.400533333333335,-158.3203
2026-02-02T12:29:18Z,21.400533333333335,-158.3203
2026-02-02T12:29:38Z,21.400500000000005,-158.32026666666667
2026-02-02T12:29:58Z,21.400500000000005,-158.3202
2026-02-02T12:31:01Z,21.400466666666663,-158.32006666666666
2026-02-02T12:33:28Z,21.400399999999998,-158.31958333333333
2026-02-02T12:34:05Z,21.400399999999998,-158.31956666666667
2026-02-02T12:34:25Z,21.400383333333334,-158.31951666666666
2026-02-02T12:35:28Z,21.400333333333332,-158.31933333333333
2026-02-02T12:36:12Z,21.4003,-158.31921666666668
2026-02-02T12:36:32Z,21.400266666666667,-158.31911666666667
2026-02-02T12:36:57Z,21.40028333333333,-158.31910000000002
2026-02-02T12:38:00Z,21.400216666666665,-158.3189833333333
2026-02-02T12:38:14Z,21.4002,-158.31893333333335
2026-02-02T12:38:34Z,21.4002,-158.3189
2026-02-02T12:38:54Z,21.40016666666667,-158.31885
2026-02-02T12:39:14Z,21.40015,-158.3188
2026-02-02T12:39:34Z,21.40013333333333,-158.31875
2026-02-02T12:39:54Z,21.40011666666667,-158.31871666666666
2026-02-02T12:40:14Z,21.40011666666667,-158.31863333333334
2026-02-02T12:40:35Z,21.40011666666667,-158.31863333333334
2026-02-02T12:40:55Z,21.4001,-158.31858333333332
2026-02-02T12:41:15Z,21.400083333333335,-158.31855
2026-02-02T12:41:35Z,21.400066666666664,-158.31851666666668
2026-02-02T12:41:55Z,21.400050000000004,-158.31846666666667
2026-02-02T12:42:11Z,21.400050000000004,-158.31843333333333
2026-02-02T12:42:31Z,21.400033333333333,-158.31835
2026-02-02T12:43:04Z,21.400033333333333,-158.31833333333333
2026-02-02T12:43:47Z,21.400033333333333,-158.31823333333332
2026-02-02T12:44:07Z,21.40001666666667,-158.31820000000002
2026-02-02T12:44:27Z,21.4,-158.31816666666666
2026-02-02T12:44:35Z,21.4,-158.31813333333332
2026-02-02T12:44:43Z,21.4,-158.31811666666667
2026-02-02T12:45:03Z,21.39998333333333,-158.3180833333333
2026-02-02T12:45:20Z,21.399966666666668,-158.31805
2026-02-02T12:45:35Z,21.399966666666668,-158.31801666666667
2026-02-02T12:45:55Z,21.399966666666668,-158.31801666666667
2026-02-02T12:46:05Z,21.399966666666668,-158.318
2026-02-02T12:46:15Z,21.399949999999997,-158.31798333333333
2026-02-02T12:46:25Z,21.399949999999997,-158.31798333333333
2026-02-02T12:46:35Z,21.399933333333333,-158.31796666666665
2026-02-02T13:10:03Z,21.395883333333337,-158.31623333333334
2026-02-02T13:10:13Z,21.395866666666667,-158.31621666666666
2026-02-02T13:10:33Z,21.395866666666667,-158.31621666666666
2026-02-02T13:10:43Z,21.395866666666667,-158.31621666666666
2026-02-02T13:10:53Z,21.394816666666664,-158.31631666666667
2026-02-02T13:11:03Z,21.394816666666664,-158.31629999999998
2026-02-02T13:11:13Z,21.39476666666667,-158.31621666666666
2026-02-02T13:11:39Z,21.39473333333334,-158.31616666666665
2026-02-02T13:12:06Z,21.39473333333334,-158.31616666666665
2026-02-02T13:12:26Z,21.394699999999997,-158.3161
2026-02-02T13:13:29Z,21.394616666666668,-158.31593333333333
2026-02-02T13:15:05Z,21.394516666666664,-158.3156666666667
2026-02-02T13:16:13Z,21.394400000000005,-158.31550000000001
2026-02-02T13:16:37Z,21.394400000000005,-158.31548333333333
2026-02-02T13:16:57Z,21.394366666666663,-158.31541666666666
2026-02-02T13:17:17Z,21.39435,-158.31536666666668
2026-02-02T13:17:37Z,21.394333333333332,-158.31531666666666
2026-02-02T13:17:57Z,21.394299999999998,-158.31526666666664
2026-02-02T13:18:17Z,21.394283333333338,-158.3152
2026-02-02T13:18:37Z,21.394266666666667,-158.31513333333334
2026-02-02T13:18:57Z,21.394250000000003,-158.31508333333335
2026-02-02T13:19:20Z,21.39421666666666,-158.31503333333333
2026-02-02T13:19:40Z,21.39418333333333,-158.31498333333332
2026-02-02T13:20:00Z,21.39415,-158.31493333333336
2026-02-02T13:20:20Z,21.394116666666665,-158.31488333333334
2026-02-02T13:20:40Z,21.3941,-158.31483333333333
2026-02-02T13:21:01Z,21.394083333333334,-158.31476666666669
2026-02-02T13:21:21Z,21.39403333333333,-158.3147
2026-02-02T13:21:41Z,21.39401666666667,-158.31466666666665
2026-02-02T13:22:01Z,21.394,-158.3146
2026-02-02T13:22:21Z,21.393966666666664,-158.31453333333332
2026-02-02T13:22:41Z,21.393933333333333,-158.31451666666666
2026-02-02T13:23:00Z,21.39391666666667,-158.31445
2026-02-02T13:23:20Z,21.393866666666668,-158.31438333333332
2026-02-02T13:23:40Z,21.393816666666666,-158.31426666666667
2026-02-02T13:24:07Z,21.393800000000002,-158.31425
2026-02-02T13:24:27Z,21.39378333333333,-158.3142
2026-02-02T13:24:47Z,21.39375,-158.31416666666667
2026-02-02T13:25:07Z,21.393716666666666,-158.31411666666665
2026-02-02T13:25:27Z,21.3937,-158.31405
2026-02-02T13:25:47Z,21.393666666666665,-158.314
2026-02-02T13:26:07Z,21.393633333333334,-158.31391666666664
2026-02-02T13:26:27Z,21.39361666666667,-158.31388333333334
2026-02-02T13:26:47Z,21.39358333333333,-158.31383333333332
2026-02-02T13:27:07Z,21.39356666666667,-158.31376666666665
2026-02-02T13:27:27Z,21.393549999999998,-158.3137
2026-02-02T13:27:47Z,21.393533333333334,-158.31365
2026-02-02T13:28:07Z,21.393500000000003,-158.31358333333336
2026-02-02T13:28:27Z,21.393449999999998,-158.31353333333334
2026-02-02T13:28:47Z,21.393433333333338,-158.3135
2026-02-02T13:29:07Z,21.393399999999996,-158.31346666666667
2026-02-02T13:29:28Z,21.393366666666665,-158.3134
2026-02-02T13:29:48Z,21.39335,-158.31333333333333
2026-02-02T13:30:08Z,21.39335,-158.31328333333335
2026-02-02T13:30:28Z,21.3933,-158.31321666666665
2026-02-02T13:30:48Z,21.393283333333336,-158.31313333333335
2026-02-02T13:31:08Z,21.393266666666666,-158.3131
2026-02-02T13:31:28Z,21.39325,-158.31305
2026-02-02T13:31:38Z,21.393233333333335,-158.31303333333332
2026-02-02T13:31:58Z,21.393216666666664,-158.31296666666668
2026-02-02T13:32:19Z,21.393183333333333,-158.31291666666667
2026-02-02T13:32:39Z,21.39316666666667,-158.31285
2026-02-02T13:32:59Z,21.393099999999997,-158.31275
2026-02-02T13:33:32Z,21.393099999999997,-158.3127333333333
2026-02-02T13:33:52Z,21.393099999999997,-158.31268333333335
2026-02-02T13:34:12Z,21.393083333333333,-158.31263333333334
2026-02-02T13:34:32Z,21.393050000000002,-158.31258333333332
2026-02-02T13:34:52Z,21.393016666666668,-158.31253333333333
2026-02-02T13:35:12Z,21.393016666666668,-158.3125
2026-02-02T13:35:24Z,21.392999999999997,-158.31248333333332
2026-02-02T13:35:44Z,21.392983333333337,-158.31244999999998
2026-02-02T13:36:04Z,21.392950000000003,-158.3124
2026-02-02T13:36:24Z,21.392916666666665,-158.31236666666666
2026-02-02T13:36:48Z,21.392916666666665,-158.3122833333333
2026-02-02T13:36:59Z,21.39288333333333,-158.3122833333333
2026-02-02T13:37:19Z,21.39288333333333,-158.3122833333333
2026-02-02T13:37:29Z,21.39288333333333,-158.3122833333333
2026-02-02T13:37:39Z,21.39288333333333,-158.3122833333333
2026-02-02T13:37:49Z,21.39288333333333,-158.3122833333333
2026-02-02T13:37:59Z,21.39288333333333,-158.3122833333333
2026-02-02T18:50:44Z,21.353866666666665,-158.27640000000002
2026-02-02T18:50:54Z,21.353866666666665,-158.27640000000002
2026-02-02T18:51:14Z,21.353866666666665,-158.27640000000002
2026-02-02T18:51:24Z,21.353866666666665,-158.27640000000002
2026-02-02T18:51:34Z,21.353866666666665,-158.27640000000002
2026-02-02T18:51:44Z,21.353866666666665,-158.27640000000002
2026-02-02T18:51:54Z,21.359800000000003,-158.28555
2026-02-02T18:52:03Z,21.359833333333334,-158.28556666666665
2026-02-02T18:52:13Z,21.359966666666665,-158.28564999999998
2026-02-02T18:52:38Z,21.360149999999997,-158.28571666666667
2026-02-02T18:53:25Z,21.36018333333333,-158.28571666666667
2026-02-02T18:53:45Z,21.360249999999997,-158.28571666666667
2026-02-02T18:54:05Z,21.360333333333333,-158.28575
2026-02-02T18:55:08Z,21.360566666666667,-158.2857666666667
2026-02-02T18:57:29Z,21.36118333333333,-158.2858
2026-02-02T18:57:48Z,21.361216666666664,-158.28581666666665
2026-02-02T18:58:08Z,21.361216666666664,-158.28581666666665
2026-02-02T18:58:18Z,21.361216666666664,-158.28583333333333
2026-02-02T18:58:28Z,21.361216666666664,-158.28583333333333
2026-02-02T18:58:38Z,21.361216666666664,-158.28583333333333
2026-02-02T18:58:48Z,21.361216666666664,-158.28585
2026-02-03T00:41:49Z,21.329250000000002,-158.25861666666665
2026-02-03T00:41:59Z,21.329250000000002,-158.25861666666665
2026-02-03T00:42:19Z,21.329250000000002,-158.25861666666665
2026-02-03T00:42:29Z,21.329250000000002,-158.25861666666665
2026-02-03T00:42:39Z,21.320550000000004,-158.25295
2026-02-03T00:42:49Z,21.320550000000004,-158.25291666666666
2026-02-03T00:42:59Z,21.32051666666667,-158.25286666666668
2026-02-03T00:43:29Z,21.32051666666667,-158.25275000000002
2026-02-03T00:44:00Z,21.32051666666667,-158.25273333333334
2026-02-03T00:44:20Z,21.32051666666667,-158.2527
2026-02-03T00:45:23Z,21.320483333333332,-158.25253333333333
2026-02-03T00:48:11Z,21.320416666666667,-158.25211666666667
2026-02-03T00:50:30Z,21.320400000000003,-158.25178333333332
2026-02-03T00:50:52Z,21.320383333333332,-158.25175
2026-02-03T00:51:12Z,21.320383333333332,-158.25175
2026-02-03T00:51:22Z,21.320383333333332,-158.25176666666667
2026-02-03T00:51:32Z,21.320383333333332,-158.25176666666667
2026-02-03T00:51:42Z,21.320383333333332,-158.25176666666667
2026-02-03T06:09:47Z,21.283216666666664,-158.22026666666667
2026-02-03T06:09:57Z,21.283216666666664,-158.22026666666667
2026-02-03T06:10:17Z,21.283216666666664,-158.22026666666667
2026-02-03T06:10:27Z,21.283216666666664,-158.22026666666667
2026-02-03T06:10:37Z,21.283216666666664,-158.22026666666667
2026-02-03T06:10:47Z,21.289766666666665,-158.22113333333334
2026-02-03T06:10:57Z,21.289766666666665,-158.22113333333334
2026-02-03T06:11:07Z,21.289716666666664,-158.22106666666664
2026-02-03T06:11:32Z,21.289600000000004,-158.22105000000002
2026-02-03T06:12:01Z,21.289600000000004,-158.22105000000002
2026-02-03T06:12:21Z,21.289566666666662,-158.22105000000002
2026-02-03T06:13:24Z,21.289450000000002,-158.22095
2026-02-03T06:15:41Z,21.289233333333332,-158.22083333333333
2026-02-03T06:16:34Z,21.28911666666667,-158.22078333333332
2026-02-03T06:16:45Z,21.2891,-158.22078333333332
2026-02-03T06:17:05Z,21.2891,-158.22078333333332
2026-02-03T06:17:15Z,21.2891,-158.22078333333332
2026-02-03T06:17:25Z,21.2891,-158.22078333333332
2026-02-03T06:17:35Z,21.2891,-158.2208
2026-02-03T06:17:45Z,21.2891,-158.2208
2026-02-03T11:40:54Z,21.25291666666667,-158.19176666666667
2026-02-03T11:41:04Z,21.25291666666667,-158.19178333333332
2026-02-03T11:41:14Z,21.25291666666667,-158.19178333333332
2026-02-03T11:41:34Z,21.25291666666667,-158.19178333333332
2026-02-03T11:41:44Z,21.25291666666667,-158.19178333333332
2026-02-03T11:41:54Z,21.25291666666667,-158.19178333333332
2026-02-03T11:42:04Z,21.25291666666667,-158.19178333333332
2026-02-03T11:42:14Z,21.25378333333333,-158.1892
2026-02-03T11:42:24Z,21.25378333333333,-158.18923333333333
2026-02-03T11:42:34Z,21.253733333333336,-158.18923333333333
2026-02-03T11:43:01Z,21.253683333333335,-158.18926666666667
2026-02-03T11:43:48Z,21.253666666666664,-158.18926666666667
2026-02-03T11:44:01Z,21.25365,-158.18926666666667
2026-02-03T11:44:21Z,21.25363333333333,-158.18926666666667
2026-02-03T11:45:24Z,21.253583333333335,-158.18931666666668
2026-02-03T11:47:50Z,21.253416666666666,-158.1894
2026-02-03T11:49:01Z,21.25335,-158.18945
2026-02-03T11:51:17Z,21.253149999999998,-158.18951666666666
2026-02-03T11:51:45Z,21.253116666666664,-158.18951666666666
2026-02-03T11:52:05Z,21.253100000000003,-158.18953333333332
2026-02-03T11:52:25Z,21.253083333333333,-158.18951666666666
2026-02-03T11:52:45Z,21.253083333333333,-158.18953333333332
2026-02-03T11:53:05Z,21.25306666666667,-158.18955
2026-02-03T11:53:24Z,21.25303333333333,-158.18958333333333
2026-02-03T11:53:44Z,21.253016666666667,-158.18956666666665
2026-02-03T11:54:05Z,21.252983333333336,-158.18955
2026-02-03T11:54:25Z,21.252950000000002,-158.18958333333333
2026-02-03T11:54:54Z,21.25293333333333,-158.18958333333333
2026-02-03T11:55:14Z,21.25291666666667,-158.1896
2026-02-03T11:56:17Z,21.252833333333335,-158.18961666666667
2026-02-03T11:59:12Z,21.25261666666667,-158.18965
2026-02-03T11:59:43Z,21.252583333333337,-158.18966666666665
2026-02-03T12:00:03Z,21.252583333333337,-158.18966666666665
2026-02-03T12:00:18Z,21.252599999999997,-158.18968333333333
2026-02-03T12:00:38Z,21.252566666666667,-158.1897
2026-02-03T12:00:58Z,21.252533333333336,-158.1897
2026-02-03T12:01:18Z,21.252516666666665,-158.18968333333333
2026-02-03T12:01:38Z,21.25248333333333,-158.18968333333333
2026-02-03T12:01:58Z,21.25245,-158.18966666666665
2026-02-03T12:02:31Z,21.252433333333336,-158.18965
2026-02-03T12:03:13Z,21.252416666666665,-158.18966666666665
2026-02-03T12:03:33Z,21.252399999999998,-158.18965
2026-02-03T12:03:53Z,21.252366666666664,-158.18965
2026-02-03T12:04:13Z,21.252366666666664,-158.18966666666665
2026-02-03T12:04:33Z,21.25235,-158.18966666666665
2026-02-03T12:05:37Z,21.252283333333335,-158.18968333333333
2026-02-03T12:07:55Z,21.252116666666666,-158.18973333333332
2026-02-03T12:08:24Z,21.252133333333337,-158.18973333333332
2026-02-03T12:08:44Z,21.252100000000002,-158.18973333333332
2026-02-03T12:11:48Z,21.2519,-158.18981666666664
2026-02-03T12:12:10Z,21.2519,-158.18980000000002
2026-02-03T12:13:14Z,21.251816666666667,-158.18981666666664
2026-02-03T12:15:42Z,21.251633333333334,-158.18991666666668
2026-02-03T12:16:14Z,21.25161666666667,-158.18991666666668
2026-02-03T12:16:35Z,21.2516,-158.18993333333336
2026-02-03T12:16:53Z,21.25158333333333,-158.18993333333336
2026-02-03T12:17:13Z,21.25158333333333,-158.18993333333336
2026-02-03T12:17:33Z,21.251549999999998,-158.18993333333336
2026-02-03T12:17:53Z,21.251533333333334,-158.18993333333336
2026-02-03T12:18:13Z,21.25146666666667,-158.18993333333336
2026-02-03T12:18:47Z,21.251483333333333,-158.18993333333336
2026-02-03T12:19:07Z,21.25145,-158.18995
2026-02-03T12:19:27Z,21.25145,-158.18996666666666
2026-02-03T12:19:47Z,21.251399999999997,-158.18996666666666
2026-02-03T12:20:07Z,21.251399999999997,-158.18998333333332
2026-02-03T12:20:27Z,21.251383333333333,-158.18998333333332
2026-02-03T12:20:47Z,21.251350000000002,-158.19001666666665
2026-02-03T12:21:13Z,21.251366666666666,-158.19001666666665
2026-02-03T12:21:33Z,21.251350000000002,-158.19001666666665
2026-02-03T12:22:28Z,21.251283333333337,-158.19005
2026-02-03T12:22:48Z,21.251266666666666,-158.19006666666667
2026-02-03T12:23:08Z,21.251249999999995,-158.19006666666667
2026-02-03T12:23:28Z,21.251233333333335,-158.1901
2026-02-03T12:23:42Z,21.251216666666664,-158.1901
2026-02-03T12:24:02Z,21.251183333333334,-158.1901
2026-02-03T12:24:27Z,21.25115,-158.19013333333334
2026-02-03T12:25:02Z,21.25115,-158.19013333333334
2026-02-03T12:25:24Z,21.251133333333335,-158.19015
2026-02-03T12:25:44Z,21.251133333333335,-158.19016666666667
2026-02-03T12:25:51Z,21.251116666666668,-158.19015
2026-02-03T12:26:11Z,21.251099999999997,-158.19016666666667
2026-02-03T12:26:31Z,21.251083333333334,-158.19018333333332
2026-02-03T12:26:51Z,21.251066666666663,-158.19018333333332
2026-02-03T12:27:11Z,21.251050000000003,-158.1902
2026-02-03T12:27:31Z,21.25101666666667,-158.1902
2026-02-03T12:28:12Z,21.251033333333332,-158.1902166666667
2026-02-03T12:28:32Z,21.25101666666667,-158.1902166666667
2026-02-03T12:28:44Z,21.250983333333338,-158.1902166666667
2026-02-03T12:29:04Z,21.250983333333338,-158.1902166666667
2026-02-03T12:29:14Z,21.250983333333338,-158.1902166666667
2026-02-03T12:29:24Z,21.250999999999998,-158.1902166666667
2026-02-03T12:29:34Z,21.250999999999998,-158.1902166666667
2026-02-03T12:29:44Z,21.250999999999998,-158.1902166666667
2026-02-03T19:11:13Z,21.21435,-158.16345
2026-02-03T19:11:23Z,21.21435,-158.16345
2026-02-03T19:11:43Z,21.21435,-158.16345
2026-02-03T19:11:53Z,21.21435,-158.16345
2026-02-03T19:12:03Z,21.21435,-158.16345
2026-02-03T19:12:13Z,21.214183333333335,-158.17021666666668
2026-02-03T19:12:23Z,21.214066666666668,-158.17016666666666
2026-02-03T19:12:33Z,21.21385,-158.1701833333333
2026-02-03T19:12:58Z,21.2138,-158.17016666666666
2026-02-03T19:13:32Z,21.2138,-158.1701833333333
2026-02-03T19:13:51Z,21.21381666666667,-158.1701833333333
2026-02-03T19:14:54Z,21.213783333333335,-158.1702
2026-02-03T19:17:16Z,21.213733333333334,-158.17023333333333
2026-02-03T19:18:27Z,21.213683333333332,-158.17021666666668
2026-02-03T19:21:38Z,21.213599999999996,-158.17023333333333
2026-02-03T19:23:59Z,21.213566666666665,-158.17028333333334
2026-02-03T19:24:20Z,21.21355,-158.17026666666666
2026-02-03T19:24:40Z,21.21355,-158.17026666666666
2026-02-03T19:24:50Z,21.213566666666665,-158.17026666666666
2026-02-03T19:25:00Z,21.213566666666665,-158.17026666666666
2026-02-03T19:25:10Z,21.213566666666665,-158.17028333333334
2026-02-04T02:06:58Z,21.266750000000002,-158.17209999999997
2026-02-04T02:07:08Z,21.266750000000002,-158.17211666666665
2026-02-04T02:07:28Z,21.266750000000002,-158.17211666666665
2026-02-04T02:07:38Z,21.266750000000002,-158.17211666666665
2026-02-04T02:07:48Z,21.266750000000002,-158.17211666666665
2026-02-04T02:07:58Z,21.259383333333336,-158.16391666666667
2026-02-04T02:08:08Z,21.25935,-158.1639
2026-02-04T02:08:18Z,21.259399999999996,-158.16385
2026-02-04T02:08:47Z,21.259399999999996,-158.16379999999998
2026-02-04T02:09:16Z,21.25943333333333,-158.16381666666666
2026-02-04T02:09:36Z,21.259466666666672,-158.16383333333334
2026-02-04T02:10:39Z,21.259500000000003,-158.16386666666668
2026-02-04T02:13:02Z,21.259666666666664,-158.16393333333332
2026-02-04T02:14:13Z,21.2597,-158.16393333333332
2026-02-04T02:17:24Z,21.259866666666667,-158.16396666666665
2026-02-04T02:19:51Z,21.259999999999998,-158.16401666666667
2026-02-04T02:20:03Z,21.26001666666667,-158.16401666666667
2026-02-04T02:20:23Z,21.26001666666667,-158.16401666666667
2026-02-04T02:20:33Z,21.26001666666667,-158.16401666666667
2026-02-04T02:20:43Z,21.26001666666667,-158.16401666666667
2026-02-04T02:20:53Z,21.26001666666667,-158.16401666666667
2026-02-04T08:26:36Z,21.28066666666667,-158.20938333333334
2026-02-04T08:26:46Z,21.28066666666667,-158.20936666666665
2026-02-04T08:27:06Z,21.28066666666667,-158.20936666666665
2026-02-04T08:27:16Z,21.28066666666667,-158.20936666666665
2026-02-04T08:27:26Z,21.28066666666667,-158.20936666666665
2026-02-04T08:27:36Z,21.28066666666667,-158.20936666666665
2026-02-04T08:27:46Z,21.28066666666667,-158.20936666666665
2026-02-04T08:27:56Z,21.291316666666663,-158.21835000000002
2026-02-04T08:28:06Z,21.291283333333332,-158.21833333333333
2026-02-04T08:28:16Z,21.291283333333332,-158.21836666666667
2026-02-04T08:28:43Z,21.2913,-158.21838333333332
2026-02-04T08:29:18Z,21.291283333333332,-158.21838333333332
2026-02-04T08:29:39Z,21.2913,-158.2184
2026-02-04T08:30:42Z,21.291316666666663,-158.2185166666667
2026-02-04T08:31:43Z,21.291333333333334,-158.21865
2026-02-04T08:32:10Z,21.291366666666665,-158.21868333333333
2026-02-04T08:33:14Z,21.2914,-158.21880000000002
2026-02-04T08:35:39Z,21.291466666666665,-158.21903333333333
2026-02-04T08:36:07Z,21.291499999999996,-158.21906666666666
2026-02-04T08:37:10Z,21.291516666666666,-158.21916666666667
2026-02-04T08:39:27Z,21.291616666666663,-158.2194
2026-02-04T08:39:47Z,21.291633333333333,-158.2194333333333
2026-02-04T08:39:55Z,21.291616666666663,-158.2194333333333
2026-02-04T08:40:15Z,21.291649999999997,-158.2195
2026-02-04T08:40:35Z,21.291649999999997,-158.21951666666666
2026-02-04T08:40:55Z,21.291666666666668,-158.21956666666668
2026-02-04T08:41:15Z,21.291683333333335,-158.21959999999999
2026-02-04T08:41:35Z,21.29171666666667,-158.21970000000002
2026-02-04T08:42:07Z,21.29171666666667,-158.21971666666667
2026-02-04T08:42:27Z,21.29175,-158.21975
2026-02-04T08:42:47Z,21.29175,-158.21978333333334
2026-02-04T08:43:07Z,21.291766666666664,-158.21981666666667
2026-02-04T08:43:27Z,21.2918,-158.21986666666666
2026-02-04T08:43:47Z,21.291766666666664,-158.2198833333333
2026-02-04T08:44:07Z,21.291816666666666,-158.21996666666666
2026-02-04T08:44:27Z,21.291816666666666,-158.21998333333335
2026-02-04T08:44:47Z,21.291816666666666,-158.22001666666665
2026-02-04T08:45:07Z,21.291833333333336,-158.22006666666667
2026-02-04T08:46:10Z,21.29185,-158.2202
2026-02-04T08:48:26Z,21.291900000000002,-158.22048333333333
2026-02-04T08:48:54Z,21.291933333333336,-158.22051666666667
2026-02-04T08:49:58Z,21.291966666666667,-158.22065
2026-02-04T08:51:24Z,21.29201666666667,-158.22083333333333
2026-02-04T08:51:44Z,21.291999999999998,-158.22086666666667
2026-02-04T08:52:04Z,21.292033333333332,-158.22091666666665
2026-02-04T08:52:24Z,21.292050000000003,-158.22095
2026-02-04T08:52:44Z,21.292050000000003,-158.22098333333332
2026-02-04T08:53:04Z,21.292083333333334,-158.22103333333334
2026-02-04T08:53:24Z,21.292099999999998,-158.22108333333333
2026-02-04T08:53:44Z,21.292099999999998,-158.22113333333334
2026-02-04T08:54:05Z,21.292099999999998,-158.22115
2026-02-04T08:54:25Z,21.292099999999998,-158.22115
2026-02-04T08:54:35Z,21.292099999999998,-158.22115
2026-02-04T08:54:45Z,21.29211666666667,-158.22115
2026-02-04T08:54:55Z,21.29211666666667,-158.22115
2026-02-04T15:16:10Z,21.261,-158.1997
2026-02-04T15:16:20Z,21.261016666666666,-158.1997
2026-02-04T15:16:40Z,21.261016666666666,-158.1997
2026-02-04T15:16:50Z,21.261016666666666,-158.1997
2026-02-04T15:17:01Z,21.261016666666666,-158.1997
2026-02-04T15:17:11Z,21.261016666666666,-158.1997
2026-02-04T15:17:21Z,21.261016666666666,-158.1997
2026-02-04T15:17:31Z,21.261016666666666,-158.1997
2026-02-04T15:17:40Z,21.24755,-158.1934
2026-02-04T15:17:50Z,21.24755,-158.1934
2026-02-04T15:18:00Z,21.247566666666664,-158.19348333333335
2026-02-04T15:18:26Z,21.247566666666664,-158.19355
2026-02-04T15:19:00Z,21.247600000000002,-158.19358333333332
2026-02-04T15:19:18Z,21.247583333333335,-158.1936
2026-02-04T15:20:21Z,21.247616666666666,-158.19376666666668
2026-02-04T15:22:48Z,21.247733333333333,-158.19410000000002
2026-02-04T15:23:07Z,21.247766666666667,-158.19411666666667
2026-02-04T15:24:10Z,21.247799999999998,-158.19423333333333
2026-02-04T15:27:22Z,21.24796666666667,-158.19466666666668
2026-02-04T15:30:24Z,21.2481,-158.19504999999998
2026-02-04T15:31:27Z,21.248166666666666,-158.19518333333332
2026-02-04T15:33:49Z,21.248300000000004,-158.19548333333333
2026-02-04T15:34:08Z,21.248300000000004,-158.19551666666666
2026-02-04T15:34:28Z,21.248300000000004,-158.19551666666666
2026-02-04T15:34:38Z,21.248300000000004,-158.19551666666666
2026-02-04T15:34:48Z,21.248300000000004,-158.19553333333334
2026-02-04T15:34:58Z,21.248300000000004,-158.19551666666666
2026-02-04T21:49:02Z,21.21393333333333,-158.1555666666667
2026-02-04T21:49:12Z,21.213916666666666,-158.15555
2026-02-04T21:49:32Z,21.213916666666666,-158.15555
2026-02-04T21:49:42Z,21.213916666666666,-158.15555
2026-02-04T21:49:52Z,21.213916666666666,-158.15555
2026-02-04T21:50:02Z,21.232166666666664,-158.17295000000001
2026-02-04T21:50:12Z,21.23211666666667,-158.1729
2026-02-04T21:50:21Z,21.23225,-158.17296666666667
2026-02-04T21:50:52Z,21.232300000000002,-158.17303333333334
2026-02-04T21:51:19Z,21.232300000000002,-158.17303333333334
2026-02-04T21:51:40Z,21.232333333333333,-158.17306666666667
2026-02-04T21:51:51Z,21.232366666666667,-158.1731
2026-02-04T21:52:54Z,21.232483333333334,-158.17326666666668
2026-02-04T21:55:53Z,21.232783333333334,-158.17371666666668
2026-02-04T21:56:04Z,21.232799999999997,-158.17374999999998
2026-02-04T21:57:07Z,21.232900000000004,-158.17391666666666
2026-02-04T21:59:23Z,21.233150000000002,-158.17433333333332
2026-02-04T21:59:50Z,21.233150000000002,-158.17434999999998
2026-02-04T22:00:53Z,21.233249999999998,-158.17451666666665
2026-02-04T22:04:13Z,21.23356666666667,-158.17506666666668
2026-02-04T22:05:17Z,21.233666666666668,-158.17524999999998
2026-02-04T22:05:37Z,21.233683333333335,-158.1753
2026-02-04T22:05:57Z,21.23373333333333,-158.17535
2026-02-04T22:06:11Z,21.233799999999995,-158.17546666666667
2026-02-04T22:06:44Z,21.233783333333335,-158.17546666666667
2026-02-04T22:07:48Z,21.233866666666668,-158.17565000000002
2026-02-04T22:09:08Z,21.234033333333333,-158.17591666666667
2026-02-04T22:09:35Z,21.234050000000003,-158.17593333333335
2026-02-04T22:09:55Z,21.234066666666664,-158.176
2026-02-04T22:10:58Z,21.23416666666667,-158.17618333333334
2026-02-04T22:14:04Z,21.23445,-158.17673333333332
2026-02-04T22:15:07Z,21.234516666666664,-158.1769
2026-02-04T22:15:54Z,21.2346,-158.17708333333334
2026-02-04T22:16:57Z,21.234683333333336,-158.1773
2026-02-04T22:19:59Z,21.234916666666663,-158.1778666666667
2026-02-04T22:20:19Z,21.234966666666665,-158.17794999999998
2026-02-04T22:20:39Z,21.234983333333336,-158.178
2026-02-04T22:20:50Z,21.234983333333336,-158.17801666666668
2026-02-04T22:21:08Z,21.23503333333333,-158.1781
2026-02-04T22:21:28Z,21.23505,-158.17813333333334
2026-02-04T22:21:48Z,21.235083333333332,-158.17821666666666
2026-02-04T22:22:00Z,21.235100000000003,-158.17825
2026-02-04T22:22:20Z,21.235133333333337,-158.1783166666667
2026-02-04T22:22:40Z,21.235166666666668,-158.17838333333333
2026-02-04T22:23:44Z,21.235249999999997,-158.17858333333334
2026-02-04T22:25:19Z,21.235416666666666,-158.17895
2026-02-04T22:25:45Z,21.235433333333336,-158.17896666666667
2026-02-04T22:26:05Z,21.23546666666667,-158.17903333333334
2026-02-04T22:26:21Z,21.23548333333333,-158.17908333333335
2026-02-04T22:26:41Z,21.235500000000002,-158.17913333333334
2026-02-04T22:27:01Z,21.235516666666665,-158.17918333333333
2026-02-04T22:27:21Z,21.235566666666667,-158.17926666666665
2026-02-04T22:27:41Z,21.23561666666667,-158.1794
2026-02-04T22:28:08Z,21.235633333333332,-158.17941666666667
2026-02-04T22:28:28Z,21.235666666666663,-158.17946666666666
2026-02-04T22:29:32Z,21.23575,-158.17965
2026-02-04T22:32:30Z,21.236016666666668,-158.18021666666667
2026-02-04T22:33:34Z,21.236133333333335,-158.18041666666667
2026-02-04T22:34:24Z,21.236216666666664,-158.1806
2026-02-04T22:34:35Z,21.236250000000002,-158.18063333333333
2026-02-04T22:34:55Z,21.236250000000002,-158.18063333333333
2026-02-04T22:35:05Z,21.236250000000002,-158.18063333333333
2026-02-04T22:35:15Z,21.236250000000002,-158.18064999999999
2026-02-04T22:35:25Z,21.236250000000002,-158.18064999999999
2026-02-04T22:35:35Z,21.236266666666666,-158.18064999999999
2026-02-05T02:31:21Z,21.279466666666668,-158.21706666666665
2026-02-05T02:31:31Z,21.279483333333328,-158.21708333333333
2026-02-05T02:31:51Z,21.279483333333328,-158.21708333333333
2026-02-05T02:32:01Z,21.279483333333328,-158.21708333333333
2026-02-05T02:32:11Z,21.265916666666666,-158.20746666666668
2026-02-05T02:32:21Z,21.26598333333333,-158.20721666666668
2026-02-05T02:32:31Z,21.266016666666662,-158.20745
2026-02-05T02:33:01Z,21.266099999999998,-158.20753333333332
2026-02-05T02:33:33Z,21.266083333333334,-158.20753333333332
2026-02-05T02:33:54Z,21.266166666666663,-158.20758333333333
2026-02-05T02:34:14Z,21.266216666666665,-158.20763333333335
2026-02-05T02:35:17Z,21.266416666666668,-158.20783333333333
2026-02-05T02:37:40Z,21.266783333333333,-158.20816666666667
2026-02-05T02:37:59Z,21.266816666666667,-158.20816666666667
2026-02-05T02:38:19Z,21.266816666666667,-158.20816666666667
2026-02-05T02:38:29Z,21.266816666666667,-158.20816666666667
2026-02-05T02:38:39Z,21.266799999999996,-158.20816666666667
2026-02-05T02:38:49Z,21.266799999999996,-158.20816666666667
2026-02-05T02:38:59Z,21.266799999999996,-158.20816666666667
2026-02-05T06:37:52Z,21.29708333333333,-158.23331666666667
2026-02-05T06:38:12Z,21.29708333333333,-158.23331666666667
2026-02-05T06:38:22Z,21.29708333333333,-158.23331666666667
2026-02-05T06:38:32Z,21.30653333333333,-158.23893333333334
2026-02-05T06:38:42Z,21.30645,-158.2387
2026-02-05T06:38:52Z,21.306483333333336,-158.23875
2026-02-05T06:39:17Z,21.30653333333333,-158.23878333333332
2026-02-05T06:39:55Z,21.306516666666667,-158.23878333333332
2026-02-05T06:40:15Z,21.30655,-158.23881666666665
2026-02-05T06:40:35Z,21.30655,-158.23883333333333
2026-02-05T06:41:39Z,21.306600000000003,-158.23888333333335
2026-02-05T06:43:29Z,21.306733333333334,-158.23901666666669
2026-02-05T06:43:59Z,21.306733333333334,-158.23901666666669
2026-02-05T06:45:02Z,21.3068,-158.23906666666664
2026-02-05T06:46:44Z,21.306883333333335,-158.23916666666668
2026-02-05T06:47:04Z,21.306916666666666,-158.23918333333333
2026-02-05T06:47:24Z,21.306916666666666,-158.23921666666666
2026-02-05T06:47:44Z,21.306949999999997,-158.23923333333332
2026-02-05T06:48:04Z,21.306949999999997,-158.23925
2026-02-05T06:48:24Z,21.30698333333333,-158.23928333333333
2026-02-05T06:48:44Z,21.30698333333333,-158.23930000000001
2026-02-05T06:49:04Z,21.307000000000002,-158.23933333333335
2026-02-05T06:49:24Z,21.307033333333333,-158.23935
2026-02-05T06:49:44Z,21.307049999999997,-158.23936666666665
2026-02-05T06:50:04Z,21.307066666666667,-158.23941666666667
2026-02-05T06:50:24Z,21.307066666666667,-158.23943333333332
2026-02-05T06:50:44Z,21.3071,-158.2394666666667
2026-02-05T06:51:04Z,21.3071,-158.23948333333334
2026-02-05T06:51:24Z,21.30711666666667,-158.23951666666665
2026-02-05T06:51:44Z,21.307133333333333,-158.23954999999998
2026-02-05T06:52:04Z,21.30715,-158.23958333333334
2026-02-05T06:52:24Z,21.307166666666664,-158.23958333333334
2026-02-05T06:52:44Z,21.307183333333334,-158.23961666666668
2026-02-05T06:53:04Z,21.307183333333334,-158.23963333333333
2026-02-05T06:53:24Z,21.307183333333334,-158.23966666666666
2026-02-05T06:53:44Z,21.307216666666665,-158.23971666666665
2026-02-05T06:54:04Z,21.307233333333336,-158.23975000000002
2026-02-05T06:54:24Z,21.307233333333336,-158.23978333333335
2026-02-05T06:54:44Z,21.307233333333336,-158.23978333333335
2026-02-05T06:54:54Z,21.307233333333336,-158.23978333333335
2026-02-05T06:55:04Z,21.30725,-158.23978333333335
2026-02-05T06:55:14Z,21.30725,-158.23978333333335
2026-02-05T10:51:29Z,21.343950000000003,-158.27545
2026-02-05T10:51:39Z,21.343966666666667,-158.27545
2026-02-05T10:51:59Z,21.343966666666667,-158.27545
2026-02-05T10:52:09Z,21.343966666666667,-158.27545
2026-02-05T10:52:19Z,21.343966666666667,-158.27545
2026-02-05T10:52:29Z,21.345733333333335,-158.27236666666667
2026-02-05T10:52:39Z,21.34575,-158.27235000000002
2026-02-05T10:52:49Z,21.34578333333333,-158.27236666666667
2026-02-05T10:53:16Z,21.345833333333335,-158.27235000000002
2026-02-05T10:53:48Z,21.345833333333335,-158.27235000000002
2026-02-05T10:54:08Z,21.345850000000002,-158.27235000000002
2026-02-05T10:54:22Z,21.345883333333337,-158.27235000000002
2026-02-05T10:55:25Z,21.345916666666668,-158.27233333333334
2026-02-05T10:57:44Z,21.346016666666667,-158.27231666666665
2026-02-05T10:58:55Z,21.346049999999998,-158.2723
2026-02-05T11:01:17Z,21.346166666666665,-158.27228333333332
2026-02-05T11:02:20Z,21.3462,-158.27224999999999
2026-02-05T11:04:37Z,21.346299999999996,-158.2722
2026-02-05T11:05:05Z,21.346316666666667,-158.27218333333334
2026-02-05T11:05:25Z,21.346333333333337,-158.27218333333334
2026-02-05T11:05:45Z,21.346349999999997,-158.27216666666666
2026-02-05T11:06:05Z,21.346349999999997,-158.27214999999998
2026-02-05T11:06:25Z,21.34636666666667,-158.27216666666666
2026-02-05T11:06:45Z,21.346383333333332,-158.27214999999998
2026-02-05T11:07:05Z,21.346383333333332,-158.27214999999998
2026-02-05T11:07:25Z,21.346416666666663,-158.27213333333333
2026-02-05T11:07:45Z,21.346433333333334,-158.27213333333333
2026-02-05T11:08:05Z,21.346433333333334,-158.27213333333333
2026-02-05T11:08:25Z,21.346449999999997,-158.27211666666665
2026-02-05T11:08:45Z,21.346449999999997,-158.27211666666665
2026-02-05T11:09:05Z,21.346466666666668,-158.2721
2026-02-05T11:09:25Z,21.346483333333335,-158.2721
2026-02-05T11:09:45Z,21.3465,-158.2721
2026-02-05T11:09:56Z,21.3465,-158.2721
2026-02-05T11:10:16Z,21.3465,-158.2721
2026-02-05T11:10:26Z,21.3465,-158.2721
2026-02-05T11:10:36Z,21.3465,-158.27211666666665
2026-02-05T11:10:46Z,21.3465,-158.27211666666665
2026-02-05T11:10:57Z,21.3465,-158.27211666666665
2026-02-05T14:53:30Z,21.37981666666667,-158.30943333333335
2026-02-05T14:53:40Z,21.37981666666667,-158.30943333333335
2026-02-05T14:54:00Z,21.37981666666667,-158.30943333333335
2026-02-05T14:54:10Z,21.37981666666667,-158.30943333333335
2026-02-05T14:54:20Z,21.37981666666667,-158.30943333333335
2026-02-05T14:54:30Z,21.37981666666667,-158.30943333333335
2026-02-05T14:54:40Z,21.371883333333336,-158.3075333333333
2026-02-05T14:54:50Z,21.371899999999997,-158.30745
2026-02-05T14:55:00Z,21.371899999999997,-158.30735
2026-02-05T14:55:25Z,21.371850000000002,-158.30731666666668
2026-02-05T14:55:57Z,21.371850000000002,-158.30731666666668
2026-02-05T14:56:16Z,21.37183333333333,-158.3073
2026-02-05T14:57:19Z,21.37175,-158.30723333333333
2026-02-05T14:58:47Z,21.371633333333328,-158.30713333333333
2026-02-05T15:01:35Z,21.371449999999996,-158.30695
2026-02-05T15:03:57Z,21.371299999999998,-158.30683333333334
2026-02-05T15:04:17Z,21.371283333333334,-158.30683333333334
2026-02-05T15:05:20Z,21.371233333333333,-158.30681666666666
2026-02-05T15:07:39Z,21.371116666666662,-158.3067
2026-02-05T15:10:03Z,21.37091666666667,-158.3066333333333
2026-02-05T15:10:23Z,21.3709,-158.30661666666668
2026-02-05T15:10:43Z,21.370883333333335,-158.30661666666668
2026-02-05T15:11:03Z,21.370866666666664,-158.3066
2026-02-05T15:11:23Z,21.370850000000004,-158.3066
2026-02-05T15:11:43Z,21.370833333333334,-158.3066
2026-02-05T15:12:03Z,21.3708,-158.3066
2026-02-05T15:12:23Z,21.37076666666667,-158.30658333333335
2026-02-05T15:12:43Z,21.370749999999997,-158.30658333333335
2026-02-05T15:13:03Z,21.370716666666667,-158.30658333333335
2026-02-05T15:13:23Z,21.370700000000003,-158.30656666666667
2026-02-05T15:13:43Z,21.370683333333332,-158.30655
2026-02-05T15:14:03Z,21.37065,-158.30655
2026-02-05T15:14:24Z,21.37063333333333,-158.30653333333333
2026-02-05T15:14:44Z,21.3706,-158.30655
2026-02-05T15:15:04Z,21.370583333333336,-158.30653333333333
2026-02-05T15:15:24Z,21.370566666666665,-158.30653333333333
2026-02-05T15:15:44Z,21.37055,-158.30651666666665
2026-02-05T15:16:04Z,21.37051666666667,-158.30651666666665
2026-02-05T15:16:24Z,21.3705,-158.30651666666665
2026-02-05T15:16:44Z,21.37048333333333,-158.30653333333333
2026-02-05T15:17:04Z,21.370449999999998,-158.30648333333332
2026-02-05T15:17:24Z,21.370433333333335,-158.30648333333332
2026-02-05T15:17:32Z,21.370433333333335,-158.30648333333332
2026-02-05T15:17:42Z,21.370433333333335,-158.30648333333332
2026-02-05T15:17:52Z,21.370433333333335,-158.30648333333332
2026-02-05T15:18:02Z,21.370433333333335,-158.30648333333332
2026-02-05T19:37:19Z,21.407233333333338,-158.32386666666667
2026-02-05T19:37:29Z,21.407233333333338,-158.32386666666667
2026-02-05T19:37:49Z,21.407233333333338,-158.32386666666667
2026-02-05T19:37:59Z,21.407233333333338,-158.32386666666667
2026-02-05T19:38:09Z,21.410416666666666,-158.32108333333332
2026-02-05T19:38:19Z,21.41045,-158.32108333333332
2026-02-05T19:38:29Z,21.410533333333333,-158.32108333333332
2026-02-05T19:38:55Z,21.41061666666667,-158.3211
2026-02-05T19:39:22Z,21.410666666666664,-158.32111666666665
2026-02-05T19:39:42Z,21.410683333333335,-158.32113333333334
2026-02-05T19:40:00Z,21.41073333333333,-158.32115000000002
2026-02-05T19:41:03Z,21.41091666666667,-158.3212
2026-02-05T19:43:27Z,21.41133333333333,-158.32136666666665
2026-02-05T19:44:38Z,21.411516666666664,-158.32146666666668
2026-02-05T19:47:00Z,21.4119,-158.32163333333335
2026-02-05T19:47:14Z,21.41195,-158.32165
2026-02-05T19:47:34Z,21.41195,-158.32165
2026-02-05T19:47:44Z,21.41195,-158.32165
2026-02-05T19:47:54Z,21.41195,-158.32165
2026-02-05T19:48:04Z,21.41195,-158.32165
2026-02-05T19:48:14Z,21.41195,-158.32165
2026-02-06T00:00:16Z,21.37875,-158.29586666666668
2026-02-06T00:00:26Z,21.37875,-158.29586666666668
2026-02-06T00:00:46Z,21.37875,-158.29586666666668
2026-02-06T00:00:56Z,21.37875,-158.29586666666668
2026-02-06T00:01:06Z,21.37875,-158.29586666666668
2026-02-06T00:01:16Z,21.38923333333333,-158.30173333333332
2026-02-06T00:01:26Z,21.38926666666667,-158.30176666666665
2026-02-06T00:01:36Z,21.389333333333337,-158.3017
2026-02-06T00:02:09Z,21.389416666666662,-158.30166666666668
2026-02-06T00:02:40Z,21.389433333333333,-158.30166666666668
2026-02-06T00:03:02Z,21.389483333333335,-158.30163333333334
2026-02-06T00:04:05Z,21.389616666666665,-158.30158333333333
2026-02-06T00:06:26Z,21.38996666666667,-158.30148333333332
2026-02-06T00:07:37Z,21.390116666666668,-158.30143333333334
2026-02-06T00:09:53Z,21.390499999999996,-158.30131666666665
2026-02-06T00:10:19Z,21.390516666666667,-158.30131666666665
2026-02-06T00:10:39Z,21.39055,-158.3013
2026-02-06T00:10:59Z,21.39055,-158.3013
2026-02-06T00:11:09Z,21.39056666666667,-158.3013
2026-02-06T00:11:19Z,21.39056666666667,-158.30131666666665
2026-02-06T00:11:29Z,21.39056666666667,-158.30131666666665
2026-02-06T00:11:39Z,21.390583333333332,-158.30131666666665
2026-02-06T04:30:01Z,21.366383333333335,-158.28363333333334
2026-02-06T04:30:11Z,21.366383333333335,-158.28363333333334
2026-02-06T04:30:31Z,21.366383333333335,-158.28363333333334
2026-02-06T04:30:41Z,21.366383333333335,-158.28363333333334
2026-02-06T04:30:51Z,21.366383333333335,-158.28363333333334
2026-02-06T04:31:01Z,21.3543,-158.27741666666668
2026-02-06T04:31:11Z,21.354316666666666,-158.27751666666666
2026-02-06T04:31:21Z,21.354333333333336,-158.27746666666664
2026-02-06T04:31:48Z,21.35435,-158.27745000000002
2026-02-06T04:32:21Z,21.35436666666667,-158.27745000000002
2026-02-06T04:32:41Z,21.35436666666667,-158.27745000000002
2026-02-06T04:33:44Z,21.354400000000002,-158.27743333333333
2026-02-06T04:36:31Z,21.354499999999998,-158.2774
2026-02-06T04:38:50Z,21.354566666666663,-158.27731666666665
2026-02-06T04:40:01Z,21.354599999999998,-158.27731666666665
2026-02-06T04:42:20Z,21.35466666666667,-158.27728333333334
2026-02-06T04:42:40Z,21.35466666666667,-158.27728333333334
2026-02-06T04:42:50Z,21.35466666666667,-158.27728333333334
2026-02-06T04:43:00Z,21.35466666666667,-158.27728333333334
2026-02-06T04:43:10Z,21.35466666666667,-158.27728333333334
2026-02-06T04:43:20Z,21.35466666666667,-158.27728333333334
2026-02-06T09:03:33Z,21.319699999999997,-158.25153333333336
2026-02-06T09:03:43Z,21.319699999999997,-158.25153333333336
2026-02-06T09:04:03Z,21.319699999999997,-158.25153333333336
2026-02-06T09:04:13Z,21.319699999999997,-158.25153333333336
2026-02-06T09:04:23Z,21.319699999999997,-158.25153333333336
2026-02-06T09:04:33Z,21.319699999999997,-158.25153333333336
2026-02-06T09:04:43Z,21.319699999999997,-158.25153333333336
2026-02-06T09:04:53Z,21.319699999999997,-158.25153333333336
2026-02-06T09:05:03Z,21.327833333333334,-158.25835
2026-02-06T09:05:13Z,21.327833333333334,-158.25843333333333
2026-02-06T09:05:23Z,21.327849999999998,-158.25848333333334
2026-02-06T09:05:54Z,21.32786666666667,-158.25851666666668
2026-02-06T09:06:21Z,21.32786666666667,-158.25853333333333
2026-02-06T09:06:41Z,21.32788333333333,-158.25858333333332
2026-02-06T09:07:01Z,21.32788333333333,-158.25861666666665
2026-02-06T09:08:05Z,21.32791666666667,-158.25875
2026-02-06T09:10:27Z,21.328016666666667,-158.25906666666666
2026-02-06T09:11:37Z,21.32805,-158.2592
2026-02-06T09:14:48Z,21.328166666666668,-158.25958333333335
2026-02-06T09:17:13Z,21.328266666666664,-158.2599
2026-02-06T09:17:34Z,21.328283333333335,-158.25993333333332
2026-02-06T09:17:54Z,21.328283333333335,-158.25993333333332
2026-02-06T09:18:04Z,21.3283,-158.25993333333332
2026-02-06T09:18:14Z,21.3283,-158.25993333333332
2026-02-06T09:18:24Z,21.3283,-158.25995
2026-02-06T13:34:25Z,21.36541666666667,-158.29828333333336
2026-02-06T13:34:35Z,21.36541666666667,-158.29829999999998
2026-02-06T13:34:55Z,21.36541666666667,-158.29829999999998
2026-02-06T13:35:05Z,21.36541666666667,-158.29829999999998
2026-02-06T13:35:15Z,21.36541666666667,-158.29829999999998
2026-02-06T13:35:25Z,21.36541666666667,-158.29829999999998
2026-02-06T13:35:35Z,21.35913333333333,-158.2952
2026-02-06T13:35:45Z,21.35913333333333,-158.2951833333333
2026-02-06T13:35:54Z,21.359083333333334,-158.2951833333333
2026-02-06T13:36:27Z,21.359033333333333,-158.2951833333333
2026-02-06T13:36:54Z,21.35901666666667,-158.2951833333333
2026-02-06T13:37:16Z,21.358983333333338,-158.2951833333333
2026-02-06T13:38:19Z,21.358900000000002,-158.2952
2026-02-06T13:40:38Z,21.358633333333334,-158.29516666666666
2026-02-06T13:41:49Z,21.35856666666667,-158.2951833333333
2026-02-06T13:45:00Z,21.3583,-158.2952
2026-02-06T13:47:22Z,21.358116666666668,-158.29515
2026-02-06T13:48:33Z,21.35801666666667,-158.29513333333335
2026-02-06T13:50:49Z,21.35771666666667,-158.29506666666666
2026-02-06T13:52:22Z,21.357616666666665,-158.29505
2026-02-06T13:53:22Z,21.35755,-158.29503333333332
2026-02-06T13:54:22Z,21.357466666666664,-158.29501666666664
2026-02-06T13:55:22Z,21.357366666666667,-158.29500000000002
2026-02-06T13:56:23Z,21.35725,-158.29495
2026-02-06T13:58:03Z,21.35725,-158.29495
2026-02-06T13:58:13Z,21.35725,-158.29495
2026-02-06T13:58:23Z,21.35725,-158.29496666666668
2026-02-06T13:58:33Z,21.35725,-158.29496666666668
2026-02-06T18:29:44Z,21.393483333333332,-158.32188333333335
2026-02-06T18:29:54Z,21.393483333333332,-158.32188333333335
2026-02-06T18:30:15Z,21.393483333333332,-158.32188333333335
2026-02-06T18:30:25Z,21.393483333333332,-158.32188333333335
2026-02-06T18:30:35Z,21.393483333333332,-158.32188333333335
2026-02-06T18:30:44Z,21.388416666666664,-158.3170166666667
2026-02-06T18:30:54Z,21.388416666666664,-158.3170166666667
2026-02-06T18:31:04Z,21.388433333333335,-158.31708333333333
2026-02-06T18:31:36Z,21.388466666666666,-158.31711666666666
2026-02-06T18:32:03Z,21.388483333333337,-158.31713333333335
2026-02-06T18:32:43Z,21.3885,-158.31719999999999
2026-02-06T18:32:54Z,21.388516666666668,-158.31721666666667
2026-02-06T18:33:57Z,21.388566666666666,-158.31733333333335
2026-02-06T18:36:18Z,21.388733333333334,-158.31758333333335
2026-02-06T18:37:28Z,21.3888,-158.3177
2026-02-06T18:40:39Z,21.389016666666667,-158.31798333333333
2026-02-06T18:41:55Z,21.38911666666667,-158.31811666666667
2026-02-06T18:43:09Z,21.38923333333333,-158.31823333333332
2026-02-06T18:43:31Z,21.38925,-158.31828333333334
2026-02-06T18:43:47Z,21.38925,-158.3183
2026-02-06T18:44:07Z,21.389300000000002,-158.31835
2026-02-06T18:44:27Z,21.389316666666666,-158.3183666666667
2026-02-06T18:44:47Z,21.389349999999997,-158.3184
2026-02-06T18:45:07Z,21.38938333333333,-158.31841666666665
2026-02-06T18:45:19Z,21.389400000000002,-158.31845
2026-02-06T18:45:39Z,21.389400000000002,-158.31845
2026-02-06T18:45:50Z,21.389400000000002,-158.31845
2026-02-06T18:46:00Z,21.389400000000002,-158.31845
2026-02-06T18:46:10Z,21.38938333333333,-158.31845
2026-02-06T23:17:56Z,21.4109,-158.34113333333335
2026-02-06T23:18:06Z,21.41088333333333,-158.34113333333335
2026-02-06T23:18:26Z,21.41088333333333,-158.34113333333335
2026-02-06T23:18:36Z,21.41088333333333,-158.34113333333335
2026-02-06T23:18:46Z,21.41088333333333,-158.34113333333335
2026-02-06T23:18:56Z,21.41088333333333,-158.34113333333335
2026-02-06T23:19:06Z,21.41088333333333,-158.34113333333335
2026-02-06T23:19:16Z,21.41088333333333,-158.34113333333335
2026-02-06T23:19:26Z,21.41731666666667,-158.34453333333335
2026-02-06T23:19:36Z,21.417216666666665,-158.34446666666665
2026-02-06T23:19:46Z,21.4173,-158.34448333333333
2026-02-06T23:20:12Z,21.417366666666666,-158.3445
2026-02-06T23:20:39Z,21.41743333333333,-158.34453333333335
2026-02-06T23:20:59Z,21.41743333333333,-158.34451666666666
2026-02-06T23:21:22Z,21.417516666666664,-158.34455
2026-02-06T23:22:25Z,21.417650000000002,-158.34461666666667
2026-02-06T23:24:47Z,21.418,-158.34473333333332
2026-02-06T23:25:57Z,21.41815,-158.34478333333334
2026-02-06T23:28:15Z,21.418566666666667,-158.34491666666665
2026-02-06T23:28:54Z,21.418566666666667,-158.34491666666665
2026-02-06T23:29:57Z,21.418699999999998,-158.34496666666666
2026-02-06T23:32:26Z,21.419050000000002,-158.34511666666668
2026-02-06T23:32:46Z,21.419083333333333,-158.34511666666668
2026-02-06T23:33:06Z,21.419133333333335,-158.34511666666668
2026-02-06T23:33:26Z,21.41918333333333,-158.34515000000002
2026-02-06T23:33:46Z,21.419233333333334,-158.34516666666664
2026-02-06T23:34:06Z,21.419266666666665,-158.34516666666664
2026-02-06T23:34:26Z,21.4193,-158.34518333333332
2026-02-06T23:34:46Z,21.419366666666665,-158.34521666666666
2026-02-06T23:35:06Z,21.419400000000003,-158.34523333333334
2026-02-06T23:35:26Z,21.419449999999998,-158.34525
2026-02-06T23:35:46Z,21.419483333333332,-158.34526666666667
2026-02-06T23:36:06Z,21.419516666666663,-158.34528333333336
2026-02-06T23:36:26Z,21.419566666666665,-158.3453
2026-02-06T23:36:50Z,21.41961666666667,-158.34531666666666
2026-02-06T23:37:10Z,21.419699999999995,-158.34535
2026-02-06T23:37:42Z,21.419716666666666,-158.34536666666665
2026-02-06T23:38:02Z,21.41975,-158.34536666666665
2026-02-06T23:38:22Z,21.41978333333333,-158.34538333333333
2026-02-06T23:38:42Z,21.419816666666666,-158.3454
2026-02-06T23:39:02Z,21.419866666666667,-158.34543333333335
2026-02-06T23:39:22Z,21.41991666666667,-158.34543333333335
2026-02-06T23:39:42Z,21.419966666666664,-158.34546666666665
2026-02-06T23:40:02Z,21.419999999999998,-158.34546666666665
2026-02-06T23:40:22Z,21.420033333333336,-158.34548333333333
2026-02-06T23:40:42Z,21.42008333333333,-158.34548333333333
2026-02-06T23:41:02Z,21.420133333333336,-158.3455
2026-02-06T23:41:22Z,21.420149999999996,-158.34551666666667
2026-02-06T23:41:42Z,21.4202,-158.34551666666667
2026-02-06T23:42:02Z,21.420266666666667,-158.34555
2026-02-06T23:42:22Z,21.420299999999997,-158.34556666666668
2026-02-06T23:42:42Z,21.42033333333333,-158.34558333333334
2026-02-06T23:43:02Z,21.420383333333334,-158.34560000000002
2026-02-06T23:43:22Z,21.420416666666664,-158.34561666666664
2026-02-06T23:43:42Z,21.42045,-158.34561666666664
2026-02-06T23:43:55Z,21.42048333333333,-158.34565
2026-02-06T23:44:15Z,21.420550000000002,-158.34568333333334
2026-02-06T23:44:41Z,21.420566666666666,-158.34568333333334
2026-02-06T23:45:01Z,21.420616666666668,-158.3457
2026-02-06T23:45:22Z,21.420650000000002,-158.34571666666668
2026-02-06T23:45:42Z,21.420700000000004,-158.34573333333336
2026-02-06T23:46:02Z,21.420749999999998,-158.34575
2026-02-06T23:46:22Z,21.42076666666667,-158.34578333333332
2026-02-06T23:46:42Z,21.420866666666665,-158.34581666666665
2026-02-06T23:47:12Z,21.420883333333336,-158.34581666666665
2026-02-06T23:47:32Z,21.420916666666667,-158.34583333333333
2026-02-06T23:47:52Z,21.42095,-158.34585
2026-02-06T23:48:12Z,21.421000000000003,-158.34588333333335
2026-02-06T23:48:32Z,21.421033333333337,-158.3459
2026-02-06T23:48:52Z,21.42106666666667,-158.34591666666665
2026-02-06T23:49:12Z,21.421133333333334,-158.34593333333333
2026-02-06T23:49:32Z,21.421133333333334,-158.34595
2026-02-06T23:49:52Z,21.421183333333335,-158.34596666666667
2026-02-06T23:50:12Z,21.42121666666667,-158.34598333333332
2026-02-06T23:50:32Z,21.421266666666664,-158.346
2026-02-06T23:50:52Z,21.421299999999995,-158.34601666666669
2026-02-06T23:51:12Z,21.421333333333337,-158.34603333333334
2026-02-06T23:51:32Z,21.42138333333333,-158.34606666666664
2026-02-06T23:51:52Z,21.421400000000002,-158.34606666666664
2026-02-06T23:52:12Z,21.421433333333333,-158.3461
2026-02-06T23:52:32Z,21.421466666666667,-158.3461
2026-02-06T23:52:55Z,21.421533333333333,-158.34613333333334
2026-02-06T23:53:15Z,21.421550000000003,-158.34613333333334
2026-02-06T23:53:35Z,21.421599999999998,-158.34616666666668
2026-02-06T23:53:55Z,21.4217,-158.34618333333336
2026-02-06T23:54:27Z,21.421733333333336,-158.3462
2026-02-06T23:54:47Z,21.4218,-158.34621666666666
2026-02-06T23:55:13Z,21.421833333333332,-158.34625
2026-02-06T23:55:37Z,21.421850000000003,-158.34625
2026-02-06T23:55:57Z,21.421899999999997,-158.34626666666665
2026-02-06T23:56:17Z,21.42193333333333,-158.34628333333333
2026-02-06T23:56:38Z,21.421983333333333,-158.34631666666667
2026-02-06T23:56:58Z,21.422000000000004,-158.34633333333335
2026-02-06T23:57:18Z,21.42205,-158.34633333333335
2026-02-06T23:57:38Z,21.42211666666667,-158.34636666666665
2026-02-06T23:58:05Z,21.42213333333333,-158.34636666666665
2026-02-06T23:58:25Z,21.422166666666666,-158.34638333333334
2026-02-06T23:58:45Z,21.422216666666667,-158.34641666666667
2026-02-06T23:59:05Z,21.422250000000002,-158.34643333333332
2026-02-06T23:59:25Z,21.422283333333333,-158.34645
2026-02-06T23:59:45Z,21.422316666666667,-158.3464666666667
2026-02-07T00:00:05Z,21.42236666666667,-158.34648333333334
2026-02-07T00:00:25Z,21.4224,-158.34650000000002
2026-02-07T00:00:45Z,21.422416666666663,-158.34651666666664
2026-02-07T00:01:05Z,21.422466666666665,-158.34653333333333
2026-02-07T00:01:25Z,21.4225,-158.34655
2026-02-07T00:01:45Z,21.42253333333333,-158.34656666666666
2026-02-07T00:02:05Z,21.422566666666665,-158.34658333333334
2026-02-07T00:02:16Z,21.422633333333337,-158.34661666666668
2026-02-07T00:02:52Z,21.422666666666668,-158.34663333333336
2026-02-07T00:03:15Z,21.42268333333333,-158.34665
2026-02-07T00:03:35Z,21.422716666666663,-158.34666666666666
2026-02-07T00:03:55Z,21.422749999999997,-158.34666666666666
2026-02-07T00:04:15Z,21.422783333333335,-158.3467
2026-02-07T00:04:35Z,21.42281666666667,-158.34671666666665
2026-02-07T00:04:55Z,21.422866666666664,-158.34671666666665
2026-02-07T00:05:15Z,21.422916666666666,-158.34675000000001
2026-02-07T00:05:35Z,21.422933333333336,-158.34676666666667
2026-02-07T00:05:55Z,21.42296666666667,-158.34678333333335
2026-02-07T00:06:15Z,21.423000000000002,-158.34678333333335
2026-02-07T00:06:35Z,21.423033333333333,-158.3468
2026-02-07T00:06:55Z,21.423083333333338,-158.34681666666665
2026-02-07T00:07:15Z,21.42311666666667,-158.34681666666665
2026-02-07T00:07:35Z,21.423150000000003,-158.34683333333334
2026-02-07T00:07:56Z,21.423166666666663,-158.34685
2026-02-07T00:08:16Z,21.42321666666667,-158.34686666666667
2026-02-07T00:08:36Z,21.42325,-158.34686666666667
2026-02-07T00:08:56Z,21.42326666666667,-158.34688333333332
2026-02-07T00:09:16Z,21.423316666666665,-158.3469
2026-02-07T00:09:36Z,21.423333333333336,-158.3469
2026-02-07T00:09:56Z,21.423366666666666,-158.34693333333334
2026-02-07T00:10:16Z,21.4234,-158.34695
2026-02-07T00:10:36Z,21.42343333333333,-158.34696666666665
2026-02-07T00:10:56Z,21.423450000000003,-158.34696666666665
2026-02-07T00:11:16Z,21.423483333333333,-158.34698333333333
2026-02-07T00:11:36Z,21.423516666666668,-158.347
2026-02-07T00:11:56Z,21.42355,-158.34701666666666
2026-02-07T00:12:16Z,21.423600000000004,-158.34703333333334
2026-02-07T00:12:36Z,21.423616666666664,-158.34705
2026-02-07T00:12:56Z,21.42365,-158.34706666666668
2026-02-07T00:13:16Z,21.42368333333333,-158.34708333333336
2026-02-07T00:13:36Z,21.423716666666664,-158.34709999999998
2026-02-07T00:13:56Z,21.423750000000002,-158.34709999999998
2026-02-07T00:14:16Z,21.423783333333336,-158.34711666666666
2026-02-07T00:14:36Z,21.423816666666667,-158.34715
2026-02-07T00:14:56Z,21.42383333333333,-158.34715
2026-02-07T00:15:16Z,21.42385,-158.34716666666665
2026-02-07T00:15:36Z,21.423883333333333,-158.34718333333333
2026-02-07T00:15:56Z,21.423900000000003,-158.34720000000002
2026-02-07T00:16:16Z,21.423949999999998,-158.34723333333335
2026-02-07T00:16:36Z,21.42396666666667,-158.34723333333335
2026-02-07T00:16:56Z,21.424016666666663,-158.34724999999997
2026-02-07T00:17:16Z,21.424033333333334,-158.34726666666666
2026-02-07T00:17:36Z,21.424066666666665,-158.34728333333334
2026-02-07T00:17:56Z,21.4241,-158.3473
2026-02-07T00:18:16Z,21.42413333333333,-158.34731666666667
2026-02-07T00:18:37Z,21.42415,-158.34733333333332
2026-02-07T00:18:57Z,21.424200000000003,-158.34735
2026-02-07T00:19:17Z,21.424233333333337,-158.34735
2026-02-07T00:19:37Z,21.424249999999997,-158.3473666666667
2026-02-07T00:19:57Z,21.424266666666668,-158.34738333333334
2026-02-07T00:20:17Z,21.424300000000002,-158.3474
2026-02-07T00:20:37Z,21.424333333333333,-158.34741666666665
2026-02-07T00:20:57Z,21.424366666666668,-158.34743333333333
2026-02-07T00:21:17Z,21.424383333333335,-158.34745
2026-02-07T00:21:37Z,21.424433333333333,-158.34748333333334
2026-02-07T00:21:57Z,21.42445,-158.34748333333334
2026-02-07T00:22:17Z,21.424433333333333,-158.34751666666668
2026-02-07T00:22:37Z,21.424466666666664,-158.34751666666668
2026-02-07T00:22:57Z,21.4245,-158.34753333333336
2026-02-07T00:23:17Z,21.424533333333336,-158.34754999999998
2026-02-07T00:23:37Z,21.42456666666667,-158.34756666666667
2026-02-07T00:23:57Z,21.4246,-158.34758333333332
2026-02-07T00:24:17Z,21.4246,-158.34758333333332
2026-02-07T00:25:20Z,21.424699999999998,-158.34766666666667
2026-02-07T00:26:29Z,21.424783333333334,-158.34771666666666
2026-02-07T00:26:49Z,21.424799999999998,-158.34771666666666
2026-02-07T00:27:09Z,21.42483333333333,-158.34773333333334
2026-02-07T00:27:29Z,21.42485,-158.34775
2026-02-07T00:27:49Z,21.42486666666667,-158.34778333333333
2026-02-07T00:28:09Z,21.4249,-158.3478
2026-02-07T00:28:28Z,21.424933333333335,-158.3478
2026-02-07T00:28:48Z,21.424933333333335,-158.3478166666667
2026-02-07T00:29:05Z,21.424966666666666,-158.34783333333334
2026-02-07T00:29:25Z,21.42498333333333,-158.34785
2026-02-07T00:29:45Z,21.42501666666667,-158.34786666666665
2026-02-07T00:30:03Z,21.42503333333333,-158.34788333333333
2026-02-07T00:30:23Z,21.425066666666666,-158.3479
2026-02-07T00:30:43Z,21.425083333333337,-158.34791666666666
2026-02-07T00:31:03Z,21.425116666666668,-158.34793333333334
2026-02-07T00:31:23Z,21.42513333333333,-158.34796666666668
2026-02-07T00:31:43Z,21.42516666666667,-158.34798333333336
2026-02-07T00:32:03Z,21.425216666666664,-158.34803333333332
2026-02-07T00:32:23Z,21.425233333333335,-158.34803333333332
2026-02-07T00:32:43Z,21.42528333333333,-158.34805
2026-02-07T00:33:47Z,21.425333333333334,-158.34810000000002
2026-02-07T00:36:19Z,21.425483333333332,-158.34823333333333
2026-02-07T00:36:39Z,21.425516666666667,-158.34825
2026-02-07T00:36:59Z,21.425533333333338,-158.34825
2026-02-07T00:37:19Z,21.425549999999998,-158.34825
2026-02-07T00:37:39Z,21.42556666666667,-158.3482666666667
2026-02-07T00:37:59Z,21.4256,-158.3482666666667
2026-02-07T00:38:19Z,21.425616666666663,-158.34828333333334
2026-02-07T00:38:39Z,21.425666666666665,-158.3483
2026-02-07T00:38:59Z,21.425683333333335,-158.34831666666665
2026-02-07T00:39:19Z,21.4257,-158.34833333333333
2026-02-07T00:39:39Z,21.42571666666667,-158.34835
2026-02-07T00:39:59Z,21.42573333333333,-158.34835
2026-02-07T00:41:02Z,21.425816666666666,-158.3484
2026-02-07T00:42:09Z,21.42588333333333,-158.34841666666668
2026-02-07T00:43:23Z,21.425933333333333,-158.34848333333332
2026-02-07T00:43:32Z,21.425933333333333,-158.34848333333332
2026-02-07T00:43:52Z,21.425949999999997,-158.3485
2026-02-07T00:44:12Z,21.42598333333334,-158.3485
2026-02-07T00:44:32Z,21.42598333333334,-158.34851666666665
2026-02-07T00:44:52Z,21.426,-158.34855000000002
2026-02-07T00:45:56Z,21.426066666666664,-158.34858333333335
2026-02-07T00:48:24Z,21.4262,-158.3487166666667
2026-02-07T00:48:44Z,21.426216666666665,-158.34873333333334
2026-02-07T00:49:04Z,21.426216666666665,-158.34873333333334
2026-02-07T00:50:05Z,21.426266666666667,-158.3488
2026-02-07T00:50:25Z,21.426266666666667,-158.3488
2026-02-07T00:50:45Z,21.426283333333338,-158.34881666666666
2026-02-07T00:51:05Z,21.4263,-158.34883333333335
2026-02-07T00:51:25Z,21.42631666666667,-158.34885
2026-02-07T00:51:44Z,21.42631666666667,-158.34885
2026-02-07T00:52:04Z,21.42631666666667,-158.34885
2026-02-07T00:52:14Z,21.42631666666667,-158.34885
2026-02-07T00:52:24Z,21.426333333333332,-158.34885
2026-02-07T00:52:34Z,21.426333333333332,-158.34885
2026-02-07T00:52:44Z,21.426333333333332,-158.34886666666668
2026-02-07T04:38:27Z,21.4526,-158.37378333333334
2026-02-07T04:38:37Z,21.4526,-158.37378333333334
2026-02-07T04:38:57Z,21.4526,-158.37378333333334
2026-02-07T04:39:07Z,21.4526,-158.37378333333334
2026-02-07T04:39:17Z,21.4526,-158.37378333333334
2026-02-07T04:39:27Z,21.4526,-158.37378333333334
2026-02-07T04:39:37Z,21.4526,-158.37378333333334
2026-02-07T04:39:46Z,21.448516666666666,-158.3700333333333
2026-02-07T04:39:56Z,21.448600000000003,-158.37005
2026-02-07T04:40:06Z,21.448633333333337,-158.37
2026-02-07T04:40:38Z,21.448716666666662,-158.36993333333334
2026-02-07T04:41:26Z,21.4487,-158.36993333333334
2026-02-07T04:41:46Z,21.448733333333333,-158.3699
2026-02-07T04:41:58Z,21.448733333333333,-158.36986666666664
2026-02-07T04:43:01Z,21.44881666666667,-158.3698
2026-02-07T04:45:19Z,21.448933333333336,-158.36961666666667
2026-02-07T04:45:33Z,21.44895,-158.3695833333333
2026-02-07T04:45:53Z,21.44895,-158.3695833333333
2026-02-07T04:46:03Z,21.44895,-158.3695833333333
2026-02-07T04:46:13Z,21.44895,-158.3695833333333
2026-02-07T04:46:23Z,21.44895,-158.3695833333333
2026-02-07T08:36:59Z,21.471733333333336,-158.39206666666666
2026-02-07T08:37:09Z,21.471749999999997,-158.39206666666666
2026-02-07T08:37:29Z,21.471749999999997,-158.39206666666666
2026-02-07T08:37:39Z,21.471749999999997,-158.39206666666666
2026-02-07T08:37:49Z,21.471749999999997,-158.39206666666666
2026-02-07T08:37:59Z,21.471749999999997,-158.39206666666666
2026-02-07T08:38:09Z,21.475066666666667,-158.39534999999998
2026-02-07T08:38:19Z,21.47511666666667,-158.39533333333333
2026-02-07T08:38:29Z,21.47501666666667,-158.39531666666664
2026-02-07T08:38:54Z,21.475050000000003,-158.39534999999998
2026-02-07T08:39:33Z,21.47513333333333,-158.39530000000002
2026-02-07T08:40:09Z,21.47513333333333,-158.39530000000002
2026-02-07T08:40:33Z,21.47516666666667,-158.39528333333334
2026-02-07T08:41:36Z,21.475266666666666,-158.39525
2026-02-07T08:43:29Z,21.475399999999997,-158.39525
2026-02-07T08:45:48Z,21.475500000000004,-158.39523333333332
2026-02-07T08:46:58Z,21.47558333333333,-158.39525
2026-02-07T08:50:12Z,21.475799999999996,-158.39521666666667
2026-02-07T08:51:35Z,21.47586666666667,-158.3952
2026-02-07T08:51:55Z,21.47586666666667,-158.3952
2026-02-07T08:52:05Z,21.475883333333332,-158.3952
2026-02-07T08:52:15Z,21.475883333333332,-158.3952
2026-02-07T08:52:25Z,21.475883333333332,-158.3952
2026-02-07T08:52:35Z,21.475883333333332,-158.3952
2026-02-07T12:37:59Z,21.50276666666667,-158.4206333333333
2026-02-07T12:38:09Z,21.50276666666667,-158.4206333333333
2026-02-07T12:38:29Z,21.50276666666667,-158.4206333333333
2026-02-07T12:38:39Z,21.50276666666667,-158.4206333333333
2026-02-07T12:38:49Z,21.50276666666667,-158.4206333333333
2026-02-07T12:38:59Z,21.50276666666667,-158.4206333333333
2026-02-07T12:39:09Z,21.508783333333334,-158.42428333333334
2026-02-07T12:39:19Z,21.508766666666663,-158.42430000000002
2026-02-07T12:39:29Z,21.508683333333337,-158.42436666666666
2026-02-07T12:39:54Z,21.5086,-158.42441666666667
2026-02-07T12:40:29Z,21.50858333333333,-158.42443333333333
2026-02-07T12:40:49Z,21.50855,-158.4244666666667
2026-02-07T12:41:00Z,21.508516666666665,-158.4244833333333
2026-02-07T12:42:04Z,21.508399999999998,-158.4246
2026-02-07T12:44:08Z,21.508083333333335,-158.42478333333332
2026-02-07T12:45:59Z,21.507783333333336,-158.42495
2026-02-07T12:48:15Z,21.507466666666666,-158.42518333333334
2026-02-07T12:48:24Z,21.50743333333333,-158.42518333333334
2026-02-07T12:49:15Z,21.5073,-158.42524999999998
2026-02-07T12:49:35Z,21.50725,-158.42526666666666
2026-02-07T12:49:55Z,21.507183333333334,-158.4253
2026-02-07T12:50:15Z,21.507133333333332,-158.42531666666667
2026-02-07T12:50:36Z,21.507066666666667,-158.4253666666667
2026-02-07T12:50:56Z,21.507016666666665,-158.4253666666667
2026-02-07T12:51:16Z,21.50698333333333,-158.4254
2026-02-07T12:51:36Z,21.506916666666665,-158.42541666666665
2026-02-07T12:51:56Z,21.50685,-158.42543333333333
2026-02-07T12:52:16Z,21.5068,-158.42546666666667
2026-02-07T12:53:19Z,21.506649999999997,-158.42551666666668
2026-02-07T12:55:24Z,21.50625,-158.42569999999998
2026-02-07T12:55:44Z,21.506216666666667,-158.42571666666666
2026-02-07T12:56:04Z,21.506166666666665,-158.42576666666668
2026-02-07T12:57:07Z,21.50596666666667,-158.4258166666667
2026-02-07T12:59:02Z,21.505616666666665,-158.42596666666668
2026-02-07T12:59:22Z,21.505583333333334,-158.42598333333333
2026-02-07T12:59:42Z,21.50551666666667,-158.42601666666667
2026-02-07T13:00:02Z,21.505433333333333,-158.42603333333332
2026-02-07T13:00:22Z,21.50538333333333,-158.42606666666669
2026-02-07T13:00:42Z,21.505300000000002,-158.42610000000002
2026-02-07T13:01:02Z,21.505266666666664,-158.42611666666664
2026-02-07T13:01:22Z,21.505183333333335,-158.42614999999998
2026-02-07T13:01:42Z,21.505133333333333,-158.42614999999998
2026-02-07T13:02:02Z,21.505133333333333,-158.42614999999998
2026-02-07T13:02:12Z,21.505150000000004,-158.42616666666666
2026-02-07T13:02:22Z,21.505150000000004,-158.42616666666666
2026-02-07T13:02:32Z,21.505150000000004,-158.42616666666666
2026-02-07T13:02:42Z,21.505166666666664,-158.42616666666666
2026-02-07T17:08:01Z,21.4875,-158.40861666666666
2026-02-07T17:08:11Z,21.4875,-158.40861666666666
2026-02-07T17:08:31Z,21.4875,-158.40861666666666
2026-02-07T17:08:41Z,21.4875,-158.40861666666666
2026-02-07T17:08:51Z,21.4875,-158.40861666666666
2026-02-07T17:09:01Z,21.4732,-158.4055
2026-02-07T17:09:11Z,21.47325,-158.4055
2026-02-07T17:09:21Z,21.473133333333333,-158.4055
2026-02-07T17:09:49Z,21.473049999999997,-158.40553333333335
2026-02-07T17:10:21Z,21.473033333333333,-158.40553333333335
2026-02-07T17:10:41Z,21.47295,-158.40555
2026-02-07T17:11:01Z,21.472866666666665,-158.4055666666667
2026-02-07T17:12:04Z,21.472649999999998,-158.4055833333333
2026-02-07T17:14:10Z,21.472199999999997,-158.40563333333333
2026-02-07T17:16:01Z,21.471733333333336,-158.40561666666665
2026-02-07T17:16:21Z,21.471700000000002,-158.40561666666665
2026-02-07T17:16:41Z,21.47163333333333,-158.40561666666665
2026-02-07T17:17:01Z,21.47155,-158.40561666666665
2026-02-07T17:17:21Z,21.4715,-158.40563333333333
2026-02-07T17:17:41Z,21.471433333333334,-158.40563333333333
2026-02-07T17:18:01Z,21.471349999999997,-158.40566666666666
2026-02-07T17:18:21Z,21.471266666666665,-158.4057
2026-02-07T17:18:41Z,21.47123333333333,-158.4057
2026-02-07T17:19:01Z,21.471166666666665,-158.4057
2026-02-07T17:19:21Z,21.4711,-158.40571666666668
2026-02-07T17:19:41Z,21.471049999999998,-158.40576666666666
2026-02-07T17:20:01Z,21.470983333333333,-158.40578333333332
2026-02-07T17:20:21Z,21.470916666666668,-158.4058
2026-02-07T17:20:41Z,21.470833333333335,-158.40583333333333
2026-02-07T17:21:01Z,21.47078333333333,-158.40583333333333
2026-02-07T17:21:25Z,21.470700000000004,-158.40585000000002
2026-02-07T17:21:45Z,21.47065,-158.40585000000002
2026-02-07T17:21:55Z,21.470633333333332,-158.40585000000002
2026-02-07T17:22:15Z,21.470550000000003,-158.4059
2026-02-07T17:22:35Z,21.4705,-158.4059
2026-02-07T17:22:55Z,21.4704,-158.40591666666666
2026-02-07T17:23:38Z,21.4704,-158.40591666666666
2026-02-07T17:23:48Z,21.4704,-158.40593333333334
2026-02-07T17:23:58Z,21.4704,-158.40593333333334
2026-02-07T17:24:08Z,21.470383333333334,-158.40593333333334
2026-02-07T21:18:22Z,21.445266666666665,-158.38091666666665
2026-02-07T21:18:32Z,21.445266666666665,-158.38091666666665
2026-02-07T21:18:52Z,21.445266666666665,-158.38091666666665
2026-02-07T21:19:02Z,21.445266666666665,-158.38091666666665
2026-02-07T21:19:12Z,21.4505,-158.38343333333333
2026-02-07T21:19:22Z,21.4505,-158.38346666666666
2026-02-07T21:19:32Z,21.45055,-158.38353333333333
2026-02-07T21:19:59Z,21.45058333333333,-158.38361666666665
2026-02-07T21:20:32Z,21.4506,-158.38361666666665
2026-02-07T21:20:52Z,21.450616666666665,-158.38366666666667
2026-02-07T21:21:55Z,21.450683333333338,-158.38385000000002
2026-02-07T21:24:12Z,21.450750000000003,-158.38426666666666
2026-02-07T21:25:23Z,21.450799999999997,-158.38441666666668
2026-02-07T21:28:34Z,21.450916666666664,-158.38496666666666
2026-02-07T21:30:53Z,21.451,-158.38535
2026-02-07T21:31:18Z,21.451,-158.3854
2026-02-07T21:31:38Z,21.451,-158.38546666666667
2026-02-07T21:31:58Z,21.451,-158.38549999999998
2026-02-07T21:32:18Z,21.451016666666668,-158.38558333333333
2026-02-07T21:32:38Z,21.451016666666668,-158.38561666666666
2026-02-07T21:32:58Z,21.451016666666668,-158.38568333333333
2026-02-07T21:33:18Z,21.45103333333333,-158.38578333333334
2026-02-07T21:33:40Z,21.45103333333333,-158.3858
2026-02-07T21:34:00Z,21.451066666666666,-158.38586666666666
2026-02-07T21:34:12Z,21.451066666666666,-158.38588333333334
2026-02-07T21:34:32Z,21.451066666666666,-158.38588333333334
2026-02-07T21:34:42Z,21.451066666666666,-158.38590000000002
2026-02-07T21:34:52Z,21.451066666666666,-158.38590000000002
2026-02-07T21:35:02Z,21.451066666666666,-158.38590000000002
2026-02-07T21:35:12Z,21.451066666666666,-158.38590000000002
2026-02-08T01:26:19Z,21.430033333333334,-158.36265
2026-02-08T01:26:29Z,21.430033333333334,-158.36265
2026-02-08T01:26:49Z,21.430033333333334,-158.36265
2026-02-08T01:26:59Z,21.430033333333334,-158.36265
2026-02-08T01:27:09Z,21.430033333333334,-158.36265
2026-02-08T01:27:19Z,21.430033333333334,-158.36265
2026-02-08T01:27:29Z,21.430033333333334,-158.36265
2026-02-08T01:27:39Z,21.43795,-158.36596666666668
2026-02-08T01:27:49Z,21.437850000000005,-158.36658333333335
2026-02-08T01:27:59Z,21.4379,-158.36676666666665
2026-02-08T01:28:23Z,21.43793333333333,-158.36688333333333
2026-02-08T01:28:56Z,21.43793333333333,-158.3669
2026-02-08T01:29:16Z,21.437966666666664,-158.36698333333334
2026-02-08T01:29:29Z,21.43798333333333,-158.36701666666667
2026-02-08T01:30:33Z,21.438100000000002,-158.3672
2026-02-08T01:32:44Z,21.438316666666665,-158.3676
2026-02-08T01:33:23Z,21.43838333333333,-158.36769999999999
2026-02-08T01:33:43Z,21.438433333333332,-158.36776666666668
2026-02-08T01:34:03Z,21.438499999999998,-158.36794999999998
2026-02-08T01:34:40Z,21.43851666666667,-158.36796666666666
2026-02-08T01:35:43Z,21.438616666666668,-158.36814999999999
2026-02-08T01:38:13Z,21.43883333333333,-158.36861666666667
2026-02-08T01:39:24Z,21.43893333333333,-158.36880000000002
2026-02-08T01:42:35Z,21.439199999999996,-158.36936666666668
2026-02-08T01:42:46Z,21.439199999999996,-158.3694166666667
2026-02-08T01:43:06Z,21.439199999999996,-158.3694166666667
2026-02-08T01:43:16Z,21.439216666666667,-158.3694166666667
2026-02-08T01:43:26Z,21.439216666666667,-158.36943333333332
2026-02-08T01:43:36Z,21.439216666666667,-158.36943333333332
2026-02-08T01:43:46Z,21.43923333333333,-158.36943333333332
2026-02-08T05:38:02Z,21.424349999999997,-158.35163333333333
2026-02-08T05:38:12Z,21.424349999999997,-158.35165
2026-02-08T05:38:32Z,21.424349999999997,-158.35165
2026-02-08T05:38:42Z,21.424349999999997,-158.35165
2026-02-08T05:38:52Z,21.424349999999997,-158.35165
2026-02-08T05:39:02Z,21.424349999999997,-158.35165
2026-02-08T05:39:12Z,21.418233333333333,-158.34876666666665
2026-02-08T05:39:22Z,21.418233333333333,-158.34876666666665
2026-02-08T05:39:32Z,21.41831666666667,-158.34893333333332
2026-02-08T05:39:58Z,21.41831666666667,-158.34893333333332
2026-02-08T05:40:36Z,21.418333333333333,-158.34895
2026-02-08T05:41:16Z,21.41835,-158.34895
2026-02-08T05:42:19Z,21.41835,-158.34896666666666
2026-02-08T05:44:24Z,21.418366666666664,-158.34896666666666
2026-02-08T05:46:18Z,21.418416666666666,-158.34901666666667
2026-02-08T05:48:40Z,21.41848333333333,-158.34903333333332
2026-02-08T05:49:50Z,21.418533333333336,-158.34904999999998
2026-02-08T05:52:07Z,21.418633333333332,-158.34908333333334
2026-02-08T05:52:36Z,21.41861666666667,-158.34906666666666
2026-02-08T05:53:40Z,21.418650000000003,-158.34906666666666
2026-02-08T05:55:11Z,21.41871666666667,-158.34906666666666
2026-02-08T05:55:31Z,21.41871666666667,-158.34904999999998
2026-02-08T05:55:51Z,21.41873333333333,-158.34903333333332
2026-02-08T05:56:54Z,21.418783333333334,-158.34903333333332
2026-02-08T05:58:21Z,21.41885,-158.34901666666667
2026-02-08T05:58:41Z,21.418866666666666,-158.34901666666667
2026-02-08T05:58:54Z,21.4189,-158.34900000000002
2026-02-08T05:59:14Z,21.4189,-158.34900000000002
2026-02-08T05:59:34Z,21.41891666666667,-158.34898333333334
2026-02-08T05:59:54Z,21.41893333333333,-158.34898333333334
2026-02-08T06:00:14Z,21.418950000000002,-158.34896666666666
2026-02-08T06:00:34Z,21.418983333333337,-158.34896666666666
2026-02-08T06:00:54Z,21.418999999999997,-158.34896666666666
2026-02-08T06:01:15Z,21.419016666666668,-158.34896666666666
2026-02-08T06:04:23Z,21.41916666666667,-158.34891666666667
2026-02-08T06:04:43Z,21.41918333333333,-158.34891666666667
2026-02-08T06:05:03Z,21.41918333333333,-158.34891666666667
2026-02-08T06:05:13Z,21.41918333333333,-158.34891666666667
2026-02-08T06:05:33Z,21.4192,-158.3489
2026-02-08T06:05:53Z,21.419216666666664,-158.3489
2026-02-08T06:06:13Z,21.419233333333334,-158.3489
2026-02-08T06:06:33Z,21.419266666666665,-158.3489
2026-02-08T06:06:53Z,21.419266666666665,-158.34888333333336
2026-02-08T06:07:13Z,21.419283333333336,-158.34888333333336
2026-02-08T06:07:33Z,21.4193,-158.34888333333336
2026-02-08T06:07:53Z,21.41933333333333,-158.34886666666668
2026-02-08T06:08:04Z,21.41933333333333,-158.34886666666668
2026-02-08T06:08:24Z,21.41935,-158.34886666666668
2026-02-08T06:08:44Z,21.419383333333332,-158.34885
2026-02-08T06:09:04Z,21.419400000000003,-158.34885
2026-02-08T06:09:24Z,21.419433333333338,-158.34885
2026-02-08T06:09:44Z,21.419433333333338,-158.34885
2026-02-08T06:10:04Z,21.419449999999998,-158.34885
2026-02-08T06:10:21Z,21.41946666666667,-158.34885
2026-02-08T06:10:41Z,21.419483333333332,-158.34883333333335
2026-02-08T06:11:01Z,21.419500000000003,-158.34881666666666
2026-02-08T06:11:22Z,21.419533333333334,-158.34883333333335
2026-02-08T06:11:42Z,21.419533333333334,-158.34881666666666
2026-02-08T06:12:02Z,21.419566666666665,-158.34883333333335
2026-02-08T06:12:13Z,21.419566666666665,-158.34883333333335
2026-02-08T06:12:33Z,21.419566666666665,-158.34883333333335
2026-02-08T06:12:43Z,21.419566666666665,-158.34883333333335
2026-02-08T06:12:53Z,21.419566666666665,-158.34883333333335
2026-02-08T06:13:03Z,21.419566666666665,-158.34883333333335
2026-02-08T10:07:08Z,21.3993,-158.3273
2026-02-08T10:07:18Z,21.3993,-158.3273
2026-02-08T10:07:38Z,21.3993,-158.3273
2026-02-08T10:07:48Z,21.3993,-158.3273
2026-02-08T10:07:58Z,21.3993,-158.3273
2026-02-08T10:08:08Z,21.3993,-158.3273
2026-02-08T10:08:18Z,21.40495,-158.33061666666666
2026-02-08T10:08:27Z,21.404983333333334,-158.33056666666667
2026-02-08T10:08:37Z,21.4051,-158.33066666666667
2026-02-08T10:09:04Z,21.405199999999997,-158.33075
2026-02-08T10:09:31Z,21.405216666666668,-158.33076666666665
2026-02-08T10:09:51Z,21.405333333333335,-158.33086666666668
2026-02-08T10:10:11Z,21.40536666666667,-158.33088333333333
2026-02-08T10:10:26Z,21.405433333333335,-158.33089999999999
2026-02-08T10:10:46Z,21.4055,-158.33096666666668
2026-02-08T10:11:49Z,21.405749999999998,-158.3311666666667
2026-02-08T10:14:07Z,21.406333333333336,-158.3316166666667
2026-02-08T10:16:24Z,21.406983333333333,-158.33215
2026-02-08T10:16:54Z,21.407033333333334,-158.3322
2026-02-08T10:17:14Z,21.407066666666665,-158.33225
2026-02-08T10:17:34Z,21.40715,-158.3323
2026-02-08T10:17:46Z,21.407199999999996,-158.33231666666669
2026-02-08T10:18:06Z,21.407199999999996,-158.33231666666669
2026-02-08T10:18:16Z,21.407199999999996,-158.33233333333334
2026-02-08T10:18:26Z,21.407199999999996,-158.33233333333334
2026-02-08T10:18:36Z,21.407216666666667,-158.33235000000002
2026-02-08T14:10:31Z,21.391216666666665,-158.3181
2026-02-08T14:10:41Z,21.391216666666665,-158.3181
2026-02-08T14:11:01Z,21.391216666666665,-158.3181
2026-02-08T14:11:11Z,21.391216666666665,-158.3181
2026-02-08T14:11:21Z,21.391216666666665,-158.3181
2026-02-08T14:11:31Z,21.391216666666665,-158.3181
2026-02-08T14:11:41Z,21.39538333333333,-158.32053333333334
2026-02-08T14:11:51Z,21.395400000000002,-158.32055
2026-02-08T14:12:01Z,21.395500000000002,-158.32053333333334
2026-02-08T14:12:26Z,21.395566666666664,-158.32053333333334
2026-02-08T14:12:57Z,21.395583333333335,-158.32053333333334
2026-02-08T14:13:20Z,21.39563333333333,-158.32055
2026-02-08T14:13:31Z,21.39565,-158.32055
2026-02-08T14:14:34Z,21.39578333333333,-158.32058333333333
2026-02-08T14:16:53Z,21.3961,-158.32065
2026-02-08T14:18:04Z,21.396250000000002,-158.32068333333333
2026-02-08T14:21:15Z,21.396616666666667,-158.32076666666666
2026-02-08T14:23:36Z,21.396916666666666,-158.32083333333333
2026-02-08T14:23:56Z,21.39695,-158.32085
2026-02-08T14:24:16Z,21.39695,-158.32085
2026-02-08T14:24:26Z,21.39695,-158.32085
2026-02-08T14:24:36Z,21.39696666666667,-158.32086666666666
2026-02-08T14:24:46Z,21.39696666666667,-158.32086666666666
2026-02-08T14:24:56Z,21.39698333333333,-158.32086666666666
2026-02-08T21:16:42Z,21.37833333333333,-158.3019
2026-02-08T21:16:52Z,21.37833333333333,-158.30191666666667
2026-02-08T21:17:02Z,21.37835,-158.30191666666667
2026-02-08T21:17:22Z,21.37835,-158.30191666666667
2026-02-08T21:17:32Z,21.37835,-158.30191666666667
2026-02-08T21:17:42Z,21.37835,-158.30191666666667
2026-02-08T21:17:52Z,21.37835,-158.30191666666667
2026-02-08T21:18:02Z,21.37835,-158.30191666666667
2026-02-08T21:18:12Z,21.365099999999998,-158.29166666666666
2026-02-08T21:18:21Z,21.365083333333338,-158.29166666666666
2026-02-08T21:18:31Z,21.365183333333334,-158.2917833333333
2026-02-08T21:19:05Z,21.3653,-158.29188333333335
2026-02-08T21:19:41Z,21.3653,-158.2919
2026-02-08T21:20:00Z,21.365349999999996,-158.29196666666667
2026-02-08T21:21:03Z,21.365516666666668,-158.29211666666666
2026-02-08T21:22:56Z,21.365766666666666,-158.29245
2026-02-08T21:25:47Z,21.366233333333337,-158.29288333333335
2026-02-08T21:28:05Z,21.366600000000002,-158.29321666666667
2026-02-08T21:29:15Z,21.366750000000003,-158.29335
2026-02-08T21:32:27Z,21.367183333333333,-158.2938166666667
2026-02-08T21:32:46Z,21.367233333333335,-158.29386666666667
2026-02-08T21:33:06Z,21.36728333333333,-158.29393333333334
2026-02-08T21:33:26Z,21.36733333333333,-158.29398333333333
2026-02-08T21:33:46Z,21.367399999999996,-158.29406666666668
2026-02-08T21:34:07Z,21.367416666666667,-158.29410000000001
2026-02-08T21:34:27Z,21.36746666666666,-158.29415
2026-02-08T21:34:47Z,21.367500000000003,-158.2942
2026-02-08T21:35:00Z,21.367549999999998,-158.29423333333335
2026-02-08T21:35:20Z,21.367616666666663,-158.2943
2026-02-08T21:35:40Z,21.367650000000005,-158.29435
2026-02-08T21:36:00Z,21.367766666666665,-158.29446666666666
2026-02-08T21:36:24Z,21.367766666666665,-158.29446666666666
2026-02-08T21:36:44Z,21.367816666666666,-158.29451666666668
2026-02-08T21:38:40Z,21.368099999999995,-158.29481666666666
2026-02-08T21:39:00Z,21.36816666666667,-158.29491666666667
2026-02-08T21:39:20Z,21.36818333333333,-158.29493333333332
2026-02-08T21:39:40Z,21.368233333333333,-158.29498333333333
2026-02-08T21:40:00Z,21.368299999999998,-158.29505
2026-02-08T21:41:03Z,21.368433333333336,-158.29521666666668
2026-02-08T21:43:26Z,21.368816666666664,-158.29565
2026-02-08T21:43:56Z,21.368816666666664,-158.29566666666668
2026-02-08T21:44:16Z,21.36888333333333,-158.29573333333335
2026-02-08T21:45:19Z,21.36905,-158.29588333333334
2026-02-08T21:47:12Z,21.369366666666664,-158.29620000000003
2026-02-08T21:47:32Z,21.369400000000002,-158.29623333333333
2026-02-08T21:47:52Z,21.369449999999997,-158.29626666666667
2026-02-08T21:48:12Z,21.369516666666662,-158.29633333333334
2026-02-08T21:48:32Z,21.369566666666667,-158.29638333333332
2026-02-08T21:48:52Z,21.36961666666667,-158.29645
2026-02-08T21:49:12Z,21.36965,-158.29648333333336
2026-02-08T21:49:32Z,21.369716666666665,-158.29656666666668
2026-02-08T21:49:52Z,21.36975,-158.29658333333333
2026-02-08T21:50:12Z,21.3698,-158.29661666666667
2026-02-08T21:50:32Z,21.369849999999996,-158.29666666666665
2026-02-08T21:50:53Z,21.369883333333338,-158.29673333333332
2026-02-08T21:51:13Z,21.36991666666667,-158.29680000000002
2026-02-08T21:51:33Z,21.369966666666663,-158.29685
2026-02-08T21:51:46Z,21.370083333333334,-158.29693333333336
2026-02-08T21:52:22Z,21.3701,-158.29694999999998
2026-02-08T21:52:42Z,21.370133333333335,-158.297
2026-02-08T21:53:02Z,21.3702,-158.29705
2026-02-08T21:53:22Z,21.370250000000002,-158.29708333333335
2026-02-08T21:53:42Z,21.370283333333337,-158.29713333333333
2026-02-08T21:54:02Z,21.37035,-158.29716666666667
2026-02-08T21:54:22Z,21.370416666666664,-158.29721666666669
2026-02-08T21:54:42Z,21.370416666666664,-158.29721666666669
2026-02-08T21:54:52Z,21.370416666666664,-158.29721666666669
2026-02-08T21:55:02Z,21.370416666666664,-158.29721666666669
2026-02-08T21:55:12Z,21.370416666666664,-158.29721666666669
2026-02-09T04:21:11Z,21.338183333333337,-158.26695
2026-02-09T04:21:21Z,21.338183333333337,-158.26695
2026-02-09T04:21:41Z,21.338183333333337,-158.26695
2026-02-09T04:21:51Z,21.338183333333337,-158.26695
2026-02-09T04:22:01Z,21.338183333333337,-158.26695
2026-02-09T04:22:11Z,21.338183333333337,-158.26695
2026-02-09T04:22:21Z,21.338183333333337,-158.26695
2026-02-09T04:22:31Z,21.338183333333337,-158.26695
2026-02-09T04:22:41Z,21.34865,-158.26653333333334
2026-02-09T04:22:51Z,21.348666666666666,-158.26653333333334
2026-02-09T04:23:01Z,21.3487,-158.26658333333336
2026-02-09T04:23:25Z,21.348766666666666,-158.26663333333332
2026-02-09T04:24:11Z,21.348783333333337,-158.26661666666666
2026-02-09T04:24:33Z,21.348816666666668,-158.26666666666668
2026-02-09T04:24:53Z,21.34883333333333,-158.26666666666668
2026-02-09T04:25:56Z,21.348933333333335,-158.26673333333335
2026-02-09T04:27:45Z,21.3491,-158.26685
2026-02-09T04:28:48Z,21.349216666666667,-158.2669
2026-02-09T04:31:10Z,21.34945,-158.26706666666666
2026-02-09T04:31:29Z,21.349466666666665,-158.26706666666666
2026-02-09T04:31:49Z,21.349466666666665,-158.26706666666666
2026-02-09T04:31:59Z,21.349483333333335,-158.26708333333332
2026-02-09T04:32:09Z,21.349483333333335,-158.26708333333332
2026-02-09T04:32:19Z,21.349483333333335,-158.26706666666666
2026-02-09T04:32:29Z,21.349499999999995,-158.26706666666666
2026-02-09T08:59:02Z,21.323433333333334,-158.24798333333334
2026-02-09T08:59:12Z,21.323433333333334,-158.248
2026-02-09T08:59:32Z,21.323433333333334,-158.248
2026-02-09T08:59:42Z,21.323433333333334,-158.248
2026-02-09T08:59:52Z,21.323433333333334,-158.248
2026-02-09T09:00:02Z,21.323433333333334,-158.248
2026-02-09T09:00:12Z,21.323433333333334,-158.248
2026-02-09T09:00:22Z,21.323433333333334,-158.248
2026-02-09T09:00:31Z,21.319466666666667,-158.24818333333332
2026-02-09T09:00:41Z,21.31935,-158.24843333333334
2026-02-09T09:00:51Z,21.319433333333336,-158.24855
2026-02-09T09:01:24Z,21.319599999999998,-158.24848333333333
2026-02-09T09:01:59Z,21.31961666666667,-158.24848333333333
2026-02-09T09:02:19Z,21.319650000000003,-158.24853333333334
2026-02-09T09:03:22Z,21.319849999999995,-158.24866666666668
2026-02-09T09:05:40Z,21.320266666666665,-158.249
2026-02-09T09:06:51Z,21.32046666666667,-158.24916666666667
2026-02-09T09:09:10Z,21.320933333333333,-158.24945
2026-02-09T09:09:30Z,21.320933333333333,-158.24945
2026-02-09T09:09:40Z,21.32095,-158.24945
2026-02-09T09:09:50Z,21.32095,-158.24945
2026-02-09T09:10:00Z,21.32095,-158.24945
2026-02-09T13:37:14Z,21.2936,-158.22451666666666
2026-02-09T13:37:24Z,21.2936,-158.22451666666666
2026-02-09T13:37:44Z,21.2936,-158.22451666666666
2026-02-09T13:37:54Z,21.2936,-158.22451666666666
2026-02-09T13:38:04Z,21.2936,-158.22451666666666
2026-02-09T13:38:14Z,21.2936,-158.22451666666666
2026-02-09T13:38:24Z,21.2936,-158.22451666666666
2026-02-09T13:38:34Z,21.2936,-158.22451666666666
2026-02-09T13:38:44Z,21.294766666666668,-158.22674999999998
2026-02-09T13:38:54Z,21.294800000000002,-158.22678333333334
2026-02-09T13:39:04Z,21.294866666666667,-158.22686666666667
2026-02-09T13:39:35Z,21.294966666666664,-158.22696666666667
2026-02-09T13:40:09Z,21.294983333333334,-158.22696666666667
2026-02-09T13:40:30Z,21.295016666666665,-158.227
2026-02-09T13:41:33Z,21.295166666666667,-158.22711666666666
2026-02-09T13:42:51Z,21.295400000000004,-158.22725
2026-02-09T13:43:20Z,21.295416666666664,-158.22726666666668
2026-02-09T13:44:23Z,21.295566666666666,-158.22733333333332
2026-02-09T13:46:48Z,21.29593333333333,-158.22755
2026-02-09T13:47:59Z,21.29606666666667,-158.22764999999998
2026-02-09T13:50:18Z,21.29635,-158.22786666666667
2026-02-09T13:50:38Z,21.29635,-158.22786666666667
2026-02-09T13:50:48Z,21.29635,-158.22786666666667
2026-02-09T13:50:58Z,21.29635,-158.22786666666667
2026-02-09T13:51:08Z,21.296366666666668,-158.22786666666667
2026-02-09T13:51:18Z,21.296366666666668,-158.22786666666667
2026-02-09T18:22:04Z,21.27038333333333,-158.20591666666667
2026-02-09T18:22:14Z,21.270400000000002,-158.20593333333332
2026-02-09T18:22:34Z,21.270400000000002,-158.20593333333332
2026-02-09T18:22:44Z,21.270400000000002,-158.20593333333332
2026-02-09T18:22:54Z,21.270400000000002,-158.20593333333332
2026-02-09T18:23:04Z,21.270400000000002,-158.20593333333332
2026-02-09T18:23:14Z,21.270400000000002,-158.20593333333332
2026-02-09T18:23:24Z,21.270400000000002,-158.20593333333332
2026-02-09T18:23:34Z,21.262166666666666,-158.20221666666666
2026-02-09T18:23:44Z,21.26221666666667,-158.20226666666667
2026-02-09T18:23:54Z,21.26223333333333,-158.20236666666668
2026-02-09T18:24:20Z,21.262299999999996,-158.2024
2026-02-09T18:24:52Z,21.262299999999996,-158.20241666666666
2026-02-09T18:25:14Z,21.26233333333333,-158.20243333333335
2026-02-09T18:25:34Z,21.26236666666667,-158.20248333333333
2026-02-09T18:25:48Z,21.262400000000003,-158.20253333333332
2026-02-09T18:26:08Z,21.262400000000003,-158.20253333333332
2026-02-09T18:26:18Z,21.262400000000003,-158.20253333333332
2026-02-09T18:26:28Z,21.262400000000003,-158.20253333333332
2026-02-09T18:26:38Z,21.262400000000003,-158.20253333333332
2026-02-09T20:21:29Z,21.23706666666667,-158.1868
2026-02-09T20:21:39Z,21.23706666666667,-158.18678333333335
2026-02-09T20:21:49Z,21.23706666666667,-158.1868
2026-02-09T20:22:09Z,21.23706666666667,-158.1868
2026-02-09T20:22:19Z,21.23706666666667,-158.1868
2026-02-09T20:22:29Z,21.237583333333337,-158.19003333333333
2026-02-09T20:22:39Z,21.237583333333337,-158.19003333333333
2026-02-09T20:22:49Z,21.23766666666667,-158.1901
2026-02-09T20:23:16Z,21.237733333333335,-158.1902
2026-02-09T20:23:46Z,21.23776666666667,-158.19025000000002
2026-02-09T20:24:06Z,21.2378,-158.19031666666666
2026-02-09T20:25:09Z,21.237983333333332,-158.19043333333332
2026-02-09T20:27:31Z,21.238366666666668,-158.1907
2026-02-09T20:27:50Z,21.238366666666668,-158.19073333333333
2026-02-09T20:28:53Z,21.23851666666667,-158.19088333333332
2026-02-09T20:32:04Z,21.238983333333334,-158.19138333333333
2026-02-09T20:34:27Z,21.239333333333335,-158.19173333333336
2026-02-09T20:35:38Z,21.23945,-158.19191666666666
2026-02-09T20:37:57Z,21.239700000000003,-158.19226666666665
2026-02-09T20:38:17Z,21.239700000000003,-158.19226666666665
2026-02-09T20:38:27Z,21.239700000000003,-158.19226666666665
2026-02-09T20:38:37Z,21.239700000000003,-158.19228333333334
2026-02-09T20:38:47Z,21.239700000000003,-158.19228333333334
2026-02-09T22:31:27Z,21.22528333333333,-158.1692
2026-02-09T22:31:37Z,21.22528333333333,-158.16921666666667
2026-02-09T22:31:47Z,21.22528333333333,-158.16921666666667
2026-02-09T22:32:07Z,21.22528333333333,-158.16921666666667
2026-02-09T22:32:17Z,21.22528333333333,-158.16921666666667
2026-02-09T22:32:27Z,21.22528333333333,-158.16921666666667
2026-02-09T22:32:37Z,21.22528333333333,-158.16921666666667
2026-02-09T22:32:47Z,21.22703333333333,-158.16913333333332
2026-02-09T22:32:57Z,21.227083333333333,-158.16918333333334
2026-02-09T22:33:07Z,21.227183333333333,-158.1692833333333
2026-02-09T22:33:37Z,21.227250000000005,-158.16936666666666
2026-02-09T22:34:11Z,21.227266666666665,-158.16941666666668
2026-02-09T22:34:31Z,21.2273,-158.16946666666666
2026-02-09T22:34:51Z,21.22731666666667,-158.1695
2026-02-09T22:35:02Z,21.22733333333333,-158.16955000000002
2026-02-09T22:35:14Z,21.227383333333332,-158.16955000000002
2026-02-09T22:35:34Z,21.227383333333332,-158.16955000000002
2026-02-09T22:35:44Z,21.227383333333332,-158.16955000000002
2026-02-09T22:35:55Z,21.227383333333332,-158.16955000000002
2026-02-09T22:36:05Z,21.227383333333332,-158.16955000000002
2026-02-09T22:36:15Z,21.227383333333332,-158.16956666666667
2026-02-10T00:29:44Z,21.252416666666665,-158.19115
2026-02-10T00:29:54Z,21.252416666666665,-158.19115
2026-02-10T00:30:04Z,21.252416666666665,-158.19115
2026-02-10T00:30:24Z,21.252416666666665,-158.19115
2026-02-10T00:30:34Z,21.252416666666665,-158.19115
2026-02-10T00:30:44Z,21.252416666666665,-158.19115
2026-02-10T00:30:54Z,21.252416666666665,-158.19115
2026-02-10T00:31:04Z,21.252416666666665,-158.19115
2026-02-10T00:31:14Z,21.253850000000003,-158.18798333333334
2026-02-10T00:31:24Z,21.253850000000003,-158.18801666666667
2026-02-10T00:31:34Z,21.25391666666667,-158.18808333333334
2026-02-10T00:32:05Z,21.25395,-158.1882
2026-02-10T00:32:32Z,21.25395,-158.18821666666665
2026-02-10T00:32:52Z,21.253983333333334,-158.18826666666666
2026-02-10T00:33:03Z,21.253999999999998,-158.1883
2026-02-10T00:33:23Z,21.253999999999998,-158.1883
2026-02-10T00:33:33Z,21.253999999999998,-158.1883
2026-02-10T00:33:43Z,21.253999999999998,-158.1883
2026-02-10T00:33:54Z,21.253999999999998,-158.1883
2026-02-10T00:34:04Z,21.254016666666665,-158.1883
2026-02-10T02:26:40Z,21.27775,-158.21054999999998
2026-02-10T02:26:50Z,21.27775,-158.21054999999998
2026-02-10T02:27:10Z,21.27775,-158.21054999999998
2026-02-10T02:27:20Z,21.27775,-158.21054999999998
2026-02-10T02:27:30Z,21.27775,-158.21054999999998
2026-02-10T02:27:40Z,21.27573333333333,-158.2102
2026-02-10T02:27:50Z,21.275750000000002,-158.21023333333332
2026-02-10T02:28:00Z,21.275799999999997,-158.21034999999998
2026-02-10T02:28:27Z,21.275833333333335,-158.21045
2026-02-10T02:29:04Z,21.275833333333335,-158.2104666666667
2026-02-10T02:29:24Z,21.27585,-158.21053333333333
2026-02-10T02:29:38Z,21.27586666666667,-158.21058333333335
2026-02-10T02:29:58Z,21.27586666666667,-158.21058333333335
2026-02-10T02:30:08Z,21.27586666666667,-158.21058333333335
2026-02-10T02:30:18Z,21.27586666666667,-158.21058333333335
2026-02-10T02:30:28Z,21.275883333333333,-158.21058333333335
2026-02-10T02:30:38Z,21.275883333333333,-158.21056666666667
2026-02-10T04:23:46Z,21.29915,-158.23086666666669
2026-02-10T04:23:56Z,21.29915,-158.23086666666669
2026-02-10T04:24:06Z,21.29708333333333,-158.22911666666667
2026-02-10T04:24:16Z,21.29705,-158.22911666666667
2026-02-10T04:24:26Z,21.29708333333333,-158.22915
2026-02-10T04:24:54Z,21.297183333333336,-158.22935
2026-02-10T04:25:38Z,21.297183333333336,-158.22936666666666
2026-02-10T04:25:58Z,21.297199999999997,-158.22941666666665
2026-02-10T04:26:09Z,21.297216666666667,-158.22943333333333
2026-02-10T04:26:29Z,21.297216666666667,-158.22943333333333
2026-02-10T04:26:39Z,21.297216666666667,-158.22941666666665
2026-02-10T04:26:49Z,21.297216666666667,-158.22941666666665
2026-02-10T04:26:59Z,21.297216666666667,-158.22941666666665
2026-02-10T04:27:09Z,21.297199999999997,-158.22941666666665
2026-02-10T06:20:40Z,21.318283333333337,-158.24748333333335
2026-02-10T06:20:50Z,21.318283333333337,-158.24748333333335
2026-02-10T06:21:00Z,21.318283333333337,-158.24748333333335
2026-02-10T06:21:10Z,21.31801666666667,-158.2471
2026-02-10T06:21:20Z,21.318050000000003,-158.24715
2026-02-10T06:21:30Z,21.318133333333336,-158.24723333333336
2026-02-10T06:22:00Z,21.318216666666665,-158.2473
2026-02-10T06:22:31Z,21.318233333333335,-158.24731666666668
2026-02-10T06:23:13Z,21.31833333333333,-158.24738333333335
2026-02-10T06:24:15Z,21.31846666666667,-158.2475
2026-02-10T06:26:15Z,21.318716666666667,-158.24773333333331
2026-02-10T06:27:45Z,21.31891666666667,-158.24795
2026-02-10T06:28:05Z,21.318966666666665,-158.248
2026-02-10T06:28:25Z,21.319116666666666,-158.24813333333336
2026-02-10T06:29:04Z,21.319116666666666,-158.24811666666668
2026-02-10T06:29:24Z,21.31918333333333,-158.24818333333332
2026-02-10T06:30:27Z,21.3193,-158.24831666666665
2026-02-10T06:33:34Z,21.31976666666667,-158.24865
2026-02-10T06:36:28Z,21.32018333333333,-158.24904999999998
2026-02-10T06:38:57Z,21.320533333333334,-158.24941666666666
2026-02-10T06:41:58Z,21.320883333333335,-158.2497666666667
2026-02-10T06:42:44Z,21.320983333333334,-158.24985
2026-02-10T06:44:26Z,21.321183333333337,-158.25003333333333
2026-02-10T06:44:46Z,21.321233333333332,-158.25008333333332
2026-02-10T06:45:06Z,21.321266666666663,-158.25011666666666
2026-02-10T06:45:26Z,21.321299999999997,-158.25015
2026-02-10T06:45:46Z,21.321333333333335,-158.2502
2026-02-10T06:46:06Z,21.32136666666667,-158.2502166666667
2026-02-10T06:46:26Z,21.3214,-158.25025
2026-02-10T06:46:46Z,21.321449999999995,-158.25028333333333
2026-02-10T06:47:06Z,21.32151666666667,-158.25035
2026-02-10T06:47:25Z,21.32153333333333,-158.25035
2026-02-10T06:47:45Z,21.32153333333333,-158.25035
2026-02-10T06:47:55Z,21.32153333333333,-158.25035
2026-02-10T06:48:05Z,21.32153333333333,-158.25035
2026-02-10T06:48:15Z,21.32153333333333,-158.25035
2026-02-10T06:48:25Z,21.32153333333333,-158.25033333333334
2026-02-10T08:42:57Z,21.34243333333333,-158.26783333333333
2026-02-10T08:43:07Z,21.34243333333333,-158.26783333333333
2026-02-10T08:43:17Z,21.34243333333333,-158.26783333333333
2026-02-10T08:43:27Z,21.34243333333333,-158.26783333333333
2026-02-10T08:43:37Z,21.34243333333333,-158.26783333333333
2026-02-10T08:43:47Z,21.34243333333333,-158.26783333333333
2026-02-10T08:43:57Z,21.34243333333333,-158.26783333333333
2026-02-10T08:44:07Z,21.34391666666667,-158.26971666666668
2026-02-10T08:44:17Z,21.343933333333332,-158.26971666666668
2026-02-10T08:44:27Z,21.344033333333332,-158.26981666666669
2026-02-10T08:44:54Z,21.344100000000005,-158.26986666666664
2026-02-10T08:45:17Z,21.344100000000005,-158.26988333333333
2026-02-10T08:45:37Z,21.34415,-158.26991666666666
2026-02-10T08:46:40Z,21.34433333333333,-158.27003333333332
2026-02-10T08:49:02Z,21.344733333333338,-158.27031666666664
2026-02-10T08:49:21Z,21.34476666666667,-158.27033333333333
2026-02-10T08:49:41Z,21.34476666666667,-158.27033333333333
2026-02-10T08:49:51Z,21.34476666666667,-158.27033333333333
2026-02-10T08:50:01Z,21.34476666666667,-158.27033333333333
2026-02-10T08:50:11Z,21.34476666666667,-158.27033333333333
2026-02-10T10:43:55Z,21.366383333333335,-158.291
2026-02-10T10:44:05Z,21.366383333333335,-158.291
2026-02-10T10:44:25Z,21.366383333333335,-158.291
2026-02-10T10:44:35Z,21.366383333333335,-158.291
2026-02-10T10:44:45Z,21.366383333333335,-158.291
2026-02-10T10:44:55Z,21.366383333333335,-158.291
2026-02-10T10:45:05Z,21.367683333333336,-158.292
2026-02-10T10:45:15Z,21.36771666666667,-158.29201666666668
2026-02-10T10:45:25Z,21.367800000000003,-158.29211666666666
2026-02-10T10:46:08Z,21.367900000000002,-158.29223333333331
2026-02-10T10:46:27Z,21.367916666666662,-158.29223333333331
2026-02-10T10:46:47Z,21.367966666666668,-158.2923
2026-02-10T10:47:09Z,21.36805,-158.29235
2026-02-10T10:47:20Z,21.368066666666664,-158.29238333333333
2026-02-10T10:48:23Z,21.368233333333333,-158.29256666666666
2026-02-10T10:50:42Z,21.36863333333333,-158.29296666666667
2026-02-10T10:51:53Z,21.368800000000004,-158.29313333333332
2026-02-10T10:54:12Z,21.369183333333332,-158.29350000000002
2026-02-10T10:54:32Z,21.369183333333332,-158.29350000000002
2026-02-10T10:54:42Z,21.369183333333332,-158.29350000000002
2026-02-10T10:54:52Z,21.369183333333332,-158.29350000000002
2026-02-10T10:55:02Z,21.369183333333332,-158.29350000000002
2026-02-10T12:48:45Z,21.389583333333334,-158.31758333333335
2026-02-10T12:49:05Z,21.389583333333334,-158.31758333333335
2026-02-10T12:49:15Z,21.389583333333334,-158.31758333333335
2026-02-10T12:49:25Z,21.390966666666667,-158.31761666666668
2026-02-10T12:49:35Z,21.391000000000002,-158.31765
2026-02-10T12:49:45Z,21.391099999999998,-158.3177
2026-02-10T12:50:09Z,21.391166666666663,-158.31778333333332
2026-02-10T12:50:32Z,21.391166666666663,-158.31779999999998
2026-02-10T12:50:52Z,21.39125,-158.31788333333333
2026-02-10T12:51:31Z,21.391350000000003,-158.318
2026-02-10T12:51:42Z,21.391399999999997,-158.31801666666667
2026-02-10T12:51:53Z,21.391416666666668,-158.31806666666668
2026-02-10T12:52:13Z,21.391416666666668,-158.31806666666668
2026-02-10T12:52:23Z,21.391416666666668,-158.31806666666668
2026-02-10T12:52:33Z,21.391416666666668,-158.31806666666668
2026-02-10T12:52:43Z,21.391416666666668,-158.31806666666668
2026-02-10T12:52:53Z,21.39143333333333,-158.31806666666668
2026-02-10T14:45:05Z,21.369950000000003,-158.3023
2026-02-10T14:45:15Z,21.369950000000003,-158.3023
2026-02-10T14:45:45Z,21.369950000000003,-158.3023
2026-02-10T14:45:55Z,21.369950000000003,-158.3023
2026-02-10T14:46:05Z,21.372216666666667,-158.30290000000002
2026-02-10T14:46:15Z,21.372283333333332,-158.30294999999998
2026-02-10T14:46:25Z,21.37238333333333,-158.303
2026-02-10T14:46:52Z,21.372483333333335,-158.30308333333332
2026-02-10T14:47:12Z,21.3725,-158.3031
2026-02-10T14:47:32Z,21.372583333333335,-158.30313333333334
2026-02-10T14:47:53Z,21.37265,-158.30316666666667
2026-02-10T14:48:04Z,21.37268333333333,-158.30319999999998
2026-02-10T14:48:23Z,21.372749999999996,-158.30321666666666
2026-02-10T14:48:42Z,21.37281666666667,-158.30328333333333
2026-02-10T14:49:34Z,21.37296666666667,-158.30339999999998
2026-02-10T14:50:37Z,21.373183333333333,-158.30355
2026-02-10T14:53:01Z,21.37368333333333,-158.30391666666668
2026-02-10T14:53:19Z,21.373716666666663,-158.30393333333333
2026-02-10T14:53:39Z,21.373716666666663,-158.30393333333333
2026-02-10T14:53:49Z,21.373716666666663,-158.30393333333333
2026-02-10T14:53:59Z,21.373733333333334,-158.30395
2026-02-10T14:54:09Z,21.373733333333334,-158.30395
2026-02-10T16:48:31Z,21.40086666666667,-158.32515
2026-02-10T16:48:51Z,21.40086666666667,-158.32515
2026-02-10T16:49:01Z,21.40086666666667,-158.32515
2026-02-10T16:49:11Z,21.40086666666667,-158.32515
2026-02-10T16:49:21Z,21.40086666666667,-158.32515
2026-02-10T16:49:30Z,21.397550000000003,-158.32245
2026-02-10T16:49:41Z,21.397566666666663,-158.32245
2026-02-10T16:49:51Z,21.397616666666668,-158.32245
2026-02-10T16:50:18Z,21.39765,-158.32243333333332
2026-02-10T16:50:58Z,21.397716666666664,-158.32243333333332
2026-02-10T16:51:18Z,21.397766666666666,-158.32243333333332
2026-02-10T16:51:37Z,21.397816666666667,-158.32243333333332
2026-02-10T16:51:48Z,21.39783333333333,-158.32243333333332
2026-02-10T16:51:59Z,21.397850000000002,-158.32246666666666
2026-02-10T16:52:19Z,21.397850000000002,-158.32246666666666
2026-02-10T16:52:29Z,21.397850000000002,-158.32246666666666
2026-02-10T16:52:39Z,21.397850000000002,-158.32245
2026-02-10T16:52:49Z,21.397850000000002,-158.32245
2026-02-10T18:47:11Z,21.374799999999997,-158.3055
2026-02-10T18:47:21Z,21.374799999999997,-158.3055
2026-02-10T18:47:31Z,21.374799999999997,-158.3055
2026-02-10T18:47:51Z,21.374799999999997,-158.3055
2026-02-10T18:48:01Z,21.374799999999997,-158.3055
2026-02-10T18:48:11Z,21.373616666666667,-158.3052833333333
2026-02-10T18:48:21Z,21.373649999999998,-158.30526666666668
2026-02-10T18:48:31Z,21.373733333333334,-158.30521666666667
2026-02-10T18:49:00Z,21.373783333333336,-158.30518333333333
2026-02-10T18:49:21Z,21.3738,-158.30518333333333
2026-02-10T18:49:41Z,21.37383333333333,-158.30515
2026-02-10T18:50:01Z,21.373866666666665,-158.30513333333334
2026-02-10T18:50:12Z,21.373883333333332,-158.3051
2026-02-10T18:50:23Z,21.373883333333332,-158.3051
2026-02-10T18:50:43Z,21.373883333333332,-158.3051
2026-02-10T18:50:53Z,21.373883333333332,-158.3051
2026-02-10T18:51:03Z,21.373883333333332,-158.30508333333333
2026-02-10T18:51:13Z,21.373900000000003,-158.30508333333333
2026-02-10T20:44:00Z,21.397316666666665,-158.32256666666666
2026-02-10T20:44:20Z,21.397316666666665,-158.32256666666666
2026-02-10T20:44:30Z,21.397316666666665,-158.32256666666666
2026-02-10T20:44:40Z,21.39493333333333,-158.321
2026-02-10T20:44:50Z,21.394966666666665,-158.321
2026-02-10T20:45:00Z,21.39505,-158.32090000000002
2026-02-10T20:45:27Z,21.395116666666663,-158.32086666666666
2026-02-10T20:45:50Z,21.395133333333334,-158.32086666666666
2026-02-10T20:46:10Z,21.39518333333333,-158.32081666666667
2026-02-10T20:46:21Z,21.3952,-158.3207833333333
2026-02-10T20:46:32Z,21.395233333333334,-158.32076666666666
2026-02-10T20:47:11Z,21.395316666666666,-158.32066666666665
2026-02-10T20:47:31Z,21.39536666666667,-158.32063333333332
2026-02-10T20:47:51Z,21.395433333333337,-158.3206
2026-02-10T20:48:11Z,21.395466666666668,-158.32053333333334
2026-02-10T20:48:31Z,21.39551666666667,-158.32049999999998
2026-02-10T20:48:51Z,21.395583333333335,-158.32043333333334
2026-02-10T20:49:11Z,21.39561666666667,-158.3204
2026-02-10T20:49:32Z,21.395666666666664,-158.32035
2026-02-10T20:49:52Z,21.395716666666665,-158.32031666666666
2026-02-10T20:50:12Z,21.39575,-158.32028333333335
2026-02-10T20:50:32Z,21.3958,-158.32023333333333
2026-02-10T20:50:52Z,21.395833333333332,-158.32018333333332
2026-02-10T20:51:12Z,21.395899999999997,-158.32013333333333
2026-02-10T20:51:32Z,21.395950000000003,-158.32011666666668
2026-02-10T20:51:52Z,21.395983333333334,-158.32006666666666
2026-02-10T20:52:12Z,21.396033333333335,-158.32001666666665
2026-02-10T20:52:32Z,21.39608333333333,-158.31995
2026-02-10T20:52:52Z,21.396133333333335,-158.31995
2026-02-10T20:53:12Z,21.396183333333337,-158.3198833333333
2026-02-10T20:53:32Z,21.39623333333333,-158.31981666666667
2026-02-10T20:53:52Z,21.396266666666666,-158.31980000000001
2026-02-10T20:54:12Z,21.396316666666667,-158.31975
2026-02-10T20:54:32Z,21.39636666666667,-158.3197166666667
2026-02-10T20:54:52Z,21.396400000000003,-158.31966666666668
2026-02-10T20:55:12Z,21.396466666666665,-158.31963333333334
2026-02-10T20:55:32Z,21.3965,-158.31956666666667
2026-02-10T20:55:52Z,21.396583333333336,-158.31951666666666
2026-02-10T20:56:12Z,21.396599999999996,-158.3195
2026-02-10T20:56:32Z,21.39665,-158.31945
2026-02-10T20:56:52Z,21.396700000000003,-158.3194
2026-02-10T20:57:12Z,21.396749999999997,-158.31935000000001
2026-02-10T20:57:32Z,21.39681666666667,-158.31931666666665
2026-02-10T20:57:52Z,21.396866666666664,-158.3192666666667
2026-02-10T20:58:12Z,21.3969,-158.3192
2026-02-10T20:58:32Z,21.39693333333333,-158.31914999999998
2026-02-10T20:58:52Z,21.39698333333333,-158.31911666666667
2026-02-10T20:59:12Z,21.397033333333336,-158.31910000000002
2026-02-10T20:59:32Z,21.397100000000002,-158.31905
2026-02-10T20:59:52Z,21.397150000000003,-158.3189833333333
2026-02-10T21:00:12Z,21.397199999999998,-158.31896666666668
2026-02-10T21:00:33Z,21.39725,-158.3189
2026-02-10T21:00:53Z,21.397283333333334,-158.31886666666665
2026-02-10T21:01:13Z,21.397333333333336,-158.31883333333332
2026-02-10T21:01:33Z,21.39738333333333,-158.31878333333333
2026-02-10T21:01:53Z,21.397433333333332,-158.31873333333334
2026-02-10T21:02:13Z,21.397483333333337,-158.31869999999998
2026-02-10T21:02:33Z,21.397516666666668,-158.31865000000002
2026-02-10T21:02:53Z,21.397600000000004,-158.31858333333332
2026-02-10T21:03:13Z,21.397600000000004,-158.31856666666667
2026-02-10T21:03:33Z,21.39765,-158.31851666666668
2026-02-10T21:03:53Z,21.397716666666664,-158.3185
2026-02-10T21:04:13Z,21.397749999999995,-158.31845
2026-02-10T21:04:33Z,21.3978,-158.31841666666665
2026-02-10T21:04:53Z,21.397866666666665,-158.31838333333332
2026-02-10T21:05:13Z,21.397916666666667,-158.31833333333333
2026-02-10T21:05:33Z,21.397949999999998,-158.31831666666668
2026-02-10T21:05:53Z,21.397983333333332,-158.31826666666666
2026-02-10T21:06:13Z,21.398049999999998,-158.31823333333332
2026-02-10T21:06:33Z,21.3981,-158.31818333333334
2026-02-10T21:06:53Z,21.39813333333333,-158.31813333333332
2026-02-10T21:07:13Z,21.398166666666665,-158.3180833333333
2026-02-10T21:07:33Z,21.39825,-158.31803333333335
2026-02-10T21:07:53Z,21.398266666666668,-158.31801666666667
2026-02-10T21:08:13Z,21.398316666666666,-158.31795
2026-02-10T21:08:33Z,21.398366666666668,-158.31793333333331
2026-02-10T21:08:53Z,21.39841666666667,-158.31788333333333
2026-02-10T21:09:13Z,21.398450000000004,-158.31783333333334
2026-02-10T21:09:33Z,21.3985,-158.31778333333332
2026-02-10T21:09:53Z,21.39856666666667,-158.31771666666666
2026-02-10T21:10:13Z,21.39858333333333,-158.3177
2026-02-10T21:10:33Z,21.398633333333336,-158.31765
2026-02-10T21:10:53Z,21.3987,-158.31763333333336
2026-02-10T21:11:13Z,21.398733333333332,-158.31758333333335
2026-02-10T21:11:33Z,21.398783333333334,-158.31753333333333
2026-02-10T21:11:54Z,21.39881666666667,-158.3175
2026-02-10T21:12:14Z,21.398883333333334,-158.31743333333333
2026-02-10T21:12:34Z,21.398900000000005,-158.3174
2026-02-10T21:12:54Z,21.39895,-158.31736666666666
2026-02-10T21:13:14Z,21.399,-158.31733333333335
2026-02-10T21:13:34Z,21.399033333333332,-158.31728333333334
2026-02-10T21:13:54Z,21.399083333333337,-158.31725
2026-02-10T21:14:14Z,21.39913333333333,-158.31721666666667
2026-02-10T21:14:34Z,21.399183333333333,-158.31713333333335
2026-02-10T21:14:54Z,21.399216666666668,-158.31711666666666
2026-02-10T21:15:14Z,21.39925,-158.31706666666665
2026-02-10T21:15:34Z,21.3993,-158.3170166666667
2026-02-10T21:15:54Z,21.399349999999995,-158.317
2026-02-10T21:16:14Z,21.399383333333336,-158.31695
2026-02-10T21:16:34Z,21.39943333333333,-158.31691666666666
2026-02-10T21:16:54Z,21.399516666666667,-158.31686666666667
2026-02-10T21:17:14Z,21.399533333333338,-158.31683333333334
2026-02-10T21:17:34Z,21.399583333333332,-158.31678333333332
2026-02-10T21:17:54Z,21.399616666666663,-158.31673333333336
2026-02-10T21:18:14Z,21.399649999999998,-158.3167
2026-02-10T21:18:34Z,21.3997,-158.31666666666666
2026-02-10T21:18:54Z,21.399733333333334,-158.31661666666665
2026-02-10T21:19:14Z,21.399799999999995,-158.3165666666667
2026-02-10T21:19:34Z,21.39983333333333,-158.31653333333333
2026-02-10T21:19:54Z,21.39988333333333,-158.31648333333334
2026-02-10T21:20:14Z,21.399933333333333,-158.31643333333335
2026-02-10T21:20:34Z,21.39998333333333,-158.31641666666667
2026-02-10T21:20:54Z,21.40001666666667,-158.31636666666665
2026-02-10T21:21:14Z,21.400083333333335,-158.31631666666667
2026-02-10T21:21:34Z,21.40013333333333,-158.31628333333336
2026-02-10T21:21:54Z,21.40016666666667,-158.31625
2026-02-10T21:22:14Z,21.4002,-158.31621666666666
2026-02-10T21:22:34Z,21.400249999999996,-158.31618333333333
2026-02-10T21:22:50Z,21.40028333333333,-158.31615
2026-02-10T21:23:10Z,21.400333333333332,-158.3161166666667
2026-02-10T21:23:30Z,21.400366666666667,-158.31606666666667
2026-02-10T21:23:50Z,21.400466666666663,-158.31601666666666
2026-02-10T21:24:12Z,21.400483333333334,-158.31599999999997
2026-02-10T21:24:33Z,21.400516666666665,-158.31596666666667
2026-02-10T21:24:53Z,21.40055,-158.31591666666665
2026-02-10T21:25:13Z,21.4006,-158.31588333333332
2026-02-10T21:25:33Z,21.400650000000002,-158.31584999999998
2026-02-10T21:25:53Z,21.400699999999997,-158.3158
2026-02-10T21:26:13Z,21.40073333333333,-158.31576666666666
2026-02-10T21:26:33Z,21.400799999999997,-158.31571666666665
2026-02-10T21:26:53Z,21.400833333333335,-158.31568333333334
2026-02-10T21:27:13Z,21.400883333333333,-158.31565
2026-02-10T21:27:33Z,21.400916666666664,-158.31561666666667
2026-02-10T21:27:45Z,21.400933333333334,-158.3156
2026-02-10T21:28:05Z,21.400933333333334,-158.3156
2026-02-10T21:28:15Z,21.400933333333334,-158.31558333333334
2026-02-10T21:28:25Z,21.400933333333334,-158.31558333333334
2026-02-10T21:28:35Z,21.400933333333334,-158.31558333333334
2026-02-10T22:25:45Z,21.399,-158.29996666666665
2026-02-10T22:25:55Z,21.399,-158.29995
2026-02-10T22:26:05Z,21.39898333333333,-158.29995
2026-02-10T22:26:25Z,21.39898333333333,-158.29995
2026-02-10T22:26:35Z,21.39898333333333,-158.29995
2026-02-10T22:26:45Z,21.39898333333333,-158.29995
2026-02-10T22:26:55Z,21.39898333333333,-158.29995
2026-02-10T22:27:05Z,21.39943333333333,-158.29823333333334
2026-02-10T22:27:15Z,21.400216666666665,-158.2981166666667
2026-02-10T22:27:25Z,21.400266666666667,-158.29806666666667
2026-02-10T22:27:51Z,21.40031666666666,-158.29803333333334
2026-02-10T22:28:16Z,21.40031666666666,-158.29801666666665
2026-02-10T22:28:37Z,21.400350000000003,-158.29798333333335
2026-02-10T22:28:48Z,21.400383333333334,-158.29796666666667
2026-02-10T22:29:08Z,21.40041666666667,-158.29793333333333
2026-02-10T22:29:28Z,21.40045,-158.2979
2026-02-10T22:29:40Z,21.400500000000005,-158.29788333333332
2026-02-10T22:30:00Z,21.400533333333335,-158.29783333333336
2026-02-10T22:30:11Z,21.40055,-158.29781666666668
2026-02-10T22:30:31Z,21.40055,-158.29781666666668
2026-02-10T22:30:41Z,21.40055,-158.29781666666668
2026-02-10T22:30:51Z,21.40056666666667,-158.2978
2026-02-10T22:31:01Z,21.40056666666667,-158.2978
2026-02-10T22:31:11Z,21.40056666666667,-158.2978
2026-02-10T23:27:15Z,21.397199999999998,-158.28143333333335
2026-02-10T23:27:25Z,21.397199999999998,-158.28141666666667
2026-02-10T23:27:35Z,21.397199999999998,-158.28141666666667
2026-02-10T23:27:55Z,21.397199999999998,-158.28141666666667
2026-02-10T23:28:05Z,21.397199999999998,-158.28141666666667
2026-02-10T23:28:15Z,21.398033333333334,-158.28318333333334
2026-02-10T23:28:25Z,21.398033333333334,-158.28316666666666
2026-02-10T23:28:35Z,21.3981,-158.28315
2026-02-10T23:29:03Z,21.3981,-158.28311666666664
2026-02-10T23:29:25Z,21.39811666666667,-158.28311666666664
2026-02-10T23:29:45Z,21.39813333333333,-158.28308333333334
2026-02-10T23:29:59Z,21.39815,-158.28306666666668
2026-02-10T23:30:19Z,21.39815,-158.28306666666668
2026-02-10T23:30:29Z,21.39815,-158.28306666666668
2026-02-10T23:30:39Z,21.39815,-158.28306666666668
2026-02-10T23:30:49Z,21.398166666666665,-158.28306666666668
2026-02-11T00:26:36Z,21.394999999999996,-158.26918333333333
2026-02-11T00:26:46Z,21.394999999999996,-158.26918333333333
2026-02-11T00:26:56Z,21.394999999999996,-158.26918333333333
2026-02-11T00:27:16Z,21.394999999999996,-158.26918333333333
2026-02-11T00:27:26Z,21.394999999999996,-158.26918333333333
2026-02-11T00:27:36Z,21.394999999999996,-158.26918333333333
2026-02-11T00:27:46Z,21.394999999999996,-158.26918333333333
2026-02-11T00:27:56Z,21.394999999999996,-158.26918333333333
2026-02-11T00:28:06Z,21.395083333333332,-158.26989999999998
2026-02-11T00:28:16Z,21.395100000000003,-158.26988333333333
2026-02-11T00:28:26Z,21.395116666666663,-158.26983333333334
2026-02-11T00:28:59Z,21.395116666666663,-158.26978333333332
2026-02-11T00:29:23Z,21.395133333333334,-158.26978333333332
2026-02-11T00:29:43Z,21.395133333333334,-158.26975
2026-02-11T00:29:54Z,21.395149999999997,-158.26973333333333
2026-02-11T00:30:14Z,21.395149999999997,-158.26973333333333
2026-02-11T00:30:24Z,21.395149999999997,-158.26973333333333
2026-02-11T00:30:34Z,21.395166666666668,-158.26973333333333
2026-02-11T00:30:44Z,21.395166666666668,-158.26971666666668
2026-02-11T01:27:23Z,21.391200000000005,-158.25523333333334
2026-02-11T01:27:33Z,21.391216666666665,-158.25523333333334
2026-02-11T01:27:43Z,21.391216666666665,-158.25521666666666
2026-02-11T01:28:03Z,21.391216666666665,-158.25521666666666
2026-02-11T01:28:13Z,21.391216666666665,-158.25521666666666
2026-02-11T01:28:23Z,21.39186666666667,-158.25543333333331
2026-02-11T01:28:33Z,21.39186666666667,-158.25538333333333
2026-02-11T01:28:43Z,21.39196666666667,-158.2554
2026-02-11T01:29:10Z,21.39201666666667,-158.25543333333331
2026-02-11T01:29:30Z,21.392033333333334,-158.25543333333331
2026-02-11T01:29:50Z,21.392083333333336,-158.25546666666665
2026-02-11T01:30:01Z,21.39213333333333,-158.25546666666665
2026-02-11T01:30:21Z,21.39213333333333,-158.25546666666665
2026-02-11T01:30:31Z,21.39213333333333,-158.25546666666665
2026-02-11T01:30:41Z,21.39213333333333,-158.25546666666665
2026-02-11T01:30:51Z,21.39215,-158.25546666666665
2026-02-11T02:27:45Z,21.38791666666667,-158.24163333333334
2026-02-11T02:27:55Z,21.38791666666667,-158.24163333333334
2026-02-11T02:28:05Z,21.38793333333333,-158.24163333333334
2026-02-11T02:28:15Z,21.38793333333333,-158.24161666666666
2026-02-11T02:28:35Z,21.38793333333333,-158.24161666666666
2026-02-11T02:28:45Z,21.38793333333333,-158.24161666666666
2026-02-11T02:28:55Z,21.387716666666666,-158.24201666666667
2026-02-11T02:29:05Z,21.387733333333337,-158.24201666666667
2026-02-11T02:29:15Z,21.387766666666668,-158.24204999999998
2026-02-11T02:29:42Z,21.38778333333333,-158.24208333333334
2026-02-11T02:30:06Z,21.38778333333333,-158.24208333333334
2026-02-11T02:30:26Z,21.387816666666662,-158.2421
2026-02-11T02:30:38Z,21.387833333333333,-158.24213333333333
2026-02-11T02:30:58Z,21.387833333333333,-158.24213333333333
2026-02-11T02:31:08Z,21.387850000000004,-158.24213333333333
2026-02-11T02:31:18Z,21.387850000000004,-158.24213333333333
2026-02-11T02:31:28Z,21.387850000000004,-158.24213333333333
2026-02-11T02:31:38Z,21.387850000000004,-158.24213333333333
2026-02-11T03:27:59Z,21.383316666666662,-158.22878333333335
2026-02-11T03:28:09Z,21.383316666666662,-158.22878333333335
2026-02-11T03:28:19Z,21.383316666666662,-158.22876666666667
2026-02-11T03:28:39Z,21.383316666666662,-158.22876666666667
2026-02-11T03:28:49Z,21.383316666666662,-158.22876666666667
2026-02-11T03:28:59Z,21.38126666666667,-158.2282
2026-02-11T03:29:09Z,21.38126666666667,-158.22818333333333
2026-02-11T03:29:19Z,21.38126666666667,-158.22816666666668
2026-02-11T03:29:52Z,21.38126666666667,-158.22815
2026-02-11T03:30:01Z,21.381283333333332,-158.22813333333335
2026-02-11T03:30:21Z,21.381316666666667,-158.22813333333335
2026-02-11T03:30:41Z,21.381316666666667,-158.22813333333335
2026-02-11T03:31:01Z,21.381316666666667,-158.22811666666666
2026-02-11T03:31:15Z,21.381316666666667,-158.22811666666666
2026-02-11T03:31:35Z,21.381316666666667,-158.22811666666666
2026-02-11T03:31:45Z,21.381316666666667,-158.22811666666666
2026-02-11T03:31:55Z,21.381300000000003,-158.22811666666666
2026-02-11T03:32:05Z,21.381300000000003,-158.22809999999998
2026-02-11T04:29:41Z,21.377533333333336,-158.21300000000002
2026-02-11T04:29:51Z,21.377533333333336,-158.21298333333334
2026-02-11T04:30:01Z,21.377533333333336,-158.21298333333334
2026-02-11T04:30:21Z,21.377533333333336,-158.21298333333334
2026-02-11T04:30:31Z,21.377533333333336,-158.21298333333334
2026-02-11T04:30:41Z,21.375683333333335,-158.21205
2026-02-11T04:30:51Z,21.3757,-158.21205
2026-02-11T04:31:01Z,21.375666666666667,-158.2119833333333
2026-02-11T04:31:35Z,21.375666666666667,-158.21195
2026-02-11T04:31:55Z,21.375650000000004,-158.21195
2026-02-11T04:32:15Z,21.375650000000004,-158.21191666666667
2026-02-11T04:32:28Z,21.375650000000004,-158.21189999999999
2026-02-11T04:32:48Z,21.375650000000004,-158.21189999999999
2026-02-11T04:32:58Z,21.375633333333333,-158.21189999999999
2026-02-11T04:33:08Z,21.375633333333333,-158.21189999999999
2026-02-11T04:33:18Z,21.375633333333333,-158.21188333333333
2026-02-11T04:33:28Z,21.375616666666662,-158.21188333333333
2026-02-11T05:29:56Z,21.371533333333332,-158.1962
2026-02-11T05:30:06Z,21.371533333333332,-158.1962
2026-02-11T05:30:16Z,21.37151666666667,-158.1962
2026-02-11T05:30:36Z,21.37151666666667,-158.1962
2026-02-11T05:30:46Z,21.37151666666667,-158.1962
2026-02-11T05:30:56Z,21.37151666666667,-158.1962
2026-02-11T05:31:06Z,21.370966666666664,-158.1953
2026-02-11T05:31:16Z,21.37095,-158.19526666666667
2026-02-11T05:31:26Z,21.3709,-158.19515
2026-02-11T05:31:54Z,21.3709,-158.19515
2026-02-11T05:32:14Z,21.3709,-158.19513333333333
2026-02-11T05:32:34Z,21.370883333333335,-158.19515
2026-02-11T05:32:54Z,21.370866666666664,-158.19513333333333
2026-02-11T05:33:14Z,21.370866666666664,-158.19511666666668
2026-02-11T05:33:21Z,21.370850000000004,-158.1951
2026-02-11T05:33:41Z,21.370833333333334,-158.1951
2026-02-11T05:33:48Z,21.370833333333334,-158.19508333333334
2026-02-11T05:33:55Z,21.370833333333334,-158.19508333333334
2026-02-11T05:34:15Z,21.3708,-158.19506666666666
2026-02-11T05:34:35Z,21.370783333333332,-158.19498333333334
2026-02-11T05:35:36Z,21.370749999999997,-158.19496666666666
2026-02-11T05:35:56Z,21.370749999999997,-158.19498333333334
2026-02-11T05:36:15Z,21.370749999999997,-158.19495
2026-02-11T05:36:35Z,21.370733333333337,-158.19493333333332
2026-02-11T05:36:46Z,21.370716666666667,-158.19491666666667
2026-02-11T05:37:06Z,21.370716666666667,-158.19491666666667
2026-02-11T05:37:16Z,21.370716666666667,-158.19491666666667
2026-02-11T05:37:26Z,21.370716666666667,-158.19491666666667
2026-02-11T05:37:36Z,21.370716666666667,-158.19491666666667
2026-02-11T05:37:46Z,21.370716666666667,-158.19491666666667
2026-02-11T05:49:30Z,21.37035,-158.19191666666666
2026-02-11T05:49:40Z,21.37033333333333,-158.19191666666666
2026-02-11T05:49:51Z,21.37033333333333,-158.19191666666666
2026-02-11T05:50:01Z,21.37033333333333,-158.19189999999998
2026-02-11T05:50:21Z,21.37033333333333,-158.19189999999998
2026-02-11T05:50:31Z,21.37033333333333,-158.19189999999998
2026-02-11T05:50:41Z,21.369699999999998,-158.19118333333333
2026-02-11T05:50:51Z,21.369683333333334,-158.19118333333333
2026-02-11T05:51:01Z,21.36965,-158.19116666666665
2026-02-11T05:51:31Z,21.369633333333333,-158.19116666666665
2026-02-11T05:51:51Z,21.369633333333333,-158.19116666666665
2026-02-11T05:52:11Z,21.3696,-158.19115
2026-02-11T05:52:23Z,21.3696,-158.19115
2026-02-11T05:52:43Z,21.3696,-158.19115
2026-02-11T05:52:53Z,21.369583333333335,-158.19113333333334
2026-02-11T05:53:03Z,21.369583333333335,-158.19113333333334
2026-02-11T05:53:13Z,21.369566666666667,-158.1911166666667
2026-02-11T05:53:23Z,21.369566666666667,-158.1911
2026-02-11T06:05:49Z,21.36891666666667,-158.18735
2026-02-11T06:06:09Z,21.36891666666667,-158.18735
2026-02-11T06:06:19Z,21.36891666666667,-158.18735
2026-02-11T06:06:29Z,21.368783333333333,-158.18753333333333
2026-02-11T06:06:39Z,21.368783333333333,-158.18753333333333
2026-02-11T06:06:49Z,21.36876666666667,-158.18753333333333
2026-02-11T06:07:24Z,21.36873333333333,-158.18751666666668
2026-02-11T06:07:42Z,21.368716666666668,-158.18753333333333
2026-02-11T06:08:02Z,21.368716666666668,-158.18753333333333
2026-02-11T06:08:15Z,21.368699999999997,-158.18751666666668
2026-02-11T06:08:35Z,21.368699999999997,-158.18751666666668
2026-02-11T06:08:45Z,21.368699999999997,-158.1875
2026-02-11T06:08:55Z,21.368683333333333,-158.1875
2026-02-11T06:09:05Z,21.368666666666666,-158.18748333333332
2026-02-11T06:21:34Z,21.36801666666667,-158.18386666666666
2026-02-11T06:21:55Z,21.36801666666667,-158.18386666666666
2026-02-11T06:22:05Z,21.36801666666667,-158.18386666666666
2026-02-11T06:22:15Z,21.36818333333333,-158.18398333333334
2026-02-11T06:22:25Z,21.36816666666667,-158.18398333333334
2026-02-11T06:22:35Z,21.36818333333333,-158.18395
2026-02-11T06:23:05Z,21.36816666666667,-158.18391666666668
2026-02-11T06:23:32Z,21.36816666666667,-158.18391666666668
2026-02-11T06:23:52Z,21.36816666666667,-158.1839
2026-02-11T06:24:03Z,21.36816666666667,-158.1839
2026-02-11T06:24:23Z,21.36816666666667,-158.1839
2026-02-11T06:24:33Z,21.36815,-158.1839
2026-02-11T06:24:43Z,21.36815,-158.1838833333333
2026-02-11T06:24:53Z,21.36815,-158.1838833333333
2026-02-11T06:37:08Z,21.367783333333332,-158.18078333333332
2026-02-11T06:37:18Z,21.367766666666665,-158.18076666666667
2026-02-11T06:37:38Z,21.367766666666665,-158.18076666666667
2026-02-11T06:37:48Z,21.367766666666665,-158.18076666666667
2026-02-11T06:37:58Z,21.367983333333335,-158.18071666666668
2026-02-11T06:38:08Z,21.367966666666668,-158.1807
2026-02-11T06:38:18Z,21.367950000000004,-158.18064999999999
2026-02-11T06:38:49Z,21.367933333333333,-158.18063333333333
2026-02-11T06:39:02Z,21.367900000000002,-158.1806
2026-02-11T06:39:22Z,21.367900000000002,-158.1806
2026-02-11T06:39:42Z,21.36788333333333,-158.1805666666667
2026-02-11T06:39:53Z,21.36788333333333,-158.18055
2026-02-11T06:40:13Z,21.36788333333333,-158.18055
2026-02-11T06:40:23Z,21.367866666666668,-158.18055
2026-02-11T06:40:33Z,21.367866666666668,-158.18053333333333
2026-02-11T06:40:43Z,21.367866666666668,-158.18051666666668
2026-02-11T06:53:03Z,21.36728333333333,-158.17706666666666
2026-02-11T06:53:23Z,21.36728333333333,-158.17706666666666
2026-02-11T06:53:34Z,21.36728333333333,-158.17706666666666
2026-02-11T06:53:44Z,21.3673,-158.17701666666665
2026-02-11T06:53:54Z,21.3673,-158.17701666666665
2026-02-11T06:54:04Z,21.36725,-158.17700000000002
2026-02-11T06:54:39Z,21.367233333333335,-158.17698333333334
2026-02-11T06:54:59Z,21.367233333333335,-158.17698333333334
2026-02-11T06:55:19Z,21.367216666666664,-158.1769666666667
2026-02-11T06:55:31Z,21.367216666666664,-158.1769666666667
2026-02-11T06:55:51Z,21.367216666666664,-158.1769666666667
2026-02-11T06:56:01Z,21.367216666666664,-158.1769666666667
2026-02-11T06:56:11Z,21.367216666666664,-158.17695
2026-02-11T06:56:21Z,21.367200000000004,-158.17695
2026-02-11T06:56:31Z,21.367200000000004,-158.17693333333332
2026-02-11T07:08:13Z,21.366750000000003,-158.17395
2026-02-11T07:08:33Z,21.366733333333332,-158.17393333333334
2026-02-11T07:08:43Z,21.366733333333332,-158.17391666666666
2026-02-11T07:09:03Z,21.366733333333332,-158.17391666666666
2026-02-11T07:09:13Z,21.366733333333332,-158.17391666666666
2026-02-11T07:09:23Z,21.366949999999996,-158.17416666666668
2026-02-11T07:09:33Z,21.366949999999996,-158.17416666666668
2026-02-11T07:09:43Z,21.366966666666666,-158.17428333333334
2026-02-11T07:10:14Z,21.366966666666666,-158.17428333333334
2026-02-11T07:10:31Z,21.366949999999996,-158.17428333333334
2026-02-11T07:10:51Z,21.366949999999996,-158.17426666666668
2026-02-11T07:11:04Z,21.366933333333336,-158.17425
2026-02-11T07:11:24Z,21.366933333333336,-158.17425
2026-02-11T07:11:34Z,21.366933333333336,-158.17425
2026-02-11T07:11:44Z,21.366933333333336,-158.17425
2026-02-11T07:11:54Z,21.366933333333336,-158.17423333333332
2026-02-11T07:24:05Z,21.366066666666665,-158.1711
2026-02-11T07:24:15Z,21.366066666666665,-158.1711
2026-02-11T07:24:35Z,21.366066666666665,-158.1711
2026-02-11T07:24:45Z,21.366066666666665,-158.1711
2026-02-11T07:24:55Z,21.366,-158.1710833333333
2026-02-11T07:25:05Z,21.366,-158.1710833333333
2026-02-11T07:25:15Z,21.366033333333334,-158.17101666666667
2026-02-11T07:25:41Z,21.366033333333334,-158.171
2026-02-11T07:25:47Z,21.366033333333334,-158.17098333333334
2026-02-11T07:25:57Z,21.366033333333334,-158.17098333333334
2026-02-11T07:26:04Z,21.366016666666663,-158.17098333333334
2026-02-11T07:26:11Z,21.366016666666663,-158.17098333333334
2026-02-11T07:26:18Z,21.366016666666663,-158.17095
2026-02-11T07:26:29Z,21.366,-158.17095
2026-02-11T07:26:54Z,21.366016666666663,-158.17093333333332
2026-02-11T07:27:14Z,21.366016666666663,-158.17093333333332
2026-02-11T07:27:28Z,21.366,-158.17091666666664
2026-02-11T07:27:48Z,21.366,-158.17091666666664
2026-02-11T07:27:58Z,21.36598333333333,-158.17091666666664
2026-02-11T07:28:08Z,21.36598333333333,-158.17090000000002
2026-02-11T07:28:18Z,21.36598333333333,-158.17090000000002
2026-02-11T07:28:28Z,21.36598333333333,-158.17088333333334
2026-02-11T07:40:29Z,21.364733333333334,-158.16798333333332
2026-02-11T07:40:49Z,21.364716666666663,-158.16796666666667
2026-02-11T07:41:09Z,21.364716666666663,-158.16796666666667
2026-02-11T07:41:19Z,21.364716666666663,-158.16796666666667
2026-02-11T07:41:29Z,21.364683333333332,-158.16785
2026-02-11T07:41:39Z,21.364700000000003,-158.16783333333333
2026-02-11T07:41:49Z,21.364683333333332,-158.16783333333333
2026-02-11T07:42:20Z,21.364700000000003,-158.16783333333333
2026-02-11T07:42:39Z,21.364700000000003,-158.16785
2026-02-11T07:42:59Z,21.364683333333332,-158.16783333333333
2026-02-11T07:43:10Z,21.364683333333332,-158.16783333333333
2026-02-11T07:43:30Z,21.364683333333332,-158.16783333333333
2026-02-11T07:43:40Z,21.364683333333332,-158.16783333333333
2026-02-11T07:43:50Z,21.364683333333332,-158.16783333333333
2026-02-11T07:44:00Z,21.36466666666667,-158.16781666666665
2026-02-11T07:56:18Z,21.363016666666667,-158.16655
2026-02-11T07:56:28Z,21.363000000000003,-158.16653333333335
2026-02-11T07:56:38Z,21.363000000000003,-158.16653333333335
2026-02-11T07:56:48Z,21.363000000000003,-158.16653333333335
2026-02-11T07:57:08Z,21.363000000000003,-158.16653333333335
2026-02-11T07:57:18Z,21.363000000000003,-158.16653333333335
2026-02-11T07:57:28Z,21.36296666666666,-158.1666
2026-02-11T07:57:38Z,21.36296666666666,-158.1666
2026-02-11T07:57:48Z,21.36295,-158.16656666666668
2026-02-11T07:58:21Z,21.36293333333333,-158.16656666666668
2026-02-11T07:58:44Z,21.36293333333333,-158.16656666666668
2026-02-11T07:59:04Z,21.362916666666667,-158.16655
2026-02-11T07:59:15Z,21.362916666666667,-158.16655
2026-02-11T07:59:35Z,21.362916666666667,-158.16655
2026-02-11T07:59:45Z,21.362916666666667,-158.16655
2026-02-11T07:59:55Z,21.362916666666667,-158.16655
2026-02-11T08:00:05Z,21.362916666666667,-158.16653333333335
2026-02-11T08:12:30Z,21.363716666666665,-158.16668333333334
2026-02-11T08:12:40Z,21.363716666666665,-158.16668333333334
2026-02-11T08:12:50Z,21.3637,-158.16668333333334
2026-02-11T08:13:10Z,21.3637,-158.16668333333334
2026-02-11T08:13:20Z,21.3637,-158.16668333333334
2026-02-11T08:13:30Z,21.363833333333332,-158.16670000000002
2026-02-11T08:13:40Z,21.363833333333332,-158.16670000000002
2026-02-11T08:13:50Z,21.363866666666663,-158.16668333333334
2026-02-11T08:14:25Z,21.363850000000003,-158.16668333333334
2026-02-11T08:14:46Z,21.363850000000003,-158.16668333333334
2026-02-11T08:15:06Z,21.363850000000003,-158.16668333333334
2026-02-11T08:15:19Z,21.363850000000003,-158.16666666666666
2026-02-11T08:15:39Z,21.363850000000003,-158.16666666666666
2026-02-11T08:15:49Z,21.363850000000003,-158.16666666666666
2026-02-11T08:15:59Z,21.363833333333332,-158.16665
2026-02-11T08:16:09Z,21.363833333333332,-158.16665
2026-02-11T08:16:19Z,21.363833333333332,-158.16663333333332
2026-02-11T08:28:25Z,21.363983333333334,-158.16596666666666
2026-02-11T08:28:35Z,21.363983333333334,-158.16595
2026-02-11T08:28:45Z,21.363983333333334,-158.16595
2026-02-11T08:29:05Z,21.363983333333334,-158.16595
2026-02-11T08:29:15Z,21.363983333333334,-158.16595
2026-02-11T08:29:25Z,21.363983333333334,-158.16595
2026-02-11T08:29:35Z,21.364066666666666,-158.16613333333333
2026-02-11T08:29:45Z,21.36405,-158.16613333333333
2026-02-11T08:29:55Z,21.36405,-158.16611666666668
2026-02-11T08:30:22Z,21.364033333333335,-158.16611666666668
2026-02-11T08:30:56Z,21.364033333333335,-158.16611666666668
2026-02-11T08:31:16Z,21.364033333333335,-158.16611666666668
2026-02-11T08:31:27Z,21.364033333333335,-158.1661
2026-02-11T08:31:47Z,21.364033333333335,-158.1661
2026-02-11T08:31:57Z,21.364016666666664,-158.1661
2026-02-11T08:32:07Z,21.364016666666664,-158.16608333333335
2026-02-11T08:32:17Z,21.364016666666664,-158.16608333333335
2026-02-11T08:32:27Z,21.364016666666664,-158.16608333333335
2026-02-11T08:44:41Z,21.36351666666667,-158.16625000000002
2026-02-11T08:44:51Z,21.363533333333333,-158.16623333333334
2026-02-11T08:45:11Z,21.363533333333333,-158.16623333333334
2026-02-11T08:45:21Z,21.363533333333333,-158.16623333333334
2026-02-11T08:45:31Z,21.363599999999998,-158.16625000000002
2026-02-11T08:45:41Z,21.363599999999998,-158.16623333333334
2026-02-11T08:45:51Z,21.363599999999998,-158.16623333333334
2026-02-11T08:46:18Z,21.363583333333334,-158.16621666666666
2026-02-11T08:46:38Z,21.363583333333334,-158.1662
2026-02-11T08:46:58Z,21.363583333333334,-158.1662
2026-02-11T08:47:09Z,21.363583333333334,-158.1662
2026-02-11T08:47:29Z,21.363583333333334,-158.1662
2026-02-11T08:47:39Z,21.363583333333334,-158.16618333333332
2026-02-11T08:47:49Z,21.363583333333334,-158.16618333333332
2026-02-11T08:47:59Z,21.363583333333334,-158.16618333333332
2026-02-11T08:48:09Z,21.363583333333334,-158.16618333333332
2026-02-11T09:00:46Z,21.36338333333333,-158.16618333333332
2026-02-11T09:01:06Z,21.36338333333333,-158.16618333333332
2026-02-11T09:01:16Z,21.36338333333333,-158.16618333333332
2026-02-11T09:01:26Z,21.363400000000002,-158.1661
2026-02-11T09:01:36Z,21.363400000000002,-158.16608333333335
2026-02-11T09:01:46Z,21.36338333333333,-158.16608333333335
2026-02-11T09:02:14Z,21.36335,-158.16608333333335
2026-02-11T09:02:54Z,21.36335,-158.1661
2026-02-11T09:03:14Z,21.363333333333337,-158.16608333333335
2026-02-11T09:03:28Z,21.363333333333337,-158.16611666666668
2026-02-11T09:03:48Z,21.363333333333337,-158.16611666666668
2026-02-11T09:03:58Z,21.363333333333337,-158.16611666666668
2026-02-11T09:04:08Z,21.363333333333337,-158.1661
2026-02-11T09:04:18Z,21.363333333333337,-158.1661
2026-02-11T09:04:28Z,21.363333333333337,-158.16608333333335
2026-02-11T09:16:34Z,21.363150000000005,-158.16606666666667
2026-02-11T09:16:44Z,21.363150000000005,-158.16606666666667
2026-02-11T09:16:54Z,21.363150000000005,-158.16604999999998
2026-02-11T09:17:14Z,21.363150000000005,-158.16604999999998
2026-02-11T09:17:24Z,21.363150000000005,-158.16604999999998
2026-02-11T09:17:34Z,21.363049999999998,-158.16631666666666
2026-02-11T09:17:44Z,21.363049999999998,-158.16631666666666
2026-02-11T09:17:54Z,21.36306666666667,-158.1663333333333
2026-02-11T09:18:29Z,21.363083333333332,-158.16635
2026-02-11T09:18:47Z,21.36306666666667,-158.16636666666668
2026-02-11T09:19:07Z,21.36306666666667,-158.16636666666668
2026-02-11T09:19:18Z,21.36306666666667,-158.16636666666668
2026-02-11T09:19:38Z,21.36306666666667,-158.16636666666668
2026-02-11T09:19:48Z,21.36306666666667,-158.16636666666668
2026-02-11T09:19:58Z,21.36306666666667,-158.16636666666668
2026-02-11T09:20:08Z,21.36306666666667,-158.16636666666668
2026-02-11T09:20:18Z,21.36306666666667,-158.16636666666668
2026-02-11T09:33:01Z,21.362816666666664,-158.16681666666668
2026-02-11T09:33:11Z,21.362816666666664,-158.16681666666668
2026-02-11T09:33:21Z,21.362816666666664,-158.16681666666668
2026-02-11T09:33:31Z,21.363133333333334,-158.16686666666666
2026-02-11T09:33:41Z,21.363150000000005,-158.16686666666666
2026-02-11T09:33:51Z,21.36325,-158.16685
2026-02-11T09:34:19Z,21.363266666666664,-158.16685
2026-02-11T09:34:42Z,21.363266666666664,-158.16685
2026-02-11T09:35:02Z,21.363266666666664,-158.16686666666666
2026-02-11T09:35:13Z,21.363266666666664,-158.16686666666666
2026-02-11T09:35:33Z,21.363266666666664,-158.16686666666666
2026-02-11T09:35:43Z,21.363266666666664,-158.16686666666666
2026-02-11T09:35:53Z,21.363283333333335,-158.16686666666666
2026-02-11T09:36:03Z,21.363283333333335,-158.16685
2026-02-11T09:36:13Z,21.363283333333335,-158.16685
2026-02-11T09:48:18Z,21.36366666666667,-158.16676666666666
2026-02-11T09:48:28Z,21.36366666666667,-158.16676666666666
2026-02-11T09:48:38Z,21.36368333333333,-158.16674999999998
2026-02-11T09:48:48Z,21.36368333333333,-158.16674999999998
2026-02-11T09:49:08Z,21.36368333333333,-158.16674999999998
2026-02-11T09:49:18Z,21.36368333333333,-158.16674999999998
2026-02-11T09:49:28Z,21.36368333333333,-158.16674999999998
2026-02-11T09:49:38Z,21.363783333333338,-158.16694999999999
2026-02-11T09:49:48Z,21.363783333333338,-158.16693333333333
2026-02-11T09:49:58Z,21.363783333333338,-158.16696666666667
2026-02-11T09:50:29Z,21.363783333333338,-158.16696666666667
2026-02-11T09:50:49Z,21.3638,-158.16696666666667
2026-02-11T09:51:09Z,21.3638,-158.16698333333335
2026-02-11T09:51:29Z,21.3638,-158.167
2026-02-11T09:51:49Z,21.36381666666667,-158.167
2026-02-11T09:52:01Z,21.36381666666667,-158.167
2026-02-11T09:52:21Z,21.36381666666667,-158.167
2026-02-11T09:52:31Z,21.36381666666667,-158.167
2026-02-11T09:52:41Z,21.36381666666667,-158.167
2026-02-11T09:52:51Z,21.36381666666667,-158.167
2026-02-11T10:05:07Z,21.363749999999996,-158.16726666666668
2026-02-11T10:05:17Z,21.363766666666667,-158.16726666666668
2026-02-11T10:05:27Z,21.363766666666667,-158.16726666666668
2026-02-11T10:05:47Z,21.363766666666667,-158.16726666666668
2026-02-11T10:05:57Z,21.363766666666667,-158.16726666666668
2026-02-11T10:06:07Z,21.363883333333334,-158.16725
2026-02-11T10:06:17Z,21.363883333333334,-158.16728333333333
2026-02-11T10:06:27Z,21.363866666666663,-158.16731666666666
2026-02-11T10:07:01Z,21.363866666666663,-158.16735
2026-02-11T10:07:31Z,21.363883333333334,-158.16735
2026-02-11T10:07:51Z,21.363883333333334,-158.16736666666665
2026-02-11T10:08:02Z,21.363883333333334,-158.16736666666665
2026-02-11T10:08:22Z,21.363883333333334,-158.16736666666665
2026-02-11T10:08:32Z,21.363899999999997,-158.16736666666665
2026-02-11T10:08:42Z,21.363899999999997,-158.16736666666665
2026-02-11T10:08:52Z,21.363899999999997,-158.16736666666665
2026-02-11T10:09:02Z,21.363916666666668,-158.16736666666665
2026-02-11T10:20:57Z,21.363466666666667,-158.16721666666666
2026-02-11T10:21:07Z,21.36348333333334,-158.16721666666666
2026-02-11T10:21:17Z,21.36348333333334,-158.16721666666666
2026-02-11T10:21:37Z,21.36348333333334,-158.16721666666666
2026-02-11T10:21:47Z,21.36348333333334,-158.16721666666666
2026-02-11T10:21:57Z,21.3635,-158.16715000000002
2026-02-11T10:22:07Z,21.36351666666667,-158.16715000000002
2026-02-11T10:22:17Z,21.363616666666665,-158.1671
2026-02-11T10:22:48Z,21.363633333333336,-158.16708333333332
2026-02-11T10:23:08Z,21.363633333333336,-158.1671
2026-02-11T10:23:28Z,21.36365,-158.1671
2026-02-11T10:23:41Z,21.36366666666667,-158.1671
2026-02-11T10:24:01Z,21.36366666666667,-158.1671
2026-02-11T10:24:11Z,21.36366666666667,-158.1671
2026-02-11T10:24:21Z,21.36366666666667,-158.1671
2026-02-11T10:24:31Z,21.36368333333333,-158.1671
2026-02-11T10:36:56Z,21.363400000000002,-158.16723333333331
2026-02-11T10:37:06Z,21.363416666666662,-158.16723333333331
2026-02-11T10:37:16Z,21.363433333333333,-158.16725
2026-02-11T10:37:26Z,21.363433333333333,-158.16725
2026-02-11T10:37:46Z,21.363433333333333,-158.16725
2026-02-11T10:37:56Z,21.363433333333333,-158.16725
2026-02-11T10:38:06Z,21.3635,-158.16705
2026-02-11T10:38:16Z,21.363533333333333,-158.16706666666667
2026-02-11T10:38:26Z,21.36365,-158.16711666666666
2026-02-11T10:38:53Z,21.36366666666667,-158.16713333333334
2026-02-11T10:39:24Z,21.36366666666667,-158.16713333333334
2026-02-11T10:39:44Z,21.3637,-158.16713333333334
2026-02-11T10:39:55Z,21.3637,-158.16715000000002
2026-02-11T10:40:15Z,21.3637,-158.16715000000002
2026-02-11T10:40:25Z,21.363716666666665,-158.16715000000002
2026-02-11T10:40:35Z,21.363716666666665,-158.16715000000002
2026-02-11T10:40:45Z,21.363716666666665,-158.16715000000002
2026-02-11T10:40:55Z,21.363716666666665,-158.16715000000002
2026-02-11T10:53:11Z,21.363766666666667,-158.16715000000002
2026-02-11T10:53:21Z,21.363766666666667,-158.16715000000002
2026-02-11T10:53:42Z,21.363766666666667,-158.16715000000002
2026-02-11T10:53:52Z,21.363766666666667,-158.16715000000002
2026-02-11T10:54:02Z,21.363766666666667,-158.16694999999999
2026-02-11T10:54:12Z,21.363733333333336,-158.167
2026-02-11T10:54:22Z,21.363733333333336,-158.16698333333335
2026-02-11T10:54:56Z,21.363749999999996,-158.16696666666667
2026-02-11T10:55:16Z,21.363766666666667,-158.16696666666667
2026-02-11T10:55:37Z,21.363783333333338,-158.16696666666667
2026-02-11T10:55:48Z,21.3638,-158.16696666666667
2026-02-11T10:56:08Z,21.3638,-158.16696666666667
2026-02-11T10:56:18Z,21.3638,-158.16694999999999
2026-02-11T10:56:28Z,21.3638,-158.16694999999999
2026-02-11T10:56:38Z,21.3638,-158.16694999999999
2026-02-11T11:08:54Z,21.364566666666665,-158.16651666666667
2026-02-11T11:09:04Z,21.364583333333332,-158.16649999999998
2026-02-11T11:09:14Z,21.364583333333332,-158.16648333333333
2026-02-11T11:09:34Z,21.364583333333332,-158.16648333333333
2026-02-11T11:09:44Z,21.364583333333332,-158.16648333333333
2026-02-11T11:09:54Z,21.364466666666665,-158.16646666666665
2026-02-11T11:10:04Z,21.364483333333336,-158.16646666666665
2026-02-11T11:10:14Z,21.364483333333336,-158.1664
2026-02-11T11:10:48Z,21.364516666666667,-158.1664
2026-02-11T11:11:13Z,21.364516666666667,-158.1664
2026-02-11T11:11:34Z,21.36453333333333,-158.1664
2026-02-11T11:11:45Z,21.36455,-158.16641666666666
2026-02-11T11:12:05Z,21.36455,-158.16641666666666
2026-02-11T11:12:15Z,21.36455,-158.16641666666666
2026-02-11T11:12:25Z,21.36455,-158.16641666666666
2026-02-11T11:12:35Z,21.36455,-158.1664
2026-02-11T11:12:45Z,21.36455,-158.1664
2026-02-11T11:24:48Z,21.363883333333334,-158.1669
2026-02-11T11:24:58Z,21.363883333333334,-158.1669
2026-02-11T11:25:08Z,21.363899999999997,-158.16688333333335
2026-02-11T11:25:28Z,21.363899999999997,-158.16688333333335
2026-02-11T11:25:38Z,21.363899999999997,-158.16688333333335
2026-02-11T11:25:48Z,21.36381666666667,-158.16691666666665
2026-02-11T11:25:58Z,21.363833333333332,-158.16691666666665
2026-02-11T11:26:08Z,21.363883333333334,-158.16691666666665
2026-02-11T11:26:39Z,21.363883333333334,-158.16691666666665
2026-02-11T11:26:59Z,21.363883333333334,-158.16691666666665
2026-02-11T11:27:19Z,21.363899999999997,-158.16691666666665
2026-02-11T11:27:30Z,21.363916666666668,-158.16691666666665
2026-02-11T11:27:50Z,21.363916666666668,-158.16691666666665
2026-02-11T11:28:00Z,21.363916666666668,-158.1669
2026-02-11T11:28:10Z,21.363916666666668,-158.1669
2026-02-11T11:28:20Z,21.363916666666668,-158.1669
2026-02-11T11:28:30Z,21.363916666666668,-158.16688333333335
2026-02-11T11:40:24Z,21.364283333333333,-158.16681666666668
2026-02-11T11:40:34Z,21.364283333333333,-158.1668
2026-02-11T11:40:44Z,21.364300000000004,-158.1668
2026-02-11T11:40:54Z,21.364300000000004,-158.1667833333333
2026-02-11T11:41:14Z,21.364300000000004,-158.1667833333333
2026-02-11T11:41:24Z,21.364300000000004,-158.1667833333333
2026-02-11T11:41:34Z,21.3644,-158.16693333333333
2026-02-11T11:41:44Z,21.364433333333334,-158.1669
2026-02-11T11:41:54Z,21.364316666666664,-158.16698333333335
2026-02-11T11:42:25Z,21.364349999999998,-158.167
2026-02-11T11:42:44Z,21.364349999999998,-158.167
2026-02-11T11:43:04Z,21.364349999999998,-158.167
2026-02-11T11:43:15Z,21.36436666666667,-158.167
2026-02-11T11:43:35Z,21.36436666666667,-158.167
2026-02-11T11:43:45Z,21.36436666666667,-158.16698333333335
2026-02-11T11:43:55Z,21.36436666666667,-158.16698333333335
2026-02-11T11:44:05Z,21.36436666666667,-158.16698333333335
2026-02-11T11:56:17Z,21.36405,-158.16706666666667
2026-02-11T11:56:27Z,21.36405,-158.16706666666667
2026-02-11T11:56:37Z,21.364066666666666,-158.16705
2026-02-11T11:56:57Z,21.364066666666666,-158.16705
2026-02-11T11:57:07Z,21.364066666666666,-158.16705
2026-02-11T11:57:17Z,21.36368333333333,-158.16693333333333
2026-02-11T11:57:27Z,21.36368333333333,-158.16693333333333
2026-02-11T11:57:37Z,21.36366666666667,-158.16698333333335
2026-02-11T11:58:05Z,21.36366666666667,-158.16698333333335
2026-02-11T11:58:33Z,21.36366666666667,-158.167
2026-02-11T11:58:53Z,21.36368333333333,-158.167
2026-02-11T11:59:13Z,21.36366666666667,-158.167
2026-02-11T11:59:24Z,21.36366666666667,-158.167
2026-02-11T11:59:44Z,21.36366666666667,-158.167
2026-02-11T11:59:54Z,21.36366666666667,-158.16698333333335
2026-02-11T12:00:04Z,21.36366666666667,-158.16698333333335
2026-02-11T12:00:14Z,21.36366666666667,-158.16698333333335
2026-02-11T12:12:32Z,21.3641,-158.16673333333335
2026-02-11T12:12:42Z,21.3641,-158.16673333333335
2026-02-11T12:12:52Z,21.3641,-158.16673333333335
2026-02-11T12:13:12Z,21.3641,-158.16673333333335
2026-02-11T12:13:22Z,21.3641,-158.16673333333335
2026-02-11T12:13:32Z,21.36426666666667,-158.16703333333334
2026-02-11T12:13:42Z,21.36426666666667,-158.16703333333334
2026-02-11T12:13:52Z,21.364283333333333,-158.16706666666667
2026-02-11T12:14:23Z,21.364300000000004,-158.16708333333332
2026-02-11T12:14:43Z,21.364300000000004,-158.16708333333332
2026-02-11T12:15:03Z,21.364300000000004,-158.1671
2026-02-11T12:15:14Z,21.364300000000004,-158.16711666666666
2026-02-11T12:15:34Z,21.364300000000004,-158.16711666666666
2026-02-11T12:15:44Z,21.364300000000004,-158.16711666666666
2026-02-11T12:15:54Z,21.364316666666664,-158.16711666666666
2026-02-11T12:16:04Z,21.364316666666664,-158.16711666666666
2026-02-11T12:16:14Z,21.364316666666664,-158.16711666666666
2026-02-11T12:28:06Z,21.36355,-158.16555000000002
2026-02-11T12:28:16Z,21.36355,-158.16555000000002
2026-02-11T12:28:26Z,21.36355,-158.16555000000002
2026-02-11T12:28:46Z,21.36355,-158.16555000000002
2026-02-11T12:28:56Z,21.36355,-158.16555000000002
2026-02-11T12:29:06Z,21.3635,-158.16546666666667
2026-02-11T12:29:16Z,21.3635,-158.16546666666667
2026-02-11T12:29:26Z,21.36351666666667,-158.16548333333333
2026-02-11T12:29:54Z,21.36351666666667,-158.16548333333333
2026-02-11T12:30:20Z,21.36351666666667,-158.1655
2026-02-11T12:30:40Z,21.363533333333333,-158.1655
2026-02-11T12:30:51Z,21.363533333333333,-158.1655
2026-02-11T12:31:11Z,21.363533333333333,-158.1655
2026-02-11T12:31:21Z,21.363533333333333,-158.1655
2026-02-11T12:31:31Z,21.363533333333333,-158.1655
2026-02-11T12:31:41Z,21.363533333333333,-158.16548333333333
2026-02-11T12:31:51Z,21.363533333333333,-158.16548333333333
2026-02-11T12:43:47Z,21.363316666666666,-158.16573333333332
2026-02-11T12:43:57Z,21.363316666666666,-158.16573333333332
2026-02-11T12:44:07Z,21.363316666666666,-158.16573333333332
2026-02-11T12:44:17Z,21.363333333333337,-158.16573333333332
2026-02-11T12:44:37Z,21.363333333333337,-158.16573333333332
2026-02-11T12:44:47Z,21.363333333333337,-158.16573333333332
2026-02-11T12:44:57Z,21.363333333333337,-158.16573333333332
2026-02-11T12:45:07Z,21.36325,-158.1654333333333
2026-02-11T12:45:17Z,21.36325,-158.1654333333333
2026-02-11T12:45:27Z,21.36325,-158.1654333333333
2026-02-11T12:45:55Z,21.36325,-158.1654333333333
2026-02-11T12:46:18Z,21.36325,-158.1654333333333
2026-02-11T12:46:38Z,21.36325,-158.16545
2026-02-11T12:46:49Z,21.36325,-158.1654333333333
2026-02-11T12:47:09Z,21.36325,-158.1654333333333
2026-02-11T12:47:19Z,21.36325,-158.16541666666666
2026-02-11T12:47:29Z,21.36325,-158.16541666666666
2026-02-11T12:47:39Z,21.363266666666664,-158.16541666666666
2026-02-11T12:59:46Z,21.364316666666664,-158.16673333333335
2026-02-11T12:59:56Z,21.364316666666664,-158.16671666666667
2026-02-11T13:00:06Z,21.364316666666664,-158.16671666666667
2026-02-11T13:00:26Z,21.364316666666664,-158.16671666666667
2026-02-11T13:00:36Z,21.364316666666664,-158.16671666666667
2026-02-11T13:00:46Z,21.364166666666666,-158.16665
2026-02-11T13:00:56Z,21.364166666666666,-158.16665
2026-02-11T13:01:06Z,21.364150000000002,-158.16663333333332
2026-02-11T13:01:37Z,21.364150000000002,-158.16661666666667
2026-02-11T13:02:01Z,21.364166666666666,-158.16661666666667
2026-02-11T13:02:21Z,21.364166666666666,-158.1666
2026-02-11T13:02:32Z,21.364166666666666,-158.1666
2026-02-11T13:02:53Z,21.364166666666666,-158.1666
2026-02-11T13:03:03Z,21.364166666666666,-158.1666
2026-02-11T13:03:13Z,21.364166666666666,-158.16658333333334
2026-02-11T13:03:23Z,21.364166666666666,-158.16658333333334
2026-02-11T13:15:39Z,21.364,-158.16665
2026-02-11T13:15:49Z,21.364,-158.16665
2026-02-11T13:15:59Z,21.364,-158.16663333333332
2026-02-11T13:16:09Z,21.364,-158.16663333333332
2026-02-11T13:16:29Z,21.364,-158.16663333333332
2026-02-11T13:16:39Z,21.364,-158.16663333333332
2026-02-11T13:16:49Z,21.363833333333332,-158.16653333333335
2026-02-11T13:16:59Z,21.363833333333332,-158.16653333333335
2026-02-11T13:17:09Z,21.36381666666667,-158.16653333333335
2026-02-11T13:17:19Z,21.36381666666667,-158.16653333333335
2026-02-11T13:17:50Z,21.36381666666667,-158.16653333333335
2026-02-11T13:18:14Z,21.36381666666667,-158.16653333333335
2026-02-11T13:18:34Z,21.36381666666667,-158.16651666666667
2026-02-11T13:18:45Z,21.36381666666667,-158.16651666666667
2026-02-11T13:19:05Z,21.36381666666667,-158.16649999999998
2026-02-11T13:19:25Z,21.36381666666667,-158.16648333333333
2026-02-11T13:19:45Z,21.36381666666667,-158.16646666666665
2026-02-11T13:20:05Z,21.36381666666667,-158.16645
2026-02-11T13:20:25Z,21.3638,-158.16641666666666
2026-02-11T13:20:47Z,21.3638,-158.16641666666666
2026-02-11T13:21:07Z,21.3638,-158.16641666666666
2026-02-11T13:21:18Z,21.36381666666667,-158.1664
2026-02-11T13:21:38Z,21.36381666666667,-158.1664
2026-02-11T13:21:49Z,21.3638,-158.1664
2026-02-11T13:21:59Z,21.3638,-158.1664
2026-02-11T13:22:09Z,21.3638,-158.16638333333333
2026-02-11T13:22:19Z,21.3638,-158.16636666666668
2026-02-11T13:34:48Z,21.363833333333332,-158.16615
2026-02-11T13:35:08Z,21.363833333333332,-158.16615
2026-02-11T13:35:18Z,21.363833333333332,-158.16615
2026-02-11T13:35:28Z,21.363866666666663,-158.166
2026-02-11T13:35:38Z,21.363883333333334,-158.166
2026-02-11T13:35:48Z,21.363866666666663,-158.16596666666666
2026-02-11T13:36:22Z,21.363866666666663,-158.16595
2026-02-11T13:36:45Z,21.363866666666663,-158.16593333333333
2026-02-11T13:37:05Z,21.363883333333334,-158.16591666666667
2026-02-11T13:37:16Z,21.363883333333334,-158.16591666666667
2026-02-11T13:37:36Z,21.363883333333334,-158.16591666666667
2026-02-11T13:37:46Z,21.363866666666663,-158.16591666666667
2026-02-11T13:37:56Z,21.363866666666663,-158.1659
2026-02-11T13:38:06Z,21.363866666666663,-158.1658833333333
2026-02-11T13:38:16Z,21.363866666666663,-158.1658833333333
2026-02-11T13:50:11Z,21.36323333333333,-158.16533333333334
2026-02-11T13:50:31Z,21.36323333333333,-158.16531666666666
2026-02-11T13:50:41Z,21.36323333333333,-158.1653
2026-02-11T13:51:01Z,21.36323333333333,-158.1653
2026-02-11T13:51:11Z,21.36323333333333,-158.1653
2026-02-11T13:51:21Z,21.36323333333333,-158.1653
2026-02-11T13:51:31Z,21.36323333333333,-158.1653
2026-02-11T13:51:41Z,21.36323333333333,-158.1653
2026-02-11T13:51:51Z,21.36323333333333,-158.1653
2026-02-11T13:52:01Z,21.362833333333334,-158.16523333333333
2026-02-11T13:52:11Z,21.362833333333334,-158.16523333333333
2026-02-11T13:52:21Z,21.36285,-158.16518333333335
2026-02-11T13:52:52Z,21.362833333333334,-158.16516666666666
2026-02-11T13:53:17Z,21.362833333333334,-158.16514999999998
2026-02-11T13:53:38Z,21.362816666666664,-158.16514999999998
2026-02-11T13:53:48Z,21.362816666666664,-158.16514999999998
2026-02-11T13:54:09Z,21.362816666666664,-158.16514999999998
2026-02-11T13:54:19Z,21.3628,-158.16514999999998
2026-02-11T13:54:29Z,21.3628,-158.16513333333333
2026-02-11T13:54:39Z,21.3628,-158.16511666666665
2026-02-11T13:54:49Z,21.36278333333333,-158.16511666666665
2026-02-11T14:06:51Z,21.363616666666665,-158.16671666666667
2026-02-11T14:07:01Z,21.363599999999998,-158.16671666666667
2026-02-11T14:07:11Z,21.363599999999998,-158.16670000000002
2026-02-11T14:07:31Z,21.363599999999998,-158.16670000000002
2026-02-11T14:07:41Z,21.36351666666667,-158.16668333333334
2026-02-11T14:07:51Z,21.36351666666667,-158.16670000000002
2026-02-11T14:08:01Z,21.36348333333334,-158.16668333333334
2026-02-11T14:08:28Z,21.363416666666662,-158.16666666666666
2026-02-11T14:09:02Z,21.363433333333333,-158.16666666666666
2026-02-11T14:09:22Z,21.363416666666662,-158.16666666666666
2026-02-11T14:09:33Z,21.363400000000002,-158.16665
2026-02-11T14:09:53Z,21.363400000000002,-158.16665
2026-02-11T14:10:03Z,21.363400000000002,-158.16663333333332
2026-02-11T14:10:13Z,21.36338333333333,-158.16663333333332
2026-02-11T14:10:23Z,21.36338333333333,-158.16661666666667
2026-02-11T14:22:55Z,21.3631,-158.16618333333332
2026-02-11T14:23:15Z,21.3631,-158.16618333333332
2026-02-11T14:23:25Z,21.3631,-158.16618333333332
2026-02-11T14:23:35Z,21.362983333333332,-158.16625000000002
2026-02-11T14:23:45Z,21.362983333333332,-158.16621666666666
2026-02-11T14:23:55Z,21.36295,-158.1662
2026-02-11T14:24:22Z,21.36293333333333,-158.16618333333332
2026-02-11T14:24:42Z,21.362916666666667,-158.16618333333332
2026-02-11T14:25:02Z,21.3629,-158.16616666666667
2026-02-11T14:25:13Z,21.3629,-158.16616666666667
2026-02-11T14:25:33Z,21.3629,-158.16616666666667
2026-02-11T14:25:43Z,21.362883333333336,-158.16615
2026-02-11T14:25:53Z,21.362866666666665,-158.16615
2026-02-11T14:26:03Z,21.362866666666665,-158.16613333333333
2026-02-11T14:37:55Z,21.364250000000002,-158.16568333333333
2026-02-11T14:38:05Z,21.36423333333333,-158.16566666666668
2026-02-11T14:38:15Z,21.36423333333333,-158.16565
2026-02-11T14:38:35Z,21.36423333333333,-158.16565
2026-02-11T14:38:45Z,21.36423333333333,-158.16565
2026-02-11T14:38:55Z,21.364,-158.16568333333333
2026-02-11T14:39:05Z,21.364,-158.16566666666668
2026-02-11T14:39:15Z,21.36396666666667,-158.16565
2026-02-11T14:39:46Z,21.36395,-158.16565
2026-02-11T14:40:05Z,21.36395,-158.16565
2026-02-11T14:40:25Z,21.36393333333333,-158.16563333333335
2026-02-11T14:40:39Z,21.363899999999997,-158.16563333333335
2026-02-11T14:40:59Z,21.363899999999997,-158.16563333333335
2026-02-11T14:41:09Z,21.363883333333334,-158.16561666666666
2026-02-11T14:41:19Z,21.363866666666663,-158.16559999999998
2026-02-11T14:41:29Z,21.363866666666663,-158.16559999999998
2026-02-11T14:41:39Z,21.363850000000003,-158.16558333333333
2026-02-11T14:53:39Z,21.364016666666664,-158.16641666666666
2026-02-11T14:53:49Z,21.364,-158.16641666666666
2026-02-11T14:53:59Z,21.364,-158.1664
2026-02-11T14:54:19Z,21.364,-158.1664
2026-02-11T14:54:29Z,21.364,-158.1664
2026-02-11T14:54:39Z,21.36405,-158.16625000000002
2026-02-11T14:54:49Z,21.364016666666664,-158.16625000000002
2026-02-11T14:54:59Z,21.363983333333334,-158.16621666666666
2026-02-11T14:55:25Z,21.36396666666667,-158.1662
2026-02-11T14:55:45Z,21.36396666666667,-158.1662
2026-02-11T14:56:05Z,21.36395,-158.16618333333332
2026-02-11T14:56:18Z,21.36393333333333,-158.16616666666667
2026-02-11T14:56:38Z,21.36393333333333,-158.16616666666667
2026-02-11T14:56:48Z,21.363916666666668,-158.16615
2026-02-11T14:56:58Z,21.363899999999997,-158.16615
2026-02-11T14:57:08Z,21.363883333333334,-158.16613333333333
2026-02-11T14:57:18Z,21.363883333333334,-158.16611666666668
2026-02-11T15:09:35Z,21.36265,-158.16566666666668
2026-02-11T15:09:45Z,21.36265,-158.16563333333335
2026-02-11T15:10:05Z,21.36265,-158.16563333333335
2026-02-11T15:10:15Z,21.36265,-158.16563333333335
2026-02-11T15:10:25Z,21.362883333333336,-158.16518333333335
2026-02-11T15:10:35Z,21.362816666666664,-158.16559999999998
2026-02-11T15:10:45Z,21.36276666666667,-158.16555000000002
2026-02-11T15:11:16Z,21.36275,-158.16551666666666
2026-02-11T15:11:27Z,21.36275,-158.16551666666666
2026-02-11T15:11:34Z,21.362733333333335,-158.16551666666666
2026-02-11T15:11:54Z,21.362716666666664,-158.16548333333333
2026-02-11T15:12:14Z,21.362683333333333,-158.16545
2026-02-11T15:12:35Z,21.362683333333333,-158.16545
2026-02-11T15:12:55Z,21.36266666666667,-158.1654333333333
2026-02-11T15:13:06Z,21.36265,-158.16541666666666
2026-02-11T15:13:26Z,21.36265,-158.16541666666666
2026-02-11T15:13:36Z,21.36265,-158.1654
2026-02-11T15:13:46Z,21.36263333333333,-158.16538333333335
2026-02-11T15:13:56Z,21.362616666666668,-158.16536666666667
2026-02-11T15:14:06Z,21.362616666666668,-158.16535000000002
2026-02-11T15:26:20Z,21.363533333333333,-158.16601666666665
2026-02-11T15:26:30Z,21.363533333333333,-158.166
2026-02-11T15:26:50Z,21.363533333333333,-158.166
2026-02-11T15:27:00Z,21.363533333333333,-158.166
2026-02-11T15:27:10Z,21.363466666666667,-158.16648333333333
2026-02-11T15:27:20Z,21.363466666666667,-158.16646666666665
2026-02-11T15:27:30Z,21.363449999999997,-158.16645
2026-02-11T15:28:05Z,21.363449999999997,-158.16643333333334
2026-02-11T15:28:18Z,21.363433333333333,-158.16643333333334
2026-02-11T15:28:38Z,21.363416666666662,-158.16641666666666
2026-02-11T15:28:58Z,21.363416666666662,-158.16641666666666
2026-02-11T15:29:18Z,21.363400000000002,-158.1664
2026-02-11T15:29:38Z,21.363400000000002,-158.16638333333333
2026-02-11T15:29:58Z,21.36338333333333,-158.16638333333333
2026-02-11T15:30:12Z,21.36338333333333,-158.16638333333333
2026-02-11T15:30:32Z,21.36338333333333,-158.16636666666668
2026-02-11T15:30:52Z,21.363366666666668,-158.16635
2026-02-11T15:31:12Z,21.363366666666668,-158.1663333333333
2026-02-11T15:31:37Z,21.36335,-158.16631666666666
2026-02-11T15:31:57Z,21.36335,-158.16631666666666
2026-02-11T15:32:04Z,21.36335,-158.16631666666666
2026-02-11T15:32:24Z,21.36335,-158.16631666666666
2026-02-11T15:32:44Z,21.363333333333337,-158.16629999999998
2026-02-11T15:33:04Z,21.363316666666666,-158.16629999999998
2026-02-11T15:33:24Z,21.363316666666666,-158.16628333333335
2026-02-11T15:33:44Z,21.363316666666666,-158.16625000000002
2026-02-11T15:34:12Z,21.363316666666666,-158.16625000000002
2026-02-11T15:34:32Z,21.363316666666666,-158.16621666666666
2026-02-11T15:34:46Z,21.363299999999995,-158.16621666666666
2026-02-11T15:35:06Z,21.363299999999995,-158.16621666666666
2026-02-11T15:35:16Z,21.363299999999995,-158.1662
2026-02-11T15:35:26Z,21.363283333333335,-158.16618333333332
2026-02-11T15:35:36Z,21.363266666666664,-158.16618333333332
2026-02-11T15:47:36Z,21.36295,-158.16694999999999
2026-02-11T15:47:46Z,21.36293333333333,-158.16693333333333
2026-02-11T15:47:56Z,21.36293333333333,-158.16691666666665
2026-02-11T15:48:16Z,21.36293333333333,-158.16691666666665
2026-02-11T15:48:26Z,21.36293333333333,-158.16691666666665
2026-02-11T15:48:36Z,21.363183333333335,-158.16701666666668
2026-02-11T15:48:46Z,21.36323333333333,-158.16693333333333
2026-02-11T15:48:56Z,21.36321666666667,-158.16691666666665
2026-02-11T15:49:24Z,21.3632,-158.1669
2026-02-11T15:49:46Z,21.3632,-158.16688333333335
2026-02-11T15:50:06Z,21.3632,-158.16688333333335
2026-02-11T15:50:18Z,21.363183333333335,-158.16686666666666
2026-02-11T15:50:38Z,21.363183333333335,-158.16686666666666
2026-02-11T15:50:48Z,21.363183333333335,-158.16685
2026-02-11T15:50:58Z,21.363166666666665,-158.16685
2026-02-11T15:51:08Z,21.363166666666665,-158.16683333333333
2026-02-11T16:03:22Z,21.363183333333335,-158.16676666666666
2026-02-11T16:03:32Z,21.363183333333335,-158.16674999999998
2026-02-11T16:03:42Z,21.363166666666665,-158.16673333333335
2026-02-11T16:03:52Z,21.363166666666665,-158.16673333333335
2026-02-11T16:04:12Z,21.363166666666665,-158.16673333333335
2026-02-11T16:04:22Z,21.363166666666665,-158.16673333333335
2026-02-11T16:04:32Z,21.363166666666665,-158.16673333333335
2026-02-11T16:04:42Z,21.36335,-158.1667833333333
2026-02-11T16:04:52Z,21.36335,-158.16676666666666
2026-02-11T16:05:02Z,21.363283333333335,-158.16673333333335
2026-02-11T16:05:37Z,21.363266666666664,-158.16668333333334
2026-02-11T16:06:13Z,21.363266666666664,-158.16668333333334
2026-02-11T16:06:34Z,21.363266666666664,-158.16666666666666
2026-02-11T16:06:47Z,21.363266666666664,-158.16665
2026-02-11T16:07:07Z,21.363266666666664,-158.16665
2026-02-11T16:07:17Z,21.363266666666664,-158.16665
2026-02-11T16:07:27Z,21.36325,-158.16663333333332
2026-02-11T16:07:37Z,21.36325,-158.16663333333332
2026-02-11T16:19:25Z,21.363133333333334,-158.16636666666668
2026-02-11T16:19:35Z,21.363133333333334,-158.16636666666668
2026-02-11T16:19:45Z,21.363133333333334,-158.16635
2026-02-11T16:20:05Z,21.363133333333334,-158.16635
2026-02-11T16:20:15Z,21.363133333333334,-158.16635
2026-02-11T16:20:25Z,21.363133333333334,-158.16649999999998
2026-02-11T16:20:35Z,21.363133333333334,-158.16645
2026-02-11T16:20:45Z,21.363049999999998,-158.16625000000002
2026-02-11T16:21:18Z,21.363033333333338,-158.16623333333334
2026-02-11T16:21:38Z,21.363049999999998,-158.16625000000002
2026-02-11T16:21:58Z,21.363049999999998,-158.16621666666666
2026-02-11T16:22:10Z,21.363049999999998,-158.16623333333334
2026-02-11T16:22:30Z,21.363049999999998,-158.16623333333334
2026-02-11T16:22:40Z,21.363049999999998,-158.16621666666666
2026-02-11T16:22:50Z,21.363033333333338,-158.16621666666666
2026-02-11T16:23:00Z,21.363033333333338,-158.1662
2026-02-11T16:35:39Z,21.362599999999997,-158.16575
2026-02-11T16:35:59Z,21.362599999999997,-158.16575
2026-02-11T16:36:09Z,21.362599999999997,-158.16575
2026-02-11T16:36:19Z,21.36263333333333,-158.16563333333335
2026-02-11T16:36:29Z,21.362616666666668,-158.16563333333335
2026-02-11T16:36:39Z,21.362616666666668,-158.16563333333335
2026-02-11T16:37:10Z,21.362616666666668,-158.16561666666666
2026-02-11T16:37:30Z,21.362616666666668,-158.16561666666666
2026-02-11T16:37:50Z,21.362616666666668,-158.16559999999998
2026-02-11T16:38:04Z,21.36263333333333,-158.16559999999998
2026-02-11T16:38:24Z,21.36263333333333,-158.16559999999998
2026-02-11T16:38:34Z,21.362616666666668,-158.16558333333333
2026-02-11T16:38:44Z,21.362616666666668,-158.16558333333333
2026-02-11T16:38:54Z,21.362616666666668,-158.16556666666665
2026-02-11T16:50:45Z,21.363000000000003,-158.16668333333334
2026-02-11T16:50:55Z,21.363000000000003,-158.16666666666666
2026-02-11T16:51:05Z,21.362983333333332,-158.16666666666666
2026-02-11T16:51:25Z,21.362983333333332,-158.16666666666666
2026-02-11T16:51:35Z,21.362983333333332,-158.16666666666666
2026-02-11T16:51:45Z,21.362983333333332,-158.16655
2026-02-11T16:51:55Z,21.362983333333332,-158.16658333333334
2026-02-11T16:52:05Z,21.36295,-158.16656666666668
2026-02-11T16:52:40Z,21.362916666666667,-158.16653333333335
2026-02-11T16:53:02Z,21.362916666666667,-158.16653333333335
2026-02-11T16:53:22Z,21.362916666666667,-158.16651666666667
2026-02-11T16:53:36Z,21.362916666666667,-158.16653333333335
2026-02-11T16:53:56Z,21.362916666666667,-158.16653333333335
2026-02-11T16:54:06Z,21.3629,-158.16653333333335
2026-02-11T16:54:16Z,21.3629,-158.16651666666667
2026-02-11T16:54:26Z,21.3629,-158.16649999999998
2026-02-11T17:06:42Z,21.36423333333333,-158.16683333333333
2026-02-11T17:06:52Z,21.364216666666668,-158.16681666666668
2026-02-11T17:07:02Z,21.364216666666668,-158.1668
2026-02-11T17:07:12Z,21.364216666666668,-158.1667833333333
2026-02-11T17:07:32Z,21.364216666666668,-158.1667833333333
2026-02-11T17:07:42Z,21.364216666666668,-158.1667833333333
2026-02-11T17:07:52Z,21.3641,-158.167
2026-02-11T17:08:02Z,21.3641,-158.16698333333335
2026-02-11T17:08:12Z,21.36408333333333,-158.167
2026-02-11T17:08:47Z,21.364066666666666,-158.16698333333335
2026-02-11T17:09:20Z,21.364066666666666,-158.16698333333335
2026-02-11T17:09:40Z,21.364066666666666,-158.16698333333335
2026-02-11T17:09:51Z,21.364066666666666,-158.167
2026-02-11T17:10:11Z,21.364066666666666,-158.167
2026-02-11T17:10:21Z,21.364066666666666,-158.16698333333335
2026-02-11T17:10:31Z,21.36405,-158.16698333333335
2026-02-11T17:10:41Z,21.36405,-158.16696666666667
2026-02-11T17:10:51Z,21.364033333333335,-158.16696666666667
2026-02-11T17:23:05Z,21.36393333333333,-158.16645
2026-02-11T17:23:15Z,21.363916666666668,-158.16645
2026-02-11T17:23:25Z,21.363916666666668,-158.16643333333334
2026-02-11T17:23:45Z,21.363916666666668,-158.16643333333334
2026-02-11T17:23:55Z,21.363916666666668,-158.16643333333334
2026-02-11T17:24:05Z,21.364416666666664,-158.16670000000002
2026-02-11T17:24:15Z,21.364166666666666,-158.16655
2026-02-11T17:24:25Z,21.364166666666666,-158.16653333333335
2026-02-11T17:24:52Z,21.364150000000002,-158.16651666666667
2026-02-11T17:25:15Z,21.364150000000002,-158.16651666666667
2026-02-11T17:25:35Z,21.364150000000002,-158.16651666666667
2026-02-11T17:25:46Z,21.364150000000002,-158.16651666666667
2026-02-11T17:26:06Z,21.364150000000002,-158.16651666666667
2026-02-11T17:26:16Z,21.364150000000002,-158.16651666666667
2026-02-11T17:26:26Z,21.364150000000002,-158.16651666666667
2026-02-11T17:26:36Z,21.364150000000002,-158.16651666666667
2026-02-11T17:38:51Z,21.363883333333334,-158.16674999999998
2026-02-11T17:39:01Z,21.363883333333334,-158.16674999999998
2026-02-11T17:39:11Z,21.363899999999997,-158.16674999999998
2026-02-11T17:39:31Z,21.363899999999997,-158.16674999999998
2026-02-11T17:39:41Z,21.363899999999997,-158.16674999999998
2026-02-11T17:39:51Z,21.363599999999998,-158.16648333333333
2026-02-11T17:40:01Z,21.363466666666667,-158.16646666666665
2026-02-11T17:40:11Z,21.363400000000002,-158.16646666666665
2026-02-11T17:40:45Z,21.36338333333333,-158.16646666666665
2026-02-11T17:41:09Z,21.36338333333333,-158.16646666666665
2026-02-11T17:41:29Z,21.363400000000002,-158.16645
2026-02-11T17:41:40Z,21.36338333333333,-158.16643333333334
2026-02-11T17:42:00Z,21.36338333333333,-158.16643333333334
2026-02-11T17:42:10Z,21.36338333333333,-158.16643333333334
2026-02-11T17:42:20Z,21.36338333333333,-158.16643333333334
2026-02-11T17:42:30Z,21.36338333333333,-158.16641666666666
2026-02-11T17:54:37Z,21.36295,-158.16601666666665
2026-02-11T17:54:47Z,21.36295,-158.166
2026-02-11T17:54:57Z,21.36293333333333,-158.166
2026-02-11T17:55:07Z,21.36293333333333,-158.16598333333334
2026-02-11T17:55:27Z,21.36293333333333,-158.16598333333334
2026-02-11T17:55:37Z,21.36293333333333,-158.16598333333334
2026-02-11T17:55:47Z,21.3628,-158.1661
2026-02-11T17:55:57Z,21.362816666666664,-158.16608333333335
2026-02-11T17:56:07Z,21.36276666666667,-158.16611666666668
2026-02-11T17:56:34Z,21.362733333333335,-158.16611666666668
2026-02-11T17:57:00Z,21.362716666666664,-158.1661
2026-02-11T17:57:20Z,21.362716666666664,-158.16611666666668
2026-02-11T17:57:31Z,21.362716666666664,-158.16611666666668
2026-02-11T17:57:51Z,21.362716666666664,-158.16611666666668
2026-02-11T17:58:01Z,21.362716666666664,-158.1661
2026-02-11T17:58:11Z,21.362700000000004,-158.1661
2026-02-11T17:58:21Z,21.362700000000004,-158.1661
2026-02-11T17:58:31Z,21.362700000000004,-158.16608333333335
2026-02-11T18:10:37Z,21.362833333333334,-158.16638333333333
2026-02-11T18:10:47Z,21.362833333333334,-158.16636666666668
2026-02-11T18:10:57Z,21.362816666666664,-158.16636666666668
2026-02-11T18:11:07Z,21.362816666666664,-158.16635
2026-02-11T18:11:28Z,21.362816666666664,-158.16635
2026-02-11T18:11:38Z,21.362816666666664,-158.16635
2026-02-11T18:11:48Z,21.36278333333333,-158.16626666666667
2026-02-11T18:11:58Z,21.36278333333333,-158.16626666666667
2026-02-11T18:12:08Z,21.36276666666667,-158.16629999999998
2026-02-11T18:12:35Z,21.362733333333335,-158.16629999999998
2026-02-11T18:12:55Z,21.362733333333335,-158.16629999999998
2026-02-11T18:13:15Z,21.362716666666664,-158.16628333333335
2026-02-11T18:13:26Z,21.362700000000004,-158.16626666666667
2026-02-11T18:13:46Z,21.362700000000004,-158.16626666666667
2026-02-11T18:13:56Z,21.362700000000004,-158.16625000000002
2026-02-11T18:14:06Z,21.362700000000004,-158.16625000000002
2026-02-11T18:14:16Z,21.362683333333333,-158.16623333333334
2026-02-11T18:14:26Z,21.362683333333333,-158.16623333333334
2026-02-11T18:26:23Z,21.36436666666667,-158.16596666666666
2026-02-11T18:26:53Z,21.36436666666667,-158.16595
2026-02-11T18:27:03Z,21.36436666666667,-158.16595
2026-02-11T18:27:13Z,21.3644,-158.16623333333334
2026-02-11T18:27:23Z,21.36438333333333,-158.16623333333334
2026-02-11T18:27:33Z,21.364333333333335,-158.16625000000002
2026-02-11T18:28:04Z,21.364316666666664,-158.16621666666666
2026-02-11T18:28:24Z,21.364316666666664,-158.16621666666666
2026-02-11T18:28:44Z,21.364300000000004,-158.16618333333332
2026-02-11T18:28:58Z,21.364300000000004,-158.1662
2026-02-11T18:29:18Z,21.364300000000004,-158.1662
2026-02-11T18:29:28Z,21.364300000000004,-158.1662
2026-02-11T18:29:38Z,21.364283333333333,-158.16618333333332
2026-02-11T18:29:48Z,21.364283333333333,-158.16618333333332
2026-02-11T18:42:09Z,21.36368333333333,-158.16586666666666
2026-02-11T18:42:29Z,21.36368333333333,-158.16586666666666
2026-02-11T18:42:39Z,21.36368333333333,-158.16584999999998
2026-02-11T18:42:59Z,21.36368333333333,-158.16584999999998
2026-02-11T18:43:09Z,21.36368333333333,-158.16584999999998
2026-02-11T18:43:19Z,21.36335,-158.16571666666667
2026-02-11T18:43:29Z,21.3635,-158.16578333333334
2026-02-11T18:43:39Z,21.363633333333336,-158.16583333333335
2026-02-11T18:44:07Z,21.363616666666665,-158.16581666666667
2026-02-11T18:44:27Z,21.363616666666665,-158.16581666666667
2026-02-11T18:44:47Z,21.363616666666665,-158.16580000000002
2026-02-11T18:44:59Z,21.363599999999998,-158.16580000000002
2026-02-11T18:45:19Z,21.363599999999998,-158.16580000000002
2026-02-11T18:45:29Z,21.363599999999998,-158.16580000000002
2026-02-11T18:45:39Z,21.363583333333334,-158.16580000000002
2026-02-11T18:45:49Z,21.363566666666664,-158.16578333333334
2026-02-11T18:45:59Z,21.363566666666664,-158.16578333333334
2026-02-11T18:58:15Z,21.363883333333334,-158.16691666666665
2026-02-11T18:58:25Z,21.363883333333334,-158.1669
2026-02-11T18:58:35Z,21.363866666666663,-158.1669
2026-02-11T18:58:55Z,21.363866666666663,-158.1669
2026-02-11T18:59:05Z,21.364016666666664,-158.16694999999999
2026-02-11T18:59:15Z,21.364016666666664,-158.16694999999999
2026-02-11T18:59:25Z,21.364016666666664,-158.16693333333333
2026-02-11T18:59:53Z,21.364016666666664,-158.16693333333333
2026-02-11T19:00:15Z,21.364,-158.16691666666665
2026-02-11T19:00:35Z,21.364,-158.16691666666665
2026-02-11T19:00:46Z,21.364,-158.16691666666665
2026-02-11T19:01:06Z,21.364,-158.16691666666665
2026-02-11T19:01:17Z,21.363983333333334,-158.1669
2026-02-11T19:01:27Z,21.363983333333334,-158.1669
2026-02-11T19:01:37Z,21.36396666666667,-158.1669
2026-02-11T19:01:47Z,21.36396666666667,-158.16688333333335
2026-02-11T19:13:49Z,21.3637,-158.16655
2026-02-11T19:13:59Z,21.3637,-158.16653333333335
2026-02-11T19:14:09Z,21.36368333333333,-158.16653333333335
2026-02-11T19:14:29Z,21.36368333333333,-158.16653333333335
2026-02-11T19:14:39Z,21.36368333333333,-158.16653333333335
2026-02-11T19:14:49Z,21.36368333333333,-158.16653333333335
2026-02-11T19:14:59Z,21.363716666666665,-158.16638333333333
2026-02-11T19:15:09Z,21.363716666666665,-158.16641666666666
2026-02-11T19:15:19Z,21.3637,-158.1664
2026-02-11T19:15:47Z,21.36368333333333,-158.1664
2026-02-11T19:16:07Z,21.36366666666667,-158.1664
2026-02-11T19:16:27Z,21.36365,-158.16638333333333
2026-02-11T19:16:38Z,21.363633333333336,-158.16638333333333
2026-02-11T19:16:58Z,21.363633333333336,-158.16638333333333
2026-02-11T19:17:08Z,21.363616666666665,-158.16638333333333
2026-02-11T19:17:18Z,21.363616666666665,-158.16638333333333
2026-02-11T19:17:28Z,21.363599999999998,-158.16636666666668
2026-02-11T19:17:38Z,21.363599999999998,-158.16636666666668
2026-02-11T19:29:30Z,21.362816666666664,-158.16621666666666
2026-02-11T19:29:40Z,21.3628,-158.16621666666666
2026-02-11T19:29:51Z,21.3628,-158.1662
2026-02-11T19:30:11Z,21.3628,-158.1662
2026-02-11T19:30:21Z,21.3628,-158.1662
2026-02-11T19:30:31Z,21.36293333333333,-158.16616666666667
2026-02-11T19:30:41Z,21.36293333333333,-158.16613333333333
2026-02-11T19:30:51Z,21.3629,-158.16604999999998
2026-02-11T19:31:22Z,21.3629,-158.16603333333333
2026-02-11T19:31:42Z,21.3629,-158.16603333333333
2026-02-11T19:32:02Z,21.3629,-158.16601666666665
2026-02-11T19:32:16Z,21.362883333333336,-158.166
2026-02-11T19:32:36Z,21.362883333333336,-158.166
2026-02-11T19:32:46Z,21.362883333333336,-158.166
2026-02-11T19:32:56Z,21.362883333333336,-158.16598333333334
2026-02-11T19:33:06Z,21.362866666666665,-158.16598333333334
2026-02-11T19:45:35Z,21.36285,-158.16645
2026-02-11T19:45:45Z,21.362833333333334,-158.16645
2026-02-11T19:45:55Z,21.362833333333334,-158.16643333333334
2026-02-11T19:46:15Z,21.362833333333334,-158.16643333333334
2026-02-11T19:46:25Z,21.362833333333334,-158.16643333333334
2026-02-11T19:46:35Z,21.36323333333333,-158.16598333333334
2026-02-11T19:46:45Z,21.36321666666667,-158.16598333333334
2026-02-11T19:46:55Z,21.3631,-158.16603333333333
2026-02-11T19:47:23Z,21.363083333333332,-158.166
2026-02-11T19:47:44Z,21.363083333333332,-158.166
2026-02-11T19:48:04Z,21.363083333333332,-158.16598333333334
2026-02-11T19:48:21Z,21.3631,-158.16595
2026-02-11T19:48:41Z,21.363083333333332,-158.16595
2026-02-11T19:49:01Z,21.363083333333332,-158.16593333333333
2026-02-11T19:49:21Z,21.363083333333332,-158.16591666666667
2026-02-11T19:49:41Z,21.363083333333332,-158.1658833333333
2026-02-11T19:50:06Z,21.36306666666667,-158.1658833333333
2026-02-11T19:50:26Z,21.363083333333332,-158.16584999999998
2026-02-11T19:50:37Z,21.36306666666667,-158.16584999999998
2026-02-11T19:50:57Z,21.36306666666667,-158.16584999999998
2026-02-11T19:51:07Z,21.36306666666667,-158.16583333333335
2026-02-11T19:51:17Z,21.36306666666667,-158.16583333333335
2026-02-11T19:51:27Z,21.36306666666667,-158.16581666666667
2026-02-11T20:03:48Z,21.3632,-158.16691666666665
2026-02-11T20:03:58Z,21.3632,-158.1669
2026-02-11T20:04:08Z,21.3632,-158.1669
2026-02-11T20:04:18Z,21.3632,-158.16688333333335
2026-02-11T20:04:38Z,21.3632,-158.16688333333335
2026-02-11T20:04:48Z,21.3632,-158.16688333333335
2026-02-11T20:04:58Z,21.363083333333332,-158.16661666666667
2026-02-11T20:05:08Z,21.363083333333332,-158.1666
2026-02-11T20:05:18Z,21.363049999999998,-158.16658333333334
2026-02-11T20:05:45Z,21.363049999999998,-158.16655
2026-02-11T20:06:07Z,21.363049999999998,-158.16655
2026-02-11T20:06:27Z,21.363033333333338,-158.16651666666667
2026-02-11T20:06:38Z,21.363033333333338,-158.16649999999998
2026-02-11T20:06:58Z,21.363033333333338,-158.16649999999998
2026-02-11T20:07:08Z,21.363033333333338,-158.16648333333333
2026-02-11T20:07:18Z,21.363033333333338,-158.16648333333333
2026-02-11T20:07:28Z,21.363033333333338,-158.16645
2026-02-11T20:19:21Z,21.36285,-158.16586666666666
2026-02-11T20:19:31Z,21.36285,-158.16584999999998
2026-02-11T20:19:41Z,21.36285,-158.16583333333335
2026-02-11T20:19:51Z,21.362833333333334,-158.16581666666667
2026-02-11T20:20:11Z,21.362833333333334,-158.16581666666667
2026-02-11T20:20:21Z,21.362833333333334,-158.16581666666667
2026-02-11T20:20:31Z,21.362833333333334,-158.16581666666667
2026-02-11T20:20:41Z,21.36263333333333,-158.16626666666667
2026-02-11T20:20:51Z,21.36263333333333,-158.16625000000002
2026-02-11T20:21:01Z,21.362599999999997,-158.16623333333334
2026-02-11T20:21:26Z,21.362583333333337,-158.16618333333332
2026-02-11T20:21:50Z,21.362583333333337,-158.16618333333332
2026-02-11T20:22:12Z,21.362566666666666,-158.16616666666667
2026-02-11T20:22:32Z,21.362566666666666,-158.16615
2026-02-11T20:22:52Z,21.362550000000002,-158.16613333333333
2026-02-11T20:23:12Z,21.36253333333333,-158.16613333333333
2026-02-11T20:23:32Z,21.36251666666667,-158.16611666666668
2026-02-11T20:23:52Z,21.36251666666667,-158.1661
2026-02-11T20:24:12Z,21.3625,-158.1661
2026-02-11T20:24:32Z,21.3625,-158.16608333333335
2026-02-11T20:24:52Z,21.36248333333333,-158.16606666666667
2026-02-11T20:25:12Z,21.36248333333333,-158.16606666666667
2026-02-11T20:25:32Z,21.362466666666666,-158.16606666666667
2026-02-11T20:25:52Z,21.362433333333335,-158.16604999999998
2026-02-11T20:26:12Z,21.362433333333335,-158.16603333333333
2026-02-11T20:26:32Z,21.362416666666665,-158.16601666666665
2026-02-11T20:26:52Z,21.3624,-158.16601666666665
2026-02-11T20:27:12Z,21.362383333333334,-158.16601666666665
2026-02-11T20:27:32Z,21.36236666666667,-158.16601666666665
2026-02-11T20:27:53Z,21.36236666666667,-158.166
2026-02-11T20:28:13Z,21.36235,-158.16598333333334
2026-02-11T20:28:33Z,21.36233333333333,-158.16598333333334
2026-02-11T20:28:53Z,21.36231666666667,-158.16596666666666
2026-02-11T20:29:13Z,21.362299999999998,-158.16596666666666
2026-02-11T20:29:33Z,21.362283333333334,-158.16596666666666
2026-02-11T20:29:53Z,21.362283333333334,-158.16595
2026-02-11T20:30:13Z,21.362266666666663,-158.16595
2026-02-11T20:30:33Z,21.362266666666663,-158.16595
2026-02-11T20:30:53Z,21.362250000000003,-158.16595
2026-02-11T20:31:13Z,21.362233333333332,-158.16595
2026-02-11T20:31:33Z,21.362233333333332,-158.16595
2026-02-11T20:31:53Z,21.362233333333332,-158.16593333333333
2026-02-11T20:32:13Z,21.36221666666667,-158.16591666666667
2026-02-11T20:32:33Z,21.36221666666667,-158.16591666666667
2026-02-11T20:32:53Z,21.36221666666667,-158.16591666666667
2026-02-11T20:33:13Z,21.36221666666667,-158.16591666666667
2026-02-11T20:33:33Z,21.362199999999998,-158.16591666666667
2026-02-11T20:33:53Z,21.362183333333338,-158.1659
2026-02-11T20:34:13Z,21.362183333333338,-158.16591666666667
2026-02-11T20:34:33Z,21.362183333333338,-158.16591666666667
2026-02-11T20:34:53Z,21.362183333333338,-158.16591666666667
2026-02-11T20:35:13Z,21.362183333333338,-158.16591666666667
2026-02-11T20:35:33Z,21.362166666666667,-158.16591666666667
2026-02-11T20:35:53Z,21.362166666666667,-158.1659
2026-02-11T20:36:13Z,21.362166666666667,-158.1659
2026-02-11T20:36:33Z,21.362149999999996,-158.1658833333333
2026-02-11T20:36:53Z,21.362149999999996,-158.1658833333333
2026-02-11T20:37:13Z,21.362149999999996,-158.1658833333333
2026-02-11T20:37:33Z,21.362149999999996,-158.16586666666666
2026-02-11T20:37:53Z,21.362149999999996,-158.16586666666666
2026-02-11T20:38:13Z,21.362149999999996,-158.16586666666666
2026-02-11T20:38:33Z,21.362133333333336,-158.16586666666666
2026-02-11T20:38:54Z,21.362133333333336,-158.16586666666666
2026-02-11T20:39:14Z,21.362133333333336,-158.16584999999998
2026-02-11T20:39:34Z,21.362116666666665,-158.16584999999998
2026-02-11T20:39:54Z,21.362116666666665,-158.16584999999998
2026-02-11T20:40:14Z,21.362116666666665,-158.16583333333335
2026-02-11T20:40:34Z,21.3621,-158.16584999999998
2026-02-11T20:40:54Z,21.3621,-158.16583333333335
2026-02-11T20:41:08Z,21.36208333333333,-158.16583333333335
2026-02-11T20:41:28Z,21.36208333333333,-158.16583333333335
2026-02-11T20:41:48Z,21.36208333333333,-158.16583333333335
2026-02-11T20:42:08Z,21.36208333333333,-158.16583333333335
2026-02-11T20:42:28Z,21.36208333333333,-158.16583333333335
2026-02-11T20:42:48Z,21.36206666666667,-158.16581666666667
2026-02-11T20:43:19Z,21.36206666666667,-158.16581666666667
2026-02-11T20:43:39Z,21.36206666666667,-158.16581666666667
2026-02-11T20:43:59Z,21.36206666666667,-158.16581666666667
2026-02-11T20:44:19Z,21.36206666666667,-158.16581666666667
2026-02-11T20:44:39Z,21.36206666666667,-158.16581666666667
2026-02-11T20:44:59Z,21.36206666666667,-158.16581666666667
2026-02-11T20:45:19Z,21.36205,-158.16581666666667
2026-02-11T20:45:39Z,21.36206666666667,-158.16583333333335
2026-02-11T20:45:59Z,21.36206666666667,-158.16583333333335
2026-02-11T20:46:19Z,21.36206666666667,-158.16584999999998
2026-02-11T20:46:39Z,21.36205,-158.16584999999998
2026-02-11T20:46:59Z,21.362033333333336,-158.16583333333335
2026-02-11T20:47:19Z,21.362033333333336,-158.16583333333335
2026-02-11T20:47:39Z,21.362016666666666,-158.16583333333335
2026-02-11T20:47:59Z,21.362016666666666,-158.16583333333335
2026-02-11T20:48:19Z,21.362016666666666,-158.16583333333335
2026-02-11T20:48:39Z,21.362016666666666,-158.16581666666667
2026-02-11T20:48:59Z,21.362016666666666,-158.16581666666667
2026-02-11T20:49:19Z,21.362,-158.16581666666667
2026-02-11T20:49:39Z,21.362,-158.16581666666667
2026-02-11T20:49:59Z,21.362016666666666,-158.16583333333335
2026-02-11T20:50:19Z,21.362016666666666,-158.16583333333335
2026-02-11T20:50:39Z,21.362016666666666,-158.16581666666667
2026-02-11T20:50:59Z,21.362,-158.16581666666667
2026-02-11T20:51:19Z,21.362,-158.16581666666667
2026-02-11T20:51:39Z,21.362,-158.16581666666667
2026-02-11T20:51:59Z,21.362,-158.16581666666667
2026-02-11T20:52:19Z,21.362,-158.16583333333335
2026-02-11T20:52:40Z,21.362,-158.16583333333335
2026-02-11T20:53:00Z,21.362,-158.16583333333335
2026-02-11T20:53:20Z,21.361983333333335,-158.16584999999998
2026-02-11T20:53:40Z,21.362,-158.16586666666666
2026-02-11T20:54:00Z,21.362,-158.16586666666666
2026-02-11T20:54:20Z,21.36195,-158.16586666666666
2026-02-11T20:54:40Z,21.361966666666664,-158.16608333333335
2026-02-11T20:55:03Z,21.361983333333335,-158.16611666666668
2026-02-11T20:55:24Z,21.36206666666667,-158.16621666666666
2026-02-11T20:55:44Z,21.362149999999996,-158.1663333333333
2026-02-11T20:56:04Z,21.36221666666667,-158.16645
2026-02-11T20:56:24Z,21.362283333333334,-158.16658333333334
2026-02-11T20:56:44Z,21.36231666666667,-158.16673333333335
2026-02-11T20:57:04Z,21.36233333333333,-158.16701666666668
2026-02-11T20:57:29Z,21.36233333333333,-158.16715000000002
2026-02-11T20:57:47Z,21.36233333333333,-158.16726666666668
2026-02-11T20:58:07Z,21.36231666666667,-158.16743333333335
2026-02-11T20:58:27Z,21.36231666666667,-158.16753333333332
2026-02-11T20:58:46Z,21.362299999999998,-158.16768333333331
2026-02-11T20:59:09Z,21.362283333333334,-158.16781666666665
2026-02-11T20:59:33Z,21.362266666666663,-158.168
2026-02-11T20:59:59Z,21.362116666666665,-158.16796666666667
2026-02-11T21:00:14Z,21.362033333333336,-158.16791666666668
2026-02-11T21:00:34Z,21.361716666666666,-158.16763333333336
2026-02-11T21:00:54Z,21.361283333333336,-158.16721666666666
2026-02-11T21:01:14Z,21.360683333333334,-158.1667833333333
2026-02-11T21:01:34Z,21.360133333333337,-158.16626666666667
2026-02-11T21:01:54Z,21.359533333333335,-158.16573333333332
2026-02-11T21:02:14Z,21.358816666666666,-158.16508333333334
2026-02-11T21:02:34Z,21.358483333333332,-158.16478333333333
2026-02-11T21:02:54Z,21.357883333333334,-158.16436666666667
2026-02-11T21:03:14Z,21.357466666666664,-158.16415
2026-02-11T21:03:34Z,21.356949999999998,-158.16379999999998
2026-02-11T21:03:54Z,21.356466666666666,-158.1634666666667
2026-02-11T21:04:03Z,21.35621666666667,-158.16328333333334
2026-02-11T21:04:24Z,21.354733333333336,-158.16216666666665
2026-02-11T21:04:56Z,21.353383333333333,-158.16135
2026-02-11T21:05:35Z,21.3526,-158.16093333333336
2026-02-11T21:05:58Z,21.352416666666667,-158.16083333333333
2026-02-11T21:06:18Z,21.35171666666667,-158.16046666666668
2026-02-11T21:06:38Z,21.351249999999997,-158.16019999999997
2026-02-11T21:06:58Z,21.350916666666663,-158.16004999999998
2026-02-11T21:07:18Z,21.350466666666662,-158.15976666666666
2026-02-11T21:07:38Z,21.34985,-158.15948333333333
2026-02-11T21:07:58Z,21.34883333333333,-158.15908333333334
2026-02-11T21:08:15Z,21.348316666666665,-158.15893333333332
2026-02-11T21:08:35Z,21.34753333333333,-158.15875
2026-02-11T21:08:55Z,21.34668333333333,-158.15851666666669
2026-02-11T21:09:15Z,21.345866666666666,-158.15826666666666
2026-02-11T21:09:35Z,21.345016666666666,-158.15806666666668
2026-02-11T21:09:55Z,21.3442,-158.1579
2026-02-11T21:10:15Z,21.342383333333334,-158.1574
2026-02-11T21:10:45Z,21.342233333333336,-158.15736666666666
2026-02-11T21:11:03Z,21.341466666666665,-158.15718333333334
2026-02-11T21:11:24Z,21.34068333333333,-158.1569333333333
2026-02-11T21:11:44Z,21.339866666666662,-158.15661666666668
2026-02-11T21:12:04Z,21.3391,-158.15635
2026-02-11T21:12:24Z,21.338416666666664,-158.1561
2026-02-11T21:12:44Z,21.337716666666665,-158.15581666666668
2026-02-11T21:13:04Z,21.336783333333333,-158.15565
2026-02-11T21:13:44Z,21.336566666666666,-158.15598333333335
2026-02-11T21:14:11Z,21.336433333333336,-158.15608333333333
2026-02-11T21:14:32Z,21.336383333333334,-158.15615
2026-02-11T21:14:53Z,21.33608333333333,-158.1566
2026-02-11T21:15:13Z,21.335800000000003,-158.15715
2026-02-11T21:15:33Z,21.33546666666667,-158.15793333333335
2026-02-11T21:15:53Z,21.3352,-158.15866666666668
2026-02-11T21:16:13Z,21.334833333333336,-158.15951666666666
2026-02-11T21:16:33Z,21.33443333333333,-158.1603166666667
2026-02-11T21:16:53Z,21.333466666666663,-158.16188333333332
2026-02-11T21:17:33Z,21.332783333333335,-158.16325
2026-02-11T21:18:06Z,21.332366666666665,-158.16391666666667
2026-02-11T21:18:23Z,21.332083333333337,-158.1645
2026-02-11T21:18:44Z,21.331833333333332,-158.16535000000002
2026-02-11T21:19:09Z,21.331750000000003,-158.1655
2026-02-11T21:19:29Z,21.331633333333336,-158.16573333333332
2026-02-11T21:20:01Z,21.331466666666664,-158.16578333333334
2026-02-11T21:20:27Z,21.331133333333334,-158.16561666666666
2026-02-11T21:20:51Z,21.330916666666667,-158.1654333333333
2026-02-11T21:21:11Z,21.33066666666667,-158.16526666666667
2026-02-11T21:21:31Z,21.330183333333334,-158.16514999999998
2026-02-11T21:22:11Z,21.330133333333333,-158.16513333333333
2026-02-11T21:22:31Z,21.330033333333336,-158.1649833333333
2026-02-11T21:22:51Z,21.32978333333333,-158.16486666666665
2026-02-11T21:23:18Z,21.329616666666666,-158.16495
2026-02-11T21:23:43Z,21.329533333333334,-158.16496666666666
2026-02-11T21:24:04Z,21.329033333333335,-158.16508333333334
2026-02-11T21:24:24Z,21.328683333333334,-158.16521666666668
2026-02-11T21:24:44Z,21.328599999999998,-158.16511666666665
2026-02-11T21:25:04Z,21.328633333333332,-158.16514999999998
2026-02-11T21:25:24Z,21.328599999999998,-158.16523333333333
2026-02-11T21:25:44Z,21.328533333333333,-158.16531666666666
2026-02-11T21:26:04Z,21.3283,-158.1653
2026-02-11T21:26:34Z,21.3282,-158.16533333333334
2026-02-11T21:26:54Z,21.32803333333333,-158.16535000000002
2026-02-11T21:27:18Z,21.3279,-158.16536666666667
2026-02-11T21:27:44Z,21.327749999999998,-158.1654
2026-02-11T21:28:12Z,21.327733333333338,-158.16541666666666
2026-02-11T21:28:28Z,21.327666666666666,-158.1654333333333
2026-02-11T21:28:48Z,21.3276,-158.1654
2026-02-11T21:29:08Z,21.327566666666666,-158.16535000000002
2026-02-11T21:29:28Z,21.327549999999995,-158.16518333333335
2026-02-11T21:29:48Z,21.327566666666666,-158.16501666666667
2026-02-11T21:30:08Z,21.327533333333335,-158.16488333333334
2026-02-11T21:30:28Z,21.327533333333335,-158.16395
2026-02-11T21:31:08Z,21.327566666666666,-158.16321666666667
2026-02-11T21:31:28Z,21.327583333333337,-158.16285000000002
2026-02-11T21:31:35Z,21.327583333333337,-158.16265
2026-02-11T21:31:55Z,21.3276,-158.16206666666668
2026-02-11T21:32:03Z,21.3276,-158.16188333333332
2026-02-11T21:32:23Z,21.327783333333333,-158.16026666666667
2026-02-11T21:33:00Z,21.327800000000003,-158.16013333333333
2026-02-11T21:33:28Z,21.32795,-158.15925000000001
2026-02-11T21:33:48Z,21.328133333333334,-158.15856666666664
2026-02-11T21:34:08Z,21.32821666666667,-158.1578
2026-02-11T21:34:28Z,21.3283,-158.15706666666668
2026-02-11T21:34:48Z,21.328233333333333,-158.1564
2026-02-11T21:35:08Z,21.328133333333334,-158.15566666666666
2026-02-11T21:35:28Z,21.3282,-158.15398333333331
2026-02-11T21:36:08Z,21.328250000000004,-158.15324999999999
2026-02-11T21:36:28Z,21.328283333333335,-158.15265
2026-02-11T21:36:35Z,21.328250000000004,-158.1524
2026-02-11T21:36:55Z,21.328149999999997,-158.15168333333335
2026-02-11T21:37:15Z,21.328133333333334,-158.15103333333334
2026-02-11T21:37:35Z,21.32831666666667,-158.15008333333333
2026-02-11T21:37:55Z,21.32838333333333,-158.14964999999998
2026-02-11T21:38:15Z,21.32848333333333,-158.14896666666667
2026-02-11T21:38:35Z,21.328550000000003,-158.14826666666667
2026-02-11T21:38:42Z,21.328583333333334,-158.14803333333333
2026-02-11T21:38:50Z,21.32876666666667,-158.1464
2026-02-11T21:39:51Z,21.328833333333332,-158.14556666666667
2026-02-11T21:39:58Z,21.328816666666665,-158.14533333333333
2026-02-11T21:40:18Z,21.328916666666668,-158.14356666666666
2026-02-11T21:40:56Z,21.328983333333333,-158.14291666666668
2026-02-11T21:41:13Z,21.328999999999997,-158.1427666666667
2026-02-11T21:41:34Z,21.329033333333335,-158.14203333333336
2026-02-11T21:41:54Z,21.328983333333333,-158.14135
2026-02-11T21:42:14Z,21.32876666666667,-158.14065
2026-02-11T21:42:34Z,21.328400000000002,-158.14005
2026-02-11T21:42:54Z,21.327683333333333,-158.13966666666664
2026-02-11T21:43:14Z,21.327066666666664,-158.13931666666667
2026-02-11T21:43:34Z,21.32543333333333,-158.13841666666667
2026-02-11T21:44:14Z,21.32456666666667,-158.13791666666665
2026-02-11T21:44:28Z,21.324366666666666,-158.1378
2026-02-11T21:44:48Z,21.323166666666665,-158.13688333333332
2026-02-11T21:45:13Z,21.322566666666663,-158.13641666666666
2026-02-11T21:45:33Z,21.32163333333333,-158.13569999999999
2026-02-11T21:45:57Z,21.32078333333333,-158.13491666666667
2026-02-11T21:46:23Z,21.320283333333336,-158.13438333333335
2026-02-11T21:46:40Z,21.31976666666667,-158.13383333333334
2026-02-11T21:46:57Z,21.319433333333336,-158.13340000000002
2026-02-11T21:47:17Z,21.318399999999997,-158.132
2026-02-11T21:48:01Z,21.31716666666667,-158.1295
2026-02-11T21:49:08Z,21.317066666666665,-158.1293
2026-02-11T21:49:35Z,21.317050000000002,-158.12818333333334
2026-02-11T21:49:55Z,21.317516666666666,-158.12751666666665
2026-02-11T21:50:15Z,21.318083333333334,-158.12686666666664
2026-02-11T21:50:35Z,21.31865,-158.12618333333333
2026-02-11T21:50:55Z,21.319400000000005,-158.12536666666668
2026-02-11T21:51:15Z,21.320133333333334,-158.12460000000002
2026-02-11T21:51:36Z,21.321683333333333,-158.12286666666665
2026-02-11T21:52:16Z,21.322266666666664,-158.12201666666667
2026-02-11T21:52:36Z,21.322499999999998,-158.12168333333332
2026-02-11T21:52:43Z,21.322583333333334,-158.12151666666665
2026-02-11T21:53:03Z,21.322499999999998,-158.12101666666666
2026-02-11T21:53:23Z,21.322133333333333,-158.12071666666668
2026-02-11T21:53:43Z,21.321616666666667,-158.1205
2026-02-11T21:54:03Z,21.321466666666666,-158.12043333333335
2026-02-11T21:54:23Z,21.321316666666668,-158.12033333333332
2026-02-11T21:54:52Z,21.321299999999997,-158.12033333333332
2026-02-11T21:55:12Z,21.321316666666668,-158.12033333333332
2026-02-11T21:55:27Z,21.321316666666668,-158.12033333333332
2026-02-11T21:55:47Z,21.321316666666668,-158.12033333333332
2026-02-11T21:56:07Z,21.321316666666668,-158.12033333333332
2026-02-11T21:56:27Z,21.321316666666668,-158.12033333333332
2026-02-11T21:56:47Z,21.321316666666668,-158.12033333333332
2026-02-11T21:57:07Z,21.321316666666668,-158.12033333333332
2026-02-11T21:57:27Z,21.321316666666668,-158.12035
2026-02-11T21:57:56Z,21.321233333333332,-158.12031666666664
2026-02-11T21:58:21Z,21.32121666666667,-158.12031666666664
2026-02-11T21:58:46Z,21.321183333333337,-158.12030000000001
2026-02-11T21:59:06Z,21.321183333333337,-158.12030000000001
