profile_index,profile_direction,profile_phase,start_time,end_time,start_depth,end_depth,min_depth,max_depth,depth_range,min_lon,max_lon,min_lat,max_lat,distance_traveled,num_points,time_at_surface_s,profile_duration_s
0.5,0.0,surfacing,2026-01-28 23:55:32.630000128,2026-01-28 23:58:40.063000064,0.0,0.0,0.0,2.9565601348876953,2.9565601348876953,-158.14806833333665,-158.14793666666995,21.204078332718154,21.20422833271817,,226,187,187.432999936
1.0,1.0,descent,2026-01-28 23:58:40.382999808,2026-01-29 00:01:12.382999808,0.6218595504760742,29.729249954223633,0.6218595504760742,29.729249954223633,29.10739040374756,-158.14812069760043,-158.14798333333664,21.2035981718622,21.204073332718146,,188,16,152.0
1.5,0.0,inflection,2026-01-29 00:01:13.027000064,2026-01-29 00:01:21.032000000,30.0783634185791,29.903806686401367,29.663789749145508,30.0783634185791,0.41457366943359375,-158.14810889997173,-158.14808769971012,21.203559178928337,21.20359080199231,,11,0,8.004999936
2.0,-1.0,ascent,2026-01-29 00:01:21.382999808,2026-01-29 00:04:04.540999936,29.751070022583008,2.389249801635742,2.389249801635742,29.751070022583008,27.361820220947266,-158.14808144388851,-158.14801504865954,21.203453710503013,21.203549656675243,,203,8,163.158000128
2.5,0.0,surfacing,2026-01-29 00:04:05.308999936,2026-01-29 00:15:13.065999872,0.0,0.0,0.0,4.133840560913086,4.133840560913086,-158.1477633333366,-158.14649833333667,21.202019999384575,21.203204999384713,,641,667,667.756999936
3.0,1.0,descent,2026-01-29 00:15:13.769999872,2026-01-29 00:20:14.769999872,0.24830329418182373,59.470001220703125,0.24830329418182373,59.470001220703125,59.2216979265213,-158.14648166666998,-158.14638855073434,21.20138493527567,21.201996666051233,,374,20,301.0
3.5,0.0,inflection,2026-01-29 00:20:15.085999872,2026-01-29 00:20:35.181999872,59.97206497192383,60.43047332763672,59.75377655029297,60.43047332763672,0.67669677734375,-158.14641167448994,-158.14635666019987,21.201312980743182,21.20138569205795,,26,0,20.096
4.0,-1.0,ascent,2026-01-29 00:20:35.769999872,2026-01-29 00:25:26.680000000,60.08121109008789,1.994612216949463,1.994612216949463,60.08121109008789,58.08659887313843,-158.1464176129002,-158.1462879928916,21.2009729683237,21.201304560363315,,362,8,290.910000128
4.5,0.0,surfacing,2026-01-29 00:25:27.548999936,2026-01-29 00:31:46.044000000,0.0,0.0,0.0,2.5637269020080566,2.5637269020080566,-158.14682000000332,-158.14670333333666,21.201139999384456,21.201254999384492,,426,378,378.495000064
5.0,1.0,descent,2026-01-29 00:31:46.520000000,2026-01-29 00:44:57.897000192,2.323718547821045,108.14563751220703,0.0,108.14563751220703,108.14563751220703,-158.14618770202134,-158.1455608272434,21.199690921442446,21.200299999384363,,831,204,791.377000192
5.5,0.0,inflection,2026-01-29 00:44:58.854000128,2026-01-29 00:45:22.888000000,108.66929626464844,108.66929626464844,108.45110321044922,108.77838897705078,0.3272857666015625,-158.1461958257076,-158.1461597390423,21.199666769167987,21.19973074366431,,31,0,24.033999872
6.0,-1.0,ascent,2026-01-29 00:45:22.897000192,2026-01-29 00:56:02.913000192,108.29837036132812,0.05454738065600395,0.05454738065600395,108.29837036132812,108.24382298067212,-158.14687989395458,-158.14614870130796,21.199276124522104,21.199659932371414,,799,56,640.016
6.5,0.0,surfacing,2026-01-29 00:56:03.812000000,2026-01-29 01:07:05.078000128,0.0,0.0,0.0,3.82922625541687,3.82922625541687,-158.14722000000333,-158.14597833333667,21.198779999384175,21.19961166605095,,602,661,661.266000128
7.0,1.0,descent,2026-01-29 01:07:06.000000000,2026-01-29 01:24:28.000000000,0.5294912457466125,206.97650146484375,0.5294912457466125,206.97650146484375,206.44701021909714,-158.14800749179093,-158.14592075969682,21.198353742246788,21.198781666050845,,1301,20,1042.0
7.5,0.0,inflection,2026-01-29 01:24:28.880999936,2026-01-29 01:24:44.911000064,207.1511688232422,207.6096954345703,207.1511688232422,207.63153076171875,0.4803619384765625,-158.14801914322638,-158.14799951137425,21.198319967643155,21.198356934679897,,21,0,16.030000128
8.0,-1.0,ascent,2026-01-29 01:24:45.000000000,2026-01-29 01:42:49.752999936,207.41319274902344,0.9661850929260254,0.9661850929260254,207.41319274902344,206.4470076560974,-158.1502931694233,-158.147997613788,21.197862811173355,21.198313474772135,,1353,32,1084.752999936
8.5,0.0,surfacing,2026-01-29 01:42:50.648999936,2026-01-29 01:50:20.858000128,0.0,0.0,0.0,3.842586040496826,3.842586040496826,-158.1511350000033,-158.15101333333664,21.199468332717608,21.199556666050945,,496,450,450.209000192
9.0,1.0,descent,2026-01-29 01:50:21.528999936,2026-01-29 02:21:36.328999936,4.322568416595459,305.0969543457031,0.0,305.0969543457031,305.0969543457031,-158.15409112922188,-158.14990000000333,21.198596884415224,21.19888499938421,,2207,192,1874.8
9.5,0.0,inflection,2026-01-29 02:21:36.540000000,2026-01-29 02:22:08.604999936,305.40240478515625,305.9478454589844,305.40240478515625,306.29693603515625,0.89453125,-158.1541107508597,-158.15409581223318,21.19864567217208,21.198675855715184,,41,0,32.064999936
10.0,-1.0,ascent,2026-01-29 02:22:09.328999936,2026-01-29 02:48:26.412000000,305.6642150878906,0.06817930936813354,0.06817930936813354,305.6642150878906,305.5960357785225,-158.15869573694835,-158.15410610589234,21.198246108642653,21.198642441606452,,1968,56,1577.083000064
10.5,0.0,surfacing,2026-01-29 02:48:27.342999808,2026-01-29 02:59:38.045000192,0.0,0.0,0.0,3.794694423675537,3.794694423675537,-158.15946333333662,-158.15889333333664,21.199238332717567,21.19995833271765,,591,670,670.702000384
11.0,1.0,descent,2026-01-29 02:59:38.384999936,2026-01-29 03:50:34.384999936,0.3464602530002594,503.4831237792969,0.3464602530002594,503.4831237792969,503.1366635262966,-158.16755739265722,-158.15890166666998,21.19841351029419,21.1992316660509,,3816,24,3056.0
11.5,0.0,inflection,2026-01-29 03:50:34.793999872,2026-01-29 03:50:46.874000128,503.89776611328125,503.8541259765625,503.5267639160156,503.89776611328125,0.371002197265625,-158.16755647677454,-158.16755509694391,21.19840202915543,21.198410649122646,,16,0,12.080000256
12.0,-1.0,ascent,2026-01-29 03:50:47.384999936,2026-01-29 04:36:13.700000000,503.39581298828125,0.32463598251342773,0.32463598251342773,503.39581298828125,503.0711770057678,-158.17638771362888,-158.16756673163,21.197741819940326,21.19839996058469,,3405,60,2726.315000064
12.5,0.0,surfacing,2026-01-29 04:36:14.624999936,2026-01-29 04:50:14.059000064,0.0,0.0,0.0,4.128176212310791,4.128176212310791,-158.17776000000322,-158.1761816666699,21.201388332717823,21.201499999384495,,734,839,839.434000128
13.0,1.0,descent,2026-01-29 04:50:14.572999936,2026-01-29 06:02:28.572999936,0.5313494205474854,705.4222412109375,0.5313494205474854,705.4222412109375,704.89089179039,-158.18980209531745,-158.1761433333365,21.20032407087264,21.201513496811298,,5411,20,4334.0
13.5,0.0,inflection,2026-01-29 06:02:29.116000000,2026-01-29 06:02:29.116000000,705.4440307617188,705.4440307617188,705.4440307617188,705.4440307617188,0.0,-158.18980276414288,-158.18980276414288,21.200323771576578,21.200323771576578,0.0,1,0,0.0
14.0,-1.0,ascent,2026-01-29 06:02:29.572999936,2026-01-29 07:06:25.755000064,705.1388549804688,0.8801326155662537,0.8801326155662537,705.1388549804688,704.2587223649025,-158.20323997851796,-158.1898034331354,21.19878078433692,21.200323472205717,,4792,56,3836.182000128
14.5,0.0,surfacing,2026-01-29 07:06:26.668000000,2026-01-29 07:21:34.064000000,0.0,0.0,0.0,6.933979034423828,6.933979034423828,-158.19955666666985,-158.19624166666986,21.196516666050538,21.197071666050615,,811,907,907.396
15.0,1.0,descent,2026-01-29 07:21:34.428999936,2026-01-29 08:56:21.428999936,0.8709214925765991,903.4622802734375,0.8709214925765991,903.4622802734375,902.5913587808609,-158.21099883889937,-158.19612333333654,21.195335175155673,21.197026666050608,,7103,20,5687.0
15.5,0.0,inflection,2026-01-29 08:56:22.260999936,2026-01-29 08:56:46.280999936,903.5933227539062,903.5496215820312,903.5059814453125,903.6806640625,0.1746826171875,-158.21101526577505,-158.21101041536193,21.195327315353993,21.19533535146972,,31,0,24.02
16.0,-1.0,ascent,2026-01-29 08:56:46.428999936,2026-01-29 10:25:40.304000000,903.2220458984375,0.3904130756855011,0.3904130756855011,903.2220458984375,902.831632822752,-158.22675199740084,-158.2110058808513,21.193761280927642,21.195325854989058,,6661,60,5333.875000064
16.5,0.0,surfacing,2026-01-29 10:25:41.232000000,2026-01-29 10:44:02.145999872,0.0,0.0,0.0,3.5396249294281006,3.5396249294281006,-158.22839000000315,-158.2251766666698,21.193413332716805,21.194296666050263,,669,1100,1100.913999872
17.0,1.0,descent,2026-01-29 10:44:03.000000000,2026-01-29 12:26:27.040999936,0.37388482689857483,903.8106079101562,0.37388482689857483,903.8106079101562,903.4367230832577,-158.24111706065412,-158.22512666666975,21.1920378280754,21.193511854016826,,7674,20,6144.040999936
17.5,0.0,inflection,2026-01-29 12:26:27.339000064,2026-01-29 12:26:27.339000064,903.9197998046875,903.9197998046875,903.9197998046875,903.9197998046875,0.0,-158.24111603358463,-158.24111603358463,21.192036563392588,21.192036563392588,0.0,1,0,0.0
18.0,-1.0,ascent,2026-01-29 12:26:28.040999936,2026-01-29 13:57:46.078000128,903.8106079101562,1.2253597974777222,1.2253597974777222,903.8106079101562,902.5852481126785,-158.25762201204464,-158.24111363791616,21.190639908153898,21.192035299341644,,6841,56,5478.037000192
18.5,0.0,surfacing,2026-01-29 13:57:46.927000064,2026-01-29 14:15:30.503000064,0.0,0.0,0.0,5.418715953826904,5.418715953826904,-158.25658000000303,-158.2547566666697,21.194644999383613,21.196238332717137,,1052,1063,1063.576
19.0,1.0,descent,2026-01-29 14:15:31.132999936,2026-01-29 15:58:50.132999936,0.33798831701278687,903.2683715820312,0.33798831701278687,903.2683715820312,902.9303832650185,-158.269690762388,-158.2546966666697,21.192855082790803,21.19464206721875,,7742,28,6199.0
19.5,0.0,inflection,2026-01-29 15:58:50.831000064,2026-01-29 15:58:58.841000192,903.3338012695312,903.399169921875,903.3119506835938,903.399169921875,0.08721923828125,-158.26968835334296,-158.26968714791735,21.1928581554356,21.1928596929098,,11,0,8.010000128
20.0,-1.0,ascent,2026-01-29 15:58:59.132999936,2026-01-29 17:36:29.779000064,903.2901611328125,0.07631994783878326,0.07631994783878326,903.2901611328125,903.2138411849737,-158.28546440047447,-158.26968413608407,21.190573628249574,21.19286353438763,,7305,84,5850.646000128
20.5,0.0,surfacing,2026-01-29 17:36:30.728000000,2026-01-29 17:48:36.069999872,0.0,0.0,0.0,3.1155216693878174,3.1155216693878174,-158.2853866666696,-158.28404166666962,21.18597166604922,21.18635333271593,,714,725,725.341999872
21.0,1.0,descent,2026-01-29 17:48:37.000000000,2026-01-29 19:41:59.000000000,0.2047509253025055,901.3709106445312,0.2047509253025055,901.3709106445312,901.1661597192287,-158.29951893101858,-158.28403000000293,21.185593248751978,21.186059670972426,,8494,28,6802.0
21.5,0.0,inflection,2026-01-29 19:41:59.884000000,2026-01-29 19:42:15.894000128,901.698486328125,901.8295288085938,901.5674438476562,901.8295288085938,0.2620849609375,-158.29953297498832,-158.29952870971448,21.185593415905213,21.185595355703125,,21,0,16.010000128
22.0,-1.0,ascent,2026-01-29 19:42:16.000000000,2026-01-29 21:24:27.252000000,901.7858276367188,0.051870234310626984,0.051870234310626984,901.7858276367188,901.7339574024081,-158.3154476334429,-158.29952798338834,21.18503124655722,21.185601460455874,,7657,88,6131.252
22.5,0.0,surfacing,2026-01-29 21:24:28.243000064,2026-01-29 21:39:40.398999808,0.0,0.0,0.0,3.971451759338379,3.971451759338379,-158.31747833333614,-158.31482666666946,21.18028833271519,21.18054333271522,,770,912,912.155999744
23.0,1.0,descent,2026-01-29 21:39:41.000000000,2026-01-29 22:00:18.000000000,0.523707926273346,202.45675659179688,0.523707926273346,202.45675659179688,201.93304866552353,-158.31767657825563,-158.3147350000028,21.1804171627317,21.18202513272644,,1545,32,1237.0
23.5,0.0,inflection,2026-01-29 22:00:18.056000000,2026-01-29 22:00:26.062000128,202.80589294433594,202.8277130126953,202.71861267089844,202.8277130126953,0.109100341796875,-158.31767738042046,-158.31767684562163,21.182014391104644,21.182018687860726,,11,0,8.006000128
24.0,-1.0,ascent,2026-01-29 22:00:27.000000000,2026-01-29 22:29:52.112000000,202.58767700195312,1.571123719215393,1.571123719215393,202.58767700195312,201.01655328273773,-158.32053462695976,-158.31767764771968,21.182006554748455,21.18323613897059,,2204,64,1765.112
24.5,0.0,surfacing,2026-01-29 22:29:53.024000000,2026-01-29 22:39:40.056000000,0.0,0.0,0.0,3.6659553050994873,3.6659553050994873,-158.31655333333615,-158.3150050000028,21.184879999382407,21.184969999382414,,665,587,587.032
25.0,1.0,descent,2026-01-29 22:39:41.000000000,2026-01-29 23:00:03.000000000,0.24003279209136963,202.69677734375,0.24003279209136963,202.69677734375,202.45674455165863,-158.31716168506216,-158.3149433333361,21.184931439689482,21.185158389341435,,1526,36,1222.0
25.5,0.0,inflection,2026-01-29 23:00:03.473999872,2026-01-29 23:00:23.500000000,202.78407287597656,202.3694610595703,202.3694610595703,202.78407287597656,0.41461181640625,-158.317142904411,-158.31712774595601,21.185114659934236,21.185119198412174,,26,0,20.026000128
26.0,-1.0,ascent,2026-01-29 23:00:24.000000000,2026-01-29 23:29:17.055000064,202.17308044433594,1.592944860458374,1.592944860458374,202.17308044433594,200.58013558387756,-158.3188776410917,-158.31712532002453,21.185043629091396,21.185194660522946,,2163,60,1733.055000064
26.5,0.0,surfacing,2026-01-29 23:29:17.940999936,2026-01-29 23:40:45.081000192,0.0,0.0,0.0,4.407875061035156,4.407875061035156,-158.31876166666947,-158.3173600000028,21.183151666048865,21.1834716660489,,638,687,687.140000256
27.0,1.0,descent,2026-01-29 23:40:45.727000064,2026-01-30 02:13:13.727000064,0.523707926273346,971.6527709960938,0.523707926273346,971.6527709960938,971.1290630698204,-158.3228307048002,-158.31731355136608,21.183092011116432,21.184647379712,,11425,40,9148.0
27.5,0.0,inflection,2026-01-30 02:13:14.253999872,2026-01-30 02:13:26.334000128,971.674560546875,971.6527709960938,971.609130859375,971.674560546875,0.0654296875,-158.32282181804868,-158.3228084379842,21.184622322295507,21.184627979551426,,16,0,12.080000256
28.0,-1.0,ascent,2026-01-30 02:13:26.727000064,2026-01-30 03:52:05.457999872,971.5436401367188,1.6147661209106445,1.6147661209106445,971.5436401367188,969.9288740158081,-158.3235275281958,-158.3225619212557,21.184620754776134,21.1974052956367,,7391,57,5918.730999808
28.5,0.0,surfacing,2026-01-30 03:52:06.397000192,2026-01-30 04:11:41.068999936,0.0,0.0,0.0,4.23330545425415,4.23330545425415,-158.33940666666936,-158.3380950000027,21.206258332718303,21.207609999385127,,1095,1174,1174.671999744
29.0,1.0,descent,2026-01-30 04:11:41.752000000,2026-01-30 06:27:19.752000000,0.049143385142087936,971.6466064453125,0.049143385142087936,971.6466064453125,971.5974630601704,-158.33827937749513,-158.33538294639354,21.206223332718302,21.223902948216217,,10162,32,8138.0
29.5,0.0,inflection,2026-01-30 06:27:20.176000000,2026-01-30 06:27:36.192000000,971.6903076171875,971.8213500976562,971.6466064453125,971.8213500976562,0.17474365234375,-158.33538339273298,-158.33538294014016,21.22390801090233,21.22391161234106,,21,0,16.016
30.0,-1.0,ascent,2026-01-30 06:27:36.752000000,2026-01-30 08:15:08.176000000,971.7339477539062,0.9883280396461487,0.9883280396461487,971.7339477539062,970.7456197142601,-158.3353839586366,-158.33281686306137,21.22391251579398,21.24209626053044,,8057,68,6451.424
30.5,0.0,surfacing,2026-01-30 08:15:09.028000000,2026-01-30 08:30:35.064000000,0.0,0.0,0.0,4.356957912445068,4.356957912445068,-158.32856000000274,-158.3251866666694,21.237518332722075,21.237948332722112,,735,926,926.036
31.0,1.0,descent,2026-01-30 08:30:36.000000000,2026-01-30 10:29:27.000000000,0.3192010521888733,971.9781494140625,0.3192010521888733,971.9781494140625,971.6589483618736,-158.32519731543647,-158.32362052245207,21.23749666605539,21.253445418210763,,8908,28,7131.0
31.5,0.0,inflection,2026-01-30 10:29:27.614000128,2026-01-30 10:29:43.624000000,972.0435791015625,972.0872802734375,972.0435791015625,972.2400512695312,0.19647216796875,-158.32363608606343,-158.32363259926598,21.253444077423357,21.25344497111408,,21,0,16.009999872
32.0,-1.0,ascent,2026-01-30 10:29:44.000000000,2026-01-30 12:23:55.913000192,971.9126586914062,1.3450095653533936,1.3450095653533936,971.9126586914062,970.5676491260529,-158.32363281321085,-158.32230098318863,21.253443406917896,21.26990159726664,,8555,68,6851.913000192
32.5,0.0,surfacing,2026-01-30 12:23:56.849999872,2026-01-30 12:34:08.063000064,0.0,0.0,0.0,2.1349236965179443,2.1349236965179443,-158.32122500000278,-158.32019000000278,21.264041666058613,21.26610999939218,,660,611,611.213000192
33.0,1.0,descent,2026-01-30 12:34:09.000000000,2026-01-30 14:28:33.000000000,0.4313528835773468,971.61962890625,0.4313528835773468,971.61962890625,971.1882760226727,-158.32036926576163,-158.3189270325219,21.26393807443867,21.277938087769122,,8572,24,6864.0
33.5,0.0,inflection,2026-01-30 14:28:33.513999872,2026-01-30 14:28:41.519000064,971.6851806640625,971.5977783203125,971.575927734375,971.6851806640625,0.1092529296875,-158.3189259213608,-158.31892369959405,21.277934578308685,21.277936917754026,,11,0,8.005000192
34.0,-1.0,ascent,2026-01-30 14:28:42.000000000,2026-01-30 16:20:01.441999872,971.5104370117188,0.3658309280872345,0.3658309280872345,971.5104370117188,971.1446060836315,-158.31895206205886,-158.31797741595892,21.27792872794061,21.292499907910177,,8340,88,6679.441999872
34.5,0.0,surfacing,2026-01-30 16:20:02.358000128,2026-01-30 16:30:18.051000064,0.0,0.0,0.0,3.7355949878692627,3.7355949878692627,-158.32134500000274,-158.32129833333605,21.296324999395832,21.29688333272924,,578,615,615.692999936
35.0,1.0,descent,2026-01-30 16:30:19.000000000,2026-01-30 18:30:44.000000000,0.04638795554637909,971.8140258789062,0.04638795554637909,971.8140258789062,971.7676379233599,-158.32143146969966,-158.31949006592095,21.296286666062496,21.312580625592627,,9022,32,7225.0
35.5,0.0,inflection,2026-01-30 18:30:44.594000128,2026-01-30 18:31:00.605999872,971.9450073242188,971.9668579101562,971.8795166015625,971.9668579101562,0.08734130859375,-158.31948994542032,-158.31948946347802,21.312580804211084,21.312581518595607,,21,0,16.011999744
36.0,-1.0,ascent,2026-01-30 18:31:01.000000000,2026-01-30 20:23:11.770999808,971.8358764648438,1.596291422843933,1.596291422843933,971.8358764648438,970.2395850419998,-158.319491837948,-158.31806578339845,21.31258169721406,21.329338960866288,,8400,64,6730.770999808
36.5,0.0,surfacing,2026-01-30 20:23:12.664000000,2026-01-30 20:34:12.063000064,0.0,0.0,0.0,4.106698513031006,4.106698513031006,-158.31871000000274,-158.31734500000275,21.32673166606618,21.326881666066203,,601,659,659.399000064
37.0,1.0,descent,2026-01-30 20:34:12.211000064,2026-01-30 22:28:26.211000064,0.8381137847900391,971.7178344726562,0.8381137847900391,971.7178344726562,970.8797206878662,-158.31734000000276,-158.31605254850945,21.32689166606621,21.342031476911377,,8561,24,6854.0
37.5,0.0,inflection,2026-01-30 22:28:26.711000064,2026-01-30 22:28:42.720999936,971.8052368164062,971.7396850585938,971.6741943359375,971.8270263671875,0.15283203125,-158.31606652152706,-158.31606582173316,21.34203287934779,21.342035161960585,,21,0,16.009999872
38.0,-1.0,ascent,2026-01-30 22:28:43.211000064,2026-01-31 00:24:14.096000000,971.6959838867188,0.16107071936130524,0.16107071936130524,971.6959838867188,971.5349131673574,-158.3160721641136,-158.31501990429467,21.342031167245562,21.357436804170547,,8656,88,6930.884999936
38.5,0.0,surfacing,2026-01-31 00:24:14.964999936,2026-01-31 00:35:07.055000064,0.0,0.0,0.0,1.3727571964263916,1.3727571964263916,-158.31517166666939,-158.3146000000027,21.351691666069208,21.352751666069334,,576,652,652.090000128
39.0,1.0,descent,2026-01-31 00:35:07.392000000,2026-01-31 02:28:24.392999936,0.06277021020650864,972.3132934570312,0.06277021020650864,972.3132934570312,972.2505232468247,-158.31511833333604,-158.31392850384185,21.351651666069202,21.364634771813787,,8488,32,6797.000999936
39.5,0.0,inflection,2026-01-31 02:28:24.733999872,2026-01-31 02:28:40.749000192,972.3350830078125,972.4879150390625,972.3350830078125,972.4879150390625,0.15283203125,-158.3139418694357,-158.31394186858296,21.364625471632674,21.364632912335416,,21,0,16.01500032
40.0,-1.0,ascent,2026-01-31 02:28:41.392999936,2026-01-31 04:20:40.793999872,972.4442749023438,0.4557662904262543,0.4557662904262543,972.4442749023438,971.9885086119175,-158.31395963221624,-158.3135295004897,21.364619890408328,21.37780452400306,,8393,88,6719.400999936
40.5,0.0,surfacing,2026-01-31 04:20:41.667000064,2026-01-31 04:32:05.062000128,0.0,0.0,0.0,3.0102407932281494,3.0102407932281494,-158.32042833333605,-158.31818833333602,21.38644666607341,21.38740166607353,,595,683,683.395000064
41.0,1.0,descent,2026-01-31 04:32:06.000000000,2026-01-31 06:36:23.000000000,0.06823992729187012,971.43359375,0.06823992729187012,971.43359375,971.3653538227081,-158.320455077624,-158.31289673994794,21.384344756097917,21.392311769211265,,9313,28,7457.0
41.5,0.0,inflection,2026-01-31 06:36:23.242000128,2026-01-31 06:36:39.257999872,971.6519775390625,971.673828125,971.58642578125,971.673828125,0.08740234375,-158.31290589435287,-158.3129011525783,21.392316637387655,21.392319185299872,,21,0,16.015999744
42.0,-1.0,ascent,2026-01-31 06:36:40.000000000,2026-01-31 08:28:10.318000128,971.6519775390625,0.7015064358711243,0.7015064358711243,971.6519775390625,970.9504711031914,-158.31291488252026,-158.31179213099884,21.392319822158523,21.409376257951013,,8354,84,6690.318000128
42.5,0.0,surfacing,2026-01-31 08:28:11.173000192,2026-01-31 08:39:57.051000064,0.0,0.0,0.0,2.417456865310669,2.417456865310669,-158.31312333333605,-158.31229166666938,21.41954833274411,21.4197849994108,,632,705,705.877999872
43.0,1.0,descent,2026-01-31 08:39:58.000000000,2026-01-31 10:35:05.000000000,0.6057284474372864,972.4779663085938,0.6057284474372864,972.4779663085938,971.8722378611565,-158.31320833333606,-158.31025959595345,21.419799999410802,21.442016719965334,,8626,24,6907.0
43.5,0.0,inflection,2026-01-31 10:35:05.016999936,2026-01-31 10:35:05.016999936,972.60888671875,972.60888671875,972.60888671875,972.60888671875,0.0,-158.31026491855837,-158.31026491855837,21.4420202425766,21.4420202425766,0.0,1,0,0.0
44.0,-1.0,ascent,2026-01-31 10:35:06.000000000,2026-01-31 12:31:17.816000000,972.5870971679688,1.1077736616134644,1.1077736616134644,972.5870971679688,971.4793235063553,-158.31027021881428,-158.30821482155702,21.442023778394354,21.464442462607046,,8706,84,6971.816
44.5,0.0,surfacing,2026-01-31 12:31:18.684999936,2026-01-31 12:43:28.076000000,0.0,0.0,0.0,2.19624662399292,2.19624662399292,-158.30754500000273,-158.30693333333602,21.448126666080913,21.449191666081052,,781,729,729.391000064
45.0,1.0,descent,2026-01-31 12:43:29.000000000,2026-01-31 14:32:51.000000000,0.18824970722198486,972.2551879882812,0.18824970722198486,972.2551879882812,972.0669382810593,-158.307548333336,-158.3069781901831,21.448158332747592,21.463225060457823,,8193,20,6562.0
45.5,0.0,inflection,2026-01-31 14:32:51.542000128,2026-01-31 14:33:15.562000128,972.4953002929688,972.6480712890625,972.4953002929688,972.6917114257812,0.1964111328125,-158.30700113606687,-158.30699639176373,21.463232910264804,21.463236997525353,,31,0,24.02
46.0,-1.0,ascent,2026-01-31 14:33:16.000000000,2026-01-31 16:32:28.376000000,972.5825805664062,0.7557271122932434,0.7557271122932434,972.5825805664062,971.826853454113,-158.30703399360883,-158.30685773029816,21.46323043722998,21.478416534323234,,8929,99,7152.376
46.5,0.0,surfacing,2026-01-31 16:32:28.424999936,2026-01-31 16:45:25.080000000,0.0,0.0,0.0,3.398871421813965,3.398871421813965,-158.30840333333606,-158.30629666666934,21.485638332752153,21.487974999419098,,694,776,776.655000064
47.0,1.0,descent,2026-01-31 16:45:26.000000000,2026-01-31 17:39:29.000000000,0.4091739058494568,502.32916259765625,0.4091739058494568,502.32916259765625,501.9199886918068,-158.30845833333603,-158.30706405173643,21.487921800811144,21.49709081009611,,4050,24,3243.0
47.5,0.0,inflection,2026-01-31 17:39:29.483000064,2026-01-31 17:39:41.496000000,502.3728332519531,502.32916259765625,502.3073425292969,502.3728332519531,0.06549072265625,-158.30711224288277,-158.30711075043166,21.49709195677966,21.4970953974036,,16,0,12.012999936
48.0,-1.0,ascent,2026-01-31 17:39:42.000000000,2026-01-31 18:51:08.000000000,502.0672912597656,5.9521164894104,5.9521164894104,502.0672912597656,496.1151747703552,-158.3071125438808,-158.306772492457,21.497104434222585,21.506787771591743,,5352,0,4286.0
48.5,0.0,inflection,2026-01-31 18:51:08.667000064,2026-01-31 18:51:08.667000064,5.668422698974609,5.668422698974609,5.668422698974609,5.668422698974609,0.0,-158.30680738113637,-158.30680738113637,21.50679802851671,21.50679802851671,0.0,1,0,0.0
49.0,1.0,descent,2026-01-31 18:51:09.000000000,2026-01-31 19:49:04.000000000,5.90847110748291,501.8272399902344,5.90847110748291,501.8272399902344,495.91876888275146,-158.3068071091927,-158.30616329721354,21.50680205280547,21.51624558643516,,4340,0,3475.0
49.5,0.0,inflection,2026-01-31 19:49:04.084999936,2026-01-31 19:49:20.099000064,502.0236511230469,501.9363708496094,501.8272399902344,502.0236511230469,0.1964111328125,-158.30618152424606,-158.30617953393272,21.516251444155795,21.516256032043497,,21,0,16.014000128
50.0,-1.0,ascent,2026-01-31 19:49:21.000000000,2026-01-31 20:47:59.272000000,501.8490905761719,0.6492226123809814,0.6492226123809814,501.8490905761719,501.1998679637909,-158.30618275979037,-158.30596594961793,21.516257179302094,21.52528191912535,,4392,60,3518.272
50.5,0.0,surfacing,2026-01-31 20:48:00.223000064,2026-01-31 20:58:52.055000064,0.0,0.0,0.0,3.13700008392334,3.13700008392334,-158.31237000000272,-158.3118450000027,21.531926666091127,21.532284999424505,,583,651,651.832
51.0,1.0,descent,2026-01-31 20:58:53.000000000,2026-01-31 21:52:48.000000000,0.11176182329654694,502.0913391113281,0.11176182329654694,502.0913391113281,501.9795772880316,-158.31182166666935,-158.30583985314013,21.53200967472528,21.532709644542425,,4039,32,3235.0
51.5,0.0,inflection,2026-01-31 21:52:48.946000128,2026-01-31 21:53:08.956999936,502.3966369628906,502.41845703125,502.3748474121094,502.4402770996094,0.0654296875,-158.30700728880686,-158.30699213981282,21.532290613470234,21.532302452823767,,26,0,20.010999808
52.0,-1.0,ascent,2026-01-31 21:53:09.000000000,2026-01-31 22:56:30.000000000,502.35302734375,5.2582573890686035,5.2582573890686035,502.35302734375,497.0947699546814,-158.3161658749183,-158.3070095921349,21.529820268012227,21.532309820345617,,4746,0,3801.0
52.5,0.0,inflection,2026-01-31 22:56:30.900000000,2026-01-31 22:56:30.900000000,5.192835807800293,5.192835807800293,5.192835807800293,5.192835807800293,0.0,-158.31616751425074,-158.31616751425074,21.52982393034675,21.52982393034675,0.0,1,0,0.0
53.0,1.0,descent,2026-01-31 22:56:31.000000000,2026-01-31 23:55:30.000000000,6.305002212524414,502.2221984863281,6.305002212524414,502.2221984863281,495.9171962738037,-158.32528823908658,-158.31617846173643,21.527341803979713,21.529817570678038,,4419,0,3539.0
53.5,0.0,inflection,2026-01-31 23:55:30.561000192,2026-01-31 23:55:38.565999872,502.3748474121094,502.35302734375,502.1567687988281,502.3748474121094,0.21807861328125,-158.32529517013458,-158.32529055596277,21.527345091652197,21.527351010103377,,11,0,8.00499968
54.0,-1.0,ascent,2026-01-31 23:55:39.000000000,2026-02-01 00:54:37.836999936,502.3094177246094,1.2021210193634033,1.2021210193634033,502.3094177246094,501.107296705246,-158.33387098249523,-158.32529747491702,21.524830427521124,21.527364049180687,,4418,63,3538.836999936
54.5,0.0,surfacing,2026-02-01 00:54:38.750999808,2026-02-01 01:07:24.073999872,0.0,0.0,0.0,3.7535617351531982,3.7535617351531982,-158.317348333336,-158.31657000000268,21.508534999421606,21.508848332754972,,647,765,765.323000064
55.0,1.0,descent,2026-02-01 01:07:24.305999872,2026-02-01 02:06:27.305999872,0.3573528826236725,502.2881164550781,0.3573528826236725,502.2881164550781,501.93076357245445,-158.31677131719422,-158.31315493618652,21.508806542515906,21.51544311873976,,4425,32,3543.0
55.5,0.0,inflection,2026-02-01 02:06:27.924999936,2026-02-01 02:06:39.932000000,502.3099365234375,502.3317565917969,502.2444763183594,502.3317565917969,0.0872802734375,-158.31315257636288,-158.31314549689225,21.515436286159943,21.515441410594857,,16,0,12.007000064
56.0,-1.0,ascent,2026-02-01 02:06:40.305999872,2026-02-01 03:00:33.305999872,502.3099365234375,5.769475936889648,5.769475936889648,502.3099365234375,496.54046058654785,-158.31314313706886,-158.31011285365244,21.515432869015772,21.522140339590578,,4039,0,3233.0
56.5,0.0,inflection,2026-02-01 03:00:33.546999808,2026-02-01 03:00:33.546999808,5.289368152618408,5.289368152618408,5.289368152618408,5.289368152618408,0.0,-158.3101090159992,-158.3101090159992,21.522147935639858,21.522147935639858,0.0,1,0,0.0
57.0,1.0,descent,2026-02-01 03:00:34.305999872,2026-02-01 04:00:21.305999872,5.398483753204346,501.3060607910156,5.398483753204346,501.3060607910156,495.9075770378113,-158.31010647414115,-158.3070508014823,21.522147453048987,21.52877460088718,,4480,0,3587.0
57.5,0.0,inflection,2026-02-01 04:00:21.433000192,2026-02-01 04:00:33.451000064,501.43701171875,501.3060607910156,501.2624206542969,501.43701171875,0.174591064453125,-158.3070488387999,-158.30704175065955,21.528772443920797,21.52877757459687,,16,0,12.017999872
58.0,-1.0,ascent,2026-02-01 04:00:34.305999872,2026-02-01 04:58:17.360999936,501.2624206542969,1.5357990264892578,1.5357990264892578,501.2624206542969,499.7266216278076,-158.30878235067377,-158.30584899447123,21.528769027028737,21.532672446984822,,4324,60,3463.055000064
58.5,0.0,surfacing,2026-02-01 04:58:18.292000000,2026-02-01 05:10:49.060000000,0.0,0.0,0.0,3.288015604019165,3.288015604019165,-158.3176366666693,-158.31635000000264,21.545038332759386,21.547909999426405,,605,750,750.768
59.0,1.0,descent,2026-02-01 05:10:49.401999872,2026-02-01 06:07:46.401999872,0.21265773475170135,502.2375793457031,0.21265773475170135,502.2375793457031,502.0249216109514,-158.32494703057608,-158.31764500000264,21.545015744646815,21.547982343005536,,4267,36,3417.0
59.5,0.0,inflection,2026-02-01 06:07:46.440999936,2026-02-01 06:07:54.538000128,502.28118896484375,502.3466491699219,502.28118896484375,502.3466491699219,0.065460205078125,-158.32494600608882,-158.32494548926897,21.54502340764788,21.54502726533827,,11,0,8.097000192
60.0,-1.0,ascent,2026-02-01 06:07:55.401999872,2026-02-01 07:06:07.401999872,502.28118896484375,5.490931510925293,5.490931510925293,502.28118896484375,496.79025745391846,-158.33214170261482,-158.3249452324271,21.54199437188106,21.545030691622816,,4360,0,3492.0
60.5,0.0,inflection,2026-02-01 07:06:07.881999872,2026-02-01 07:06:07.881999872,4.967466354370117,4.967466354370117,4.967466354370117,4.967466354370117,0.0,-158.33214915340983,-158.33214915340983,21.541990221013528,21.541990221013528,0.0,1,0,0.0
61.0,1.0,descent,2026-02-01 07:06:08.401999872,2026-02-01 08:06:47.401999872,5.0110883712768555,502.1067199707031,5.0110883712768555,502.1067199707031,497.09563159942627,-158.33934043358263,-158.33214935068983,21.538954575705784,21.54199178714516,,4545,0,3639.0
61.5,0.0,inflection,2026-02-01 08:06:47.638000128,2026-02-01 08:07:11.657999872,502.1939697265625,502.28118896484375,502.1067199707031,502.28118896484375,0.174468994140625,-158.33934437423815,-158.33934196933785,21.53895392160824,21.53896592746349,,31,0,24.019999744
62.0,-1.0,ascent,2026-02-01 08:07:12.401999872,2026-02-01 09:10:24.019000064,502.1285095214844,0.03816933557391167,0.03816933557391167,502.1285095214844,502.09034018591046,-158.34655385110784,-158.3393455774034,21.535726877610145,21.538965449997157,,4735,84,3791.617000192
62.5,0.0,surfacing,2026-02-01 09:10:24.957999872,2026-02-01 09:21:20.058000128,0.0,0.0,0.0,4.269513130187988,4.269513130187988,-158.36425833333578,-158.3625433333358,21.54682666609292,21.547268332759646,,572,655,655.100000256
63.0,1.0,descent,2026-02-01 09:21:20.568999936,2026-02-01 10:17:57.568999936,0.3844863772392273,501.47113037109375,0.3844863772392273,501.47113037109375,501.0866439938545,-158.36928043632741,-158.3625183333358,21.54345178463888,21.54689319838909,,4245,28,3397.0
63.5,0.0,inflection,2026-02-01 10:17:57.571000064,2026-02-01 10:18:17.664000000,501.6456604003906,501.6893005371094,501.62384033203125,501.6893005371094,0.065460205078125,-158.36931295391108,-158.369287558471,21.54344777930741,21.543469242487618,,26,0,20.092999936
64.0,-1.0,ascent,2026-02-01 10:18:18.568999936,2026-02-01 11:16:01.568999936,501.5802001953125,5.5327863693237305,5.5327863693237305,501.5802001953125,496.04741382598877,-158.37544649730864,-158.3693178147498,21.53964547650228,21.54348839863113,,4324,0,3463.0
64.5,0.0,inflection,2026-02-01 11:16:02.040999936,2026-02-01 11:16:02.040999936,5.140119552612305,5.140119552612305,5.140119552612305,5.140119552612305,0.0,-158.37545258849767,-158.37545258849767,21.539641292596343,21.539641292596343,0.0,1,0,0.0
65.0,1.0,descent,2026-02-01 11:16:02.568999936,2026-02-01 12:16:14.568999936,5.2491936683654785,501.5802001953125,5.2491936683654785,501.5802001953125,496.331006526947,-158.3821185623033,-158.37545766778632,21.536591146400283,21.539645132770882,,4509,0,3612.0
65.5,0.0,inflection,2026-02-01 12:16:14.911000064,2026-02-01 12:16:30.926000128,501.8856201171875,502.0819396972656,501.8638000488281,502.0819396972656,0.2181396484375,-158.38214386492564,-158.3821244460342,21.536592043607023,21.536612828679548,,21,0,16.015000064
66.0,-1.0,ascent,2026-02-01 12:16:31.568999936,2026-02-01 13:16:51.036999936,502.0165100097656,1.4534130096435547,1.4534130096435547,502.0165100097656,500.56309700012207,-158.38799080854133,-158.38214871147076,21.53270928316402,21.536631504871615,,4519,64,3619.468
66.5,0.0,surfacing,2026-02-01 13:16:51.882999808,2026-02-01 13:28:23.066999808,0.0,0.0,0.0,1.7806354761123657,1.7806354761123657,-158.3725666666691,-158.37207166666911,21.508073332754854,21.508978332754964,,617,691,691.184
67.0,1.0,descent,2026-02-01 13:28:24.000000000,2026-02-01 14:30:12.000000000,0.2727241516113281,501.5833435058594,0.2727241516113281,501.5833435058594,501.31061935424805,-158.38181843669003,-158.37256135039175,21.507055397587184,21.508035000927954,,4630,28,3708.0
67.5,0.0,inflection,2026-02-01 14:30:12.416999936,2026-02-01 14:30:32.434000128,501.9542541503906,501.5833435058594,501.5833435058594,501.9542541503906,0.37091064453125,-158.38183460534805,-158.38182862560382,21.50706330038403,21.50707009667726,,26,0,20.017000192
68.0,-1.0,ascent,2026-02-01 14:30:33.000000000,2026-02-01 15:30:05.000000000,501.4306335449219,5.094487190246582,5.094487190246582,501.4306335449219,496.3361463546753,-158.39123266961735,-158.38183487546112,21.50558568228033,21.507061785288283,,4461,0,3572.0
68.5,0.0,inflection,2026-02-01 15:30:05.640000000,2026-02-01 15:30:05.640000000,4.570857048034668,4.570857048034668,4.570857048034668,4.570857048034668,0.0,-158.3912429845564,-158.3912429845564,21.505583364747242,21.505583364747242,0.0,1,0,0.0
69.0,1.0,descent,2026-02-01 15:30:06.000000000,2026-02-01 16:35:41.000000000,5.072669506072998,501.4306335449219,5.072669506072998,501.4306335449219,496.3579640388489,-158.4004996838948,-158.39124992339597,21.504682728753323,21.50570676293845,,4912,0,3935.0
69.5,0.0,inflection,2026-02-01 16:35:41.533999872,2026-02-01 16:36:01.637000192,501.49609375,501.45245361328125,501.45245361328125,501.49609375,0.04364013671875,-158.40050565530962,-158.40050430154844,21.504725725585466,21.5047333247251,,26,0,20.10300032
70.0,-1.0,ascent,2026-02-01 16:36:02.000000000,2026-02-01 17:37:22.038000128,501.4088134765625,0.03272689878940582,0.03272689878940582,501.4088134765625,501.3760865777731,-158.40997459754965,-158.4005059264397,21.50298766552913,21.504737957366675,,4593,87,3680.038000128
70.5,0.0,surfacing,2026-02-01 17:37:22.105999872,2026-02-01 17:50:35.073999872,0.0,0.0,0.0,4.193272113800049,4.193272113800049,-158.41603940220924,-158.41354166666898,21.510954999421855,21.51244886919115,,667,792,792.968
71.0,1.0,descent,2026-02-01 17:50:35.400000000,2026-02-01 18:28:34.400000000,0.24538004398345947,504.0269470214844,0.24538004398345947,504.0269470214844,503.7815669775009,-158.41781893838808,-158.4160633333356,21.506720826637707,21.512456666088685,,2847,28,2279.0
71.5,0.0,inflection,2026-02-01 18:28:35.140999936,2026-02-01 18:28:35.140999936,504.1360168457031,504.1360168457031,504.1360168457031,504.1360168457031,0.0,-158.41782000749433,-158.41782000749433,21.50672350862357,21.50672350862357,0.0,1,0,0.0
72.0,-1.0,ascent,2026-02-01 18:28:35.400000000,2026-02-01 19:42:32.010999808,504.11419677734375,1.030596137046814,1.030596137046814,504.11419677734375,503.08360064029694,-158.41919200453702,-158.41696456116384,21.498464627731337,21.506725653783217,,5539,60,4436.610999808
72.5,0.0,surfacing,2026-02-01 19:42:32.928000000,2026-02-01 19:53:08.046999808,0.0,0.0,0.0,2.068835735321045,2.068835735321045,-158.42199000000227,-158.4204450000023,21.50824999942153,21.509456666088326,,584,635,635.118999808
73.0,1.0,descent,2026-02-01 19:53:08.711000064,2026-02-01 20:37:18.711000064,0.41158658266067505,501.9693603515625,0.41158658266067505,501.9693603515625,501.5577737689018,-158.42202666666893,-158.4207056961519,21.507980078358475,21.50949353069212,,3308,32,2650.0
73.5,0.0,inflection,2026-02-01 20:37:19.667000064,2026-02-01 20:37:39.683000064,502.1219787597656,501.99114990234375,501.9693603515625,502.1219787597656,0.152618408203125,-158.42074884719406,-158.42073516304143,21.50797755131094,21.508004760186047,,26,0,20.016
74.0,-1.0,ascent,2026-02-01 20:37:39.711000064,2026-02-01 21:57:29.575000064,501.9039306640625,0.3025570213794708,0.3025570213794708,501.9039306640625,501.60137364268303,-158.42076072596535,-158.41841729739906,21.506544108616474,21.508029978938854,,5981,84,4789.864
74.5,0.0,surfacing,2026-02-01 21:57:30.420000000,2026-02-01 22:26:46.048000000,0.0,0.0,0.0,2.656395435333252,2.656395435333252,-158.42012333333562,-158.41985000000233,21.50021833275388,21.501664999420715,,1654,1755,1755.628
75.0,1.0,descent,2026-02-01 22:26:47.000000000,2026-02-01 23:25:51.000000000,0.07630924880504608,501.7987060546875,0.07630924880504608,501.7987060546875,501.72239680588245,-158.42026184157143,-158.41866045324034,21.49840548624007,21.501549999420703,,4427,52,3544.0
75.5,0.0,inflection,2026-02-01 23:25:51.471000064,2026-02-01 23:25:51.471000064,502.06036376953125,502.06036376953125,502.06036376953125,502.06036376953125,0.0,-158.41866304969452,-158.41866304969452,21.498401082218287,21.498401082218287,0.0,1,0,0.0
76.0,-1.0,ascent,2026-02-01 23:25:52.000000000,2026-02-02 00:17:01.496999936,502.0167541503906,0.621375322341919,0.621375322341919,502.0167541503906,501.3953788280487,-158.41869018035683,-158.41532146960395,21.49452241113282,21.49841866251802,,3829,56,3069.496999936
76.5,0.0,surfacing,2026-02-02 00:17:02.280000000,2026-02-02 00:31:07.084000000,0.0,0.0,0.0,3.367616653442383,3.367616653442383,-158.41284000000235,-158.41270166666897,21.4845566660853,21.485839999418786,,895,844,844.804
77.0,1.0,descent,2026-02-02 00:31:07.404000000,2026-02-02 01:28:06.404000000,0.44683587551116943,501.8838806152344,0.44683587551116943,501.8838806152344,501.4370447397232,-158.41286898282775,-158.40852923334907,21.47854319392662,21.48453999941863,,4270,44,3419.0
77.5,0.0,inflection,2026-02-02 01:28:06.451000064,2026-02-02 01:28:30.533999872,502.2980041503906,502.2544250488281,502.14544677734375,502.2980041503906,0.152557373046875,-158.4085359536598,-158.40852488359644,21.47851271727855,21.478532295690496,,31,0,24.082999808
78.0,-1.0,ascent,2026-02-02 01:28:31.404000000,2026-02-02 02:25:50.028999936,501.8838806152344,1.013554573059082,1.013554573059082,501.8838806152344,500.8703260421753,-158.4085410942741,-158.40194204374987,21.47235687380483,21.478510077539294,,4294,60,3438.624999936
78.5,0.0,surfacing,2026-02-02 02:25:50.860999936,2026-02-02 02:35:50.072999936,0.0,0.0,0.0,2.9098823070526123,2.9098823070526123,-158.3993833333357,-158.39910833333573,21.47316333275058,21.473389999417275,,582,599,599.212
79.0,1.0,descent,2026-02-02 02:35:51.000000000,2026-02-02 03:47:21.000000000,0.4032421410083771,501.4261474609375,0.4032421410083771,501.4261474609375,501.0229053199291,-158.3995177638075,-158.3943260442763,21.466041071441857,21.473144999417247,,5357,60,4290.0
79.5,0.0,inflection,2026-02-02 03:47:21.030999808,2026-02-02 03:47:37.046000128,501.7095031738281,501.3389587402344,501.3389587402344,501.7095031738281,0.37054443359375,-158.39432567850042,-158.39432362912237,21.46602727081569,21.466035295914057,,21,0,16.01500032
80.0,-1.0,ascent,2026-02-02 03:47:38.000000000,2026-02-02 04:55:49.663000064,501.317138671875,0.44683587551116943,0.44683587551116943,501.317138671875,500.87030279636383,-158.39432619036538,-158.38643639601312,21.458574463258394,21.466025266418804,,5110,84,4091.663000064
80.5,0.0,surfacing,2026-02-02 04:55:50.591000064,2026-02-02 05:13:15.172000000,0.0,4.165634632110596,0.0,4.340111255645752,4.340111255645752,-158.39007500000238,-158.38763166666905,21.468436666083342,21.4713092310125,,943,1044,1044.580999936
81.0,1.0,descent,2026-02-02 05:13:16.000000000,2026-02-02 07:42:51.000000000,4.689064979553223,971.683349609375,4.689064979553223,971.683349609375,966.9942846298218,-158.40412341887213,-158.39001988340857,21.471303633198506,21.48559058474203,,11209,0,8975.0
81.5,0.0,inflection,2026-02-02 07:42:51.944999936,2026-02-02 07:43:03.956999936,971.7705688476562,971.748779296875,971.6615600585938,971.7705688476562,0.1090087890625,-158.40413931009854,-158.404132461858,21.48559833983994,21.48560876221229,,16,0,12.012
82.0,-1.0,ascent,2026-02-02 07:43:04.000000000,2026-02-02 09:50:04.542000128,971.7269897460938,0.08723842352628708,0.08723842352628708,971.7269897460938,971.6397513225675,-158.41957546250768,-158.40414023347913,21.485611347184772,21.501315748546926,,9512,80,7620.542000128
82.5,0.0,surfacing,2026-02-02 09:50:05.517999872,2026-02-02 10:01:33.091000064,0.0,0.0,0.0,3.860300064086914,3.860300064086914,-158.42312166666892,-158.4225866666689,21.50759833275477,21.508134999421493,,604,687,687.573000192
83.0,1.0,descent,2026-02-02 10:01:33.194000128,2026-02-02 12:38:38.194000128,0.03271771967411041,971.4436645507812,0.03271771967411041,971.4436645507812,971.4109468311071,-158.42261239609746,-158.4196663486807,21.505577585941946,21.508110544860664,,11772,44,9425.0
83.5,0.0,inflection,2026-02-02 12:38:38.283000064,2026-02-02 12:38:50.290999808,971.5308837890625,971.3563842773438,971.2909545898438,971.5308837890625,0.23992919921875,-158.41970525705483,-158.4196993888837,21.50578863327189,21.505801359898708,,16,0,12.007999744
84.0,-1.0,ascent,2026-02-02 12:38:51.194000128,2026-02-02 15:09:00.974999808,971.2691650390625,2.4756407737731934,2.4756407737731934,971.2691650390625,968.7935242652893,-158.41970851893402,-158.4124108912504,21.49844718682883,21.505808224084056,,11252,12,9009.78099968
84.5,0.0,surfacing,2026-02-02 15:09:01.825999872,2026-02-02 15:32:51.052999936,1.7340391874313354,0.0,0.0,4.482327938079834,4.482327938079834,-158.40605333333562,-158.40442666666902,21.479273332751323,21.479839999418058,,1348,1429,1429.227000064
85.0,1.0,descent,2026-02-02 15:32:51.296999936,2026-02-02 17:54:17.296999936,0.04907906800508499,971.77099609375,0.04907906800508499,971.77099609375,971.7219170257449,-158.4121021665218,-158.40435833333567,21.479126283410725,21.491597844055345,,10599,32,8486.0
85.5,0.0,inflection,2026-02-02 17:54:17.656000000,2026-02-02 17:54:33.668999936,972.03271484375,971.9454956054688,971.9454956054688,972.03271484375,0.08721923828125,-158.41211080386648,-158.41210655102256,21.49160622837053,21.491610872077967,,21,0,16.012999936
86.0,-1.0,ascent,2026-02-02 17:54:34.296999936,2026-02-02 20:06:19.137000192,971.9236450195312,0.5507761836051941,0.5507761836051941,971.9236450195312,971.372868835926,-158.41915394691787,-158.41211142832535,21.49161107897497,21.50139854591787,,9869,56,7904.840000256
86.5,0.0,surfacing,2026-02-02 20:06:20.083000064,2026-02-02 20:21:15.055000064,0.0,0.0,0.0,4.329597473144531,4.329597473144531,-158.41192833333565,-158.41173166666897,21.50444499942104,21.507189999421392,,817,894,894.972
87.0,1.0,descent,2026-02-02 20:21:15.101999872,2026-02-02 22:33:42.101999872,0.25339996814727783,971.2821044921875,0.25339996814727783,971.2821044921875,971.0287045240402,-158.41214825687868,-158.40571234391277,21.499219147509425,21.507286273268036,,9925,48,7947.0
87.5,0.0,inflection,2026-02-02 22:33:42.394000128,2026-02-02 22:33:58.408000000,971.5219116210938,971.1077270507812,971.1077270507812,971.5219116210938,0.4141845703125,-158.4057099925737,-158.4057088933153,21.499209160188176,21.499215436021693,,21,0,16.013999872
88.0,-1.0,ascent,2026-02-02 22:33:59.101999872,2026-02-03 00:44:52.448999936,971.0641479492188,1.0817182064056396,1.0817182064056396,971.0641479492188,969.9824297428131,-158.40570893656567,-158.3957379812599,21.486933093309364,21.49921752918598,,9806,60,7853.347000064
88.5,0.0,surfacing,2026-02-03 00:44:53.379000064,2026-02-03 00:55:13.069999872,0.0,0.0,0.0,5.317283630371094,5.317283630371094,-158.40032500000237,-158.399201666669,21.4774733327511,21.478688332751258,,541,619,619.690999808
89.0,1.0,descent,2026-02-03 00:55:13.228000000,2026-02-03 03:07:10.228000000,0.054487090557813644,971.5374755859375,0.054487090557813644,971.5374755859375,971.4829884953797,-158.39941979825224,-158.39202076275066,21.467534269439458,21.477459999417768,,9890,48,7917.0
89.5,0.0,inflection,2026-02-03 03:07:11.224000000,2026-02-03 03:07:31.247000064,971.646484375,971.3413696289062,971.3413696289062,971.646484375,0.30511474609375,-158.39201661249055,-158.3920115966046,21.467524811871364,21.46752778735096,,27,0,20.023000064
90.0,-1.0,ascent,2026-02-03 03:07:32.228000000,2026-02-03 05:12:16.378000128,971.2323608398438,0.07628192752599716,0.07628192752599716,971.2323608398438,971.1560789123178,-158.3920216293166,-158.37983970373872,21.45455448377248,21.467525327208666,,9350,84,7484.150000128
90.5,0.0,surfacing,2026-02-03 05:12:17.234999808,2026-02-03 05:24:53.101999872,0.0,4.185378074645996,0.0,5.6764421463012695,5.6764421463012695,-158.37323500000247,-158.37269333333577,21.45038666608115,21.451599999414633,,615,755,755.867000064
91.0,1.0,descent,2026-02-03 05:24:53.704000000,2026-02-03 07:40:47.704000000,4.905208587646484,971.0704345703125,4.905208587646484,971.0704345703125,966.165225982666,-158.37337495658088,-158.36291363378888,21.438842294241983,21.451596227328455,,10188,0,8154.0
91.5,0.0,inflection,2026-02-03 07:40:48.417999872,2026-02-03 07:41:00.517999872,971.2449340820312,970.8959350585938,970.8959350585938,971.2449340820312,0.3489990234375,-158.362906697107,-158.36290173049383,21.438826174031714,21.438833192293053,,16,0,12.1
92.0,-1.0,ascent,2026-02-03 07:41:00.704000000,2026-02-03 09:50:09.750000128,970.8741455078125,0.47716036438941956,0.47716036438941956,970.8741455078125,970.3969851434231,-158.3629010784407,-158.34824929364777,21.422846174297508,21.438825062107526,,9676,60,7749.046000128
92.5,0.0,surfacing,2026-02-03 09:50:10.668000000,2026-02-03 10:01:32.065999872,0.0,0.0,0.0,2.1694979667663574,2.1694979667663574,-158.35298500000255,-158.3521316666692,21.44099666608003,21.44110499941337,,614,681,681.397999872
93.0,1.0,descent,2026-02-03 10:01:32.417999872,2026-02-03 12:12:35.417999872,0.1853340119123459,971.6408081054688,0.1853340119123459,971.6408081054688,971.4554740935564,-158.3525073206882,-158.34848343837402,21.43529539215092,21.44104334023323,,9821,36,7863.0
93.5,0.0,inflection,2026-02-03 12:12:36.148000000,2026-02-03 12:12:52.177999872,971.66259765625,971.59716796875,971.4227294921875,971.66259765625,0.2398681640625,-158.34848643975698,-158.34848403832083,21.435298892648802,21.435312904259458,,21,0,16.029999872
94.0,-1.0,ascent,2026-02-03 12:12:52.417999872,2026-02-03 14:16:52.658999808,971.4227294921875,1.057494044303894,1.057494044303894,971.4227294921875,970.3652354478836,-158.3484852513638,-158.3409508424563,21.425018934958917,21.43531161331551,,9292,60,7440.240999936
94.5,0.0,surfacing,2026-02-03 14:16:53.563000064,2026-02-03 14:28:39.080000000,0.0,0.0,0.0,2.3208508491516113,2.3208508491516113,-158.34086333333593,-158.3406850000026,21.4117899994098,21.414643332743495,,633,705,705.516999936
95.0,1.0,descent,2026-02-03 14:28:40.000000000,2026-02-03 16:34:28.000000000,0.20454032719135284,971.1547241210938,0.20454032719135284,971.1547241210938,970.9501837939024,-158.34076838021878,-158.33304986671428,21.403165177733058,21.411995902864632,,9424,36,7548.0
95.5,0.0,inflection,2026-02-03 16:34:28.979000064,2026-02-03 16:34:48.996999936,971.3074951171875,971.1765747070312,971.0892944335938,971.3074951171875,0.21820068359375,-158.33304527218286,-158.33304292839463,21.4031546990036,21.403158580457617,,26,0,20.017999872
96.0,-1.0,ascent,2026-02-03 16:34:49.000000000,2026-02-03 18:42:06.490000128,971.0675048828125,1.1426986455917358,1.1426986455917358,971.0675048828125,969.9248062372208,-158.33304407403062,-158.32045711960114,21.391252867665198,21.403157050988078,,9539,56,7637.490000128
96.5,0.0,surfacing,2026-02-03 18:42:07.332999936,2026-02-03 18:46:32.196000000,0.0,0.0,0.0,0.0,0.0,-158.31898333333604,-158.31882000000272,21.392406666074134,21.392474999407487,,331,264,264.863000064
97.0,1.0,descent,2026-02-03 18:46:32.490000128,2026-02-03 21:10:16.668999936,1.7754100561141968,972.8694458007812,0.0,972.8694458007812,972.8694458007812,-158.3206184377687,-158.31357414846505,21.384407205565072,21.39334054885131,,10458,577,8624.178999808
97.5,0.0,inflection,2026-02-03 21:10:17.398000128,2026-02-03 21:10:29.411000064,972.9566650390625,973.0875244140625,972.9566650390625,973.0875244140625,0.130859375,-158.3135743431002,-158.31357419715727,21.384408428485706,21.384412093889583,,16,0,12.012999936
98.0,-1.0,ascent,2026-02-03 21:10:29.668999936,2026-02-03 23:16:18.668999936,973.0438842773438,5.459357261657715,5.459357261657715,973.0438842773438,967.584527015686,-158.31357458623313,-158.30177552046686,21.371308548093072,21.38441820025036,,9426,0,7549.0
98.5,0.0,inflection,2026-02-03 23:16:18.673000192,2026-02-03 23:16:18.673000192,4.936044216156006,4.936044216156006,4.936044216156006,4.936044216156006,0.0,-158.30177142940622,-158.30177142940622,21.371302174725006,21.371302174725006,0.0,1,0,0.0
99.0,1.0,descent,2026-02-03 23:16:19.668999936,2026-02-04 01:48:29.668999936,5.3503336906433105,971.3649291992188,5.3503336906433105,971.3649291992188,966.0145955085754,-158.30176910822993,-158.29435266377882,21.36209236190081,21.371299625114798,,11400,0,9130.0
99.5,0.0,inflection,2026-02-04 01:48:30.264000000,2026-02-04 01:48:42.270999808,971.3867797851562,971.1904907226562,971.168701171875,971.3867797851562,0.21807861328125,-158.29434967408736,-158.29434952868894,21.362090035276136,21.362093699166373,,16,0,12.006999808
100.0,-1.0,ascent,2026-02-04 01:48:42.668999936,2026-02-04 04:07:15.187000064,971.1251220703125,1.0111939907073975,1.0111939907073975,971.1251220703125,970.1139280796051,-158.29434972254543,-158.28255503504968,21.349348363352707,21.362094920259604,,10380,64,8312.518000128
100.5,0.0,surfacing,2026-02-04 04:07:16.151000064,2026-02-04 04:22:51.086999808,0.0,0.0,0.0,2.9220774173736572,2.9220774173736572,-158.28842666666944,-158.28746166666954,21.34495833273508,21.3460483327352,,709,934,934.935999744
101.0,1.0,descent,2026-02-04 04:22:51.315000064,2026-02-04 06:08:46.315000064,0.5887767672538757,970.4132080078125,0.5887767672538757,970.4132080078125,969.8244312405586,-158.28851132780156,-158.28044269139036,21.337723154286518,21.346358755370957,,7936,28,6355.0
101.5,0.0,inflection,2026-02-04 06:08:46.961999872,2026-02-04 06:09:06.990000128,971.9832763671875,972.09228515625,971.8960571289062,972.09228515625,0.19622802734375,-158.2804358431004,-158.2804323530111,21.337717192218882,21.33771987795094,,26,0,20.028000256
102.0,-1.0,ascent,2026-02-04 06:09:07.315000064,2026-02-04 08:34:13.315000064,971.96142578125,6.912675857543945,6.912675857543945,971.96142578125,965.048749923706,-158.28043739225174,-158.26738375758842,21.32441116524404,21.33772256351517,,10873,0,8706.0
102.5,0.0,inflection,2026-02-04 08:34:13.660999936,2026-02-04 08:34:21.671000064,6.062220096588135,5.713315486907959,5.713315486907959,6.105833530426025,0.3925180435180664,-158.26737268628523,-158.2673661968303,21.324398321816208,21.324402818384236,,11,0,8.010000128
103.0,1.0,descent,2026-02-04 08:34:22.315000064,2026-02-04 10:55:40.315000064,5.8441548347473145,972.9645385742188,5.8441548347473145,972.9645385742188,967.1203837394714,-158.26736573627178,-158.25933149325814,21.315146988055638,21.324397965734775,,10584,0,8478.0
103.5,0.0,inflection,2026-02-04 10:55:40.658999808,2026-02-04 10:55:48.664000000,973.0081787109375,973.0081787109375,973.0081787109375,973.0081787109375,0.0,-158.25933464168813,-158.2593333820643,21.31514900216114,21.31515034534563,,11,0,8.005000192
104.0,-1.0,ascent,2026-02-04 10:55:49.315000064,2026-02-04 13:11:33.532999936,972.9645385742188,0.8940684795379639,0.8940684795379639,972.9645385742188,972.0704700946808,-158.25933716046373,-158.24659605375507,21.302603682188828,21.31515303121114,,10168,88,8144.217999872
104.5,0.0,surfacing,2026-02-04 13:11:34.532999936,2026-02-04 13:25:29.060000000,0.0,0.0,0.0,1.9658012390136719,1.9658012390136719,-158.24660333333634,-158.24556833333634,21.312874999397877,21.313123332731244,,636,834,834.527000064
105.0,1.0,descent,2026-02-04 13:25:29.224000000,2026-02-04 15:32:34.224000000,0.2862817347049713,970.1324462890625,0.2862817347049713,970.1324462890625,969.8461645543575,-158.2466331664344,-158.23963453387907,21.305247785934444,21.313134375962893,,9521,44,7625.0
105.5,0.0,inflection,2026-02-04 15:32:34.400000000,2026-02-04 15:32:50.415000064,971.375732421875,971.2012329101562,971.179443359375,971.375732421875,0.1962890625,-158.23962909768957,-158.23962677467128,21.30524287867698,21.30524878098353,,21,0,16.015000064
106.0,-1.0,ascent,2026-02-04 15:32:51.224000000,2026-02-04 17:39:34.224000000,971.179443359375,5.782890796661377,5.782890796661377,971.179443359375,965.3965525627136,-158.239630029118,-158.22954789072043,21.293608559502665,21.30525664351826,,9495,0,7603.0
106.5,0.0,inflection,2026-02-04 17:39:34.988000000,2026-02-04 17:39:34.988000000,5.2375922203063965,5.2375922203063965,5.2375922203063965,5.2375922203063965,0.0,-158.22954353755142,-158.22954353755142,21.293603763212747,21.293603763212747,0.0,1,0,0.0
107.0,1.0,descent,2026-02-04 17:39:35.224000000,2026-02-04 20:12:51.224000000,5.4775238037109375,972.8589477539062,5.4775238037109375,972.8589477539062,967.3814239501953,-158.22954262585395,-158.2228810554428,21.285848604371463,21.29360324270893,,11482,0,9196.0
107.5,0.0,inflection,2026-02-04 20:12:51.526000128,2026-02-04 20:12:51.526000128,972.8807373046875,972.8807373046875,972.8807373046875,972.8807373046875,0.0,-158.2228829139876,-158.2228829139876,21.285856470023266,21.285856470023266,0.0,1,0,0.0
108.0,-1.0,ascent,2026-02-04 20:12:52.224000000,2026-02-04 22:22:55.933000192,972.8589477539062,0.9406399726867676,0.9406399726867676,972.8589477539062,971.9183077812195,-158.2228852366463,-158.21225679650084,21.273826995360437,21.285866299876595,,9743,60,7803.709000192
108.5,0.0,surfacing,2026-02-04 22:22:56.802000128,2026-02-04 22:38:45.058000128,0.0,0.0,0.0,3.7325685024261475,3.7325685024261475,-158.22278333333637,-158.21928166666973,21.274328332726576,21.276731666060194,,791,948,948.256
109.0,1.0,descent,2026-02-04 22:38:45.443000064,2026-02-04 23:57:52.443000064,0.2509140372276306,970.8082275390625,0.2509140372276306,970.8082275390625,970.5573135018349,-158.22284166666972,-158.21614958968337,21.270086074059243,21.27676666606019,,5926,24,4747.0
109.5,0.0,inflection,2026-02-04 23:57:52.967000064,2026-02-04 23:58:09.005000192,972.5319213867188,972.7064819335938,972.5319213867188,972.7064819335938,0.174560546875,-158.2161454400329,-158.21614165357352,21.27008270411703,21.270088630162924,,21,0,16.038000128
110.0,-1.0,ascent,2026-02-04 23:58:09.443000064,2026-02-05 01:46:40.029999872,972.6846313476562,0.8618351817131042,0.8618351817131042,972.6846313476562,971.8227961659431,-158.21615427447523,-158.2060903637212,21.260418364402934,21.270102456615838,,8130,60,6510.586999808
110.5,0.0,surfacing,2026-02-05 01:46:41.029999872,2026-02-05 01:57:48.051000064,0.0,0.0,0.0,4.766741752624512,4.766741752624512,-158.20471500000315,-158.20281000000313,21.254988332724256,21.257331666057862,,585,667,667.021000192
111.0,1.0,descent,2026-02-05 01:57:49.000000000,2026-02-05 03:27:00.000000000,0.03543032705783844,972.810546875,0.03543032705783844,972.810546875,972.7751165479422,-158.20481833333645,-158.19556465937015,21.248300128056357,21.257398332724538,,6682,32,5351.0
111.5,0.0,inflection,2026-02-05 03:27:00.844000000,2026-02-05 03:27:00.844000000,972.8977661132812,972.8977661132812,972.8977661132812,972.8977661132812,0.0,-158.19556458006574,-158.19556458006574,21.24829994496021,21.24829994496021,0.0,1,0,0.0
112.0,-1.0,ascent,2026-02-05 03:27:01.000000000,2026-02-05 05:01:18.292999936,972.7451171875,1.1255942583084106,1.1255942583084106,972.7451171875,971.6195229291916,-158.195564500345,-158.18282014185777,21.237276530518844,21.248299760902828,,7064,56,5657.292999936
112.5,0.0,surfacing,2026-02-05 05:01:19.187000064,2026-02-05 05:16:01.088999936,0.0,0.0,0.0,4.592315673828125,4.592315673828125,-158.18585166666983,-158.18566166666992,21.239948332722452,21.240589999389197,,745,881,881.901999872
113.0,1.0,descent,2026-02-05 05:16:02.000000000,2026-02-05 06:38:15.000000000,0.6845389604568481,972.7189331054688,0.6845389604568481,972.7189331054688,972.0343941450119,-158.1858600000032,-158.17789786789498,21.232988815045474,21.240591666055874,,6160,24,4933.0
113.5,0.0,inflection,2026-02-05 06:38:15.048000000,2026-02-05 06:38:39.075000064,972.8280639648438,973.1771240234375,972.8280639648438,973.1771240234375,0.34906005859375,-158.177901115876,-158.17789540248106,21.232987336768694,21.232991828278045,,31,0,24.027000064
114.0,-1.0,ascent,2026-02-05 06:38:40.000000000,2026-02-05 08:03:43.953999872,972.958984375,0.6409029960632324,0.6409029960632324,972.958984375,972.3180813789368,-158.17790397269258,-158.17043592037132,21.226837095567877,21.232994074126175,,6371,56,5103.953999872
114.5,0.0,surfacing,2026-02-05 08:03:44.879000064,2026-02-05 08:14:56.058000128,0.0,0.0,0.0,3.464845895767212,3.464845895767212,-158.17567500000322,-158.1750066666699,21.23889999938899,21.239593332722407,,571,671,671.179000064
115.0,1.0,descent,2026-02-05 08:14:57.040999936,2026-02-05 09:36:40.040999936,0.2371688336133957,972.8583984375,0.2371688336133957,972.8583984375,972.6212296038866,-158.18699934443018,-158.17560150221308,21.239391555963493,21.25122399285537,,6121,24,4903.0
115.5,0.0,inflection,2026-02-05 09:36:40.542000128,2026-02-05 09:36:56.552999936,972.9456176757812,973.1636962890625,972.9456176757812,973.1636962890625,0.21807861328125,-158.18700919218975,-158.18700405785134,21.251229965378155,21.25124491695811,,21,0,16.010999808
116.0,-1.0,ascent,2026-02-05 09:36:57.040999936,2026-02-05 11:01:55.805000192,973.0546875,0.8041931986808777,0.8041931986808777,973.0546875,972.2504943013191,-158.20168118873954,-158.18701047625564,21.251248656254255,21.265061243194737,,6364,57,5098.764000256
116.5,0.0,surfacing,2026-02-05 11:01:56.640000000,2026-02-05 11:14:58.051000064,0.0,0.0,0.0,3.48665452003479,3.48665452003479,-158.20068000000313,-158.19983000000315,21.262933332725204,21.263984999392004,,788,781,781.411000064
117.0,1.0,descent,2026-02-05 11:14:58.412000000,2026-02-05 12:37:44.412000000,0.2371688336133957,972.53125,0.2371688336133957,972.53125,972.2940811663866,-158.2105994613682,-158.20054916646123,21.26399333272535,21.27526474084266,,6201,24,4966.0
117.5,0.0,inflection,2026-02-05 12:37:45.375000064,2026-02-05 12:38:05.384999936,972.6184692382812,972.923828125,972.6184692382812,972.923828125,0.30535888671875,-158.21060584260536,-158.21060349605582,21.275269594866465,21.27528355065289,,26,0,20.009999872
118.0,-1.0,ascent,2026-02-05 12:38:05.412000000,2026-02-05 14:05:27.219000064,972.8147583007812,0.7823845744132996,0.7823845744132996,972.8147583007812,972.032373726368,-158.22387753129104,-158.21060631179802,21.27528634111255,21.288597710301072,,6547,60,5241.807000064
118.5,0.0,surfacing,2026-02-05 14:05:28.055000064,2026-02-05 14:16:07.058000128,0.0,0.0,0.0,3.9010183811187744,3.9010183811187744,-158.22106666666974,-158.22030666666979,21.282054999394177,21.283068332727627,,607,639,639.003000064
119.0,1.0,descent,2026-02-05 14:16:07.059000064,2026-02-05 15:36:30.059000064,0.28078609704971313,974.2759399414062,0.28078609704971313,974.2759399414062,973.9951538443565,-158.22791101710717,-158.22084013763046,21.28299606754393,21.29199457459271,,6021,28,4823.0
119.5,0.0,inflection,2026-02-05 15:36:30.719000064,2026-02-05 15:36:42.727000064,974.3413696289062,974.254150390625,974.2105102539062,974.3413696289062,0.130859375,-158.22790488878027,-158.22790182614798,21.29199466363309,21.29199493057626,,16,0,12.008
120.0,-1.0,ascent,2026-02-05 15:36:43.059000064,2026-02-05 17:05:29.269999872,974.1669311523438,1.3057916164398193,1.3057916164398193,974.1669311523438,972.8611395359039,-158.23802322969624,-158.22790274788272,21.291996692941066,21.30296714219446,,6651,56,5326.210999808
120.5,0.0,surfacing,2026-02-05 17:05:30.108999936,2026-02-05 17:16:20.064000000,0.0,0.0,0.0,3.159525156021118,3.159525156021118,-158.24304666666967,-158.24196333333632,21.302773332729984,21.303788332730118,,599,649,649.955000064
121.0,1.0,descent,2026-02-05 17:16:21.000000000,2026-02-05 18:37:41.000000000,0.046349652111530304,972.8656005859375,0.046349652111530304,972.8656005859375,972.819250933826,-158.25066761061842,-158.24281056235165,21.30376732049205,21.31322447947366,,6094,24,4880.0
121.5,0.0,inflection,2026-02-05 18:37:41.622999808,2026-02-05 18:37:41.622999808,972.9746704101562,972.9746704101562,972.9746704101562,972.9746704101562,0.0,-158.25066804303617,-158.25066804303617,21.313224094742242,21.313224094742242,0.0,1,0,0.0
122.0,-1.0,ascent,2026-02-05 18:37:42.000000000,2026-02-05 20:04:19.234999808,972.8219604492188,0.6352629065513611,0.6352629065513611,972.8219604492188,972.1866975426674,-158.26116112025983,-158.25066847567012,21.313223612205487,21.325231672147986,,6489,60,5197.234999808
122.5,0.0,surfacing,2026-02-05 20:04:20.073999872,2026-02-05 20:15:31.049999872,0.0,0.0,0.0,2.3595573902130127,2.3595573902130127,-158.26733333333624,-158.2653166666696,21.331134999400085,21.333461666067024,,627,670,670.976
123.0,1.0,descent,2026-02-05 20:15:31.178999808,2026-02-05 21:35:07.178999808,0.005449323914945126,973.3637084960938,0.005449323914945126,973.3637084960938,973.3582591721788,-158.27710428568213,-158.26716337090767,21.333434854637925,21.344989112226337,,5964,32,4776.0
123.5,0.0,inflection,2026-02-05 21:35:07.318000128,2026-02-05 21:35:23.328999936,973.4508666992188,973.2546997070312,973.2546997070312,973.4508666992188,0.1961669921875,-158.27711380613408,-158.2771061892965,21.34499115409254,21.344999324109455,,21,0,16.010999808
124.0,-1.0,ascent,2026-02-05 21:35:24.178999808,2026-02-05 23:01:40.664999936,973.0149536132812,1.4004762172698975,1.4004762172698975,973.0149536132812,971.6144773960114,-158.29026644573602,-158.27712031508815,21.34500725286796,21.359161918854927,,6464,60,5176.486000128
124.5,0.0,surfacing,2026-02-05 23:01:41.499000064,2026-02-05 23:16:11.052999936,0.0,0.0,0.0,2.90484619140625,2.90484619140625,-158.29104833333614,-158.2902700000028,21.359758332736867,21.363113332737264,,795,869,869.553999872
125.0,1.0,descent,2026-02-05 23:16:11.063000064,2026-02-06 00:39:20.063000064,0.3518545925617218,972.5397338867188,0.3518545925617218,972.5397338867188,972.187879294157,-158.30223516788857,-158.29104833333614,21.363021855392596,21.373978421958654,,6230,24,4989.0
125.5,0.0,inflection,2026-02-06 00:39:20.663000064,2026-02-06 00:39:40.680000000,972.6270141601562,972.7361450195312,972.6270141601562,972.7579345703125,0.13092041015625,-158.3022493749967,-158.30224012162589,21.37398318653434,21.373993432054476,,26,0,20.016999936
126.0,-1.0,ascent,2026-02-06 00:39:41.063000064,2026-02-06 02:06:02.247000064,972.670654296875,0.5700590014457703,0.5700590014457703,972.670654296875,972.1005952954292,-158.31347528950803,-158.30225122631848,21.373995481875347,21.3843627027386,,6470,60,5181.184
126.5,0.0,surfacing,2026-02-06 02:06:03.243000064,2026-02-06 02:15:51.046999808,0.0,0.0,0.0,2.832336664199829,2.832336664199829,-158.30716166666943,-158.30606833333607,21.37677166607225,21.37693833273894,,564,587,587.803999744
127.0,1.0,descent,2026-02-06 02:15:52.000000000,2026-02-06 03:38:11.000000000,0.8932753801345825,973.2780151367188,0.8932753801345825,973.2780151367188,972.3847397565842,-158.3061137376488,-158.2981900978103,21.36718071414839,21.376879999405592,,6168,24,4939.0
127.5,0.0,inflection,2026-02-06 03:38:11.630000128,2026-02-06 03:38:11.630000128,973.3215942382812,973.3215942382812,973.3215942382812,973.3215942382812,0.0,-158.2981901570243,-158.2981901570243,21.367180435412465,21.367180435412465,0.0,1,0,0.0
128.0,-1.0,ascent,2026-02-06 03:38:12.000000000,2026-02-06 05:03:43.368999936,973.2998046875,0.7843393683433533,0.7843393683433533,973.2998046875,972.5154653191566,-158.29819023096508,-158.28746502421964,21.35541547827874,21.36718015660684,,6405,56,5131.368999936
128.5,0.0,surfacing,2026-02-06 05:03:44.206000128,2026-02-06 05:14:19.248000000,0.0,0.0,0.0,6.286258220672607,6.286258220672607,-158.28718666666956,-158.28712666666948,21.35505999940297,21.355568332736365,,562,635,635.041999872
129.0,1.0,descent,2026-02-06 05:14:20.115000064,2026-02-06 06:34:43.115000064,0.16628366708755493,972.1134033203125,0.16628366708755493,972.1134033203125,971.947119653225,-158.28736051108856,-158.2791506646701,21.345866328163932,21.355513332736358,,6022,28,4823.0
129.5,0.0,inflection,2026-02-06 06:34:43.237999872,2026-02-06 06:34:59.253999872,972.1570434570312,972.3096923828125,972.0916137695312,972.3096923828125,0.21807861328125,-158.2791473570966,-158.27914686535144,21.34586136686818,21.345863204666504,,21,0,16.016
130.0,-1.0,ascent,2026-02-06 06:35:00.115000064,2026-02-06 08:01:05.354000128,972.06982421875,0.8205145001411438,0.8205145001411438,972.06982421875,971.2493097186089,-158.27914674244587,-158.26814480574788,21.333795097304005,21.345860907533392,,6451,60,5165.239000064
130.5,0.0,surfacing,2026-02-06 08:01:06.184999936,2026-02-06 08:11:34.048000000,0.0,0.0,0.0,3.070138454437256,3.070138454437256,-158.2716483333362,-158.27086500000289,21.340243332734516,21.340731666067903,,579,627,627.863000064
131.0,1.0,descent,2026-02-06 08:11:35.000000000,2026-02-06 09:32:13.000000000,0.14982929825782776,973.0922241210938,0.14982929825782776,973.0922241210938,972.9423948228359,-158.27192919544538,-158.26587488779649,21.333293977265733,21.340705802596336,,6040,28,4838.0
131.5,0.0,inflection,2026-02-06 09:32:13.615000064,2026-02-06 09:32:25.624999936,973.3101196289062,973.3101196289062,973.2665405273438,973.3101196289062,0.0435791015625,-158.26587935654217,-158.26587667569672,21.333298171495237,21.333304460481667,,16,0,12.009999872
132.0,-1.0,ascent,2026-02-06 09:32:26.000000000,2026-02-06 10:58:55.265000192,973.2447509765625,0.5639029741287231,0.5639029741287231,973.2447509765625,972.6808480024338,-158.2658829312265,-158.25734592243217,21.323599996705827,21.333313230268413,,6478,56,5189.265000192
132.5,0.0,surfacing,2026-02-06 10:58:56.084000000,2026-02-06 11:08:48.063000064,0.0,0.0,0.0,2.939378261566162,2.939378261566162,-158.25855666666965,-158.2582733333363,21.326689999399544,21.32720666606627,,562,591,591.979000064
133.0,1.0,descent,2026-02-06 11:08:49.000000000,2026-02-06 12:33:35.000000000,0.08176723122596741,972.0433959960938,0.08176723122596741,972.0433959960938,971.9616287648678,-158.25879500102485,-158.2539411596913,21.321167353733767,21.327260422150243,,6351,24,5086.0
133.5,0.0,inflection,2026-02-06 12:33:35.392999936,2026-02-06 12:33:47.400999936,972.1524047851562,972.3050537109375,972.0433959960938,972.3050537109375,0.26165771484375,-158.25394361175165,-158.2539398627662,21.321167415002105,21.32117729945093,,16,0,12.008
134.0,-1.0,ascent,2026-02-06 12:33:48.000000000,2026-02-06 13:58:09.601999872,972.2178344726562,0.4960545301437378,0.4960545301437378,972.2178344726562,971.7217799425125,-158.25395110691372,-158.2468278188747,21.312350737116404,21.321197562176085,,6318,60,5061.601999872
134.5,0.0,surfacing,2026-02-06 13:58:10.440000000,2026-02-06 14:07:57.049999872,0.0,0.0,0.0,5.348834037780762,5.348834037780762,-158.24302333333634,-158.242740000003,21.30440166606352,21.305116666063608,,571,586,586.609999872
135.0,1.0,descent,2026-02-06 14:07:57.556999936,2026-02-06 15:29:07.556999936,0.1389661431312561,973.7085571289062,0.1389661431312561,973.7085571289062,973.569590985775,-158.2486408624913,-158.24180875274797,21.30490465832705,21.313593675932868,,6081,28,4870.0
135.5,0.0,inflection,2026-02-06 15:29:08.529999872,2026-02-06 15:29:24.546999808,974.0137329101562,973.9483032226562,973.9047241210938,974.0137329101562,0.1090087890625,-158.24863922960816,-158.24863759692906,21.313593733482676,21.313593963725065,,21,0,16.016999936
136.0,-1.0,ascent,2026-02-06 15:29:24.556999936,2026-02-06 16:57:38.217999872,973.9047241210938,0.9455147385597229,0.9455147385597229,973.9047241210938,972.959209382534,-158.25919248371008,-158.2486371871014,21.31359402151946,21.325074763956287,,6607,60,5293.660999936
136.5,0.0,surfacing,2026-02-06 16:57:39.039000064,2026-02-06 17:24:14.064000000,0.0,0.0,0.0,5.246659278869629,5.246659278869629,-158.26239166666963,-158.2604166666696,21.32164999939893,21.322281666065685,,1304,1595,1595.024999936
137.0,1.0,descent,2026-02-06 17:24:15.000000000,2026-02-06 18:31:57.000000000,0.01362768653780222,705.8187255859375,0.01362768653780222,705.8187255859375,705.8050978993997,-158.26905041211452,-158.26233666666965,21.32217841122173,21.330908972443908,,5074,20,4062.0
137.5,0.0,inflection,2026-02-06 18:31:57.390000128,2026-02-06 18:32:49.436999936,705.8623657226562,704.1398315429688,704.0526123046875,705.8623657226562,1.80975341796875,-158.26905147702283,-158.2690504881699,21.330888124653544,21.330905062852192,,66,0,52.046999808
138.0,-1.0,ascent,2026-02-06 18:32:50.000000000,2026-02-06 18:40:06.000000000,704.0308227539062,687.6994018554688,687.6994018554688,704.0308227539062,16.3314208984375,-158.2690596969429,-158.26905155307819,21.33074732430811,21.33088682189055,,545,0,436.0
138.5,0.0,inflection,2026-02-06 18:40:06.042000128,2026-02-06 19:31:41.510999808,687.4158935546875,736.41015625,684.6031494140625,736.41015625,51.8070068359375,-158.26912191855595,-158.26905522032249,21.32974521169415,21.330746021219397,,3867,0,3095.46899968
139.0,-1.0,ascent,2026-02-06 19:31:42.000000000,2026-02-06 20:40:21.887000064,736.3229370117188,0.4933222532272339,0.4933222532272339,736.3229370117188,735.8296147584915,-158.27610655121092,-158.2691219946288,21.32955089206383,21.33886114308369,,5144,60,4119.887000064
139.5,0.0,surfacing,2026-02-06 20:40:22.820000000,2026-02-06 20:50:38.071000064,0.0,0.0,0.0,2.7391648292541504,2.7391648292541504,-158.28092666666947,-158.27978666666954,21.34571999940183,21.34760999940206,,596,615,615.251000064
140.0,1.0,descent,2026-02-06 20:50:38.706000128,2026-02-06 22:00:56.706000128,0.5151265263557434,704.6195068359375,0.5151265263557434,704.6195068359375,704.1043803095818,-158.28989340444394,-158.2809416666695,21.347614265624255,21.35808658087241,,5268,20,4218.0
140.5,0.0,inflection,2026-02-06 22:00:57.012999936,2026-02-06 23:00:49.463000064,704.6631469726562,754.5731811523438,704.4014892578125,754.5731811523438,50.17169189453125,-158.2911067377467,-158.28989462621698,21.358087435628356,21.359084557589473,,4488,0,3592.450000128
141.0,-1.0,ascent,2026-02-06 23:00:49.706000128,2026-02-07 00:09:01.802000128,754.3768920898438,0.4933222532272339,0.4933222532272339,754.3768920898438,753.8835698366165,-158.30064776326475,-158.29110527506424,21.359082458256594,21.37039255761366,,5111,66,4092.096
141.5,0.0,surfacing,2026-02-07 00:09:02.528999936,2026-02-07 00:18:58.064999936,0.0,0.0,0.0,2.395402193069458,2.395402193069458,-158.29850166666944,-158.29830166666943,21.374058332738596,21.3749483327387,,563,595,595.536
142.0,1.0,descent,2026-02-07 00:18:59.012999936,2026-02-07 01:25:24.023000064,0.1716841161251068,704.6106567382812,0.1716841161251068,704.6106567382812,704.4389726221561,-158.3103529989301,-158.29829166666943,21.374839310537514,21.38255610479717,,4977,20,3985.010000128
142.5,0.0,inflection,2026-02-07 01:25:24.395000064,2026-02-07 02:25:25.111000064,704.7633056640625,753.8377075195312,704.5234375,753.8377075195312,49.31427001953125,-158.31080973209808,-158.31035349867622,21.38255812277648,21.384369423475484,,4500,0,3600.716
143.0,-1.0,ascent,2026-02-07 02:25:26.023000064,2026-02-07 03:37:26.932000000,753.6414794921875,0.21528643369674683,0.21528643369674683,753.6414794921875,753.4261930584908,-158.32156597294463,-158.31080125430407,21.384268127751557,21.392859103561257,,5395,60,4320.908999936
143.5,0.0,surfacing,2026-02-07 03:37:27.753999872,2026-02-07 03:48:35.052000000,0.0,0.0,0.0,2.0027005672454834,2.0027005672454834,-158.31827666666933,-158.3173716666694,21.389243332740428,21.389444999407125,,571,667,667.298000128
144.0,1.0,descent,2026-02-07 03:48:35.232999936,2026-02-07 04:53:05.232999936,0.5204296708106995,705.4928588867188,0.5204296708106995,705.4928588867188,704.972429215908,-158.32555279531022,-158.3173650000027,21.38922136521975,21.39867337502131,,4836,20,3870.0
144.5,0.0,inflection,2026-02-07 04:53:05.500000000,2026-02-07 05:52:52.729000192,705.5146484375,780.543701171875,705.4492797851562,780.543701171875,75.09442138671875,-158.32554951958303,-158.32506136737058,21.398674249113107,21.399455785157215,,4481,0,3587.229000192
145.0,-1.0,ascent,2026-02-07 05:52:53.232999936,2026-02-07 07:06:46.276999936,780.4129028320312,0.30244866013526917,0.30244866013526917,780.4129028320312,780.110454171896,-158.33504181218913,-158.32506307883406,21.3994152978537,21.409231392735116,,5537,60,4433.044
145.5,0.0,surfacing,2026-02-07 07:06:47.112999936,2026-02-07 07:23:14.043000064,0.0,0.0,0.0,4.0869574546813965,4.0869574546813965,-158.3393250000026,-158.33824500000264,21.404971666075653,21.40594999940911,,1014,986,986.930000128
146.0,1.0,descent,2026-02-07 07:23:14.901999872,2026-02-07 08:28:59.901999872,0.27500513195991516,704.4624633789062,0.27500513195991516,704.4624633789062,704.1874582469463,-158.3466829694912,-158.3392578394797,21.405941666075773,21.41558212525809,,4930,20,3945.0
146.5,0.0,inflection,2026-02-07 08:29:00.144000000,2026-02-07 09:28:57.088000000,704.5059814453125,773.0775756835938,702.6109008789062,773.0775756835938,70.4666748046875,-158.3471517598203,-158.34668346433966,21.415568052971988,21.41584242112042,,4493,0,3596.944
147.0,-1.0,ascent,2026-02-07 09:28:57.901999872,2026-02-07 10:40:49.987000064,772.9468994140625,0.4274832308292389,0.4274832308292389,772.9468994140625,772.5194161832333,-158.35508925538568,-158.34715216310613,21.415809755297854,21.42612998349087,,5384,84,4312.085000192
147.5,0.0,surfacing,2026-02-07 10:40:50.920000000,2026-02-07 10:50:31.083000064,0.0,0.0,0.0,6.796853065490723,6.796853065490723,-158.35973500000253,-158.3584766666692,21.43183666607892,21.432461666078986,,511,580,580.163000064
148.0,1.0,descent,2026-02-07 10:50:31.420000000,2026-02-07 11:57:20.420000000,0.22354410588741302,705.6414794921875,0.22354410588741302,705.6414794921875,705.4179353863001,-158.36912320419188,-158.35975000000252,21.431928332745596,21.443326914969095,,5008,20,4009.0
148.5,0.0,inflection,2026-02-07 11:57:21.237999872,2026-02-07 12:27:54.552000000,705.7286987304688,726.5565185546875,705.7069091796875,726.5783081054688,20.87139892578125,-158.36982874255244,-158.36912474199298,21.443328518461794,21.444062587333914,,2291,0,1833.314000128
149.0,1.0,descent,2026-02-07 12:27:55.420000000,2026-02-07 12:35:59.420000000,726.7091674804688,743.4586181640625,726.7091674804688,743.4586181640625,16.74945068359375,-158.37001347289961,-158.3698302796004,21.444064190019034,21.44425520594638,,605,0,484.0
149.5,0.0,inflection,2026-02-07 12:35:59.671000064,2026-02-07 12:57:17.395000064,743.698486328125,741.5830078125,740.9942016601562,752.138671875,11.14447021484375,-158.3705078673724,-158.37001502532212,21.444256824656684,21.444765236437767,,1596,0,1277.724
150.0,-1.0,ascent,2026-02-07 12:57:17.420000000,2026-02-07 14:05:42.742000128,741.2994995117188,0.7469644546508789,0.7469644546508789,741.2994995117188,740.5525350570679,-158.38006967120407,-158.37050794033587,21.44476618380817,21.45619904887768,,5125,32,4105.322000128
150.5,0.0,surfacing,2026-02-07 14:05:43.555000064,2026-02-07 14:16:27.073999872,0.0,0.0,0.0,0.8996286988258362,0.8996286988258362,-158.38068500000244,-158.37984333333577,21.458174999415437,21.459599999415605,,607,643,643.518999808
151.0,1.0,descent,2026-02-07 14:16:28.000000000,2026-02-07 15:23:37.000000000,0.9489469528198242,704.7185668945312,0.9489469528198242,704.7185668945312,703.7696199417114,-158.390897790901,-158.38070500000245,21.458204999415443,21.46999537025116,,5032,12,4029.0
151.5,0.0,inflection,2026-02-07 15:23:37.013999872,2026-02-07 16:04:47.269999872,704.82763671875,716.3240966796875,704.7403564453125,716.36767578125,11.6273193359375,-158.3917655150681,-158.39089919425035,21.46999826805116,21.471787125122432,,3084,0,2470.256
152.0,1.0,descent,2026-02-07 16:04:48.000000000,2026-02-07 16:15:12.000000000,716.542236328125,740.2767944335938,716.542236328125,740.2767944335938,23.73455810546875,-158.39198320254826,-158.39176691985475,21.471790025813863,21.472236618390365,,780,0,624.0
152.5,0.0,inflection,2026-02-07 16:15:12.005000192,2026-02-07 16:23:32.716999936,740.4295043945312,750.9442749023438,740.4295043945312,750.9442749023438,10.5147705078125,-158.39216025697434,-158.39198460629052,21.472239516906136,21.472609130876815,,626,0,500.711999744
153.0,-1.0,ascent,2026-02-07 16:23:33.000000000,2026-02-07 17:34:05.905999872,750.8788452148438,0.4690197706222534,0.4690197706222534,750.8788452148438,750.4098254442215,-158.4035035498364,-158.39216163681996,21.47249153027664,21.48388963745422,,5283,32,4232.905999872
153.5,0.0,surfacing,2026-02-07 17:34:06.717999872,2026-02-07 17:48:28.066999808,0.0,0.0,0.0,4.321717739105225,4.321717739105225,-158.3975683333357,-158.39706000000234,21.466401666083097,21.469183332750102,,662,861,861.348999936
154.0,1.0,descent,2026-02-07 17:48:29.000000000,2026-02-07 18:53:57.000000000,0.6376304626464844,705.4972534179688,0.6376304626464844,705.4972534179688,704.8596229553223,-158.4024526883143,-158.3975088688116,21.466456666083097,21.475493107117966,,4907,20,3928.0
154.5,0.0,inflection,2026-02-07 18:53:57.748000000,2026-02-07 19:53:49.152000000,705.5626220703125,729.193115234375,705.51904296875,729.193115234375,23.674072265625,-158.40244957976128,-158.40175145330042,21.473752521281728,21.475485360182226,,4487,0,3591.404
155.0,-1.0,ascent,2026-02-07 19:53:50.000000000,2026-02-07 21:02:14.315000064,728.97509765625,0.2234431505203247,0.2234431505203247,728.97509765625,728.7516545057297,-158.40703107704547,-158.40173915400854,21.47375359092965,21.482664385373134,,5126,56,4104.315000064
155.5,0.0,surfacing,2026-02-07 21:02:15.242000128,2026-02-07 21:12:03.048000000,0.0,0.0,0.0,2.3230018615722656,2.3230018615722656,-158.40974500000235,-158.40795166666896,21.48777333275234,21.487869999419043,,553,587,587.805999872
156.0,1.0,descent,2026-02-07 21:12:04.000000000,2026-02-07 22:22:05.000000000,0.18790988624095917,707.70947265625,0.18790988624095917,707.70947265625,707.521562770009,-158.41654079131843,-158.4097048569067,21.48789499941904,21.497887792401364,,5245,16,4201.0
156.5,0.0,inflection,2026-02-07 22:22:05.066999808,2026-02-07 22:52:14.734999808,708.0144653320312,715.748779296875,707.970947265625,721.1954345703125,13.2244873046875,-158.41653328970594,-158.41625116522508,21.49781870775296,21.497886003045323,,2259,0,1809.668
157.0,1.0,descent,2026-02-07 22:52:15.000000000,2026-02-07 23:02:43.000000000,715.8140869140625,736.9689331054688,715.8140869140625,736.9689331054688,21.15484619140625,-158.4162505412353,-158.416153751232,21.497795471420424,21.49781855891177,,785,0,628.0
157.5,0.0,inflection,2026-02-07 23:02:43.612999936,2026-02-07 23:21:24.934000128,737.1868286132812,746.6640014648438,737.1432495117188,746.6640014648438,9.520751953125,-158.41615312708643,-158.41596973056005,21.497747429289028,21.497795322541666,,1401,0,1121.321000192
158.0,-1.0,ascent,2026-02-07 23:21:25.000000000,2026-02-08 00:32:50.338000128,746.4243774414062,1.6258289813995361,1.6258289813995361,746.4243774414062,744.7985484600067,-158.4194940019201,-158.4141277800569,21.494792327662314,21.50119172608883,,5348,36,4285.338000128
158.5,0.0,surfacing,2026-02-08 00:32:51.155000064,2026-02-08 00:47:08.056000000,0.0,0.0,0.0,4.310343265533447,4.310343265533447,-158.41532833333565,-158.41258333333565,21.504096666087676,21.504804999421093,,763,856,856.900999936
159.0,1.0,descent,2026-02-08 00:47:09.025000192,2026-02-08 01:53:29.025000192,0.5067555904388428,705.561767578125,0.5067555904388428,705.561767578125,705.0550119876862,-158.41520833333564,-158.40930077098645,21.496821806856982,21.504943726281105,,4970,20,3980.0
159.5,0.0,inflection,2026-02-08 01:53:29.382999808,2026-02-08 02:53:17.061000192,705.5835571289062,742.963623046875,705.5181884765625,742.963623046875,37.4454345703125,-158.40929950882867,-158.4081672658443,21.496836500401265,21.499479451110876,,4483,0,3587.678000384
160.0,-1.0,ascent,2026-02-08 02:53:18.025000192,2026-02-08 04:06:30.344999936,742.723876953125,0.4849596321582794,0.4849596321582794,742.723876953125,742.2389173209667,-158.40816641335516,-158.40319706805545,21.490331986419292,21.4994801847602,,5485,60,4392.319999744
160.5,0.0,surfacing,2026-02-08 04:06:31.257999872,2026-02-08 04:24:02.084999936,0.0,0.0,0.0,3.448637008666992,3.448637008666992,-158.4047833333357,-158.4029833333357,21.48066999941816,21.481513332751607,,849,1050,1050.827000064
161.0,1.0,descent,2026-02-08 04:24:02.127000064,2026-02-08 05:30:28.127000064,0.7384222149848938,706.6809692382812,0.7384222149848938,706.6809692382812,705.9425470232964,-158.40483333333572,-158.39579405624866,21.471404530000427,21.481471666084932,,4976,20,3986.0
161.5,0.0,inflection,2026-02-08 05:30:28.812999936,2026-02-08 05:50:18.338000128,706.9861450195312,726.5829467773438,706.8553466796875,726.5829467773438,19.72760009765625,-158.39579265022522,-158.39537493683292,21.471293232181726,21.471404184368808,,1487,0,1189.525000192
162.0,-1.0,ascent,2026-02-08 05:50:19.127000064,2026-02-08 06:57:23.431000064,726.2559204101562,0.5422362089157104,0.5422362089157104,726.2559204101562,725.7136842012405,-158.39537425758192,-158.386052569696,21.460921802791102,21.471297007552185,,5025,60,4024.304
162.5,0.0,surfacing,2026-02-08 06:57:24.345999872,2026-02-08 07:07:28.064000000,0.0,0.0,0.0,2.9618632793426514,2.9618632793426514,-158.39024500000244,-158.3895833333357,21.46170999941585,21.463149999416032,,540,603,603.718000128
163.0,1.0,descent,2026-02-08 07:07:29.000000000,2026-02-08 08:13:45.000000000,0.3678486943244934,704.7626953125,0.3678486943244934,704.7626953125,704.3948466181755,-158.39025333333572,-158.3815317978342,21.454030613527575,21.463270211673777,,4965,16,3976.0
163.5,0.0,inflection,2026-02-08 08:13:45.756000000,2026-02-08 08:33:38.595000064,704.849853515625,719.6727905273438,704.6318969726562,719.6727905273438,15.0408935546875,-158.38155586850502,-158.38153220038433,21.453977774676748,21.454030480741487,,1490,0,1192.839000064
164.0,-1.0,ascent,2026-02-08 08:33:39.000000000,2026-02-08 09:40:03.279000064,719.5856323242188,0.8692128658294678,0.8692128658294678,719.5856323242188,718.7164194583893,-158.38155551398492,-158.3727975510636,21.444861316538283,21.453980876064968,,4973,60,3984.279000064
164.5,0.0,surfacing,2026-02-08 09:40:04.114000128,2026-02-08 09:50:49.046000128,0.0,0.0,0.0,1.8283442258834839,1.8283442258834839,-158.3780283333358,-158.3763616666691,21.45365833274822,21.45553666608179,,619,644,644.932
165.0,1.0,descent,2026-02-08 09:50:50.044000000,2026-02-08 10:56:45.044000000,0.5529331564903259,704.18896484375,0.5529331564903259,704.18896484375,703.6360316872597,-158.37811000000247,-158.3726035970491,21.44893288758129,21.455648332748464,,4939,20,3955.0
165.5,0.0,inflection,2026-02-08 10:56:45.487000064,2026-02-08 11:16:47.219000064,704.276123046875,719.6819458007812,703.0122680664062,719.6819458007812,16.669677734375,-158.37303508119217,-158.37260788668252,21.448943390954657,21.449992195085336,,1502,0,1201.732
166.0,-1.0,ascent,2026-02-08 11:16:48.044000000,2026-02-08 12:20:27.052999936,719.5076293945312,0.5093522071838379,0.5093522071838379,719.5076293945312,718.9982771873474,-158.37303474353263,-158.36762220518096,21.44352278782443,21.44999854094455,,4769,60,3819.008999936
166.5,0.0,surfacing,2026-02-08 12:20:27.988000000,2026-02-08 12:29:47.032000000,0.0,0.0,0.0,4.543331623077393,4.543331623077393,-158.37300666666914,-158.37133666666918,21.447679999414156,21.44943333274771,,542,559,559.044
167.0,1.0,descent,2026-02-08 12:29:48.000000000,2026-02-08 13:38:21.000000000,0.12249845266342163,705.1473999023438,0.12249845266342163,705.1473999023438,705.0249014496803,-158.37306000000245,-158.36885218301487,21.444585238819535,21.44953897018742,,5138,20,4113.0
167.5,0.0,inflection,2026-02-08 13:38:21.223000064,2026-02-08 13:58:15.176000000,705.2998046875,722.983154296875,704.7118530273438,722.983154296875,18.27130126953125,-158.3697531087522,-158.36886067447506,21.4445955772752,21.445987025998328,,1492,0,1193.952999936
168.0,-1.0,ascent,2026-02-08 13:58:16.000000000,2026-02-08 14:59:43.313999872,722.7000732421875,1.1460411548614502,1.1460411548614502,722.7000732421875,721.554032087326,-158.3697805866246,-158.36569832801555,21.44092657376559,21.445992334974488,,4601,36,3687.313999872
168.5,0.0,surfacing,2026-02-08 14:59:44.116000000,2026-02-08 15:09:48.063000064,0.0,0.0,0.0,4.364223480224609,4.364223480224609,-158.36466166666918,-158.36334333333582,21.435979999412734,21.436678332746155,,563,603,603.947000064
169.0,1.0,descent,2026-02-08 15:09:48.526000128,2026-02-08 16:13:09.526000128,0.36234408617019653,706.1541137695312,0.36234408617019653,706.1541137695312,705.791769683361,-158.36467666666914,-158.3586780528229,21.43007616455233,21.436810537627238,,4748,20,3801.0
169.5,0.0,inflection,2026-02-08 16:13:10.482000128,2026-02-08 16:32:56.029999872,706.2413330078125,712.1041870117188,704.3887329101562,712.1259765625,7.73724365234375,-158.35918314447426,-158.35867980675656,21.43007906973224,21.43087348622321,,1483,0,1185.547999744
170.0,-1.0,ascent,2026-02-08 16:32:56.526000128,2026-02-08 17:44:56.657999872,711.8426513671875,0.5585002899169922,0.5585002899169922,711.8426513671875,711.2841510772705,-158.35918838145727,-158.3527768280646,21.424164936406175,21.430882160544602,,5394,60,4320.131999744
170.5,0.0,surfacing,2026-02-08 17:44:57.544000000,2026-02-08 17:55:41.068000000,0.0,0.0,0.0,3.021350383758545,3.021350383758545,-158.34670833333593,-158.3463800000026,21.419608332744087,21.42054999941087,,555,643,643.524
171.0,1.0,descent,2026-02-08 17:55:41.178999808,2026-02-08 19:00:26.178999808,0.5909215807914734,705.2091064453125,0.5909215807914734,705.2091064453125,704.618184864521,-158.34672666666924,-158.33870169892867,21.411467216120982,21.420626143323126,,4853,16,3885.0
171.5,0.0,inflection,2026-02-08 19:00:26.341000192,2026-02-08 19:20:15.947000064,705.3179931640625,728.4102783203125,705.2308959960938,728.4102783203125,23.17938232421875,-158.33870064313996,-158.3383861174785,21.41147219781858,21.411724548080983,,1485,0,1189.605999872
172.0,-1.0,ascent,2026-02-08 19:20:16.178999808,2026-02-08 20:25:40.872999936,728.2359619140625,0.1770041584968567,0.1770041584968567,728.2359619140625,728.0589577555656,-158.33838532768095,-158.33066537205565,21.402724046229643,21.411723061329987,,4899,56,3924.694000128
172.5,0.0,surfacing,2026-02-08 20:25:41.043000064,2026-02-08 20:38:05.098000128,0.0,0.0,0.0,1.918766975402832,1.918766975402832,-158.33373000000265,-158.33246666666932,21.403456666075478,21.40516499940902,,575,744,744.055000064
173.0,1.0,descent,2026-02-08 20:38:06.023000064,2026-02-08 21:35:38.023000064,0.21804170310497284,975.2787475585938,0.21804170310497284,975.2787475585938,975.0607058554888,-158.3337766666693,-158.32687124908475,21.39790685320635,21.405151666075685,,4309,20,3452.0
173.5,0.0,inflection,2026-02-08 21:35:38.744999936,2026-02-08 21:35:54.753999872,975.4749755859375,975.6276245117188,975.4531860351562,975.6494140625,0.19622802734375,-158.32687098780715,-158.32686994341466,21.397907998514476,21.397912576599733,,21,0,16.008999936
174.0,-1.0,ascent,2026-02-08 21:35:55.023000064,2026-02-08 22:48:26.969000192,975.4967651367188,0.28345420956611633,0.28345420956611633,975.4967651367188,975.2133109271526,-158.3268696799831,-158.3174270907806,21.388420169685833,21.39791717528507,,5433,64,4351.946000128
174.5,0.0,surfacing,2026-02-08 22:48:27.812999936,2026-02-08 23:06:44.064999936,0.0,0.0,0.0,2.1015284061431885,2.1015284061431885,-158.322023333336,-158.31863000000274,21.393028332740883,21.395503332741182,,1146,1096,1096.252
175.0,1.0,descent,2026-02-08 23:06:45.000000000,2026-02-09 01:36:56.000000000,0.4006804823875427,969.70947265625,0.4006804823875427,969.70947265625,969.3087921738625,-158.32205666666934,-158.31689626570554,21.390311553944798,21.39562538933519,,11253,36,9011.0
175.5,0.0,inflection,2026-02-09 01:36:56.604000000,2026-02-09 01:37:33.413000192,970.0802001953125,970.6907348632812,970.0584106445312,971.148681640625,1.09027099609375,-158.3168961946015,-158.3168939246553,21.390310170598195,21.39032376063242,,45,0,36.809000192
176.0,-1.0,ascent,2026-02-09 01:37:34.000000000,2026-02-09 03:09:29.743000064,970.4072875976562,0.42248624563217163,0.42248624563217163,970.4072875976562,969.9848013520241,-158.31877605652562,-158.31320702560922,21.384277126127927,21.390318809906155,,6888,181,5515.743000064
176.5,0.0,surfacing,2026-02-09 03:09:29.787000064,2026-02-09 03:26:22.188000000,0.0,0.0,0.0,4.194879531860352,4.194879531860352,-158.32223666666934,-158.3203333333361,21.38762166607356,21.388971666073726,,839,1012,1012.400999936
177.0,1.0,descent,2026-02-09 03:26:22.527000064,2026-02-09 05:34:34.527000064,0.185308039188385,970.261962890625,0.185308039188385,970.261962890625,970.0766548514366,-158.33372498193393,-158.3222516666693,21.388952003134683,21.402946926200034,,9603,40,7692.0
177.5,0.0,inflection,2026-02-09 05:34:35.084999936,2026-02-09 05:34:35.084999936,971.4827880859375,971.4827880859375,971.4827880859375,971.4827880859375,0.0,-158.33373634883586,-158.33373634883586,21.402956459032747,21.402956459032747,0.0,1,0,0.0
178.0,-1.0,ascent,2026-02-09 05:34:35.527000064,2026-02-09 07:09:05.405999872,971.3956298828125,1.209952473640442,1.209952473640442,971.3956298828125,970.1856774091721,-158.34738430273654,-158.33374183974277,21.402962369953663,21.416954802733425,,7078,57,5669.878999808
178.5,0.0,surfacing,2026-02-09 07:09:06.338000128,2026-02-09 07:24:50.056000000,0.0,0.0,0.0,2.888625144958496,2.888625144958496,-158.3456600000026,-158.3449450000026,21.415226666076894,21.417361666077166,,785,943,943.717999872
179.0,1.0,descent,2026-02-09 07:24:50.852999936,2026-02-09 08:41:36.852999936,0.6105833649635315,972.9645385742188,0.6105833649635315,972.9645385742188,972.3539552092552,-158.3539603416584,-158.34538302016205,21.417368332743823,21.427780506258152,,5751,24,4606.0
179.5,0.0,inflection,2026-02-09 08:41:37.665999872,2026-02-09 08:41:57.823000064,973.0953979492188,973.5097045898438,973.0736083984375,973.5097045898438,0.43609619140625,-158.35396331958017,-158.35396154972673,21.42778482009841,21.427795146807604,,26,0,20.157000192
180.0,-1.0,ascent,2026-02-09 08:41:57.852999936,2026-02-09 10:05:28.224000000,973.4661254882812,0.32709822058677673,0.32709822058677673,973.4661254882812,973.1390272676945,-158.36537487914606,-158.35395977404534,21.427797249347016,21.440126447272238,,6258,88,5010.371000064
180.5,0.0,surfacing,2026-02-09 10:05:28.272000000,2026-02-09 10:17:25.065999872,0.0,0.0,0.0,3.122657060623169,3.122657060623169,-158.36816500000245,-158.36742833333585,21.441268332746713,21.4427833327469,,657,716,716.793999872
181.0,1.0,descent,2026-02-09 10:17:25.431000064,2026-02-09 11:34:17.431000064,0.005449663382023573,970.7866821289062,0.005449663382023573,970.7866821289062,970.7812324655242,-158.37737281840057,-158.3681212620627,21.442801666080232,21.454029271462726,,5760,28,4612.0
181.5,0.0,inflection,2026-02-09 11:34:18.124999936,2026-02-09 11:34:46.160999936,972.7485961914062,972.8575439453125,972.7267456054688,973.0101318359375,0.28338623046875,-158.37738488022106,-158.37737914083297,21.4540382733018,21.454057888207156,,36,0,28.036
182.0,-1.0,ascent,2026-02-09 11:34:46.431000064,2026-02-09 12:57:03.125999872,972.6831665039062,0.8119998574256897,0.8119998574256897,972.6831665039062,971.8711666464806,-158.3893897126756,-158.3773853063224,21.454060252305528,21.467070871733153,,6164,60,4936.694999808
182.5,0.0,surfacing,2026-02-09 12:57:03.964000000,2026-02-09 13:07:39.042000128,0.0,0.0,0.0,2.6430866718292236,2.6430866718292236,-158.39601166666904,-158.39381666666907,21.471583332750402,21.473219999417264,,589,635,635.078000128
183.0,1.0,descent,2026-02-09 13:07:39.500000000,2026-02-09 14:26:01.500000000,0.43883541226387024,973.0943603515625,0.43883541226387024,973.0943603515625,972.6555249392986,-158.40702596538512,-158.39599478816424,21.473248332750593,21.486617157396093,,5871,28,4702.0
183.5,0.0,inflection,2026-02-09 14:26:02.008000000,2026-02-09 14:26:26.119000064,973.2252197265625,973.4432373046875,973.1380004882812,973.465087890625,0.32708740234375,-158.4070436721689,-158.4070311990109,21.486624141602572,21.486648824051525,,31,0,24.111000064
184.0,-1.0,ascent,2026-02-09 14:26:26.500000000,2026-02-09 15:47:15.698999808,973.203369140625,1.2892494201660156,1.2892494201660156,973.203369140625,971.914119720459,-158.41953333748413,-158.40704577455605,21.48665298434937,21.501246926030323,,6056,36,4849.198999808
184.5,0.0,surfacing,2026-02-09 15:47:16.506000128,2026-02-09 16:11:32.076999936,0.0,0.0,0.0,5.447903633117676,5.447903633117676,-158.42251833333557,-158.41742166666893,21.497706666086895,21.501661666087383,,899,1455,1455.570999808
185.0,1.0,descent,2026-02-09 16:11:33.000000000,2026-02-09 17:31:02.000000000,0.40566277503967285,973.9092407226562,0.40566277503967285,973.9092407226562,973.5035779476166,-158.42248000000228,-158.4168776403857,21.49550349207061,21.501843741468033,,5953,28,4769.0
185.5,0.0,inflection,2026-02-09 17:31:02.153000192,2026-02-09 17:31:14.167000064,974.0181274414062,973.8438720703125,973.8438720703125,974.0181274414062,0.17425537109375,-158.41688792819457,-158.41688406978366,21.495517595158223,21.49552605870296,,16,0,12.013999872
186.0,-1.0,ascent,2026-02-09 17:31:15.000000000,2026-02-09 18:53:50.405999872,973.7567749023438,0.42744335532188416,0.42744335532188416,973.7567749023438,973.3293315470219,-158.41689050143307,-158.40891277041408,21.487205541536614,21.49553170318142,,6188,80,4955.405999872
186.5,0.0,surfacing,2026-02-09 18:53:51.275000064,2026-02-09 19:06:21.062000128,0.0,0.0,0.0,4.013592720031738,4.013592720031738,-158.4073150000023,-158.40692833333566,21.484424999418625,21.485931666085474,,719,749,749.787000064
187.0,1.0,descent,2026-02-09 19:06:21.628000000,2026-02-09 20:33:26.628000000,0.5016990900039673,975.8265380859375,0.5016990900039673,975.8265380859375,975.3248389959335,-158.40728666666902,-158.39751296913315,21.474717333219967,21.48607666608547,,6524,12,5225.0
187.5,0.0,inflection,2026-02-09 20:33:27.098000128,2026-02-09 20:33:39.111000064,975.8701171875,975.7611083984375,975.7611083984375,975.8701171875,0.1090087890625,-158.39751594518262,-158.3975146700667,21.47472350402017,21.47472813000041,,16,0,12.012999936
188.0,-1.0,ascent,2026-02-09 20:33:39.628000000,2026-02-09 21:24:49.060000000,975.6520385742188,1.7668532133102417,1.7668532133102417,975.6520385742188,973.8851853609085,-158.39751722072359,-158.39021526996356,21.46688115658849,21.474732757522382,,3833,12,3069.432
188.5,0.0,surfacing,2026-02-09 21:24:49.937999872,2026-02-09 21:35:58.224000000,0.0,0.0,0.0,6.290786266326904,6.290786266326904,-158.39038666666906,-158.38921833333572,21.470503332750262,21.471669999417077,,685,668,668.286000128
189.0,1.0,descent,2026-02-09 21:35:59.000000000,2026-02-09 22:59:22.000000000,0.6045690774917603,977.1741943359375,0.6045690774917603,977.1741943359375,976.5696252584457,-158.39032666666907,-158.38125978349186,21.461275825977456,21.47169715507636,,6246,12,5003.0
189.5,0.0,inflection,2026-02-09 22:59:22.487000064,2026-02-09 22:59:42.583000064,977.3703002929688,977.39208984375,977.3267211914062,977.479248046875,0.15252685546875,-158.3812596062742,-158.38125871792732,21.461285365154268,21.461301309615678,,26,0,20.096
190.0,-1.0,ascent,2026-02-09 22:59:43.000000000,2026-02-10 00:00:21.463000064,977.1959838867188,0.364920049905777,0.364920049905777,977.1959838867188,976.831063836813,-158.38125854026677,-158.37399838261106,21.45326436475942,21.46131086707284,,4543,60,3638.463000064
190.5,0.0,surfacing,2026-02-10 00:00:22.290999808,2026-02-10 00:09:53.063000064,0.0,0.0,0.0,5.658984184265137,5.658984184265137,-158.37790333333584,-158.37621333333578,21.456438332748554,21.457688332748717,,552,570,570.772000256
191.0,1.0,descent,2026-02-10 00:09:54.000000000,2026-02-10 01:37:26.000000000,1.1935042142868042,976.117431640625,1.1935042142868042,976.117431640625,974.9239274263382,-158.37793666666914,-158.36952530697724,21.449029063381932,21.457726572142754,,6557,12,5252.0
191.5,0.0,inflection,2026-02-10 01:37:26.194999808,2026-02-10 01:37:42.204999936,976.2700805664062,976.3136596679688,976.182861328125,976.3136596679688,0.13079833984375,-158.36953006485732,-158.36952734667517,21.449042672255747,21.44906080797569,,21,0,16.010000128
192.0,-1.0,ascent,2026-02-10 01:37:43.000000000,2026-02-10 02:35:57.351000064,976.2700805664062,0.9755125045776367,0.9755125045776367,976.2700805664062,975.2945680618286,-158.36953278388947,-158.36339108791657,21.44254113110663,21.449078949362615,,4360,28,3494.351000064
192.5,0.0,surfacing,2026-02-10 02:35:58.158999808,2026-02-10 02:46:38.056000000,0.0,0.0,0.0,3.0682320594787598,3.0682320594787598,-158.36489500000252,-158.36314000000255,21.44198499941348,21.443718332747025,,594,639,639.897000192
193.0,1.0,descent,2026-02-10 02:46:38.233999872,2026-02-10 04:15:06.233999872,0.7112433910369873,975.2182006835938,0.7112433910369873,975.2182006835938,974.5069572925568,-158.36490166666917,-158.35630405716483,21.43454093662934,21.443746080686363,,6628,12,5308.0
193.5,0.0,inflection,2026-02-10 04:15:06.812000000,2026-02-10 04:15:06.812000000,975.2618408203125,975.2618408203125,975.2618408203125,975.2618408203125,0.0,-158.35630521429206,-158.35630521429206,21.434553239136925,21.434553239136925,0.0,1,0,0.0
194.0,-1.0,ascent,2026-02-10 04:15:07.233999872,2026-02-10 05:12:21.410000128,975.1964111328125,0.2970326840877533,0.2970326840877533,975.1964111328125,974.8993784487247,-158.3563083059726,-158.35011648141432,21.427547565379694,21.43458610969116,,4288,32,3434.176000256
194.5,0.0,surfacing,2026-02-10 05:12:22.216000000,2026-02-10 05:25:32.053999872,0.0,0.0,0.0,3.545316457748413,3.545316457748413,-158.35088333333593,-158.34912666666924,21.425848332744856,21.427833332745088,,740,789,789.837999872
195.0,1.0,descent,2026-02-10 05:25:33.013999872,2026-02-10 06:54:03.013999872,0.842505931854248,976.0335693359375,0.842505931854248,976.0335693359375,975.1910634040833,-158.35089500000257,-158.34155251729783,21.417472006826884,21.427888332745102,,6631,12,5310.0
195.5,0.0,inflection,2026-02-10 06:54:03.260999936,2026-02-10 06:54:23.280000000,976.186279296875,976.1644287109375,976.120849609375,976.2734985351562,0.15264892578125,-158.3415522997126,-158.341551211623,21.417478337303685,21.41749416586897,,26,0,20.019000064
196.0,-1.0,ascent,2026-02-10 06:54:24.013999872,2026-02-10 07:55:22.504000000,975.8590698242188,0.12269503623247147,0.12269503623247147,975.8590698242188,975.7363747879863,-158.34155099392893,-158.3342510931907,21.40923688497289,21.41750366237524,,4568,60,3658.490000128
196.5,0.0,surfacing,2026-02-10 07:55:23.375000064,2026-02-10 08:06:23.082000128,0.0,0.0,0.0,2.787996530532837,2.787996530532837,-158.3327166666693,-158.332003333336,21.406866666075885,21.40849499940942,,628,659,659.707000064
197.0,1.0,descent,2026-02-10 08:06:23.608999936,2026-02-10 09:31:01.608999936,1.0437954664230347,975.398193359375,1.0437954664230347,975.398193359375,974.354397892952,-158.33265000000262,-158.32247677731544,21.396020578403007,21.408461666076082,,6340,12,5078.0
197.5,0.0,inflection,2026-02-10 09:31:02.259000064,2026-02-10 09:31:02.259000064,975.463623046875,975.463623046875,975.463623046875,975.463623046875,0.0,-158.32247546102818,-158.32247546102818,21.396028232225248,21.396028232225248,0.0,1,0,0.0
198.0,-1.0,ascent,2026-02-10 09:31:02.608999936,2026-02-10 10:28:15.257999872,975.3546142578125,0.6077451109886169,0.6077451109886169,975.3546142578125,974.7468691468239,-158.3224741437539,-158.31531845112156,21.387104163449536,21.396039717262465,,4288,36,3432.648999936
198.5,0.0,surfacing,2026-02-10 10:28:16.064000000,2026-02-10 10:41:30.044000000,0.0,0.0,0.0,3.747307300567627,3.747307300567627,-158.31789666666936,-158.31649333333604,21.38785166607359,21.389468332740453,,744,793,793.98
199.0,1.0,descent,2026-02-10 10:41:30.691000064,2026-02-10 12:07:17.691000064,0.4987325370311737,976.3139038085938,0.4987325370311737,976.3139038085938,975.8151712715626,-158.31787166666936,-158.30717329977716,21.377897093485966,21.389396666073775,,6427,16,5147.0
199.5,0.0,inflection,2026-02-10 12:07:18.119000064,2026-02-10 12:07:26.124000000,976.3793334960938,976.3574829101562,976.3139038085938,976.3793334960938,0.0654296875,-158.3071724255581,-158.30717067711987,21.377905645658764,21.3779099201422,,11,0,8.004999936
200.0,-1.0,ascent,2026-02-10 12:07:26.691000064,2026-02-10 13:04:25.216000000,976.335693359375,0.08448474854230881,0.08448474854230881,976.335693359375,976.2512086108327,-158.30716980290072,-158.29945928219203,21.369510553706778,21.377918471780543,,4269,32,3418.524999936
200.5,0.0,surfacing,2026-02-10 13:04:26.017999872,2026-02-10 13:16:37.060000000,0.0,0.0,0.0,3.182913064956665,3.182913064956665,-158.3035450000028,-158.30143333333612,21.372123332738358,21.373873332738572,,674,731,731.042000128
201.0,1.0,descent,2026-02-10 13:16:37.441999872,2026-02-10 14:43:12.441999872,0.41421473026275635,975.9116821289062,0.41421473026275635,975.9116821289062,975.4974673986435,-158.3036183333361,-158.29394799420797,21.363718869285368,21.373943585811578,,6487,12,5195.0
201.5,0.0,inflection,2026-02-10 14:43:13.404999936,2026-02-10 14:43:25.416000000,975.9334716796875,975.9116821289062,975.8026733398438,975.9334716796875,0.13079833984375,-158.29394785955066,-158.29394745884753,21.36373496236497,21.363744599761016,,16,0,12.011000064
202.0,-1.0,ascent,2026-02-10 14:43:25.441999872,2026-02-10 15:39:04.228000000,975.7590942382812,0.15260542929172516,0.15260542929172516,975.7590942382812,975.6064888089895,-158.29394732539097,-158.2871819224592,21.35644055590476,21.3637510193434,,4166,40,3338.786000128
202.5,0.0,surfacing,2026-02-10 15:39:05.160000000,2026-02-10 15:48:53.044000000,0.0,0.0,0.0,2.9431047439575195,2.9431047439575195,-158.28532333333618,-158.28513500000284,21.35554333273636,21.356554999403155,,551,587,587.884
203.0,1.0,descent,2026-02-10 15:48:54.000000000,2026-02-10 17:14:17.000000000,0.3052108585834503,976.7401123046875,0.3052108585834503,976.7401123046875,976.434901446104,-158.28520166666948,-158.2751703941331,21.34501722426565,21.35648333273648,,6396,16,5123.0
203.5,0.0,inflection,2026-02-10 17:14:17.923000064,2026-02-10 17:14:33.936999936,976.8709106445312,976.9363403320312,976.8055419921875,976.9581298828125,0.152587890625,-158.27516928014174,-158.2751648236191,21.345025280562513,21.345036027213983,,21,0,16.013999872
204.0,-1.0,ascent,2026-02-10 17:14:34.000000000,2026-02-10 18:12:20.392999936,976.8709106445312,0.10900387912988663,0.10900387912988663,976.8709106445312,976.7619067654014,-158.27516371018424,-158.2679489388186,21.336640145779516,21.34504676715284,,4325,40,3466.392999936
204.5,0.0,surfacing,2026-02-10 18:12:21.191000064,2026-02-10 18:25:10.069999872,0.0,0.0,0.0,4.650699138641357,4.650699138641357,-158.26492333333624,-158.26442333333625,21.331868332733507,21.332654999400273,,668,768,768.878999808
205.0,1.0,descent,2026-02-10 18:25:11.000000000,2026-02-10 19:47:29.000000000,0.09535704553127289,976.7258911132812,0.09535704553127289,976.7258911132812,976.63053406775,-158.26442000000287,-158.24423065547498,21.332676666066927,21.338851287231424,,6145,16,4938.0
205.5,0.0,inflection,2026-02-10 19:47:29.520999936,2026-02-10 19:47:29.520999936,976.791259765625,976.791259765625,976.791259765625,976.791259765625,0.0,-158.24422815415966,-158.24422815415966,21.338851683812276,21.338851683812276,0.0,1,0,0.0
206.0,-1.0,ascent,2026-02-10 19:47:30.000000000,2026-02-10 20:44:44.380000000,976.7476806640625,0.8364174962043762,0.8364174962043762,976.7476806640625,975.9112631678581,-158.2442256434691,-158.23015463246526,21.338852081879523,21.34370222797516,,4286,36,3434.38
206.5,0.0,surfacing,2026-02-10 20:44:45.273999872,2026-02-10 20:54:49.064000000,0.0,0.0,0.0,3.6916799545288086,3.6916799545288086,-158.23545000000303,-158.23442666666963,21.341313332734664,21.34247166606813,,601,603,603.790000128
207.0,1.0,descent,2026-02-10 20:54:49.752999936,2026-02-10 22:16:19.752999936,0.6921880841255188,977.3204956054688,0.6921880841255188,977.3204956054688,976.6283075213432,-158.23540000000304,-158.21784248836977,21.342436923495878,21.34759186957035,,6087,12,4890.0
207.5,0.0,inflection,2026-02-10 22:16:20.482000128,2026-02-10 22:16:32.493999872,977.3423461914062,977.2115478515625,977.2115478515625,977.3423461914062,0.13079833984375,-158.2178419153229,-158.21784019589597,21.347583751244883,21.34758645772904,,16,0,12.011999744
208.0,-1.0,ascent,2026-02-10 22:16:32.752999936,2026-02-10 23:21:32.414000128,976.9716796875,0.7139892578125,0.7139892578125,976.9716796875,976.2576904296875,-158.21783962299233,-158.20478043118445,21.34758284945914,21.352123955831825,,4870,56,3899.661000192
208.5,0.0,surfacing,2026-02-10 23:21:33.320000000,2026-02-10 23:31:29.063000064,0.0,0.0,0.0,3.635349988937378,3.635349988937378,-158.2089583333364,-158.2077450000031,21.35375499940284,21.35413333273622,,576,595,595.743000064
209.0,1.0,descent,2026-02-10 23:31:30.000000000,2026-02-11 00:46:13.000000000,0.9648758769035339,857.9054565429688,0.9648758769035339,857.9054565429688,856.9405806660652,-158.20897000000306,-158.19426766766188,21.353165450577702,21.354606019386686,,5579,12,4483.0
209.5,0.0,inflection,2026-02-11 00:46:13.068999936,2026-02-11 00:46:53.100000000,857.9490966796875,856.880615234375,856.880615234375,857.9490966796875,1.0684814453125,-158.19425655962485,-158.19425071573167,21.354593404993594,21.354598959315208,,51,0,40.031000064
210.0,-1.0,ascent,2026-02-11 00:46:54.000000000,2026-02-11 02:02:16.486000128,856.66259765625,0.5941891074180603,0.5941891074180603,856.66259765625,856.0684085488319,-158.19426045798767,-158.18029440090646,21.354577571393285,21.35767365786482,,5645,39,4522.486000128
210.5,0.0,surfacing,2026-02-11 02:02:17.289999872,2026-02-11 02:12:21.056999936,0.0,0.0,0.0,2.6220638751983643,2.6220638751983643,-158.17695166666982,-158.1768316666698,21.360408332737013,21.36105499940376,,580,603,603.767000064
211.0,1.0,descent,2026-02-11 02:12:21.100000000,2026-02-11 03:23:29.100000000,1.008486032485962,809.3455200195312,1.008486032485962,809.3455200195312,808.3370339870453,-158.1875518844455,-158.1759776353024,21.356661349637793,21.36038833273702,,5306,12,4268.0
211.5,0.0,inflection,2026-02-11 03:23:29.630000128,2026-02-11 03:23:45.645999872,809.4327392578125,809.4109497070312,809.3673095703125,809.4327392578125,0.0654296875,-158.18754555136329,-158.1875409367223,21.35667121269117,21.356676802078415,,21,0,16.015999744
212.0,-1.0,ascent,2026-02-11 03:23:46.100000000,2026-02-11 04:38:12.231000064,809.3455200195312,1.008486032485962,1.008486032485962,809.3455200195312,808.3370339870453,-158.2006043000616,-158.18754188729582,21.353594969979554,21.356680884227952,,5578,36,4466.131000064
212.5,0.0,surfacing,2026-02-11 04:38:13.038000128,2026-02-11 04:50:43.032000000,0.0,0.0,0.0,0.7250196933746338,0.7250196933746338,-158.19860166666973,-158.19829500000313,21.347476666068754,21.347921666068828,,702,749,749.993999872
213.0,1.0,descent,2026-02-11 04:50:44.000000000,2026-02-11 06:05:41.000000000,0.2911212742328644,862.2277221679688,0.2911212742328644,862.2277221679688,861.9366008937359,-158.20134632163501,-158.19371867209566,21.347373189470886,21.35501791266226,,5598,20,4497.0
213.5,0.0,inflection,2026-02-11 06:05:41.319000064,2026-02-11 06:06:05.338000128,862.5977783203125,863.3160400390625,862.5977783203125,863.3160400390625,0.71826171875,-158.19370639471825,-158.19367523460744,21.3550200432184,21.3550248567304,,31,0,24.019000064
214.0,-1.0,ascent,2026-02-11 06:06:06.000000000,2026-02-11 07:27:46.013999872,863.1636962890625,0.769974946975708,0.769974946975708,863.1636962890625,862.3937213420868,-158.19366962450536,-158.17622680829447,21.355020411766713,21.358794881771868,,6119,56,4900.013999872
214.5,0.0,surfacing,2026-02-11 07:27:46.839000064,2026-02-11 07:42:04.039000064,0.0,0.0,0.0,7.287372589111328,7.287372589111328,-158.17864000000318,-158.17834166666984,21.35851666607012,21.35910999940351,,723,857,857.2
215.0,1.0,descent,2026-02-11 07:42:04.328999936,2026-02-11 08:31:32.355000064,0.5478202104568481,607.6525268554688,0.5478202104568481,607.6525268554688,607.1047066450119,-158.18361297110715,-158.17591814953005,21.35714711620785,21.358845017222414,,3694,12,2968.026000128
215.5,0.0,inflection,2026-02-11 08:31:32.614000128,2026-02-11 08:31:40.696000000,607.7615356445312,607.8269653320312,607.7615356445312,607.8269653320312,0.0654296875,-158.18360751752496,-158.18360532039452,21.357143987063825,21.357146078347856,,11,0,8.081999872
216.0,-1.0,ascent,2026-02-11 08:31:41.355000064,2026-02-11 09:18:41.082000128,607.7833251953125,0.5478202104568481,0.5478202104568481,607.7833251953125,607.2355049848557,-158.19166041702516,-158.183603136073,21.35540496321997,21.357142946350404,,3521,64,2819.727000064
216.5,0.0,surfacing,2026-02-11 09:18:42.072000000,2026-02-11 09:29:17.170000128,0.0,0.0,0.0,2.3914527893066406,2.3914527893066406,-158.1918766666698,-158.19138000000314,21.355941666069807,21.356233332736497,,646,635,635.098000128
217.0,1.0,descent,2026-02-11 09:29:17.556999936,2026-02-11 10:19:48.556999936,0.2778225243091583,607.1947631835938,0.2778225243091583,607.1947631835938,606.9169406592846,-158.20094849032986,-158.19165897590287,21.353515778782775,21.356552785822053,,3775,16,3031.0
217.5,0.0,inflection,2026-02-11 10:19:49.500000000,2026-02-11 10:20:09.523000064,607.3037109375,607.4344482421875,607.3037109375,607.4562377929688,0.15252685546875,-158.20094576600403,-158.20093895433874,21.3535115453461,21.353515073356917,,26,0,20.023000064
218.0,-1.0,ascent,2026-02-11 10:20:09.556999936,2026-02-11 11:19:51.075000064,607.4126586914062,0.47393253445625305,0.47393253445625305,607.4126586914062,606.93872615695,-158.20139545872715,-158.1908783702989,21.353033683238852,21.35530705164537,,4471,80,3581.518000128
218.5,0.0,surfacing,2026-02-11 11:19:51.916999936,2026-02-11 11:29:12.064000000,0.0,0.0,0.0,1.8684927225112915,1.8684927225112915,-158.19292166666978,-158.19257333333647,21.35652833273654,21.35685833273658,,546,560,560.147000064
219.0,1.0,descent,2026-02-11 11:29:13.000000000,2026-02-11 12:21:03.000000000,0.2753264307975769,603.158447265625,0.2753264307975769,603.158447265625,602.8831208348274,-158.19292666666976,-158.1818840842128,21.356663375400633,21.357795529790526,,3870,20,3110.0
219.5,0.0,inflection,2026-02-11 12:21:03.578000128,2026-02-11 12:21:19.592000000,603.2674560546875,603.2892456054688,603.2674560546875,603.3546752929688,0.08721923828125,-158.18187762345443,-158.18187610053943,21.357797870355277,21.357797922827753,,21,0,16.013999872
220.0,-1.0,ascent,2026-02-11 12:21:20.000000000,2026-02-11 13:09:07.408999936,603.223876953125,0.7987192273139954,0.7987192273139954,603.223876953125,602.425157725811,-158.18187572002472,-158.17591096543805,21.357797804572087,21.35880629690652,,3579,64,2867.408999936
220.5,0.0,surfacing,2026-02-11 13:09:08.352000000,2026-02-11 13:19:51.055000064,0.0,0.0,0.0,2.6561059951782227,2.6561059951782227,-158.1806216666698,-158.18021666666982,21.35831333273675,21.35847833273677,,576,642,642.703000064
221.0,1.0,descent,2026-02-11 13:19:51.529999872,2026-02-11 14:08:35.529999872,0.3459748327732086,607.627197265625,0.3459748327732086,607.627197265625,607.2812224328518,-158.19094466999675,-158.18048329171594,21.355937912139538,21.358501666070115,,3637,16,2924.0
221.5,0.0,inflection,2026-02-11 14:08:35.841000192,2026-02-11 14:08:47.854000128,607.6489868164062,607.6707763671875,607.6053466796875,607.6707763671875,0.0654296875,-158.19094656709066,-158.19094514435912,21.355938996121868,21.355939538022735,,16,0,12.012999936
222.0,-1.0,ascent,2026-02-11 14:08:48.529999872,2026-02-11 15:03:23.618000128,607.6053466796875,0.5421180725097656,0.5421180725097656,607.6053466796875,607.0632286071777,-158.20088399405114,-158.19094704121602,21.353446446454594,21.355939718611225,,4090,84,3275.088000256
222.5,0.0,surfacing,2026-02-11 15:03:24.542000128,2026-02-11 15:13:17.061000192,0.0,0.0,0.0,3.7993581295013428,3.7993581295013428,-158.19722333333647,-158.19715333333644,21.352386666069357,21.352463332736033,,586,592,592.519000064
223.0,1.0,descent,2026-02-11 15:13:18.000000000,2026-02-11 16:05:29.000000000,0.008170662447810173,606.7506713867188,0.008170662447810173,606.7506713867188,606.7425007242709,-158.20134939341742,-158.19586587327942,21.352273742872452,21.353987515556128,,3899,16,3131.0
223.5,0.0,inflection,2026-02-11 16:05:29.756000000,2026-02-11 16:05:41.769999872,606.9249877929688,606.8814086914062,606.7942504882812,606.9249877929688,0.1307373046875,-158.19586389361282,-158.1958579748238,21.35398426278139,21.35398565317192,,16,0,12.013999872
224.0,-1.0,ascent,2026-02-11 16:05:42.000000000,2026-02-11 17:01:42.072000000,606.7942504882812,1.315476655960083,1.315476655960083,606.7942504882812,605.4787738323212,-158.1958560010726,-158.1844979947032,21.353983335699855,21.35675046621885,,4195,36,3360.072
224.5,0.0,surfacing,2026-02-11 17:01:42.941999872,2026-02-11 17:11:22.053999872,0.0,0.0,0.0,2.7160491943359375,2.7160491943359375,-158.18459166666977,-158.1845350000031,21.3546033327363,21.354896666069674,,556,579,579.112
225.0,1.0,descent,2026-02-11 17:11:22.231000064,2026-02-11 18:03:36.231000064,0.9507534503936768,604.8998413085938,0.9507534503936768,604.8998413085938,603.9490878582001,-158.18455500000314,-158.1758136149182,21.354606666069632,21.359168548277406,,3902,12,3134.0
225.5,0.0,inflection,2026-02-11 18:03:36.556000000,2026-02-11 18:03:44.561000192,604.9652709960938,604.987060546875,604.9434814453125,604.987060546875,0.0435791015625,-158.1770793848132,-158.1770754981578,21.35898716634816,21.35899033346834,,11,0,8.005000192
226.0,-1.0,ascent,2026-02-11 18:03:45.231000064,2026-02-11 19:00:02.658999808,604.8998413085938,0.711021900177002,0.711021900177002,604.8998413085938,604.1888194084167,-158.18546802545268,-158.17706574144393,21.356784494195843,21.35898558298595,,4216,84,3377.427999744
226.5,0.0,surfacing,2026-02-11 19:00:03.592000000,2026-02-11 19:09:34.044000000,0.0,0.0,0.0,3.086543560028076,3.086543560028076,-158.18528833333647,-158.1851900000032,21.355649999403106,21.35573166606977,,572,570,570.452
227.0,1.0,descent,2026-02-11 19:09:34.395000064,2026-02-11 20:02:22.395000064,0.2424689680337906,606.4911499023438,0.2424689680337906,606.4911499023438,606.24868093431,-158.19382560631257,-158.18480588489314,21.35470781243127,21.355971747597717,,3943,16,3168.0
227.5,0.0,inflection,2026-02-11 20:02:23.148999936,2026-02-11 20:02:27.157999872,606.6001586914062,606.6001586914062,606.6001586914062,606.6001586914062,0.0,-158.19381321353833,-158.19381114901984,21.354703353804908,21.354705585900568,,6,0,4.008999936
228.0,-1.0,ascent,2026-02-11 20:02:27.395000064,2026-02-11 20:58:36.040999936,606.4911499023438,0.22067400813102722,0.22067400813102722,606.4911499023438,606.2704758942127,-158.20134811267354,-158.19380497193555,21.35331385561323,21.354701127830655,,4207,60,3368.645999872
228.5,0.0,surfacing,2026-02-11 20:58:37.000000000,2026-02-11 21:08:08.128000000,0.0,0.0,0.0,1.610084056854248,1.610084056854248,-158.19822166666975,-158.19797500000308,21.351749999402614,21.35201333273597,,578,571,571.128
229.0,1.0,descent,2026-02-11 21:08:09.000000000,2026-02-11 22:00:52.000000000,0.04086507856845856,606.282470703125,0.04086507856845856,606.282470703125,606.2416056245565,-158.19795166666972,-158.18610865026918,21.35163391015611,21.355378849126282,,3939,16,3163.0
229.5,0.0,inflection,2026-02-11 22:00:52.674000128,2026-02-11 22:01:16.700000000,606.4568481445312,606.4568481445312,606.43505859375,606.5657958984375,0.1307373046875,-158.18610516484688,-158.18608424534898,21.355350356470648,21.355369353156757,,31,0,24.025999872
230.0,-1.0,ascent,2026-02-11 22:01:17.000000000,2026-02-11 22:58:05.354000128,606.3260498046875,0.6293222308158875,0.6293222308158875,606.3260498046875,605.6967275738716,-158.18608076166961,-158.17595447714265,21.355347192992287,21.358940771717652,,4253,60,3408.354000128
230.5,0.0,surfacing,2026-02-11 22:58:06.180999936,2026-02-11 23:07:32.051000064,0.0,0.0,0.0,2.899142026901245,2.899142026901245,-158.17766000000313,-158.17753666666982,21.360014999403628,21.36039999940368,,556,565,565.870000128
231.0,1.0,descent,2026-02-11 23:07:33.000000000,2026-02-12 00:02:07.000000000,0.697537899017334,606.8143920898438,0.697537899017334,606.8143920898438,606.1168541908264,-158.1862169397361,-158.17740903670457,21.357494479271995,21.359994999403632,,4076,16,3274.0
231.5,0.0,inflection,2026-02-12 00:02:07.752000000,2026-02-12 00:02:07.752000000,606.836181640625,606.836181640625,606.836181640625,606.836181640625,0.0,-158.18619667129855,-158.18619667129855,21.357492249524572,21.357492249524572,0.0,1,0,0.0
232.0,-1.0,ascent,2026-02-12 00:02:08.000000000,2026-02-12 00:57:17.658999808,606.7489624023438,1.3514796495437622,1.3514796495437622,606.7489624023438,605.3974827528,-158.19406984412961,-158.1861916027653,21.355003977245754,21.357490019777114,,4127,56,3309.658999808
232.5,0.0,surfacing,2026-02-12 00:57:18.484000000,2026-02-12 01:09:06.060000000,0.0,0.0,0.0,2.328693151473999,2.328693151473999,-158.19427000000312,-158.19288166666982,21.354531666069626,21.355971666069802,,743,707,707.576
233.0,1.0,descent,2026-02-12 01:09:06.400000000,2026-02-12 02:02:18.400000000,0.8906230330467224,606.2310180664062,0.8906230330467224,606.2310180664062,605.3403950333595,-158.20143791332183,-158.19272639966798,21.353296544240205,21.35452666606962,,3974,16,3192.0
233.5,0.0,inflection,2026-02-12 02:02:19.030999808,2026-02-12 02:02:27.043000064,606.4271240234375,606.4489135742188,606.4053344726562,606.4489135742188,0.0435791015625,-158.2010334853871,-158.2010290082658,21.353595225378793,21.35359811341338,,11,0,8.012000256
234.0,-1.0,ascent,2026-02-12 02:02:27.400000000,2026-02-12 02:56:49.164999936,606.4271240234375,0.43305522203445435,0.43305522203445435,606.4271240234375,605.994068801403,-158.20102676830663,-158.1899777077156,21.353587570840084,21.35594600750617,,4071,60,3261.764999936
234.5,0.0,surfacing,2026-02-12 02:56:50.138000128,2026-02-12 03:09:39.091000064,0.0,0.0,0.0,2.9823615550994873,2.9823615550994873,-158.19003666666984,-158.1879616666698,21.353238332736137,21.355331666069727,,733,768,768.952999936
235.0,1.0,descent,2026-02-12 03:09:39.454999808,2026-02-12 04:02:59.454999808,0.7576506733894348,604.9813232421875,0.7576506733894348,604.9813232421875,604.2236725687981,-158.18794833333644,-158.17737462486994,21.35313289499035,21.358073997454714,,3984,12,3200.0
235.5,0.0,inflection,2026-02-12 04:02:59.782000128,2026-02-12 04:03:15.792000000,605.0685424804688,605.0685424804688,605.0685424804688,605.0685424804688,0.0,-158.17737264203126,-158.17736471265943,21.358065945205794,21.358072386682906,,21,0,16.009999872
236.0,-1.0,ascent,2026-02-12 04:03:16.454999808,2026-02-12 04:57:27.954999808,604.9595336914062,1.0846941471099854,1.0846941471099854,604.9595336914062,603.8748395442963,-158.18280428888548,-158.17594225599117,21.357420863784107,21.3590865263557,,4059,56,3251.5
236.5,0.0,surfacing,2026-02-12 04:57:28.855000064,2026-02-12 05:06:52.051000064,0.0,0.0,0.0,4.331302165985107,4.331302165985107,-158.18265500000314,-158.1816850000031,21.35692333273659,21.358161666070078,,510,563,563.196
237.0,1.0,descent,2026-02-12 05:06:53.000000000,2026-02-12 05:59:46.000000000,0.19068625569343567,606.333251953125,0.19068625569343567,606.333251953125,606.1425656974316,-158.1907028989226,-158.18142108848278,21.355826988417842,21.357222980553903,,3948,16,3173.0
237.5,0.0,inflection,2026-02-12 05:59:46.999000064,2026-02-12 05:59:55.002000128,606.4422607421875,606.398681640625,606.3768310546875,606.4422607421875,0.0654296875,-158.19069328866817,-158.1906894461036,21.355824170372717,21.355826049069492,,11,0,8.003000064
238.0,-1.0,ascent,2026-02-12 05:59:56.000000000,2026-02-12 06:55:08.839000064,606.1371459960938,0.6919187307357788,0.6919187307357788,606.1371459960938,605.445227265358,-158.19897017892725,-158.190683679375,21.353773242862612,21.355823231024292,,4134,60,3312.839000064
238.5,0.0,surfacing,2026-02-12 06:55:09.747000064,2026-02-12 07:04:45.078000128,0.0,0.0,0.0,4.200545787811279,4.200545787811279,-158.19664000000313,-158.19542166666977,21.351093332735868,21.352144999402654,,534,575,575.331000064
239.0,1.0,descent,2026-02-12 07:04:46.002000128,2026-02-12 07:58:28.002000128,0.3514000177383423,604.1710205078125,0.3514000177383423,604.1710205078125,603.8196204900742,-158.20134431940798,-158.19492926990648,21.350909600538664,21.353811497661717,,4012,16,3222.0
239.5,0.0,inflection,2026-02-12 07:58:28.923000064,2026-02-12 07:58:48.937999872,604.4107666015625,604.8248291015625,604.3889770507812,604.8248291015625,0.43585205078125,-158.1998165245635,-158.199794727921,21.35381112768125,21.35381842476589,,26,0,20.014999808
240.0,-1.0,ascent,2026-02-12 07:58:49.002000128,2026-02-12 08:54:45.733999872,604.7376098632812,0.896206259727478,0.896206259727478,604.7376098632812,603.8414036035538,-158.19979148827002,-158.18827605579088,21.353800182508373,21.35639015934937,,4191,56,3356.731999744
240.5,0.0,surfacing,2026-02-12 08:54:46.544000000,2026-02-12 09:04:33.681999872,0.0,0.0,0.0,3.3584158420562744,3.3584158420562744,-158.1871683333365,-158.18588000000315,21.352551666069402,21.353961666069548,,544,587,587.137999872
241.0,1.0,descent,2026-02-12 09:04:34.334000128,2026-02-12 09:56:50.334000128,0.35380393266677856,605.6306762695312,0.35380393266677856,605.6306762695312,605.2768723368645,-158.18586833333646,-158.176374623191,21.35246219284828,21.35858616748635,,3906,16,3136.0
241.5,0.0,inflection,2026-02-12 09:56:50.418999808,2026-02-12 09:56:58.424000000,605.6524658203125,605.6524658203125,605.6089477539062,605.6524658203125,0.04351806640625,-158.17637087366072,-158.17636341280408,21.358564364354667,21.358570584831636,,11,0,8.005000192
242.0,-1.0,ascent,2026-02-12 09:56:59.334000128,2026-02-12 10:50:55.089999872,605.5000610351562,0.8981176614761353,0.8981176614761353,605.5000610351562,604.6019433736801,-158.18254421786534,-158.17602450747998,21.356990345171265,21.35895634896749,,4039,56,3235.755999744
242.5,0.0,surfacing,2026-02-12 10:50:55.678999808,2026-02-12 11:00:18.053999872,0.0,0.0,0.0,5.761751174926758,5.761751174926758,-158.18428333333642,-158.18316833333648,21.35738499940332,21.358901666070157,,534,562,562.375000064
243.0,1.0,descent,2026-02-12 11:00:19.000000000,2026-02-12 11:54:33.000000000,0.760267972946167,606.7293090820312,0.760267972946167,606.7293090820312,605.9690411090851,-158.19160656102176,-158.18288616892636,21.35559313786019,21.35759208029955,,4051,16,3254.0
243.5,0.0,inflection,2026-02-12 11:54:33.447000064,2026-02-12 11:54:33.447000064,606.8382568359375,606.8382568359375,606.8382568359375,606.8382568359375,0.0,-158.19159663671073,-158.19159663671073,21.355591440528293,21.355591440528293,0.0,1,0,0.0
244.0,-1.0,ascent,2026-02-12 11:54:34.000000000,2026-02-12 12:52:03.266000128,606.8164672851562,0.3896714150905609,0.3896714150905609,606.8164672851562,606.4267958700657,-158.19944928493598,-158.19158423163324,21.35361799457202,21.35558974362058,,4305,60,3449.266000128
244.5,0.0,surfacing,2026-02-12 12:52:04.158999808,2026-02-12 13:03:02.048999936,0.0,0.0,0.0,4.430671215057373,4.430671215057373,-158.19988166666974,-158.19933000000307,21.354076666069552,21.35464166606963,,605,657,657.890000128
245.0,1.0,descent,2026-02-12 13:03:02.416000000,2026-02-12 13:56:59.416000000,0.5745983719825745,605.2590942382812,0.5745983719825745,605.2590942382812,604.6844958662987,-158.20141072369344,-158.1926470796007,21.35287356502049,21.35465282883484,,4031,16,3237.0
245.5,0.0,inflection,2026-02-12 13:56:59.991000064,2026-02-12 13:57:12.004000000,605.3897705078125,605.3679809570312,605.3026733398438,605.3897705078125,0.08709716796875,-158.19264491103033,-158.19263840531957,21.354646725724667,21.354649777661173,,16,0,12.012999936
246.0,-1.0,ascent,2026-02-12 13:57:12.416000000,2026-02-12 14:51:13.048000000,605.1937255859375,0.6181698441505432,0.6181698441505432,605.1937255859375,604.575555741787,-158.1926362362075,-158.18172456524528,21.35464367404211,21.35732454868434,,4046,60,3240.632
246.5,0.0,surfacing,2026-02-12 14:51:13.924000000,2026-02-12 15:04:16.053999872,0.0,0.0,0.0,3.363170623779297,3.363170623779297,-158.18324833333648,-158.18064500000315,21.353921666069557,21.35562666606977,,709,782,782.129999872
247.0,1.0,descent,2026-02-12 15:04:17.000000000,2026-02-12 15:57:20.000000000,0.3132331073284149,605.316162109375,0.3132331073284149,605.316162109375,605.0029290020466,-158.1806266666698,-158.17600300553335,21.353771865991657,21.358985846651475,,3965,16,3183.0
247.5,0.0,inflection,2026-02-12 15:57:20.435000064,2026-02-12 15:57:36.444999936,605.57763671875,605.9480590820312,605.57763671875,605.9480590820312,0.37042236328125,-158.1790298163585,-158.17902599093858,21.35842987705633,21.358437517689634,,21,0,16.009999872
248.0,-1.0,ascent,2026-02-12 15:57:37.000000000,2026-02-12 16:51:30.170000128,605.8826904296875,0.3350232243537903,0.3350232243537903,605.8826904296875,605.5476672053337,-158.1882571184396,-158.17902120683323,21.356127306656685,21.358427966062354,,4037,60,3233.170000128
248.5,0.0,surfacing,2026-02-12 16:51:30.987000064,2026-02-12 17:10:24.043000064,0.0,0.0,0.0,4.6493239402771,4.6493239402771,-158.18625333333645,-158.18375166666976,21.353323332736142,21.35643499940319,,999,1133,1133.056
249.0,1.0,descent,2026-02-12 17:10:24.368000000,2026-02-12 17:35:48.368000000,0.4003811478614807,305.9102783203125,0.4003811478614807,305.9102783203125,305.509897172451,-158.18373500000317,-158.17863704007885,21.3532399994028,21.35598912829142,,1897,16,1524.0
249.5,0.0,inflection,2026-02-12 17:35:49.365999872,2026-02-12 17:35:49.365999872,305.953857421875,305.953857421875,305.953857421875,305.953857421875,0.0,-158.17863498027367,-158.17863498027367,21.35598458542767,21.35598458542767,0.0,1,0,0.0
250.0,-1.0,ascent,2026-02-12 17:35:49.368000000,2026-02-12 18:06:00.065999872,305.93206787109375,0.879749059677124,0.879749059677124,305.93206787109375,305.0523188114166,-158.17863292149767,-158.17401118351884,21.355975501591427,21.35838612936685,,2260,60,1810.697999872
250.5,0.0,surfacing,2026-02-12 18:06:01.060000000,2026-02-12 18:17:37.048999936,0.0,0.0,0.0,3.237739086151123,3.237739086151123,-158.1724433333365,-158.1709000000032,21.353874999402887,21.355016666069712,,651,695,695.988999936
251.0,1.0,descent,2026-02-12 18:17:37.360999936,2026-02-12 18:20:09.360999936,0.6018000841140747,28.181127548217773,0.6018000841140747,28.181127548217773,27.5793274641037,-158.17088166666983,-158.17036569659163,21.353734679136164,21.353869999402892,,188,20,152.0
251.5,0.0,inflection,2026-02-12 18:20:09.924999936,2026-02-12 18:20:34.108000000,28.46432876586914,28.46432876586914,28.46432876586914,28.6168212890625,0.15249252319335938,-158.17036205787298,-158.17034007550714,21.35377481537301,21.353807428265636,,31,0,24.183000064
252.0,-1.0,ascent,2026-02-12 18:20:34.360999936,2026-02-12 18:24:31.256000000,28.442543029785156,0.1225384846329689,0.1225384846329689,28.442543029785156,28.320004545152187,-158.17033624385806,-158.1700691794993,21.353765305043567,21.353901894661977,,292,57,236.895000064
252.5,0.0,surfacing,2026-02-12 18:24:32.180000000,2026-02-12 18:32:43.053999872,0.0,0.0,0.0,4.326542377471924,4.326542377471924,-158.1692933333365,-158.16851000000318,21.3534066660695,21.35382666606954,,516,490,490.873999872
253.0,1.0,descent,2026-02-12 18:32:43.480999936,2026-02-12 18:35:19.480999936,0.12531591951847076,26.25640869140625,0.12531591951847076,26.25640869140625,26.13109277188778,-158.16850333333653,-158.16796294276745,21.35335580323356,21.353525216815616,,193,20,156.0
253.5,0.0,inflection,2026-02-12 18:35:19.914000128,2026-02-12 18:35:39.924999936,26.474349975585938,26.234615325927734,26.234615325927734,26.474349975585938,0.23973464965820312,-158.16795151675498,-158.16789468201011,21.353482837247416,21.35350927050339,,26,0,20.010999808
254.0,-1.0,ascent,2026-02-12 18:35:40.480999936,2026-02-12 18:38:46.026000128,26.06026268005371,0.6047855019569397,0.6047855019569397,26.06026268005371,25.45547717809677,-158.1678839525325,-158.16757935843225,21.353482568171557,21.35364401719208,,227,36,185.545000192
254.5,0.0,surfacing,2026-02-12 18:38:46.885999872,2026-02-12 18:43:18.026000128,0.0,1.9778120517730713,0.0,2.2829291820526123,2.2829291820526123,-158.1676033333365,-158.1675483333365,21.353999999402905,21.35400833273624,,338,264,271.140000256
