profile_index,profile_direction,profile_phase,start_time,end_time,start_depth,end_depth,min_depth,max_depth,depth_range,min_lon,max_lon,min_lat,max_lat,distance_traveled,num_points,time_at_surface_s,profile_duration_s
0.5,0.0,surfacing,2026-01-29 03:45:00.644999936,2026-01-29 03:46:13.036000000,0.021700000390410423,0.0731000006198883,0.02019999921321869,0.13689999282360077,0.11669999361038208,-158.13589666667002,-158.13584000000336,21.189373332716393,21.1894183327164,,92,71,72.391000064
1.0,1.0,descent,2026-01-29 03:46:14.002000128,2026-01-29 03:51:57.022000128,0.0786999985575676,55.96419906616211,0.0786999985575676,55.96419906616211,55.88549906760454,-158.13607077921577,-158.13573000000335,21.188907790135993,21.189351666049728,,429,44,343.02
1.5,0.0,inflection,2026-01-29 03:51:57.520000000,2026-01-29 03:52:17.540999936,55.970699310302734,55.86320114135742,55.85749816894531,55.970699310302734,0.11320114135742188,-158.13615419224612,-158.13608506191906,21.188927733102606,21.18893741953992,,26,0,20.020999936
2.0,-1.0,ascent,2026-01-29 03:52:18.022000128,2026-01-29 03:59:05.083000064,55.85319900512695,1.2128000259399414,1.2128000259399414,55.85319900512695,54.64039897918701,-158.13642870113588,-158.13616834126938,21.18893935209791,21.189049845099316,,508,44,407.060999936
2.5,0.0,surfacing,2026-01-29 03:59:05.280999936,2026-01-29 04:11:57.848999936,0.018200000748038292,0.07959999889135361,0.0,0.08980000019073486,0.08980000019073486,-158.13410166667,-158.13289833333667,21.185998332715993,21.187279999382802,,700,772,772.568
3.0,1.0,descent,2026-01-29 04:11:58.117000192,2026-01-29 04:23:10.301000192,0.11429999768733978,105.61360168457031,0.11429999768733978,105.61360168457031,105.49930168688297,-158.13328567792513,-158.13277000000335,21.18571198824448,21.186271671780204,,840,48,672.184
3.5,0.0,inflection,2026-01-29 04:23:10.884000000,2026-01-29 04:23:10.884000000,105.62969970703125,105.62969970703125,105.62969970703125,105.62969970703125,0.0,-158.13328653049282,-158.13328653049282,21.186197755824,21.186197755824,0.0,1,0,0.0
4.0,-1.0,ascent,2026-01-29 04:23:11.301000192,2026-01-29 04:35:18.457999872,105.61060333251953,0.030799999833106995,0.030799999833106995,105.61060333251953,105.57980333268642,-158.13363394448643,-158.13328763575728,21.186153111954482,21.18656894600765,,908,68,727.15699968
4.5,0.0,surfacing,2026-01-29 04:35:19.302000128,2026-01-29 04:49:20.013999872,0.02319999970495701,0.07930000126361847,0.0,0.1071000024676323,0.1071000024676323,-158.13316666667,-158.13199833333667,21.185983332715985,21.186906666049428,,649,840,840.711999744
5.0,1.0,descent,2026-01-29 04:49:21.008000000,2026-01-29 05:11:13.200000000,0.13539999723434448,205.01449584960938,0.13539999723434448,205.01449584960938,204.87909585237503,-158.1332176344018,-158.13197833333672,21.185770845320135,21.186955903283387,,1640,48,1312.192
5.5,0.0,inflection,2026-01-29 05:11:14.051000064,2026-01-29 05:11:14.051000064,205.02789306640625,205.02789306640625,205.02789306640625,205.02789306640625,0.0,-158.1332176533679,-158.1332176533679,21.186946421081977,21.186946421081977,0.0,1,0,0.0
6.0,-1.0,ascent,2026-01-29 05:11:14.200000000,2026-01-29 05:32:07.512999936,205.00169372558594,2.934000015258789,2.934000015258789,205.00169372558594,202.06769371032715,-158.13417985779702,-158.1332176723387,21.186880801637745,21.18800383761846,,1565,12,1253.312999936
6.5,0.0,surfacing,2026-01-29 05:32:07.632000000,2026-01-29 05:45:00.020000000,2.790600061416626,0.0729999989271164,0.008200000040233135,2.794800043106079,2.786600043065846,-158.13450000000336,-158.13314500000334,21.18941499938306,21.18976333271644,,583,772,772.388
7.0,1.0,descent,2026-01-29 05:45:01.008000000,2026-01-29 06:13:29.397000192,0.09040000289678574,266.53118896484375,0.09040000289678574,266.53118896484375,266.44078896194696,-158.13558856152386,-158.13310012658138,21.1892112698255,21.191551313178767,,2133,52,1708.389000192
7.5,0.0,inflection,2026-01-29 06:13:29.879000064,2026-01-29 06:14:14.908000000,268.8758850097656,268.9480895996094,268.58331298828125,268.9480895996094,0.364776611328125,-158.13560817052837,-158.1355980980211,21.191565963593483,21.191604175169974,,49,0,45.028999936
8.0,-1.0,ascent,2026-01-29 06:14:15.397000192,2026-01-29 06:37:43.434000128,268.5050048828125,1.798699975013733,1.798699975013733,268.5050048828125,266.70630490779877,-158.1356466342872,-158.13517085298056,21.19155717365327,21.192407914906184,,744,0,1408.036999936
8.5,0.0,surfacing,2026-01-29 06:37:43.712999936,2026-01-29 06:39:12.038000128,0.028200000524520874,0.09960000216960907,0.02280000038444996,0.1145000010728836,0.09170000068843365,-158.13524563028216,-158.1341633333367,21.191786041895057,21.19235499938343,,111,88,88.325000192
9.0,1.0,descent,2026-01-29 06:39:12.604000000,2026-01-29 07:37:03.592000000,0.1754000037908554,503.875,0.1754000037908554,503.875,503.69959999620914,-158.13925036865479,-158.13415000000336,21.19219656698768,21.196749982135383,,4335,44,3470.988
9.5,0.0,inflection,2026-01-29 07:37:03.946000128,2026-01-29 07:37:03.946000128,503.9132995605469,503.9132995605469,503.9132995605469,503.9132995605469,0.0,-158.1392511806009,-158.1392511806009,21.196735303628262,21.196735303628262,0.0,1,0,0.0
10.0,-1.0,ascent,2026-01-29 07:37:04.592000000,2026-01-29 08:31:06.388999936,503.88861083984375,2.876199960708618,2.876199960708618,503.88861083984375,501.01241087913513,-158.14412815047982,-158.13925199234407,21.19670226529353,21.201065963697634,,4046,16,3241.796999936
10.5,0.0,surfacing,2026-01-29 08:31:06.881999872,2026-01-29 08:45:32.032000000,2.809499979019165,0.09889999777078629,0.01269999984651804,2.8410000801086426,2.8283000802621245,-158.14303500000332,-158.14121333333665,21.205903332718375,21.206316666051762,,548,865,865.150000128
11.0,1.0,descent,2026-01-29 08:45:33.000999936,2026-01-29 09:41:48.740000000,0.14650000631809235,503.560791015625,0.14650000631809235,503.560791015625,503.4142910093069,-158.14809021732188,-158.1411550000033,21.20620058582334,21.211077780492854,,4215,48,3375.739000064
11.5,0.0,inflection,2026-01-29 09:41:49.464999936,2026-01-29 09:41:49.464999936,503.6195983886719,503.6195983886719,503.6195983886719,503.6195983886719,0.0,-158.14809049591247,-158.14809049591247,21.211075410585877,21.211075410585877,0.0,1,0,0.0
12.0,-1.0,ascent,2026-01-29 09:41:49.740000000,2026-01-29 10:38:04.510999808,503.6145935058594,2.86080002784729,2.86080002784729,503.6145935058594,500.7537934780121,-158.15479249574054,-158.14809077471207,21.211069089123058,21.215976222024242,,4212,16,3374.770999808
12.5,0.0,surfacing,2026-01-29 10:38:05.029999872,2026-01-29 10:53:32.028999936,2.7909998893737793,0.10170000046491623,0.00860000029206276,2.8657000064849854,2.8571000061929226,-158.15700666666996,-158.1545600000033,21.217688332719785,21.218554999386562,,595,926,926.999000064
13.0,1.0,descent,2026-01-29 10:53:33.007000064,2026-01-29 12:21:10.203000064,0.17730000615119934,701.4185180664062,0.17730000615119934,701.4185180664062,701.241218060255,-158.1685194301163,-158.15443500000328,21.2148372158544,21.217713332719775,,6564,48,5257.196
13.5,0.0,inflection,2026-01-29 12:21:10.388999936,2026-01-29 12:21:10.388999936,701.4193115234375,701.4193115234375,701.4193115234375,701.4193115234375,0.0,-158.1685211828534,-158.1685211828534,21.214840431474197,21.214840431474197,0.0,1,0,0.0
14.0,-1.0,ascent,2026-01-29 12:21:11.203000064,2026-01-29 13:42:15.664999936,701.3878784179688,2.8508999347686768,2.8508999347686768,701.3878784179688,698.5369784832001,-158.18256164447257,-158.16852293340287,21.212073356370652,21.21484766536295,,6072,12,4864.461999872
14.5,0.0,surfacing,2026-01-29 13:42:16.627000064,2026-01-29 15:03:22.029999872,2.4860000610351562,0.03929999843239784,0.0,2.657599925994873,2.657599925994873,-158.1787083333366,-158.17086500000326,21.210596666052258,21.213328332719243,,2846,4865,4865.402999808
15.0,1.0,descent,2026-01-29 15:03:23.007000064,2026-01-29 17:17:28.930000128,0.15520000457763672,901.61376953125,0.15520000457763672,901.61376953125,901.4585695266724,-158.18696195338427,-158.1708383333366,21.208210667070883,21.21060499938559,,10047,52,8045.923000064
15.5,0.0,inflection,2026-01-29 17:17:28.948999936,2026-01-29 17:17:28.948999936,901.640625,901.640625,901.640625,901.640625,0.0,-158.18696222744762,-158.18696222744762,21.208216193038805,21.208216193038805,0.0,1,0,0.0
16.0,-1.0,ascent,2026-01-29 17:17:29.930000128,2026-01-29 19:06:59.700999936,901.6090698242188,0.0544000007212162,0.0544000007212162,901.6090698242188,901.5546698234975,-158.20287337287257,-158.18696250164797,21.20564802354117,21.20822281065059,,8204,108,6569.770999808
16.5,0.0,surfacing,2026-01-29 19:07:00.457999872,2026-01-29 19:19:21.016999936,0.023600000888109207,0.08940000087022781,0.016899999231100082,0.1315000057220459,0.11460000649094582,-158.19836500000318,-158.19680666666986,21.199284999384222,21.20014666605097,,412,740,740.559000064
17.0,1.0,descent,2026-01-29 19:19:21.647000064,2026-01-29 21:20:26.441999872,0.14730000495910645,901.2266845703125,0.14730000495910645,901.2266845703125,901.0793845653534,-158.21140063694963,-158.1967633333365,21.198248301082376,21.200163332717633,,9072,56,7264.794999808
17.5,0.0,inflection,2026-01-29 21:20:27.119000064,2026-01-29 21:20:27.119000064,901.2694702148438,901.2694702148438,901.2694702148438,901.2694702148438,0.0,-158.21139791335762,-158.21139791335762,21.19824782055891,21.19824782055891,0.0,1,0,0.0
18.0,-1.0,ascent,2026-01-29 21:20:27.441999872,2026-01-29 23:16:36.144000000,901.2463989257812,2.7716000080108643,2.7716000080108643,901.2463989257812,898.4747989177704,-158.2263108810317,-158.2113924085867,21.196612146090033,21.198247333083494,,8700,16,6968.702000128
18.5,0.0,surfacing,2026-01-29 23:16:36.671000064,2026-01-29 23:33:33.023000064,2.7551000118255615,0.06620000302791595,0.012500000186264515,2.9528000354766846,2.94030003529042,-158.22674333333643,-158.22336833333645,21.192103332716655,21.19222833271668,,466,1016,1016.352
19.0,1.0,descent,2026-01-29 23:33:33.864999936,2026-01-30 01:45:22.785000192,0.14990000426769257,901.2008056640625,0.14990000426769257,901.2008056640625,901.0509056597948,-158.23831885407753,-158.2232866666698,21.19062605990978,21.192153332716664,,9878,56,7908.920000256
19.5,0.0,inflection,2026-01-30 01:45:23.379000064,2026-01-30 01:45:39.472999936,901.28857421875,901.3607788085938,901.2672729492188,901.3607788085938,0.093505859375,-158.23833135245653,-158.23832730054616,21.190620577473965,21.190626372639848,,21,0,16.093999872
20.0,-1.0,ascent,2026-01-30 01:45:39.785000192,2026-01-30 03:39:10.486000128,901.3184204101562,0.12099999934434891,0.12099999934434891,901.3184204101562,901.1974204108119,-158.25323807117567,-158.23832607985557,21.189623873790858,21.1906188376663,,8504,88,6810.700999936
20.5,0.0,surfacing,2026-01-30 03:39:11.246000128,2026-01-30 04:08:13.015000064,0.04100000113248825,0.08259999752044678,0.0015999999595806003,0.10649999976158142,0.10489999980200082,-158.25821166666967,-158.2544733333364,21.194703332716948,21.197823332717327,,934,1741,1741.768999936
21.0,1.0,descent,2026-01-30 04:08:13.586999808,2026-01-30 05:43:20.086999808,0.10279999673366547,953.0642700195312,0.10279999673366547,953.0642700195312,952.9614700227976,-158.27233592777915,-158.25445333333636,21.192002706277126,21.194688332716957,,7123,44,5706.5
21.5,0.0,inflection,2026-01-30 05:43:20.684000000,2026-01-30 05:43:20.684000000,953.0742797851562,953.0742797851562,953.0742797851562,953.0742797851562,0.0,-158.2723367141281,-158.2723367141281,21.192006307677836,21.192006307677836,0.0,1,0,0.0
22.0,-1.0,ascent,2026-01-30 05:43:21.086999808,2026-01-30 07:16:58.575000064,953.063720703125,0.0674000009894371,0.0674000009894371,953.063720703125,952.9963207021356,-158.29032719436117,-158.27233749851558,21.190083440028683,21.192009413646012,,7012,68,5617.488000256
22.5,0.0,surfacing,2026-01-30 07:16:59.360000000,2026-01-30 07:31:51.017999872,0.03680000081658363,0.12700000405311584,0.020099999383091927,0.1843000054359436,0.16420000605285168,-158.28366166666962,-158.28151333333625,21.1874316660494,21.187584999382754,,420,891,891.657999872
23.0,1.0,descent,2026-01-30 07:31:51.650000128,2026-01-30 08:35:33.088000000,0.14059999585151672,672.5090942382812,0.14059999585151672,672.5090942382812,672.3684942424297,-158.28949398515746,-158.28145833333625,21.186892892945902,21.187530302029828,,4719,44,3821.437999872
23.5,0.0,inflection,2026-01-30 08:35:33.543000064,2026-01-30 08:35:33.543000064,672.7266845703125,672.7266845703125,672.7266845703125,672.7266845703125,0.0,-158.28874366172286,-158.28874366172286,21.187238719250043,21.187238719250043,0.0,1,0,0.0
24.0,-1.0,ascent,2026-01-30 08:35:34.088000000,2026-01-30 09:19:13.875000064,671.9411010742188,3.8364999294281006,3.8364999294281006,671.9411010742188,668.1046011447906,-158.29041228928324,-158.28874132618537,21.18466645159339,21.187228313541155,,1664,0,2619.787000064
24.5,0.0,surfacing,2026-01-30 09:19:14.236999936,2026-01-30 09:20:27.040999936,0.036400001496076584,0.13600000739097595,0.036400001496076584,0.1826999932527542,0.14629999175667763,-158.290049201099,-158.28658500000287,21.184616666049063,21.184676921909986,,91,72,72.804
25.0,1.0,descent,2026-01-30 09:20:27.875000064,2026-01-30 10:51:21.032999936,0.20000000298023224,958.6923828125,0.20000000298023224,958.6923828125,958.4923828095198,-158.30208734619512,-158.28646000000288,21.184602048010326,21.184844224946787,,6812,40,5453.157999872
25.5,0.0,inflection,2026-01-30 10:51:21.571000064,2026-01-30 10:51:21.571000064,958.7166137695312,958.7166137695312,958.7166137695312,958.7166137695312,0.0,-158.3020797212231,-158.3020797212231,21.184826793648373,21.184826793648373,0.0,1,0,0.0
26.0,-1.0,ascent,2026-01-30 10:51:22.032999936,2026-01-30 12:25:50.528999936,958.7042846679688,0.10670000314712524,0.10670000314712524,958.7042846679688,958.5975846648216,-158.3041740071795,-158.30206752660033,21.184794045225605,21.19805689001093,,7077,68,5668.496
26.5,0.0,surfacing,2026-01-30 12:25:50.706000128,2026-01-30 12:41:26.028000000,0.05310000106692314,0.08070000261068344,0.00559999980032444,0.16529999673366547,0.15969999693334103,-158.3025416666695,-158.30064166666952,21.19349666605011,21.195366666050337,,596,935,935.321999872
27.0,1.0,descent,2026-01-30 12:41:27.002000128,2026-01-30 14:15:11.200000000,0.11819999665021896,955.622314453125,0.11819999665021896,955.622314453125,955.5041144564748,-158.30078985780904,-158.3005683333362,21.19336516008587,21.20769023337589,,7024,32,5624.197999872
27.5,0.0,inflection,2026-01-30 14:15:11.841000192,2026-01-30 14:15:11.841000192,955.6326904296875,955.6326904296875,955.6326904296875,955.6326904296875,0.0,-158.30065363402667,-158.30065363402667,21.207686667376173,21.207686667376173,0.0,1,0,0.0
28.0,-1.0,ascent,2026-01-30 14:15:12.200000000,2026-01-30 15:50:09.657000192,955.60302734375,0.03370000049471855,0.03370000049471855,955.60302734375,955.5693273432553,-158.3050500000028,-158.30039685286388,21.207674790598944,21.224876666053888,,7113,108,5697.457000192
28.5,0.0,surfacing,2026-01-30 15:50:09.938999808,2026-01-30 16:08:35.020000000,0.025499999523162842,0.07209999859333038,0.025499999523162842,0.11330000311136246,0.08780000358819962,-158.30502333333615,-158.30446666666947,21.222273332720246,21.224718332720546,,415,1105,1105.081000192
29.0,1.0,descent,2026-01-30 16:08:36.003000064,2026-01-30 17:41:12.062000128,0.10679999738931656,955.5062255859375,0.10679999738931656,955.5062255859375,955.3994255885482,-158.30464455964318,-158.30443666666952,21.22211769306246,21.2377815658557,,6938,40,5556.059000064
29.5,0.0,inflection,2026-01-30 17:41:12.069999872,2026-01-30 17:41:12.069999872,955.5180053710938,955.5180053710938,955.5180053710938,955.5180053710938,0.0,-158.3046312091597,-158.3046312091597,21.237781085211676,21.237781085211676,0.0,1,0,0.0
30.0,-1.0,ascent,2026-01-30 17:41:13.062000128,2026-01-30 19:10:59.328999936,955.4776000976562,2.783099889755249,2.783099889755249,955.4776000976562,952.694500207901,-158.30471404953138,-158.3043422364504,21.23777947967652,21.253053989986338,,6727,20,5386.266999808
30.5,0.0,surfacing,2026-01-30 19:10:59.664000000,2026-01-30 19:27:56.029999872,2.767699956893921,0.10480000078678131,0.03060000017285347,2.7697999477386475,2.739199947565794,-158.3037033333362,-158.30178833333613,21.248844999390123,21.249021666056812,,515,1016,1016.365999872
31.0,1.0,descent,2026-01-30 19:27:56.868999936,2026-01-30 20:58:29.302000128,0.1873999983072281,955.6007080078125,0.1873999983072281,955.6007080078125,955.4133080095053,-158.30193049421322,-158.30172000000283,21.248873332723452,21.262774629814597,,6786,36,5432.433000192
31.5,0.0,inflection,2026-01-30 20:58:29.972000000,2026-01-30 20:58:29.972000000,955.6320190429688,955.6320190429688,955.6320190429688,955.6320190429688,0.0,-158.3019087782898,-158.3019087782898,21.262771353762954,21.262771353762954,0.0,1,0,0.0
32.0,-1.0,ascent,2026-01-30 20:58:30.302000128,2026-01-30 22:33:33.624999936,955.6309204101562,2.847899913787842,2.847899913787842,955.6309204101562,952.7830204963684,-158.3019929302961,-158.30182597961672,21.26275334120471,21.276590103187726,,7123,19,5703.322999808
32.5,0.0,surfacing,2026-01-30 22:33:33.692000000,2026-01-30 22:53:26.015000064,2.7764999866485596,0.09650000184774399,0.01080000028014183,2.7853000164031982,2.7745000161230564,-158.30245333333616,-158.30043333333614,21.270996666059453,21.273271666059735,,639,1192,1192.323000064
33.0,1.0,descent,2026-01-30 22:53:27.008000000,2026-01-31 00:21:30.224000000,0.17010000348091125,954.54248046875,0.17010000348091125,954.54248046875,954.3723804652691,-158.30067550389114,-158.30035693927323,21.27095666605945,21.2838983383931,,6598,37,5283.216
33.5,0.0,inflection,2026-01-31 00:21:30.916000000,2026-01-31 00:21:54.999000064,954.5560913085938,954.4019775390625,954.400390625,954.5560913085938,0.15570068359375,-158.30067290765263,-158.30067215615358,21.28388123909086,21.28389559203024,,31,0,24.083000064
34.0,-1.0,ascent,2026-01-31 00:21:55.224000000,2026-01-31 01:48:24.657999872,954.4005126953125,4.4415998458862305,4.4415998458862305,954.4005126953125,949.9589128494263,-158.3007457905437,-158.30051706662974,21.28387024489056,21.296087989215515,,6481,0,5189.433999872
34.5,0.0,inflection,2026-01-31 01:48:25.121999872,2026-01-31 01:48:25.121999872,4.032199859619141,4.032199859619141,4.032199859619141,4.032199859619141,0.0,-158.30052089501402,-158.30052089501402,21.29609234668676,21.29609234668676,0.0,1,0,0.0
35.0,1.0,descent,2026-01-31 01:48:25.657999872,2026-01-31 03:13:54.948000000,4.23330020904541,956.260986328125,4.23330020904541,956.260986328125,952.0276861190796,-158.30078290403634,-158.30051894918284,21.296101730788383,21.308808252127353,,6406,4,5129.290000128
35.5,0.0,inflection,2026-01-31 03:13:55.933000192,2026-01-31 03:14:11.984999936,956.284912109375,956.31201171875,956.2841796875,956.31201171875,0.02783203125,-158.30077480394255,-158.30077415982058,21.30878734275068,21.30879897352605,,22,0,16.051999744
36.0,-1.0,ascent,2026-01-31 03:14:12.948000000,2026-01-31 04:42:07.319000064,956.30810546875,0.09139999747276306,0.09139999747276306,956.30810546875,956.2167054712772,-158.30083320199472,-158.30049538359327,21.308778704539986,21.320908496325295,,6587,68,5274.371000064
36.5,0.0,surfacing,2026-01-31 04:42:07.382999808,2026-01-31 05:01:57.032000000,0.07249999791383743,0.09359999746084213,0.01640000008046627,0.2897999882698059,0.27339998818933964,-158.29993166666944,-158.29918333333612,21.336263332734013,21.339024999401023,,469,1189,1189.649000192
37.0,1.0,descent,2026-01-31 05:01:58.003000064,2026-01-31 06:30:38.099000064,0.1543000042438507,955.3956298828125,0.1543000042438507,955.3956298828125,955.2413298785686,-158.30048800497164,-158.29992666666942,21.33905166606769,21.35562549082828,,6646,32,5320.096
37.5,0.0,inflection,2026-01-31 06:30:38.763000064,2026-01-31 06:30:38.763000064,955.403076171875,955.403076171875,955.403076171875,955.403076171875,0.0,-158.30048717064116,-158.30048717064116,21.35562565390159,21.35562565390159,0.0,1,0,0.0
38.0,-1.0,ascent,2026-01-31 06:30:39.099000064,2026-01-31 07:56:28.611000064,955.3555908203125,4.795100212097168,4.795100212097168,955.3555908203125,950.5604906082153,-158.30076865529102,-158.3004379108611,21.35562710299756,21.371766738918282,,6431,0,5149.512
38.5,0.0,inflection,2026-01-31 07:56:29.552999936,2026-01-31 07:56:29.552999936,4.469699859619141,4.469699859619141,4.469699859619141,4.469699859619141,0.0,-158.3004795016887,-158.3004795016887,21.371773272243452,21.371773272243452,0.0,1,0,0.0
39.0,1.0,descent,2026-01-31 07:56:29.611000064,2026-01-31 09:22:28.728000000,4.712200164794922,955.4005126953125,4.712200164794922,955.4005126953125,950.6883125305176,-158.30100692787636,-158.30047101115693,21.371785703842793,21.388214346197046,,6442,0,5159.116999936
39.5,0.0,inflection,2026-01-31 09:22:28.729000192,2026-01-31 09:22:28.729000192,955.4063720703125,955.4063720703125,955.4063720703125,955.4063720703125,0.0,-158.30100609429726,-158.30100609429726,21.38821450902426,21.38821450902426,0.0,1,0,0.0
40.0,-1.0,ascent,2026-01-31 09:22:29.728000000,2026-01-31 10:52:38.051000064,955.3551025390625,0.05000000074505806,0.05000000074505806,955.3551025390625,955.3051025383174,-158.30135534744394,-158.3009999511167,21.3882160899977,21.404311712570006,,6753,88,5408.323000064
40.5,0.0,surfacing,2026-01-31 10:52:38.585999872,2026-01-31 11:19:47.352000000,0.04439999908208847,0.07750000059604645,0.016899999231100082,0.17569999396800995,0.15879999473690987,-158.3102616666694,-158.30746000000275,21.405798332742446,21.408494999409427,,806,1628,1628.766000128
41.0,1.0,descent,2026-01-31 11:19:48.007000064,2026-01-31 12:43:43.207000064,0.22859999537467957,957.3001098632812,0.22859999537467957,957.3001098632812,957.0715098679066,-158.31029666666936,-158.30938047768555,21.405794999409114,21.423072664739053,,6287,36,5035.2
41.5,0.0,inflection,2026-01-31 12:43:43.601000192,2026-01-31 12:43:43.601000192,957.3057250976562,957.3057250976562,957.3057250976562,957.3057250976562,0.0,-158.30938921648473,-158.30938921648473,21.423071819533615,21.423071819533615,0.0,1,0,0.0
42.0,-1.0,ascent,2026-01-31 12:43:44.207000064,2026-01-31 14:14:02.628999936,957.2554931640625,4.872600078582764,4.872600078582764,957.2554931640625,952.3828930854797,-158.3093959921185,-158.3082046246696,21.423073410848133,21.44059027937749,,6765,0,5418.421999872
42.5,0.0,inflection,2026-01-31 14:14:02.778000128,2026-01-31 14:14:02.778000128,4.584700107574463,4.584700107574463,4.584700107574463,4.584700107574463,0.0,-158.308224437546,-158.308224437546,21.440597034365183,21.440597034365183,0.0,1,0,0.0
43.0,1.0,descent,2026-01-31 14:14:03.628999936,2026-01-31 15:40:27.687000064,4.859499931335449,955.697509765625,4.859499931335449,955.697509765625,950.8380098342896,-158.30822942319958,-158.30749973151322,21.44061042345904,21.458040442035138,,6473,0,5184.058000128
43.5,0.0,inflection,2026-01-31 15:40:28.315000064,2026-01-31 15:40:28.315000064,955.7108154296875,955.7108154296875,955.7108154296875,955.7108154296875,0.0,-158.3075013715825,-158.3075013715825,21.45804144882642,21.45804144882642,0.0,1,0,0.0
44.0,-1.0,ascent,2026-01-31 15:40:28.687000064,2026-01-31 17:07:38.026000128,955.6838989257812,1.464400053024292,1.464400053024292,955.6838989257812,954.219498872757,-158.3075295637145,-158.30678545626662,21.45804244688902,21.475343598592833,,6530,48,5229.339000064
44.5,0.0,surfacing,2026-01-31 17:07:38.730000128,2026-01-31 17:25:03.500999936,0.03280000016093254,0.15029999613761902,0.027699999511241913,0.17890000343322754,0.15120000392198563,-158.31000833333604,-158.30676500000266,21.467003332749876,21.471128332750382,,537,1044,1044.770999808
45.0,1.0,descent,2026-01-31 17:25:04.186000128,2026-01-31 18:53:40.217999872,0.21050000190734863,956.347900390625,0.21050000190734863,956.347900390625,956.1374003887177,-158.310088333336,-158.30894331459592,21.471176666083714,21.486266115089112,,6636,36,5316.031999744
45.5,0.0,inflection,2026-01-31 18:53:40.279000064,2026-01-31 18:53:40.279000064,956.3596801757812,956.3596801757812,956.3596801757812,956.3596801757812,0.0,-158.30895150259158,-158.30895150259158,21.48624949493004,21.48624949493004,0.0,1,0,0.0
46.0,-1.0,ascent,2026-01-31 18:53:41.217999872,2026-01-31 20:21:46.728000000,956.31591796875,5.049699783325195,5.049699783325195,956.31591796875,951.2662181854248,-158.30896129242853,-158.307516372492,21.486249336605088,21.50121050288538,,6600,0,5285.510000128
46.5,0.0,inflection,2026-01-31 20:21:46.928000000,2026-01-31 20:21:46.928000000,4.71120023727417,4.71120023727417,4.71120023727417,4.71120023727417,0.0,-158.3075219891302,-158.3075219891302,21.50121589484723,21.50121589484723,0.0,1,0,0.0
47.0,1.0,descent,2026-01-31 20:21:47.728000000,2026-01-31 21:45:11.872999936,4.998300075531006,897.9782104492188,4.998300075531006,897.9782104492188,892.9799103736877,-158.3075300446176,-158.30625614195907,21.50122757916585,21.514726421845157,,6249,0,5004.144999936
47.5,0.0,inflection,2026-01-31 21:45:12.453999872,2026-01-31 21:56:21.292000000,897.9807739257812,897.9321899414062,897.85498046875,897.9807739257812,0.12579345703125,-158.30638121746713,-158.3062567991397,21.513664952855727,21.5137885807156,,837,0,668.838000128
48.0,-1.0,ascent,2026-01-31 21:56:22.042000128,2026-01-31 23:21:07.611000064,897.9254150390625,0.017799999564886093,0.017799999564886093,897.9254150390625,897.9076150394976,-158.306508904673,-158.29994782146377,21.499640819154518,21.513664243584653,,6350,84,5085.568999936
48.5,0.0,surfacing,2026-01-31 23:21:07.956999936,2026-01-31 23:42:55.012999936,0.009999999776482582,0.10490000247955322,0.005499999970197678,0.39489999413490295,0.3893999941647053,-158.29400666666942,-158.29111166666942,21.505684999421273,21.50666833275473,,547,1307,1307.056
49.0,1.0,descent,2026-01-31 23:42:55.107000064,2026-02-01 00:19:58.552000000,0.11789999902248383,407.5414123535156,0.11789999902248383,407.5414123535156,407.42351235449314,-158.29830147064754,-158.29094166666937,21.506288305371633,21.506683332754733,,2775,40,2223.444999936
49.5,0.0,inflection,2026-02-01 00:19:59.444999936,2026-02-01 00:19:59.444999936,407.54449462890625,407.54449462890625,407.54449462890625,407.54449462890625,0.0,-158.29829602145358,-158.29829602145358,21.506304984543014,21.506304984543014,0.0,1,0,0.0
50.0,-1.0,ascent,2026-02-01 00:19:59.552000000,2026-02-01 01:00:03.007000064,407.5132141113281,4.479100227355957,4.479100227355957,407.5132141113281,403.03411388397217,-158.30537799149508,-158.2982960473259,21.506188851354782,21.506358258863337,,3002,0,2403.455000064
50.5,0.0,inflection,2026-02-01 01:00:03.742000128,2026-02-01 01:00:03.742000128,4.124599933624268,4.124599933624268,4.124599933624268,4.124599933624268,0.0,-158.30538398612902,-158.30538398612902,21.506229358878727,21.506229358878727,0.0,1,0,0.0
51.0,1.0,descent,2026-02-01 01:00:04.007000064,2026-02-01 01:35:08.600000000,4.348100185394287,406.15240478515625,4.348100185394287,406.15240478515625,401.80430459976196,-158.31254476654973,-158.305396883895,21.50589884540072,21.506234398278398,,2628,4,2104.592999936
51.5,0.0,inflection,2026-02-01 01:35:09.267000064,2026-02-01 01:35:09.267000064,406.2066955566406,406.2066955566406,406.2066955566406,406.2066955566406,0.0,-158.31254395975165,-158.31254395975165,21.50590095026361,21.50590095026361,0.0,1,0,0.0
52.0,-1.0,ascent,2026-02-01 01:35:09.600000000,2026-02-01 02:15:08.220000000,406.20599365234375,0.02979999966919422,0.02979999966919422,406.20599365234375,406.17619365267456,-158.3195911589324,-158.31254278802433,21.503496666087646,21.505916379963605,,2996,88,2398.62
52.5,0.0,surfacing,2026-02-01 02:15:09.032000000,2026-02-01 02:25:32.017999872,0.025800000876188278,0.06319999694824219,0.006800000090152025,0.14650000631809235,0.13970000622794032,-158.31427500000265,-158.31410666666935,21.503494999420983,21.503978332754386,,392,622,622.985999872
53.0,1.0,descent,2026-02-01 02:25:33.003000064,2026-02-01 03:02:23.466000128,0.10660000145435333,407.4093933105469,0.10660000145435333,407.4093933105469,407.3027933090925,-158.32002398376474,-158.31414666666933,21.50393730349436,21.504204006101926,,2761,48,2210.463000064
53.5,0.0,inflection,2026-02-01 03:02:23.617000192,2026-02-01 03:02:23.617000192,407.42401123046875,407.42401123046875,407.42401123046875,407.42401123046875,0.0,-158.32000920058354,-158.32000920058354,21.50393667611723,21.50393667611723,0.0,1,0,0.0
54.0,-1.0,ascent,2026-02-01 03:02:24.466000128,2026-02-01 03:40:09.956000000,407.4126892089844,4.448800086975098,4.448800086975098,407.4126892089844,402.9638891220093,-158.32557302502255,-158.3199971663803,21.50392969195719,21.504113657899303,,2829,0,2265.489999872
54.5,0.0,inflection,2026-02-01 03:40:10.598000128,2026-02-01 03:40:10.598000128,4.034800052642822,4.034800052642822,4.034800052642822,4.034800052642822,0.0,-158.3255786917717,-158.3255786917717,21.50409927642742,21.50409927642742,0.0,1,0,0.0
55.0,1.0,descent,2026-02-01 03:40:10.956000000,2026-02-01 04:14:05.538000128,4.241799831390381,405.555908203125,4.241799831390381,405.555908203125,401.3141083717346,-158.33107173591492,-158.3255892684729,21.503877533265943,21.50412527749207,,2542,4,2034.582000128
55.5,0.0,inflection,2026-02-01 04:14:05.872999936,2026-02-01 04:14:05.872999936,405.5711975097656,405.5711975097656,405.5711975097656,405.5711975097656,0.0,-158.33106619966844,-158.33106619966844,21.503905171635118,21.503905171635118,0.0,1,0,0.0
56.0,-1.0,ascent,2026-02-01 04:14:06.538000128,2026-02-01 04:54:08.147000064,405.52398681640625,0.023000000044703484,0.023000000044703484,405.52398681640625,405.50098681636155,-158.34452166666924,-158.33105659323445,21.503867426149636,21.51489999942237,,2997,104,2401.608999936
56.5,0.0,surfacing,2026-02-01 04:54:08.312999936,2026-02-01 05:09:47.012999936,0.02250000089406967,0.11050000041723251,0.00860000029206276,0.11169999837875366,0.1030999980866909,-158.34571333333588,-158.34453000000255,21.51492499942238,21.51791833275608,,461,938,938.7
57.0,1.0,descent,2026-02-01 05:09:48.008000000,2026-02-01 06:04:25.734999808,0.1251000016927719,605.8104858398438,0.1251000016927719,605.8104858398438,605.685385838151,-158.3555674386527,-158.34570666666923,21.51626219526877,21.518223332756104,,4093,44,3277.726999808
57.5,0.0,inflection,2026-02-01 06:04:26.176000000,2026-02-01 06:04:26.176000000,605.8541259765625,605.8541259765625,605.8541259765625,605.8541259765625,0.0,-158.35556827662737,-158.35556827662737,21.516272083297522,21.516272083297522,0.0,1,0,0.0
58.0,-1.0,ascent,2026-02-01 06:04:26.734999808,2026-02-01 07:00:26.500999936,605.822509765625,4.509300231933594,4.509300231933594,605.822509765625,601.3132095336914,-158.36549309676462,-158.35556995312294,21.51433031941051,21.516316467431505,,4198,0,3359.766000128
58.5,0.0,inflection,2026-02-01 07:00:27.233999872,2026-02-01 07:00:27.233999872,4.160900115966797,4.160900115966797,4.160900115966797,4.160900115966797,0.0,-158.3654998895293,-158.3654998895293,21.51433047442947,21.51433047442947,0.0,1,0,0.0
59.0,1.0,descent,2026-02-01 07:00:27.500999936,2026-02-01 07:50:30.144000000,4.381899833679199,606.2366943359375,4.381899833679199,606.2366943359375,601.8547945022583,-158.37476090118673,-158.36551148923624,21.512239704081527,21.514327277782225,,3750,0,3002.643000064
59.5,0.0,inflection,2026-02-01 07:50:30.783000064,2026-02-01 07:50:30.783000064,606.2553100585938,606.2553100585938,606.2553100585938,606.2553100585938,0.0,-158.37476173907697,-158.37476173907697,21.512248960022422,21.512248960022422,0.0,1,0,0.0
60.0,-1.0,ascent,2026-02-01 07:50:31.144000000,2026-02-01 08:48:01.822000128,606.2064819335938,0.03189999982714653,0.03189999982714653,606.2064819335938,606.1745819337666,-158.39245833333572,-158.37476257843392,21.510530181578634,21.514444999422274,,4309,88,3450.678000128
60.5,0.0,surfacing,2026-02-01 08:48:02.693000192,2026-02-01 09:02:04.023000064,0.018799999728798866,0.0934000015258789,0.010599999688565731,0.14839999377727509,0.13779999408870935,-158.39243333333573,-158.39123666666907,21.514246666088926,21.514478332755623,,428,841,841.329999872
61.0,1.0,descent,2026-02-01 09:02:04.657000192,2026-02-01 09:56:39.497999872,0.09359999746084213,606.8051147460938,0.09359999746084213,606.8051147460938,606.7115147486329,-158.40022323110333,-158.39122166666905,21.5104714528445,21.514259999422265,,4087,36,3274.84099968
61.5,0.0,inflection,2026-02-01 09:56:39.712000000,2026-02-01 09:56:39.712000000,606.8201293945312,606.8201293945312,606.8201293945312,606.8201293945312,0.0,-158.40022658847118,-158.40022658847118,21.51048820776936,21.51048820776936,0.0,1,0,0.0
62.0,-1.0,ascent,2026-02-01 09:56:40.497999872,2026-02-01 10:52:42.206000128,606.8082275390625,4.4257001876831055,4.4257001876831055,606.8082275390625,602.3825273513794,-158.4023039340608,-158.40023009228318,21.50667507037227,21.51053495774139,,4199,0,3361.708000256
62.5,0.0,inflection,2026-02-01 10:52:43.104999936,2026-02-01 10:52:43.104999936,4.105000019073486,4.105000019073486,4.105000019073486,4.105000019073486,0.0,-158.40025492800123,-158.40025492800123,21.506676172935347,21.506676172935347,0.0,1,0,0.0
63.0,1.0,descent,2026-02-01 10:52:43.206000128,2026-02-01 11:47:40.151000064,4.340400218963623,605.5628051757812,4.340400218963623,605.5628051757812,601.2224049568176,-158.40024902757185,-158.39692720139337,21.50286883698174,21.506672554100874,,4119,4,3296.944999936
63.5,0.0,inflection,2026-02-01 11:47:40.174000128,2026-02-01 11:47:40.174000128,605.5932006835938,605.5932006835938,605.5932006835938,605.5932006835938,0.0,-158.39693393904378,-158.39693393904378,21.50288123473339,21.50288123473339,0.0,1,0,0.0
64.0,-1.0,ascent,2026-02-01 11:47:41.151000064,2026-02-01 12:44:31.242000128,605.5554809570312,0.04619999974966049,0.04619999974966049,605.5554809570312,605.5092809572816,-158.39695500054438,-158.3941707432233,21.4990177739523,21.502925835208604,,4258,68,3410.091000064
64.5,0.0,surfacing,2026-02-01 12:44:31.908999936,2026-02-01 13:01:40.015000064,0.027699999511241913,0.0608999989926815,0.0,0.08169999718666077,0.08169999718666077,-158.38842666666903,-158.3869716666691,21.4806633327515,21.482474999418393,,521,1028,1028.106000128
65.0,1.0,descent,2026-02-01 13:01:40.619000064,2026-02-01 13:48:00.157999872,0.16300000250339508,507.4419860839844,0.16300000250339508,507.4419860839844,507.278986081481,-158.38850833333572,-158.3833605082197,21.474575137206497,21.48064833275151,,3470,36,2779.538999808
65.5,0.0,inflection,2026-02-01 13:48:00.614000128,2026-02-01 13:48:00.614000128,507.4501953125,507.4501953125,507.4501953125,507.4501953125,0.0,-158.3833702330975,-158.3833702330975,21.474580753145187,21.474580753145187,0.0,1,0,0.0
66.0,-1.0,ascent,2026-02-01 13:48:01.157999872,2026-02-01 14:35:03.860000000,507.4483947753906,0.9574999809265137,0.9574999809265137,507.4483947753906,506.4908947944641,-158.38337253307037,-158.37863355838064,21.468427460710533,21.474581435104415,,3524,48,2822.702000128
66.5,0.0,surfacing,2026-02-01 14:35:04.083000064,2026-02-01 14:48:05.040999936,0.004999999888241291,0.07000000029802322,0.0,0.11869999766349792,0.11869999766349792,-158.3800766666691,-158.37803000000244,21.46521666608297,21.465696666083016,,547,780,780.957999872
67.0,1.0,descent,2026-02-01 14:48:06.003000064,2026-02-01 15:35:56.673000192,0.12960000336170197,504.6011047363281,0.12960000336170197,504.6011047363281,504.4715047329664,-158.38019000000244,-158.37390976647436,21.458673834823724,21.46573833274969,,3584,32,2870.670000128
67.5,0.0,inflection,2026-02-01 15:35:57.046999808,2026-02-01 15:35:57.046999808,504.6184997558594,504.6184997558594,504.6184997558594,504.6184997558594,0.0,-158.37390515073997,-158.37390515073997,21.458669029425558,21.458669029425558,0.0,1,0,0.0
68.0,-1.0,ascent,2026-02-01 15:35:57.673000192,2026-02-01 16:24:09.362999808,504.58770751953125,0.02019999921321869,0.02019999921321869,504.58770751953125,504.56750752031803,-158.37390624150052,-158.36792141947612,21.451642595039267,21.458667184071018,,3610,64,2891.689999616
68.5,0.0,surfacing,2026-02-01 16:24:09.849999872,2026-02-01 16:42:27.043000064,0.01940000057220459,0.049800001084804535,0.007199999876320362,0.0989999994635582,0.09179999958723783,-158.37598000000244,-158.37061000000247,21.457154999415312,21.460806666082423,,369,1097,1097.193000192
69.0,1.0,descent,2026-02-01 16:42:28.003000064,2026-02-01 17:15:17.444999936,0.17599999904632568,506.747802734375,0.17599999904632568,506.747802734375,506.5718027353287,-158.37608000000247,-158.37281218929496,21.457075145413576,21.46086666608243,,2461,28,1969.441999872
69.5,0.0,inflection,2026-02-01 17:15:18.076999936,2026-02-01 17:15:18.076999936,506.7616882324219,506.7616882324219,506.7616882324219,506.7616882324219,0.0,-158.37283842839028,-158.37283842839028,21.45709761925059,21.45709761925059,0.0,1,0,0.0
70.0,-1.0,ascent,2026-02-01 17:15:18.444999936,2026-02-01 17:41:16.000999936,506.7344970703125,0.0723000019788742,0.0723000019788742,506.7344970703125,506.6621970683336,-158.37284151994314,-158.37101790362462,21.454765937235592,21.457624999415376,,1945,43,1557.556
70.5,0.0,surfacing,2026-02-01 17:41:16.301000192,2026-02-01 17:50:18.036999936,0.0,0.07119999825954437,0.0,0.11339999735355377,0.11339999735355377,-158.37432000000246,-158.37206000000248,21.45763999941537,21.459814999415638,,371,541,541.735999744
71.0,1.0,descent,2026-02-01 17:50:19.008999936,2026-02-01 18:23:22.374000128,0.10249999910593033,504.6499938964844,0.10249999910593033,504.6499938964844,504.54749389737844,-158.3744316666691,-158.37211344496072,21.45725241839776,21.45991499941564,,2477,36,1983.365000192
71.5,0.0,inflection,2026-02-01 18:23:22.793999872,2026-02-01 18:23:22.793999872,504.6702880859375,504.6702880859375,504.6702880859375,504.6702880859375,0.0,-158.37213991042907,-158.37213991042907,21.457293935521328,21.457293935521328,0.0,1,0,0.0
72.0,-1.0,ascent,2026-02-01 18:23:23.374000128,2026-02-01 18:51:24.836999936,504.660400390625,0.04100000113248825,0.04100000113248825,504.660400390625,504.6194003894925,-158.37215079616283,-158.37089732914708,21.455825124816283,21.457317942038866,,2099,88,1681.462999808
72.5,0.0,surfacing,2026-02-01 18:51:25.519000064,2026-02-01 19:03:50.374000128,0.03139999881386757,0.03680000081658363,0.011599999852478504,0.10450000315904617,0.09290000330656767,-158.37419666666912,-158.37173666666914,21.456326666081882,21.45990999941564,,407,744,744.855000064
73.0,1.0,descent,2026-02-01 19:03:51.003000064,2026-02-01 19:36:12.405999872,0.11800000071525574,504.5990905761719,0.11800000071525574,504.5990905761719,504.4810905754566,-158.37424931440154,-158.37221900027376,21.457547892704966,21.46006666608233,,2424,39,1941.402999808
73.5,0.0,inflection,2026-02-01 19:36:12.840000000,2026-02-01 19:36:12.840000000,504.6162109375,504.6162109375,504.6162109375,504.6162109375,0.0,-158.37224761075024,-158.37224761075024,21.457587235463915,21.457587235463915,0.0,1,0,0.0
74.0,-1.0,ascent,2026-02-01 19:36:13.405999872,2026-02-01 20:05:18.996000000,504.6070861816406,1.6778000593185425,1.6778000593185425,504.6070861816406,502.9292861223221,-158.3722643056591,-158.37123998436343,21.456142478972076,21.457619323335038,,2180,15,1745.590000128
74.5,0.0,surfacing,2026-02-01 20:05:19.524000000,2026-02-01 20:23:48.508000000,1.1550999879837036,0.0966000035405159,0.0,1.1663000583648682,1.1663000583648682,-158.37432000000246,-158.3721483333358,21.45607166608185,21.460679999415735,,1178,1108,1108.984
75.0,1.0,descent,2026-02-01 20:23:49.316000000,2026-02-01 20:58:19.707000064,0.15539999306201935,504.6763000488281,0.15539999306201935,504.6763000488281,504.5209000557661,-158.37438500000243,-158.3725520238281,21.458263305413766,21.46080166608242,,2587,28,2070.391000064
75.5,0.0,inflection,2026-02-01 20:58:20.473999872,2026-02-01 20:58:20.473999872,504.70440673828125,504.70440673828125,504.70440673828125,504.70440673828125,0.0,-158.37260611711068,-158.37260611711068,21.458319189221577,21.458319189221577,0.0,1,0,0.0
76.0,-1.0,ascent,2026-02-01 20:58:20.707000064,2026-02-01 21:29:56.139000064,504.70208740234375,1.8594000339508057,1.8594000339508057,504.70208740234375,502.84268736839294,-158.3726286938565,-158.37163835943346,21.456857638079068,21.458345630929866,,2366,15,1895.432
76.5,0.0,surfacing,2026-02-01 21:29:56.756000000,2026-02-01 21:44:21.010999808,1.3438999652862549,0.11349999904632568,0.0,1.3593000173568726,1.3593000173568726,-158.37102666666914,-158.37077000000252,21.455574999415134,21.457694999415388,,543,864,864.254999808
77.0,1.0,descent,2026-02-01 21:44:21.664000000,2026-02-01 22:44:37.492000000,0.14399999380111694,500.84320068359375,0.14399999380111694,500.84320068359375,500.69920068979263,-158.37109406842814,-158.36868496626258,21.45473242532395,21.457741666082043,,4516,64,3615.828
77.5,0.0,inflection,2026-02-01 22:44:38.323000064,2026-02-01 22:44:54.336000000,500.92889404296875,501.0663146972656,500.914794921875,501.0663146972656,0.151519775390625,-158.36869055329268,-158.3686785318662,21.45472899278418,21.454739927879828,,21,0,16.012999936
78.0,-1.0,ascent,2026-02-01 22:44:54.508000000,2026-02-01 23:51:02.540999936,501.0588073730469,0.13979999721050262,0.13979999721050262,501.0588073730469,500.9190073758364,-158.368709278214,-158.36733417382612,21.452650852829947,21.45475229438563,,4954,91,3968.032999936
78.5,0.0,surfacing,2026-02-01 23:51:03.128000000,2026-02-02 00:01:34.022000128,0.0,0.1551000028848648,0.0,0.21860000491142273,0.21860000491142273,-158.36448500000247,-158.36384500000253,21.44731499941412,21.448073332747548,,328,630,630.894000128
79.0,1.0,descent,2026-02-02 00:01:35.003000064,2026-02-02 01:14:20.977999872,0.26269999146461487,500.7090148925781,0.26269999146461487,500.7090148925781,500.4463149011135,-158.36399226764837,-158.35990723115054,21.442667075256576,21.448079999414215,,5449,60,4365.974999808
79.5,0.0,inflection,2026-02-02 01:14:21.464999936,2026-02-02 01:14:21.464999936,500.7107849121094,500.7107849121094,500.7107849121094,500.7107849121094,0.0,-158.35990288821728,-158.35990288821728,21.4426594056343,21.4426594056343,0.0,1,0,0.0
80.0,-1.0,ascent,2026-02-02 01:14:21.977999872,2026-02-02 02:24:10.141999872,500.62579345703125,2.8333001136779785,2.8333001136779785,500.62579345703125,497.79249334335327,-158.35990543116029,-158.3567199138277,21.437926398121075,21.442658259588523,,5230,16,4188.164
80.5,0.0,surfacing,2026-02-02 02:24:10.736999936,2026-02-02 02:40:15.008000000,2.697200059890747,0.0,0.0,2.8183000087738037,2.8183000087738037,-158.35268833333586,-158.35193833333588,21.437439999412913,21.439328332746495,,631,964,964.271000064
81.0,1.0,descent,2026-02-02 02:40:16.008000000,2026-02-02 05:05:31.116000000,0.05460000038146973,951.1522827148438,0.05460000038146973,951.1522827148438,951.0976827144623,-158.35210954215924,-158.34172916562198,21.427248461304256,21.43951666607986,,10882,68,8715.108
81.5,0.0,inflection,2026-02-02 05:05:31.416000000,2026-02-02 05:05:47.435000064,951.230224609375,951.3212890625,951.2098999023438,951.3212890625,0.11138916015625,-158.34172433297266,-158.3417173380705,21.427231085826914,21.427240992555372,,21,0,16.019000064
82.0,-1.0,ascent,2026-02-02 05:05:48.116000000,2026-02-02 07:26:33.380000000,951.30908203125,0.0333000011742115,0.0333000011742115,951.30908203125,951.2757820300758,-158.3417186769499,-158.33248518835248,21.41593471262666,21.42723156126174,,10545,128,8445.264
82.5,0.0,surfacing,2026-02-02 07:26:34.137000192,2026-02-02 07:46:32.020000000,0.007699999958276749,0.03889999911189079,0.0,0.10760000348091125,0.10760000348091125,-158.33608500000258,-158.33496166666927,21.427371666078376,21.432231666078973,,606,1197,1197.882999808
83.0,1.0,descent,2026-02-02 07:46:33.007000064,2026-02-02 10:20:15.088000000,0.10729999840259552,950.9306030273438,0.10729999840259552,950.9306030273438,950.8233030289412,-158.33614731585547,-158.3293454934113,21.4241697884488,21.432411666079,,11517,76,9222.080999936
83.5,0.0,inflection,2026-02-02 10:20:15.839000064,2026-02-02 10:20:31.868000000,950.9547119140625,951.0062255859375,950.916015625,951.0062255859375,0.0902099609375,-158.32934097331272,-158.3293344254651,21.424165568407194,21.42416871025999,,21,0,16.028999936
84.0,-1.0,ascent,2026-02-02 10:20:32.088000000,2026-02-02 12:39:21.303000064,950.9805908203125,2.7813000679016113,2.7813000679016113,950.9805908203125,948.1992907524109,-158.32933709742463,-158.32317594986137,21.416925271910433,21.424175306207765,,10400,20,8329.215000064
84.5,0.0,surfacing,2026-02-02 12:39:22.069999872,2026-02-02 12:57:59.000000000,2.6837000846862793,0.0,0.0,2.7918999195098877,2.7918999195098877,-158.32391833333597,-158.32144166666933,21.411448332743113,21.412324999409893,,595,1116,1116.930000128
85.0,1.0,descent,2026-02-02 12:57:59.471000064,2026-02-02 15:47:39.268999936,0.026499999687075615,950.5283203125,0.026499999687075615,950.5283203125,950.5018203128129,-158.3214519030241,-158.31346891439122,21.40150168258183,21.41144166607644,,12712,84,10179.797999872
85.5,0.0,inflection,2026-02-02 15:47:40.144000000,2026-02-02 15:47:40.144000000,950.5416870117188,950.5416870117188,950.5416870117188,950.5416870117188,0.0,-158.3134637898955,-158.3134637898955,21.401498274220035,21.401498274220035,0.0,1,0,0.0
86.0,-1.0,ascent,2026-02-02 15:47:40.268999936,2026-02-02 18:32:53.566999808,950.4904174804688,1.6061999797821045,1.6061999797821045,950.4904174804688,948.8842175006866,-158.31346544095038,-158.30631013511533,21.392662878788354,21.401500801625936,,12378,76,9913.297999872
86.5,0.0,surfacing,2026-02-02 18:32:54.069999872,2026-02-02 18:49:17.010999808,0.008100000210106373,0.10180000215768814,0.0,0.1062999963760376,0.1062999963760376,-158.3016783333361,-158.30165500000277,21.388523332740352,21.392173332740786,,511,982,982.940999936
87.0,1.0,descent,2026-02-02 18:49:18.003000064,2026-02-02 21:26:49.305999872,0.19709999859333038,950.5620727539062,0.19709999859333038,950.5620727539062,950.3649727553129,-158.30178827242278,-158.29255077667543,21.379950785612778,21.392306666074138,,11801,48,9451.302999808
87.5,0.0,inflection,2026-02-02 21:26:50.043000064,2026-02-02 21:26:50.043000064,950.76611328125,950.76611328125,950.76611328125,950.76611328125,0.0,-158.29254823933826,-158.29254823933826,21.379948268199808,21.379948268199808,0.0,1,0,0.0
88.0,-1.0,ascent,2026-02-02 21:26:50.305999872,2026-02-03 00:11:58.592999936,950.7507934570312,0.6462000012397766,0.6462000012397766,950.7507934570312,950.1045934557915,-158.2925432395009,-158.2836481840405,21.368468974046582,21.379943278437608,,12374,72,9908.287000064
88.5,0.0,surfacing,2026-02-03 00:11:59.585999872,2026-02-03 00:27:35.874000128,0.0,0.01080000028014183,0.0,0.06210000067949295,0.06210000067949295,-158.28537666666952,-158.28192833333614,21.369011666071327,21.369298332738026,,652,936,936.288000256
89.0,1.0,descent,2026-02-03 00:27:36.533999872,2026-02-03 02:57:06.645999872,0.012400000356137753,950.8433227539062,0.012400000356137753,950.8433227539062,950.8309227535501,-158.28203948853005,-158.2731709742804,21.357420110745533,21.36902166607133,,11204,56,8970.112
89.5,0.0,inflection,2026-02-03 02:57:07.374000128,2026-02-03 02:57:23.391000064,950.9180297851562,950.989501953125,950.8994750976562,950.989501953125,0.09002685546875,-158.27316778238853,-158.27316142435086,21.35741142489246,21.35741730563109,,21,0,16.016999936
90.0,-1.0,ascent,2026-02-03 02:57:23.645999872,2026-02-03 05:31:38.888000000,950.9547729492188,0.04769999906420708,0.04769999906420708,950.9547729492188,950.9070729501545,-158.27316243904897,-158.26511722098425,21.34673794314236,21.35741240197524,,11558,72,9255.242000128
90.5,0.0,surfacing,2026-02-03 05:31:39.092999936,2026-02-03 05:45:57.024000000,0.0,0.06520000100135803,0.0,0.12229999899864197,0.12229999899864197,-158.26395666666957,-158.26311000000288,21.34628333273525,21.347453332735387,,751,857,857.931000064
91.0,1.0,descent,2026-02-03 05:45:57.651000064,2026-02-03 08:14:18.763000064,0.1185000017285347,950.3920288085938,0.1185000017285347,950.3920288085938,950.2735288068652,-158.2631516666696,-158.25393871075474,21.3354486933764,21.347491154688115,,11112,76,8901.112
91.5,0.0,inflection,2026-02-03 08:14:18.779000064,2026-02-03 08:14:18.779000064,950.6016845703125,950.6016845703125,950.6016845703125,950.6016845703125,0.0,-158.25393641842194,-158.25393641842194,21.335445965441675,21.335445965441675,0.0,1,0,0.0
92.0,-1.0,ascent,2026-02-03 08:14:19.763000064,2026-02-03 10:59:27.128000000,950.5924072265625,2.519399881362915,2.519399881362915,950.5924072265625,948.0730073451996,-158.2539319981518,-158.24604331993064,21.323914041617694,21.335441085623323,,12372,16,9907.364999936
92.5,0.0,surfacing,2026-02-03 10:59:27.580000000,2026-02-03 11:30:27.030999808,2.3684000968933105,0.052299998700618744,0.0,2.470099925994873,2.470099925994873,-158.24429666666964,-158.24038833333634,21.327996666066376,21.330729999400045,,528,1859,1859.450999808
93.0,1.0,descent,2026-02-03 11:30:28.002000128,2026-02-03 12:42:33.984000000,0.11330000311136246,437.0751953125,0.11330000311136246,437.0751953125,436.96189530938864,-158.24078059831896,-158.23789888873168,21.323906075033218,21.328153700560392,,5402,68,4325.981999872
93.5,0.0,inflection,2026-02-03 12:43:00.207000064,2026-02-03 12:43:00.207000064,439.51611328125,439.51611328125,439.51611328125,439.51611328125,0.0,-158.2385005366315,-158.2385005366315,21.323902140409608,21.323902140409608,0.0,1,0,0.0
94.0,-1.0,ascent,2026-02-03 12:43:02.147000064,2026-02-03 13:01:32.167000064,439.1838073730469,3.9639999866485596,3.9639999866485596,439.1838073730469,435.2198073863983,-158.23933319550997,-158.23838937896775,21.32390193895704,21.325769546087123,,1174,0,1110.02
94.5,0.0,surfacing,2026-02-03 13:30:47.359000064,2026-02-03 13:32:07.060000000,0.06129999831318855,0.06440000236034393,0.0,0.07769999653100967,0.07769999653100967,-158.2387263986717,-158.23371166666973,21.318086666065188,21.326692957960844,,98,67,79.700999936
95.0,1.0,descent,2026-02-03 13:32:07.700000000,2026-02-03 16:25:14.265000192,0.06840000301599503,950.7811889648438,0.06840000301599503,950.7811889648438,950.7127889618278,-158.2341197205262,-158.2267559023886,21.3082362958616,21.318227090642008,,12969,84,10386.565000192
95.5,0.0,inflection,2026-02-03 16:25:15.139000064,2026-02-03 16:25:15.139000064,950.7918090820312,950.7918090820312,950.7918090820312,950.7918090820312,0.0,-158.22675204687874,-158.22675204687874,21.308232759157182,21.308232759157182,0.0,1,0,0.0
96.0,-1.0,ascent,2026-02-03 16:25:15.265000192,2026-02-03 18:47:17.303000064,950.702880859375,2.8199000358581543,2.8199000358581543,950.702880859375,947.8829808235168,-158.22675059740985,-158.22041311371478,21.299236158531933,21.308239289117825,,10640,20,8522.037999872
96.5,0.0,surfacing,2026-02-03 18:47:17.753999872,2026-02-03 19:10:43.032999936,2.766900062561035,0.13600000739097595,0.0,2.897200107574463,2.897200107574463,-158.22111666666973,-158.22052833333643,21.296786666062623,21.298668332729516,,646,1405,1405.279000064
97.0,1.0,descent,2026-02-03 19:10:44.002000128,2026-02-03 21:45:09.753999872,0.23960000276565552,950.6296997070312,0.23960000276565552,950.6296997070312,950.3900997042656,-158.22116897990696,-158.2134732757772,21.287171847240113,21.29705104800809,,11572,52,9265.751999744
97.5,0.0,inflection,2026-02-03 21:45:10.311000064,2026-02-03 21:45:10.311000064,950.853271484375,950.853271484375,950.853271484375,950.853271484375,0.0,-158.21347045720904,-158.21347045720904,21.287170308410023,21.287170308410023,0.0,1,0,0.0
98.0,-1.0,ascent,2026-02-03 21:45:10.753999872,2026-02-04 00:27:07.355000064,950.84228515625,0.06790000200271606,0.06790000200271606,950.84228515625,950.7743851542473,-158.21346589008633,-158.20685011632278,21.277798256014776,21.287168597993553,,12130,132,9716.601000192
98.5,0.0,surfacing,2026-02-04 00:27:07.621999872,2026-02-04 00:49:32.000000000,0.06310000270605087,0.03060000017285347,0.0,0.1386999934911728,0.1386999934911728,-158.20647000000312,-158.2048233333365,21.272304999393008,21.272358332726345,,548,1344,1344.378000128
99.0,1.0,descent,2026-02-04 00:49:32.008000000,2026-02-04 03:21:23.344999936,0.038100000470876694,950.9989013671875,0.038100000470876694,950.9989013671875,950.9608013667166,-158.20652666666982,-158.19673708184283,21.260445163873086,21.272603593123623,,11377,68,9111.336999936
99.5,0.0,inflection,2026-02-04 03:21:23.700000000,2026-02-04 03:21:39.721999872,951.0662231445312,951.1309204101562,951.0369873046875,951.1309204101562,0.09393310546875,-158.196733359786,-158.1967276105891,21.260435022454946,21.260441960524204,,21,0,16.021999872
100.0,-1.0,ascent,2026-02-04 03:21:40.344999936,2026-02-04 06:11:44.788000000,951.0911865234375,0.03480000048875809,0.03480000048875809,951.0911865234375,951.0563865229487,-158.19672763769313,-158.18833113908138,21.248901660816546,21.260436275236156,,12743,108,10204.443000064
100.5,0.0,surfacing,2026-02-04 06:11:45.255000064,2026-02-04 06:28:51.016999936,0.008899999782443047,0.08940000087022781,0.008899999782443047,0.14429999887943268,0.13539999909698963,-158.19569666666985,-158.19481166666984,21.245581666056456,21.247899999390082,,436,1025,1025.761999872
101.0,1.0,descent,2026-02-04 06:28:51.084999936,2026-02-04 09:09:33.392000000,0.16979999840259552,950.836669921875,0.16979999840259552,950.836669921875,950.6668699234724,-158.1958857268732,-158.1843566448388,21.237222153700834,21.24586352312963,,12039,72,9642.307000064
101.5,0.0,inflection,2026-02-04 09:09:33.457999872,2026-02-04 09:09:45.480000000,950.841796875,950.7161254882812,950.7117919921875,950.841796875,0.1300048828125,-158.18435104344135,-158.1843431119556,21.237215909761236,21.23721931329676,,16,0,12.022000128
102.0,-1.0,ascent,2026-02-04 09:09:46.416000000,2026-02-04 11:29:39.311000064,950.706298828125,0.1388999968767166,0.1388999968767166,950.706298828125,950.5673988312483,-158.18434581022515,-158.1745378948435,21.229503374367034,21.237217843320522,,10481,92,8392.895000064
102.5,0.0,surfacing,2026-02-04 11:29:39.973999872,2026-02-04 11:42:37.000999936,0.03929999843239784,0.02879999950528145,0.02590000070631504,0.6323999762535095,0.6064999755471945,-158.17601333333656,-158.17400000000322,21.23678499938874,21.23770666605551,,390,777,777.027000064
103.0,1.0,descent,2026-02-04 11:42:37.003000064,2026-02-04 14:08:24.012999936,0.08730000257492065,951.7047119140625,0.08730000257492065,951.7047119140625,951.6174119114876,-158.17639833333658,-158.17106113413138,21.227908000404536,21.237865541365107,,10923,80,8747.009999872
103.5,0.0,inflection,2026-02-04 14:08:24.848999936,2026-02-04 14:08:24.848999936,951.7052001953125,951.7052001953125,951.7052001953125,951.7052001953125,0.0,-158.17106481497788,-158.17106481497788,21.22791863311529,21.22791863311529,0.0,1,0,0.0
104.0,-1.0,ascent,2026-02-04 14:08:25.012999936,2026-02-04 16:55:21.388999936,951.68798828125,0.0575999990105629,0.0575999990105629,951.68798828125,951.6303882822394,-158.1809954387394,-158.1709082887727,21.219931166106235,21.22792453843202,,12508,84,10016.376
104.5,0.0,surfacing,2026-02-04 16:55:21.994999808,2026-02-04 17:28:10.007000064,0.019300000742077827,0.07699999958276749,0.019300000742077827,0.1446000039577484,0.12530000321567059,-158.1813716666699,-158.17761500000321,21.20815833271862,21.209329999385425,,763,1968,1968.012000256
105.0,1.0,descent,2026-02-04 17:28:10.008000000,2026-02-04 19:41:54.852999936,0.17059999704360962,950.781982421875,0.17059999704360962,950.781982421875,950.6113824248314,-158.19186961108824,-158.18138166666986,21.209334999385433,21.223616638536214,,10023,64,8024.844999936
105.5,0.0,inflection,2026-02-04 19:41:55.000000000,2026-02-04 19:42:07.079000064,950.794189453125,950.7105102539062,950.7014770507812,950.794189453125,0.09271240234375,-158.19187872908614,-158.19187333997516,21.223623803811833,21.22363264614368,,16,0,12.079000064
106.0,-1.0,ascent,2026-02-04 19:42:07.852999936,2026-02-04 21:32:06.300000000,950.7037963867188,0.15639999508857727,0.15639999508857727,950.7037963867188,950.5473963916302,-158.20030081814946,-158.19188058897336,21.22363566715053,21.23511535907994,,8237,92,6598.447000064
106.5,0.0,surfacing,2026-02-04 21:32:07.132999936,2026-02-04 21:52:40.020000000,0.03180000185966492,0.18440000712871552,0.03180000185966492,0.18610000610351562,0.1543000042438507,-158.21079000000316,-158.2057266666698,21.24596333272315,21.247433332723336,,407,1232,1232.887000064
107.0,1.0,descent,2026-02-04 21:52:40.676000000,2026-02-04 23:56:18.024000000,0.20980000495910645,950.8659057617188,0.20980000495910645,950.8659057617188,950.6561057567596,-158.2245793678086,-158.21078833333647,21.247434999390006,21.26558745752067,,9263,48,7417.348
107.5,0.0,inflection,2026-02-04 23:56:18.135000064,2026-02-04 23:56:34.164999936,950.9342041015625,950.9703979492188,950.8839721679688,950.9703979492188,0.08642578125,-158.22459645093767,-158.2245869385762,21.265596211399043,21.26561064672351,,21,0,16.029999872
108.0,-1.0,ascent,2026-02-04 23:56:35.024000000,2026-02-05 01:56:26.479000064,950.9600219726562,0.8586999773979187,0.8586999773979187,950.9600219726562,950.1013219952583,-158.2371018010118,-158.22459822061427,21.265613632775814,21.28215304169458,,8980,68,7191.455000064
108.5,0.0,surfacing,2026-02-05 01:56:26.674000128,2026-02-05 02:11:05.023000064,0.019899999722838402,0.07989999651908875,0.014299999922513962,0.49939998984336853,0.48509998992085457,-158.2334783333364,-158.23149333333635,21.269811666059347,21.272439999392994,,394,878,878.348999936
109.0,1.0,descent,2026-02-05 02:11:06.000999936,2026-02-05 04:06:44.379000064,0.10989999771118164,950.9089965820312,0.10989999771118164,950.9089965820312,950.7990965843201,-158.24217965951507,-158.23330673544922,21.272401837551843,21.28509499122346,,8664,52,6938.378000128
109.5,0.0,inflection,2026-02-05 04:06:44.580000000,2026-02-05 04:07:00.680999936,950.9578857421875,951.0429077148438,950.9254760742188,951.0429077148438,0.117431640625,-158.2421866309126,-158.24218428259508,21.285101342115095,21.285103763513053,,21,0,16.100999936
110.0,-1.0,ascent,2026-02-05 04:07:01.398999808,2026-02-05 06:10:51.263000064,951.0368041992188,0.10520000010728836,0.10520000010728836,951.0368041992188,950.9316041991115,-158.25014515097078,-158.24218676242558,21.28510159202618,21.29648865878111,,9277,88,7429.864000256
110.5,0.0,surfacing,2026-02-05 06:10:51.443000064,2026-02-05 06:33:15.013999872,0.03449999913573265,0.19920000433921814,0.007499999832361937,0.20250000059604645,0.1950000007636845,-158.25958666666958,-158.25645166666956,21.30178499939653,21.304223332730157,,762,1343,1343.570999808
111.0,1.0,descent,2026-02-05 06:33:15.107000064,2026-02-05 08:31:33.727000064,0.25279998779296875,950.9437866210938,0.25279998779296875,950.9437866210938,950.6909866333008,-158.26960884969608,-158.25955203621444,21.304251666063504,21.320358278326232,,8864,56,7098.62
111.5,0.0,inflection,2026-02-05 08:31:34.424999936,2026-02-05 08:31:50.450000128,951.0317993164062,951.1234741210938,951.0076293945312,951.1234741210938,0.1158447265625,-158.26962160679048,-158.2696132645972,21.32036699791964,21.320373818017327,,21,0,16.025000192
112.0,-1.0,ascent,2026-02-05 08:31:50.727000064,2026-02-05 10:37:39.589999872,951.122802734375,0.12489999830722809,0.12489999830722809,951.122802734375,950.9979027360678,-158.27935021543547,-158.26962342124565,21.320374696597856,21.33523421962353,,9424,108,7548.862999808
112.5,0.0,surfacing,2026-02-05 10:37:39.632000000,2026-02-05 10:54:53.015000064,0.05510000139474869,0.07729999721050262,0.01360000018030405,0.11909999698400497,0.10549999680370092,-158.27889166666958,-158.27770666666956,21.33985499940114,21.341378332734642,,462,1033,1033.383000064
113.0,1.0,descent,2026-02-05 10:54:54.003000064,2026-02-05 12:52:15.711000064,0.11469999700784683,950.806884765625,0.11469999700784683,950.806884765625,950.6921847686172,-158.29122147930013,-158.27857087060957,21.341159214975587,21.356791715726892,,8792,52,7041.708
113.5,0.0,inflection,2026-02-05 12:52:16.582000128,2026-02-05 12:52:32.599000064,950.8582153320312,950.8386840820312,950.7919921875,950.8582153320312,0.06622314453125,-158.2912358876665,-158.2912283333263,21.356800233290922,21.356811309609157,,21,0,16.016999936
114.0,-1.0,ascent,2026-02-05 12:52:32.711000064,2026-02-05 15:00:05.624999936,950.8117065429688,0.030899999663233757,0.030899999663233757,950.8117065429688,950.7808065433055,-158.30337521515793,-158.2912371957,21.356813398270848,21.372250772397365,,9556,112,7652.913999872
114.5,0.0,surfacing,2026-02-05 15:00:06.223000064,2026-02-05 15:20:20.000000000,0.017500000074505806,0.035999998450279236,0.006300000008195639,0.6410999894142151,0.6347999894060194,-158.30012000000278,-158.2996900000028,21.364854999404148,21.36526166607087,,562,1213,1213.776999936
115.0,1.0,descent,2026-02-05 15:20:20.008000000,2026-02-05 17:20:15.900000000,0.049400001764297485,950.9688720703125,0.049400001764297485,950.9688720703125,950.9194720685482,-158.30894920789163,-158.2993517019824,21.365121893980298,21.378420522340466,,8984,60,7195.892
115.5,0.0,inflection,2026-02-05 17:20:16.742000128,2026-02-05 17:20:36.915000064,951.08837890625,951.2805786132812,951.0736083984375,951.2805786132812,0.20697021484375,-158.30895584909806,-158.30895251022122,21.378428453091754,21.378431967143943,,27,0,20.172999936
116.0,-1.0,ascent,2026-02-05 17:20:37.900000000,2026-02-05 19:31:07.584000000,951.26171875,0.0729999989271164,0.0729999989271164,951.26171875,951.1887187510729,-158.31281489745348,-158.30729133319463,21.37780375512992,21.383770607692394,,9778,112,7829.684
116.5,0.0,surfacing,2026-02-05 19:31:08.153000192,2026-02-05 19:48:35.996000000,0.049400001764297485,0.07280000299215317,0.03319999948143959,0.09489999711513519,0.0616999976336956,-158.30657666666943,-158.30445166666942,21.38128333273947,21.385444999406634,,421,1047,1047.842999808
117.0,1.0,descent,2026-02-05 19:48:36.000999936,2026-02-05 21:48:21.856000000,0.09929999709129333,950.8167114257812,0.09929999709129333,950.8167114257812,950.71741142869,-158.30668166666936,-158.29711546469937,21.373677066011403,21.385719999406668,,8974,60,7185.855000064
117.5,0.0,inflection,2026-02-05 21:48:22.147000064,2026-02-05 21:48:38.316999936,950.8571166992188,950.8656005859375,950.8029174804688,950.8656005859375,0.06268310546875,-158.29710926347465,-158.29710520732772,21.373669637549256,21.373672158255445,,21,0,16.169999872
118.0,-1.0,ascent,2026-02-05 21:48:38.884000000,2026-02-05 23:46:59.286000128,950.843505859375,0.033399999141693115,0.033399999141693115,950.843505859375,950.8101058602333,-158.29710479565938,-158.2885622861162,21.362889088701785,21.373672989963705,,8866,88,7100.402000128
118.5,0.0,surfacing,2026-02-05 23:46:59.292999936,2026-02-06 00:02:09.016000000,0.0215000007301569,0.06790000200271606,0.0,0.11509999632835388,0.11509999632835388,-158.2949600000028,-158.2938316666695,21.370989999404895,21.37367833273855,,504,909,909.723000064
119.0,1.0,descent,2026-02-06 00:02:09.104999936,2026-02-06 00:39:48.868000000,0.0722000002861023,345.5736999511719,0.0722000002861023,345.5736999511719,345.5014999508858,-158.2938316666695,-158.29200437274116,21.37098239202259,21.373689999405215,,2821,48,2259.763000064
119.5,0.0,inflection,2026-02-06 00:40:05.379000064,2026-02-06 00:40:35.396000000,348.2572937011719,348.2441101074219,348.1441955566406,348.2572937011719,0.11309814453125,-158.29232424782577,-158.29231468188001,21.37142684681105,21.371449708050037,,23,0,30.016999936
120.0,-1.0,ascent,2026-02-06 00:40:35.867000064,2026-02-06 00:56:42.692000000,347.8013916015625,1.4479999542236328,1.4479999542236328,347.8013916015625,346.35339164733887,-158.29274664691226,-158.29232809172737,21.371380852275554,21.372198558350004,,917,0,966.824999936
120.5,0.0,surfacing,2026-02-06 01:15:57.497999872,2026-02-06 01:17:05.107000064,0.005799999926239252,0.17479999363422394,0.005799999926239252,0.2011999934911728,0.19539999356493354,-158.29300750905682,-158.2928583333361,21.372940755175076,21.373339999405168,,72,67,67.609000192
121.0,1.0,descent,2026-02-06 01:17:05.157000192,2026-02-06 03:18:50.888000000,0.28600001335144043,950.7371215820312,0.28600001335144043,950.7371215820312,950.4511215686798,-158.29681210110573,-158.29281833333613,21.373294771197017,21.377987484438417,,9127,44,7305.730999808
121.5,0.0,inflection,2026-02-06 03:18:51.688000000,2026-02-06 03:19:03.766000128,950.7556762695312,950.6528930664062,950.6448974609375,950.7556762695312,0.11077880859375,-158.29647144374613,-158.2964657595952,21.377989352466685,21.377997727687664,,16,0,12.078000128
122.0,-1.0,ascent,2026-02-06 03:19:03.888000000,2026-02-06 05:31:22.740999936,950.6298217773438,0.27730000019073486,0.27730000019073486,950.6298217773438,950.352521777153,-158.29985618548997,-158.29635266920255,21.377860388402997,21.384522274586924,,9917,92,7938.852999936
122.5,0.0,surfacing,2026-02-06 05:31:23.224000000,2026-02-06 05:58:19.071000064,0.005100000184029341,0.15479999780654907,0.0,0.17069999873638153,0.17069999873638153,-158.2959750000028,-158.2956850000028,21.369850293463696,21.3726699994051,,414,1615,1615.847000064
123.0,1.0,descent,2026-02-06 05:58:19.488000000,2026-02-06 07:59:05.321000192,0.16279999911785126,951.6992797851562,0.16279999911785126,951.6992797851562,951.5364797860384,-158.29802949521454,-158.29594500000277,21.37246594239244,21.373612875487947,,9052,48,7245.833000192
123.5,0.0,inflection,2026-02-06 07:59:05.956999936,2026-02-06 07:59:05.956999936,951.706298828125,951.706298828125,951.706298828125,951.706298828125,0.0,-158.29790868873036,-158.29790868873036,21.37310445815158,21.37310445815158,0.0,1,0,0.0
124.0,-1.0,ascent,2026-02-06 07:59:06.321000192,2026-02-06 10:02:03.319000064,951.6953125,1.1653000116348267,1.1653000116348267,951.6953125,950.5300124883652,-158.29875913055847,-158.29760462007263,21.371412571198267,21.37315552943613,,9213,68,7376.997999872
124.5,0.0,surfacing,2026-02-06 10:02:04.192000000,2026-02-06 10:59:59.036000000,0.039900001138448715,0.0722000002861023,0.007799999788403511,0.10270000249147415,0.09490000270307064,-158.30653500000273,-158.30272500000277,21.383819999406448,21.39058499940727,,467,3474,3474.844
125.0,1.0,descent,2026-02-06 11:00:00.003000064,2026-02-06 13:03:33.004000000,0.08699999749660492,950.97119140625,0.08699999749660492,950.97119140625,950.8841914087534,-158.32236715110173,-158.30654000000274,21.39059499940726,21.404754114825558,,9255,52,7413.000999936
125.5,0.0,inflection,2026-02-06 13:03:33.300000000,2026-02-06 13:03:45.319000064,950.9987182617188,950.9074096679688,950.8980102539062,950.9987182617188,0.1007080078125,-158.32238470734185,-158.3223754729403,21.4047624239753,21.40477404885991,,16,0,12.019000064
126.0,-1.0,ascent,2026-02-06 13:03:46.004000000,2026-02-06 15:07:34.825999872,950.8925170898438,0.17890000343322754,0.17890000343322754,950.8925170898438,950.7136170864105,-158.3368750872034,-158.32238606824782,21.404776437427927,21.41864454130407,,9276,88,7428.821999872
126.5,0.0,surfacing,2026-02-06 15:07:35.239000064,2026-02-06 15:27:07.024000000,0.033399999141693115,0.0478999987244606,0.0,0.07370000332593918,0.07370000332593918,-158.3315516666693,-158.33005000000264,21.407563332742644,21.408616666076107,,627,1171,1171.784999936
127.0,1.0,descent,2026-02-06 15:27:07.963000064,2026-02-06 16:10:58.658999808,0.05139999836683273,507.94158935546875,0.05139999836683273,507.94158935546875,507.8901893571019,-158.33585673836072,-158.3300116666693,21.40740701830025,21.413612050232633,,3286,48,2630.695999744
127.5,0.0,inflection,2026-02-06 16:10:58.956999936,2026-02-06 16:10:58.956999936,507.9735107421875,507.9735107421875,507.9735107421875,507.9735107421875,0.0,-158.33585649165582,-158.33585649165582,21.413611034252472,21.413611034252472,0.0,1,0,0.0
128.0,-1.0,ascent,2026-02-06 16:10:59.658999808,2026-02-06 16:24:11.825999872,507.9671936035156,469.7843933105469,469.7843933105469,507.9671936035156,38.18280029296875,-158.33586135177444,-158.33584668221977,21.413587923428267,21.413640086793816,,990,0,792.167000064
128.5,0.0,inflection,2026-02-06 16:24:12.117000192,2026-02-06 16:24:12.117000192,469.7821960449219,469.7821960449219,469.7821960449219,469.7821960449219,0.0,-158.3358465996834,-158.3358465996834,21.413592755495575,21.413592755495575,0.0,1,0,0.0
129.0,1.0,descent,2026-02-06 16:24:12.825999872,2026-02-06 17:10:14.416000000,469.79400634765625,525.7457275390625,469.79400634765625,525.7457275390625,55.95172119140625,-158.33584651667437,-158.3357899330921,21.413359390661444,21.413592413647528,,3448,0,2761.590000128
129.5,0.0,inflection,2026-02-06 17:10:14.980999936,2026-02-06 17:10:14.980999936,525.7807006835938,525.7807006835938,525.7807006835938,525.7807006835938,0.0,-158.33579061855167,-158.33579061855167,21.413358817408586,21.413358817408586,0.0,1,0,0.0
130.0,-1.0,ascent,2026-02-06 17:10:15.416000000,2026-02-06 18:02:58.559000064,525.7509155273438,0.03779999911785126,0.03779999911785126,525.7509155273438,525.7131155282259,-158.34184654257703,-158.33578939896773,21.413340419299903,21.4198634245803,,3949,88,3163.143000064
130.5,0.0,surfacing,2026-02-06 18:02:59.285000192,2026-02-06 18:24:38.013999872,0.018699999898672104,0.05480000004172325,0.0,0.12639999389648438,0.12639999389648438,-158.3410750000026,-158.3410500000026,21.419488332744088,21.420896666077585,,473,1298,1298.72899968
131.0,1.0,descent,2026-02-06 18:24:39.003000064,2026-02-06 19:57:07.380000000,0.06419999897480011,558.0198974609375,0.06419999897480011,558.0198974609375,557.9556974619627,-158.34690223934044,-158.3410500000026,21.42088499941092,21.426791868604724,,6930,48,5548.376999936
131.5,0.0,inflection,2026-02-06 19:57:08.191000064,2026-02-06 20:07:36.355000064,558.0374755859375,559.2545776367188,557.9254150390625,559.2545776367188,1.32916259765625,-158.34623739953162,-158.346126541757,21.42637387334196,21.426571337790037,,783,0,628.164
132.0,-1.0,ascent,2026-02-06 20:07:36.536999936,2026-02-06 21:02:33.368000000,559.2191772460938,0.023600000888109207,0.023600000888109207,559.2191772460938,559.1955772452056,-158.3525284565054,-158.3461236660145,21.42622493006761,21.437024999412877,,4118,104,3296.831000064
132.5,0.0,surfacing,2026-02-06 21:02:33.984000000,2026-02-06 21:20:51.012999936,0.008799999952316284,0.07289999723434448,0.0,0.11649999767541885,0.11649999767541885,-158.35351500000252,-158.35179833333586,21.437048332746212,21.4410283327467,,576,1097,1097.028999936
133.0,1.0,descent,2026-02-06 21:20:52.008000000,2026-02-06 22:30:45.155000064,0.09470000118017197,711.0847778320312,0.09470000118017197,711.0847778320312,710.9900778308511,-158.36087975522202,-158.35351000000256,21.44102594674128,21.447681369986547,,5237,44,4193.147000064
134.0,1.0,descent,2026-02-06 22:30:46.155000064,2026-02-06 22:30:48.155000064,,,,,,,,,,,3,0,2.0
134.5,0.0,inflection,2026-02-06 22:30:48.490000128,2026-02-06 22:30:48.490000128,711.1033935546875,711.1033935546875,711.1033935546875,711.1033935546875,0.0,-158.36063867238212,-158.36063867238212,21.44768250949879,21.44768250949879,0.0,1,0,0.0
135.0,-1.0,ascent,2026-02-06 22:30:49.155000064,2026-02-06 23:34:26.137000192,711.057373046875,0.9088000059127808,0.9088000059127808,711.057373046875,710.1485730409622,-158.3700043628484,-158.36065019239538,21.44768488020395,21.455849793636357,,4769,44,3816.982000128
135.5,0.0,surfacing,2026-02-06 23:34:26.832000000,2026-02-07 00:04:05.017999872,0.024900000542402267,0.058400001376867294,0.0,0.14990000426769257,0.14990000426769257,-158.3743316666691,-158.3742016666691,21.459531666082277,21.467474999416574,,1132,1778,1778.185999872
136.0,1.0,descent,2026-02-07 00:04:05.654000128,2026-02-07 01:52:15.438999808,0.07249999791383743,723.3964233398438,0.07249999791383743,723.3964233398438,723.3239233419299,-158.3875736900995,-158.3742133333358,21.46745499941657,21.478375110256746,,8105,64,6489.78499968
136.5,0.0,inflection,2026-02-07 01:52:15.729000192,2026-02-07 01:57:31.905999872,723.4216918945312,723.2548828125,723.2301025390625,723.6674194335938,0.43731689453125,-158.38769022088388,-158.3875750524946,21.478377898398648,21.478612904292504,,395,0,316.17699968
137.0,-1.0,ascent,2026-02-07 01:57:32.483000064,2026-02-07 03:23:21.720999936,723.2459716796875,2.692500114440918,2.692500114440918,723.2459716796875,720.5534715652466,-158.40044024946508,-158.387691504574,21.4786155297205,21.487901952745474,,6428,16,5149.237999872
137.5,0.0,surfacing,2026-02-07 03:23:21.840000000,2026-02-07 03:38:45.019000064,2.6003000736236572,0.06870000064373016,0.0,2.7228000164031982,2.7228000164031982,-158.39555166666906,-158.39263000000236,21.48308666608513,21.484743332751986,,583,923,923.179000064
138.0,1.0,descent,2026-02-07 03:38:46.000999936,2026-02-07 05:45:31.980000000,0.11159999668598175,741.7225952148438,0.11159999668598175,741.7225952148438,741.6109952181578,-158.40441193111153,-158.3925183333357,21.484731666085327,21.49257423339826,,9496,60,7605.979000064
138.5,0.0,inflection,2026-02-07 05:45:32.948999936,2026-02-07 05:45:32.948999936,741.7423706054688,741.7423706054688,741.7423706054688,741.7423706054688,0.0,-158.4043587935952,-158.4043587935952,21.492575479243683,21.492575479243683,0.0,1,0,0.0
139.0,-1.0,ascent,2026-02-07 05:45:32.980000000,2026-02-07 07:19:12.144000000,741.7122802734375,2.8745999336242676,2.8745999336242676,741.7122802734375,738.8376803398132,-158.41613949480427,-158.40435807393794,21.49251326077718,21.499509512117864,,7019,20,5619.164
139.5,0.0,surfacing,2026-02-07 07:19:12.920000000,2026-02-07 07:33:25.020000000,2.8046998977661133,0.0925000011920929,0.012600000016391277,2.8994998931884766,2.8868998931720853,-158.41538166666896,-158.41397166666897,21.49288499941965,21.49329333275303,,544,852,852.1
140.0,1.0,descent,2026-02-07 07:33:25.744000000,2026-02-07 09:27:56.288999936,0.23109999299049377,731.9453735351562,0.23109999299049377,731.9453735351562,731.7142735421658,-158.418882576693,-158.4139302350909,21.493271666086365,21.500471849005763,,8578,48,6870.544999936
140.5,0.0,inflection,2026-02-07 09:27:57.096999936,2026-02-07 09:27:57.096999936,731.9577026367188,731.9577026367188,731.9577026367188,731.9577026367188,0.0,-158.4169811169642,-158.4169811169642,21.49796841225967,21.49796841225967,0.0,1,0,0.0
141.0,-1.0,ascent,2026-02-07 09:27:57.288999936,2026-02-07 11:09:45.708000000,731.9276733398438,0.0835999995470047,0.0835999995470047,731.9276733398438,731.8440733402967,-158.4169807419189,-158.40809697434184,21.487582317972997,21.500551666087258,,7629,108,6108.419000064
141.5,0.0,surfacing,2026-02-07 11:09:46.365999872,2026-02-07 11:31:35.013999872,0.031099999323487282,0.10890000313520432,0.0,0.20630000531673431,0.20630000531673431,-158.41540333333566,-158.4140500000023,21.498276666086955,21.500556666087245,,398,1308,1308.648
142.0,1.0,descent,2026-02-07 11:31:36.003000064,2026-02-07 13:28:35.619000064,0.11620000004768372,737.3264770507812,0.11620000004768372,737.3264770507812,737.2102770507336,-158.41542333333564,-158.41059186127595,21.49327010392028,21.498533421965817,,8765,48,7019.616
142.5,0.0,inflection,2026-02-07 13:28:35.804000000,2026-02-07 13:28:35.804000000,737.3610229492188,737.3610229492188,737.3610229492188,737.3610229492188,0.0,-158.41103628512403,-158.41103628512403,21.49428246991124,21.49428246991124,0.0,1,0,0.0
143.0,-1.0,ascent,2026-02-07 13:28:36.619000064,2026-02-07 15:09:40.769999872,737.3394775390625,2.877000093460083,2.877000093460083,737.3394775390625,734.4624774456024,-158.41102940895556,-158.40670319114489,21.489099468376715,21.494405571867553,,7574,12,6064.150999808
143.5,0.0,surfacing,2026-02-07 15:09:41.299000064,2026-02-07 15:31:40.020999936,2.705399990081787,0.0917000025510788,0.0,2.729099988937378,2.729099988937378,-158.406881666669,-158.405731666669,21.479163332751295,21.48460833275197,,1044,1318,1318.721999872
144.0,1.0,descent,2026-02-07 15:31:40.648000000,2026-02-07 17:34:47.268000000,0.11789999902248383,784.122802734375,0.11789999902248383,784.122802734375,784.0049027353525,-158.40687000000236,-158.40016404205687,21.472369676949917,21.479224400688636,,9222,60,7386.62
144.5,0.0,inflection,2026-02-07 17:34:47.852000000,2026-02-07 17:34:47.852000000,784.1428833007812,784.1428833007812,784.1428833007812,784.1428833007812,0.0,-158.4005052323413,-158.4005052323413,21.473012337040238,21.473012337040238,0.0,1,0,0.0
145.0,-1.0,ascent,2026-02-07 17:34:48.268000000,2026-02-07 19:23:59.822000128,784.12939453125,0.057100001722574234,0.057100001722574234,784.12939453125,784.0722945295274,-158.40050596542562,-158.39429990679992,21.466187884730676,21.47305008110063,,8179,88,6551.554000128
145.5,0.0,surfacing,2026-02-07 19:24:00.144999936,2026-02-07 19:37:01.019000064,0.05660000070929527,0.14380000531673431,0.029400000348687172,0.1784999966621399,0.14909999631345272,-158.39083333333573,-158.38942833333573,21.454246666081612,21.454979999415027,,368,780,780.874000128
146.0,1.0,descent,2026-02-07 19:37:01.168000000,2026-02-07 21:39:00.964999936,0.1673000007867813,787.8931274414062,0.1673000007867813,787.8931274414062,787.7258274406195,-158.39086166666908,-158.3795801337644,21.44410389754145,21.454415782047437,,9140,68,7319.796999936
146.5,0.0,surfacing,2026-02-07 21:39:01.744000000,2026-02-07 22:36:45.656000000,787.9246215820312,0.15880000591278076,0.03290000185370445,787.9246215820312,787.8917215801775,-158.38552500000247,-158.3795868814062,21.441441454073843,21.447933332747517,,97,62,3463.912
147.0,-1.0,ascent,2026-02-07 21:39:01.964999936,2026-02-07 22:22:56.940000000,787.893310546875,0.34850001335144043,0.34850001335144043,787.893310546875,787.5448105335236,-158.3806281635615,-158.3779371683934,21.440456350298124,21.444102669535187,,2997,15,2634.975000064
147.5,0.0,surfacing,2026-02-07 22:36:46.026000128,2026-02-07 22:37:02.040000000,0.13979999721050262,0.09399999678134918,0.09399999678134918,0.15029999613761902,0.056299999356269836,-158.38558166666914,-158.3855150000024,21.447964999414193,21.448016666080868,,21,16,16.013999872
148.0,1.0,descent,2026-02-07 22:37:02.656000000,2026-02-08 00:44:49.492999936,0.11219999939203262,785.1561279296875,0.11219999939203262,785.1561279296875,785.0439279302955,-158.38569000000248,-158.37427856656177,21.438137310860142,21.448292129441704,,9574,68,7666.836999936
148.5,0.0,inflection,2026-02-08 00:44:49.746000128,2026-02-08 00:44:49.746000128,785.1912841796875,785.1912841796875,785.1912841796875,785.1912841796875,0.0,-158.37427945338555,-158.37427945338555,21.43813576408617,21.43813576408617,0.0,1,0,0.0
149.0,-1.0,ascent,2026-02-08 00:44:50.492999936,2026-02-08 02:33:02.336999936,785.1846923828125,0.8580999970436096,0.8580999970436096,785.1846923828125,784.3265923857689,-158.37427909074955,-158.36334987607495,21.428030920162307,21.438139563472365,,8104,112,6491.844
149.5,0.0,surfacing,2026-02-08 02:33:03.068000000,2026-02-08 02:56:24.025000192,0.01600000075995922,0.14900000393390656,0.01600000075995922,0.14959999918937683,0.1335999984294176,-158.37497333333582,-158.37047333333584,21.438426666079696,21.438684999413073,,510,1400,1400.957000192
150.0,1.0,descent,2026-02-08 02:56:25.000999936,2026-02-08 04:59:02.696999936,0.27469998598098755,787.2014770507812,0.27469998598098755,787.2014770507812,786.9267770648003,-158.37513666666914,-158.36783652085822,21.43214608102588,21.438483063569606,,9185,56,7357.696
150.5,0.0,inflection,2026-02-08 04:59:02.868999936,2026-02-08 04:59:02.868999936,787.2255249023438,787.2255249023438,787.2255249023438,787.2255249023438,0.0,-158.36829784408346,-158.36829784408346,21.432732298642296,21.432732298642296,0.0,1,0,0.0
151.0,-1.0,ascent,2026-02-08 04:59:03.696999936,2026-02-08 06:44:49.280999936,787.210205078125,3.2822999954223633,3.2822999954223633,787.210205078125,783.9279050827026,-158.3683014195314,-158.36156811609428,21.42629290689753,21.43274264095923,,7924,12,6345.584
151.5,0.0,surfacing,2026-02-08 06:44:50.165999872,2026-02-08 07:02:01.006000128,2.9374001026153564,0.08730000257492065,0.05260000005364418,3.0118000507354736,2.9592000506818295,-158.36108166666918,-158.3595633333359,21.42218999941107,21.423639999411247,,503,1030,1030.840000256
152.0,1.0,descent,2026-02-08 07:02:01.920999936,2026-02-08 09:04:13.581000192,0.09950000047683716,781.4744262695312,0.09950000047683716,781.4744262695312,781.3749262690544,-158.3611150000025,-158.35190645034564,21.416294826321426,21.42385674518133,,9155,80,7331.660000256
152.5,0.0,inflection,2026-02-08 09:04:13.867000064,2026-02-08 09:04:13.867000064,781.4899291992188,781.4899291992188,781.4899291992188,781.4899291992188,0.0,-158.35217283016013,-158.35217283016013,21.41650162959043,21.41650162959043,0.0,1,0,0.0
153.0,-1.0,ascent,2026-02-08 09:04:14.581000192,2026-02-08 10:50:24.898000128,781.47802734375,2.7086000442504883,2.7086000442504883,781.47802734375,778.7694272994995,-158.3521737152176,-158.34385887677647,21.40904266392159,21.416537240237435,,7954,16,6370.316999936
153.5,0.0,surfacing,2026-02-08 10:50:25.128999936,2026-02-08 11:11:42.013999872,2.5325000286102295,0.10890000313520432,0.04010000079870224,2.6094000339508057,2.5693000331521034,-158.3546083333359,-158.3507500000026,21.419429999410735,21.423974999411296,,736,1276,1276.884999936
154.0,1.0,descent,2026-02-08 11:11:43.008000000,2026-02-08 13:13:39.829999872,0.1988999992609024,770.344482421875,0.1988999992609024,770.344482421875,770.1455824226141,-158.3548496919704,-158.35014389876784,21.42002486820461,21.424431002518197,,9136,52,7316.821999872
154.5,0.0,inflection,2026-02-08 13:13:39.875000064,2026-02-08 13:13:47.888000000,770.3911743164062,770.3911743164062,770.3853759765625,770.3911743164062,0.00579833984375,-158.35098367247687,-158.35097813026567,21.4211031051426,21.421110214608348,,11,0,8.012999936
155.0,-1.0,ascent,2026-02-08 13:13:48.829999872,2026-02-08 14:59:09.329999872,770.3419189453125,0.6315000057220459,0.6315000057220459,770.3419189453125,769.7104189395905,-158.35098570905078,-158.3469659509162,21.41687658606223,21.421294856370523,,7895,88,6320.5
155.5,0.0,surfacing,2026-02-08 14:59:10.296999936,2026-02-08 15:20:57.032000000,0.12389999628067017,0.1421000063419342,0.03720000013709068,0.18960000574588776,0.15240000560879707,-158.34844833333588,-158.34670833333593,21.417746666077196,21.41953499941075,,605,1306,1306.735000064
156.0,1.0,descent,2026-02-08 15:20:58.002000128,2026-02-08 17:23:13.770999808,0.31949999928474426,766.9473266601562,0.31949999928474426,766.9473266601562,766.6278266608715,-158.34846500000256,-158.34397699276147,21.41522171266559,21.419662174429444,,9163,36,7335.76899968
156.5,0.0,inflection,2026-02-08 17:23:14.720000000,2026-02-08 17:23:14.720000000,766.9705810546875,766.9705810546875,766.9705810546875,766.9705810546875,0.0,-158.3447724453667,-158.3447724453667,21.4163628768617,21.4163628768617,0.0,1,0,0.0
157.0,-1.0,ascent,2026-02-08 17:23:14.770999808,2026-02-08 19:11:15.332999936,766.9616088867188,1.6777000427246094,1.6777000427246094,766.9616088867188,765.2839088439941,-158.34477891231106,-158.3411440748367,21.412080844047544,21.416373397289544,,8090,69,6480.562000128
157.5,0.0,surfacing,2026-02-08 19:11:16.024000000,2026-02-08 19:49:59.066999808,0.09929999709129333,0.2199999988079071,0.044599998742341995,0.25850000977516174,0.21390001103281975,-158.33340000000265,-158.33062000000265,21.404973332742323,21.409809999409564,,690,2323,2323.042999808
158.0,1.0,descent,2026-02-08 19:50:00.003000064,2026-02-08 22:06:09.915000064,0.29339998960494995,950.7664184570312,0.29339998960494995,950.7664184570312,950.4730184674263,-158.33336500000263,-158.32409123228652,21.39863991124797,21.409918476298216,,10204,52,8169.912
158.5,0.0,inflection,2026-02-08 22:06:09.988000000,2026-02-08 22:06:26.012999936,950.7965698242188,950.7703247070312,950.7222900390625,950.7965698242188,0.07427978515625,-158.32408553885108,-158.32408151244644,21.39863481468727,21.398638800177483,,21,0,16.024999936
159.0,-1.0,ascent,2026-02-08 22:06:26.915000064,2026-02-08 23:54:25.486000128,950.7177734375,0.0957999974489212,0.0957999974489212,950.7177734375,950.6219734400511,-158.32408106356237,-158.31615929611152,21.389683617176857,21.398641199865022,,8090,88,6478.571000064
159.5,0.0,surfacing,2026-02-08 23:54:25.918999808,2026-02-09 00:12:41.017999872,0.08020000159740448,0.2800000011920929,0.05339999869465828,0.3662000000476837,0.31280000135302544,-158.322883333336,-158.3199000000027,21.397334999408077,21.39958999940835,,548,1095,1095.099000064
160.0,1.0,descent,2026-02-09 00:12:41.716999936,2026-02-09 02:33:04.654000128,0.4000000059604645,950.517578125,0.4000000059604645,950.517578125,950.1175781190395,-158.32288166666933,-158.31504182044733,21.39274283639595,21.39961841585993,,10515,52,8422.937000192
160.5,0.0,inflection,2026-02-09 02:33:05.246000128,2026-02-09 02:33:05.246000128,950.7706298828125,950.7706298828125,950.7706298828125,950.7706298828125,0.0,-158.31503891378608,-158.31503891378608,21.39274232248359,21.39274232248359,0.0,1,0,0.0
161.0,-1.0,ascent,2026-02-09 02:33:05.654000128,2026-02-09 04:38:34.565999872,950.7341918945312,2.53410005569458,2.53410005569458,950.7341918945312,948.2000918388367,-158.31503411935003,-158.30872845898392,21.386861580866967,21.392745946898664,,9399,16,7528.911999744
161.5,0.0,surfacing,2026-02-09 04:38:35.048000000,2026-02-09 05:01:14.020000000,2.4031999111175537,0.148499995470047,0.0714000016450882,2.4667999744415283,2.39539997279644,-158.31484666666935,-158.3116066666694,21.384409999406497,21.385614999406645,,579,1358,1358.972
162.0,1.0,descent,2026-02-09 05:01:15.003000064,2026-02-09 07:13:01.812000000,0.20679999887943268,950.6290893554688,0.20679999887943268,950.6290893554688,950.4222893565893,-158.31501666666938,-158.30726760850357,21.37809098804202,21.38583307096425,,9874,64,7906.808999936
162.5,0.0,surfacing,2026-02-09 07:13:02.724000000,2026-02-09 09:43:59.918999808,950.6375732421875,0.14990000426769257,0.08370000123977661,950.6375732421875,950.5538732409477,-158.3072634566891,-158.2991583333361,21.37348999940519,21.37809077627047,,239,166,9057.194999808
163.0,-1.0,ascent,2026-02-09 07:13:14.812000000,2026-02-09 09:40:59.918999808,950.4976196289062,0.22349999845027924,0.22349999845027924,950.4976196289062,950.274119630456,-158.30725934408864,-158.30080472299935,21.371865375958887,21.378092982628473,,11072,153,8865.106999808
163.5,0.0,surfacing,2026-02-09 09:44:00.812999936,2026-02-09 10:05:16.007000064,0.09529999643564224,0.06920000165700912,0.06369999796152115,0.22930000722408295,0.1656000092625618,-158.30255000000275,-158.30251666666942,21.37654833273889,21.376583332738893,,614,1267,1275.194000128
164.0,1.0,descent,2026-02-09 10:05:16.671000064,2026-02-09 12:00:20.117000192,0.1662999987602234,950.8654174804688,0.1662999987602234,950.8654174804688,950.6991174817085,-158.30256500000274,-158.29504019162917,21.36916045919244,21.376760029934378,,8619,64,6903.446000128
164.5,0.0,inflection,2026-02-09 12:00:20.788999936,2026-02-09 12:00:20.788999936,950.88623046875,950.88623046875,950.88623046875,950.88623046875,0.0,-158.29503743308095,-158.29503743308095,21.369155809039746,21.369155809039746,0.0,1,0,0.0
165.0,-1.0,ascent,2026-02-09 12:00:21.117000192,2026-02-09 13:39:36.474999808,950.79638671875,2.791599988937378,2.791599988937378,950.79638671875,948.0047867298126,-158.2950388697324,-158.2887172640041,21.362725928606945,21.36917149178186,,7436,16,5955.357999616
165.5,0.0,surfacing,2026-02-09 13:39:37.303000064,2026-02-09 14:03:40.013999872,2.714200019836426,0.2379000037908554,0.028200000524520874,2.803100109100342,2.774900108575821,-158.2958350000028,-158.29137833333616,21.363571666070666,21.366961666071067,,1248,1442,1442.710999808
166.0,1.0,descent,2026-02-09 14:03:40.769999872,2026-02-09 15:45:44.335000064,0.2879999876022339,951.1915893554688,0.2879999876022339,951.1915893554688,950.9035893678665,-158.29584166666945,-158.28875167877834,21.360160468321745,21.367146939186547,,7649,40,6123.565000192
166.5,0.0,inflection,2026-02-09 15:45:45.212000000,2026-02-09 15:46:13.242000128,951.2534790039062,951.5001831054688,951.2487182617188,951.5001831054688,0.25146484375,-158.2887521854636,-158.28874449332682,21.360157884831196,21.36017990543763,,36,0,28.030000128
167.0,-1.0,ascent,2026-02-09 15:46:13.335000064,2026-02-09 17:41:30.148000000,951.4990844726562,2.8935999870300293,2.8935999870300293,951.4990844726562,948.6054844856262,-158.2887548091853,-158.28274670923753,21.35466170602214,21.360193071382046,,8636,12,6916.812999936
167.5,0.0,surfacing,2026-02-09 17:41:30.262000128,2026-02-09 18:08:41.005000192,2.7399001121520996,0.11829999834299088,0.05429999902844429,2.75819993019104,2.7038999311625957,-158.27999166666953,-158.27725833333622,21.347271666068696,21.349968332735685,,1209,1630,1630.743000064
168.0,1.0,descent,2026-02-09 18:08:41.008000000,2026-02-09 19:36:48.191000064,0.13490000367164612,955.6867065429688,0.13490000367164612,955.6867065429688,955.5518065392971,-158.28000833333616,-158.26961399895814,21.33790307902938,21.350049999402366,,6602,40,5287.183000064
168.5,0.0,inflection,2026-02-09 19:36:48.543000064,2026-02-09 19:36:48.543000064,955.7025146484375,955.7025146484375,955.7025146484375,955.7025146484375,0.0,-158.26961354473045,-158.26961354473045,21.337918464762932,21.337918464762932,0.0,1,0,0.0
169.0,-1.0,ascent,2026-02-09 19:36:49.191000064,2026-02-09 21:02:01.418999808,955.6785278320312,0.9621000289916992,0.9621000289916992,955.6785278320312,954.7164278030396,-158.26961271497976,-158.25953874398883,21.32634506040716,21.33791906163405,,6380,12,5112.227999744
169.5,0.0,surfacing,2026-02-09 21:02:01.901999872,2026-02-09 21:15:22.036999936,0.2621999979019165,0.1581999957561493,0.08869999647140503,0.34940001368522644,0.2607000172138214,-158.2635116666696,-158.26116333333624,21.32770999939965,21.329516666066556,,468,800,800.135000064
170.0,1.0,descent,2026-02-09 21:15:23.003000064,2026-02-09 22:41:09.331000064,0.18150000274181366,955.1085205078125,0.18150000274181366,955.1085205078125,954.9270205050707,-158.26362333333626,-158.25337141224074,21.318733621519627,21.32965062365529,,6428,28,5146.328
170.5,0.0,inflection,2026-02-09 22:41:09.836000000,2026-02-09 22:41:09.836000000,955.1369018554688,955.1369018554688,955.1369018554688,955.1369018554688,0.0,-158.25337150728035,-158.25337150728035,21.31873527132966,21.31873527132966,0.0,1,0,0.0
171.0,-1.0,ascent,2026-02-09 22:41:10.331000064,2026-02-10 00:05:31.630000128,955.1224975585938,0.28630000352859497,0.28630000352859497,955.1224975585938,954.8361975550652,-158.25337169743077,-158.24353675519237,21.307933993200088,21.318745160911924,,6320,16,5061.299000064
171.5,0.0,surfacing,2026-02-10 00:05:32.209000192,2026-02-10 00:19:48.045000192,0.0778999999165535,0.12240000069141388,0.045099999755620956,0.2207999974489212,0.17569999769330025,-158.25005166666963,-158.2467033333363,21.312803332731203,21.313684999397985,,417,855,855.836
172.0,1.0,descent,2026-02-10 00:19:48.798000128,2026-02-10 01:47:05.948999936,0.19380000233650208,956.8991088867188,0.19380000233650208,956.8991088867188,956.7053088843822,-158.250120000003,-158.24149093405038,21.305090112956538,21.31375243300575,,6537,28,5237.150999808
172.5,0.0,inflection,2026-02-10 01:47:06.708000000,2026-02-10 01:47:06.708000000,956.91748046875,956.91748046875,956.91748046875,956.91748046875,0.0,-158.2415113863095,-158.2415113863095,21.305137609340736,21.305137609340736,0.0,1,0,0.0
173.0,-1.0,ascent,2026-02-10 01:47:06.948999936,2026-02-10 03:12:57.095000064,956.9027099609375,0.4009999930858612,0.4009999930858612,956.9027099609375,956.5017099678516,-158.24151297420548,-158.23348800030234,21.29640517660141,21.30515014614376,,6429,24,5150.146000128
173.5,0.0,surfacing,2026-02-10 03:12:57.579000064,2026-02-10 03:36:57.029999872,0.08229999989271164,0.11490000039339066,0.04410000145435333,0.18880000710487366,0.14470000565052032,-158.23614000000302,-158.23223500000304,21.29214666606204,21.293598332728894,,1098,1439,1439.450999808
174.0,1.0,descent,2026-02-10 03:36:58.008000000,2026-02-10 05:04:55.224000000,0.14390000700950623,956.8798828125,0.14390000700950623,956.8798828125,956.7359828054905,-158.23622333333637,-158.22618127562163,21.2835922494819,21.29360728522848,,6591,36,5277.216
174.5,0.0,inflection,2026-02-10 05:04:55.573999872,2026-02-10 05:04:55.573999872,956.8989868164062,956.8989868164062,956.8989868164062,956.8989868164062,0.0,-158.2261947236507,-158.2261947236507,21.283618841519075,21.283618841519075,0.0,1,0,0.0
175.0,-1.0,ascent,2026-02-10 05:04:56.224000000,2026-02-10 06:33:41.398999808,956.8660278320312,0.22699999809265137,0.22699999809265137,956.8660278320312,956.6390278339386,-158.22619512976036,-158.21650538531205,21.273365201575984,21.283622028410907,,6647,21,5325.174999808
175.5,0.0,surfacing,2026-02-10 06:33:41.933000192,2026-02-10 06:47:18.020999936,0.09030000120401382,0.16930000483989716,0.046300001442432404,0.2207999974489212,0.1744999960064888,-158.21720166666975,-158.21389666666977,21.269574999392656,21.270931666059496,,443,816,816.087999744
176.0,1.0,descent,2026-02-10 06:47:18.173000192,2026-02-10 08:12:00.364999936,0.21299999952316284,956.6279907226562,0.21299999952316284,956.6279907226562,956.4149907231331,-158.21729000000312,-158.2050989501139,21.259793493647454,21.270960294953102,,6346,36,5082.191999744
176.5,0.0,inflection,2026-02-10 08:12:00.881999872,2026-02-10 08:12:00.881999872,956.642822265625,956.642822265625,956.642822265625,956.642822265625,0.0,-158.2050994829623,-158.2050994829623,21.259800674733,21.259800674733,0.0,1,0,0.0
177.0,-1.0,ascent,2026-02-10 08:12:01.364999936,2026-02-10 09:38:31.604000000,956.636474609375,0.7717999815940857,0.7717999815940857,956.636474609375,955.8646746277809,-158.20509905239902,-158.19342244031006,21.248377895308717,21.259800980864377,,6481,12,5190.239000064
177.5,0.0,surfacing,2026-02-10 09:38:32.191000064,2026-02-10 09:59:26.020000000,0.2167000025510788,0.14830000698566437,0.05900000035762787,0.3930000066757202,0.33400000631809235,-158.19680166666978,-158.19578166666983,21.250358332723696,21.25148833272383,,875,1253,1253.828999936
178.0,1.0,descent,2026-02-10 09:59:27.008000000,2026-02-10 11:27:18.435000064,0.15780000388622284,957.4403076171875,0.15780000388622284,957.4403076171875,957.2825076133013,-158.19855294955426,-158.19668981221128,21.251479999390487,21.268960333594837,,6582,40,5271.427000064
178.5,0.0,inflection,2026-02-10 11:27:19.012999936,2026-02-10 11:27:19.012999936,957.4459838867188,957.4459838867188,957.4459838867188,957.4459838867188,0.0,-158.1985534447207,-158.1985534447207,21.268958197388223,21.268958197388223,0.0,1,0,0.0
179.0,-1.0,ascent,2026-02-10 11:27:19.435000064,2026-02-10 12:51:21.841000192,957.394287109375,0.09019999951124191,0.09019999951124191,957.394287109375,957.3040871098638,-158.20030171353224,-158.19855396689124,21.26895992063584,21.28608765034976,,6296,40,5042.406000128
179.5,0.0,surfacing,2026-02-10 12:51:22.331000064,2026-02-10 13:09:07.036999936,0.057500001043081284,0.1298000067472458,0.030500000342726707,0.16910000145435333,0.13860000111162663,-158.20310333333646,-158.19891833333648,21.282703332727593,21.28379166606106,,605,1064,1064.705999872
180.0,1.0,descent,2026-02-10 13:09:08.006000128,2026-02-10 14:36:42.139000064,0.21549999713897705,957.6157836914062,0.21549999713897705,957.6157836914062,957.4002836942673,-158.2151620984607,-158.203092728194,21.283789999394397,21.295149148560775,,6562,28,5254.132999936
180.5,0.0,inflection,2026-02-10 14:36:42.410000128,2026-02-10 14:36:42.410000128,957.6248779296875,957.6248779296875,957.6248779296875,957.6248779296875,0.0,-158.21514959570328,-158.21514959570328,21.29513632163101,21.29513632163101,0.0,1,0,0.0
181.0,-1.0,ascent,2026-02-10 14:36:43.139000064,2026-02-10 16:03:39.284000000,957.572998046875,4.7519001960754395,4.7519001960754395,957.572998046875,952.8210978507996,-158.22682495286645,-158.21514987788143,21.295136527643127,21.306318392242286,,6512,0,5216.144999936
181.5,0.0,inflection,2026-02-10 16:03:39.880000000,2026-02-10 16:03:39.880000000,4.396900177001953,4.396900177001953,4.396900177001953,4.396900177001953,0.0,-158.22683010180918,-158.22683010180918,21.30632283151906,21.30632283151906,0.0,1,0,0.0
182.0,1.0,descent,2026-02-10 16:03:40.284000000,2026-02-10 17:31:06.752000000,4.6407999992370605,957.0509033203125,4.6407999992370605,957.0509033203125,952.4101033210754,-158.2392946833618,-158.2268387632847,21.306329542353946,21.317457750943618,,6551,0,5246.468
182.5,0.0,inflection,2026-02-10 17:31:07.035000064,2026-02-10 17:31:07.035000064,957.059814453125,957.059814453125,957.059814453125,957.059814453125,0.0,-158.2392861394953,-158.2392861394953,21.31744769519686,21.31744769519686,0.0,1,0,0.0
183.0,-1.0,ascent,2026-02-10 17:31:07.752000000,2026-02-10 18:59:56.970000128,957.025390625,0.6524999737739563,0.6524999737739563,957.025390625,956.372890651226,-158.2512162297123,-158.23928628502466,21.317447799865622,21.3287643349333,,6655,16,5329.218000128
183.5,0.0,surfacing,2026-02-10 18:59:57.764000000,2026-02-10 19:19:13.595000064,0.5580999851226807,0.1290999948978424,0.06159999966621399,0.5637999773025513,0.5021999776363373,-158.24532666666965,-158.24281166666964,21.323149999399128,21.324676666065972,,499,1155,1155.831000064
184.0,1.0,descent,2026-02-10 19:19:14.447000064,2026-02-10 20:45:10.154000128,0.12929999828338623,957.1798706054688,0.12929999828338623,957.1798706054688,957.0505706071854,-158.2554846872094,-158.24530360857852,21.324684999399317,21.333841676032186,,6439,48,5155.707000064
184.5,0.0,inflection,2026-02-10 20:45:10.940999936,2026-02-10 20:45:10.940999936,957.2152099609375,957.2152099609375,957.2152099609375,957.2152099609375,0.0,-158.25545623864312,-158.25545623864312,21.33381916888368,21.33381916888368,0.0,1,0,0.0
185.0,-1.0,ascent,2026-02-10 20:45:11.154000128,2026-02-10 22:13:24.342999808,957.2028198242188,4.708000183105469,4.708000183105469,957.2028198242188,952.4948196411133,-158.26560242958257,-158.25545256225303,21.33381722668865,21.34320780743691,,6608,0,5293.18899968
185.5,0.0,inflection,2026-02-10 22:13:24.665999872,2026-02-10 22:13:24.665999872,4.479100227355957,4.479100227355957,4.479100227355957,4.479100227355957,0.0,-158.26560411764245,-158.26560411764245,21.343210024974002,21.343210024974002,0.0,1,0,0.0
186.0,1.0,descent,2026-02-10 22:13:25.342999808,2026-02-10 23:40:15.576999936,4.749300003051758,957.3051147460938,4.749300003051758,957.3051147460938,952.555814743042,-158.27613752913882,-158.26561073438288,21.343216431865397,21.35227928963778,,6506,0,5210.234000128
186.5,0.0,inflection,2026-02-10 23:40:15.619000064,2026-02-10 23:40:15.619000064,957.3240966796875,957.3240966796875,957.3240966796875,957.3240966796875,0.0,-158.27611098572137,-158.27611098572137,21.352259435901807,21.352259435901807,0.0,1,0,0.0
187.0,-1.0,ascent,2026-02-10 23:40:16.576999936,2026-02-11 01:08:41.948999936,957.2750244140625,1.0073000192642212,1.0073000192642212,957.2750244140625,956.2677243947983,-158.2861844289414,-158.276108250784,21.3522575943477,21.361308759428372,,6626,16,5305.372
187.5,0.0,surfacing,2026-02-11 01:08:42.729000192,2026-02-11 01:29:38.019000064,0.9319999814033508,0.34769999980926514,0.023800000548362732,0.9459999799728394,0.9221999794244766,-158.2869350000028,-158.2863333333362,21.3643849994041,21.365324999404212,,600,1255,1255.289999872
188.0,1.0,descent,2026-02-11 01:29:39.008000000,2026-02-11 02:58:54.609999872,0.4131999909877777,956.002197265625,0.4131999909877777,956.002197265625,955.5889972746372,-158.29802811997038,-158.28617534847186,21.365311666070873,21.373790872796274,,6686,32,5355.601999872
188.5,0.0,inflection,2026-02-11 02:58:54.957999872,2026-02-11 02:58:54.957999872,956.0247802734375,956.0247802734375,956.0247802734375,956.0247802734375,0.0,-158.29800753004346,-158.29800753004346,21.373780017755994,21.373780017755994,0.0,1,0,0.0
189.0,-1.0,ascent,2026-02-11 02:58:55.609999872,2026-02-11 04:25:32.971000064,956.0064697265625,4.332399845123291,4.332399845123291,956.0064697265625,951.6740698814392,-158.3055408186645,-158.29800410980886,21.373778795541686,21.379230209413496,,6489,0,5197.361000192
189.5,0.0,inflection,2026-02-11 04:25:33.467000064,2026-02-11 04:25:33.467000064,4.039999961853027,4.039999961853027,4.039999961853027,4.039999961853027,0.0,-158.29868465890306,-158.29868465890306,21.377467823353733,21.377467823353733,0.0,1,0,0.0
190.0,1.0,descent,2026-02-11 04:25:33.971000064,2026-02-11 05:52:36.260999936,4.288300037384033,957.4841918945312,4.288300037384033,957.4841918945312,953.1958918571472,-158.29867268215114,-158.27946230175772,21.37354666452376,21.37746132187715,,6522,4,5222.289999872
190.5,0.0,inflection,2026-02-11 05:52:36.584000000,2026-02-11 05:52:36.584000000,957.48681640625,957.48681640625,957.48681640625,957.48681640625,0.0,-158.2794614906493,-158.2794614906493,21.373545894578342,21.373545894578342,0.0,1,0,0.0
191.0,-1.0,ascent,2026-02-11 05:52:37.260999936,2026-02-11 07:21:00.396000000,957.426025390625,0.06639999896287918,0.06639999896287918,957.426025390625,957.3596253916621,-158.27945908734642,-158.26060381594516,21.36810371307738,21.37354502818533,,6621,84,5303.135000064
191.5,0.0,surfacing,2026-02-11 07:21:00.568999936,2026-02-11 07:36:15.020999936,0.06589999794960022,0.10279999673366547,0.03200000151991844,0.14329999685287476,0.11129999533295631,-158.26435166666954,-158.26343666666955,21.370428332738175,21.371961666071698,,586,914,914.452
192.0,1.0,descent,2026-02-11 07:36:15.983000064,2026-02-11 09:02:37.163000064,0.1526000052690506,957.2745971679688,0.1526000052690506,957.2745971679688,957.1219971626997,-158.26345166666954,-158.24585179431153,21.365304454085763,21.370483361984945,,6470,40,5181.18
192.5,0.0,inflection,2026-02-11 09:02:38.040999936,2026-02-11 09:02:38.040999936,957.2747192382812,957.2747192382812,957.2747192382812,957.2747192382812,0.0,-158.24585682766647,-158.24585682766647,21.365309267875524,21.365309267875524,0.0,1,0,0.0
193.0,-1.0,ascent,2026-02-11 09:02:38.163000064,2026-02-11 10:29:36.336000000,957.2152099609375,4.595300197601318,4.595300197601318,957.2152099609375,952.6199097633362,-158.2458552035264,-158.228437614554,21.360079848623045,21.365309010388895,,6517,0,5218.172999936
193.5,0.0,inflection,2026-02-11 10:29:36.921999872,2026-02-11 10:29:36.921999872,4.2230000495910645,4.2230000495910645,4.2230000495910645,4.2230000495910645,0.0,-158.22842909952567,-158.22842909952567,21.36007849624174,21.36007849624174,0.0,1,0,0.0
194.0,1.0,descent,2026-02-11 10:29:37.336000000,2026-02-11 11:50:23.392999936,4.41480016708374,906.2841186523438,4.41480016708374,906.2841186523438,901.86931848526,-158.22841616398338,-158.21163701623166,21.356618507412698,21.360076719704768,,6050,0,4846.056999936
194.5,0.0,inflection,2026-02-11 11:50:23.404999936,2026-02-11 12:02:20.374000128,906.3062133789062,906.0938110351562,905.971923828125,906.3062133789062,0.33428955078125,-158.21162412674508,-158.21148921094675,21.35661472161221,21.35662233154983,,896,0,716.969000192
195.0,-1.0,ascent,2026-02-11 12:02:20.598000128,2026-02-11 13:22:01.878000128,906.0734252929688,0.5985999703407288,0.5985999703407288,906.0734252929688,905.474825322628,-158.21158432847835,-158.19457127512354,21.35603638643344,21.356876271379626,,5970,16,4781.28
195.5,0.0,surfacing,2026-02-11 13:22:02.342000128,2026-02-11 14:21:23.066999808,0.5340999960899353,0.1746000051498413,0.016699999570846558,0.5364999771118164,0.5197999775409698,-158.20353166666976,-158.2023150000031,21.35677666606989,21.357721666070006,,2218,3560,3560.72499968
196.0,1.0,descent,2026-02-11 14:21:24.008000000,2026-02-11 15:28:39.876000000,0.2671999931335449,706.369384765625,0.2671999931335449,706.369384765625,706.1021847724915,-158.21662449741527,-158.2033543821614,21.35675628916819,21.359752438949332,,5040,28,4035.868
196.5,0.0,inflection,2026-02-11 15:28:40.434000128,2026-02-11 15:29:08.496999936,706.385498046875,706.5072021484375,706.3649291992188,706.5072021484375,0.14227294921875,-158.2166266663602,-158.21662507491382,21.359752772557012,21.35975424524671,,36,0,28.062999808
197.0,-1.0,ascent,2026-02-11 15:29:08.876000000,2026-02-11 16:34:29.671000064,706.4730224609375,1.8597999811172485,1.8597999811172485,706.4730224609375,704.6132224798203,-158.2294378556664,-158.21662728954595,21.35975471021846,21.362830335570365,,4896,12,3920.795000064
197.5,0.0,surfacing,2026-02-11 16:34:30.573999872,2026-02-11 16:55:16.056000000,1.409000039100647,0.12759999930858612,0.019700000062584877,1.5231000185012817,1.5034000184386969,-158.22310166666966,-158.22265166666966,21.357286666069935,21.3579933327367,,527,1245,1245.482000128
198.0,1.0,descent,2026-02-11 16:55:17.002000128,2026-02-11 17:58:26.788999936,0.2468000054359436,707.236572265625,0.2468000054359436,707.236572265625,706.989772260189,-158.23158584627683,-158.22235148665348,21.357262118811665,21.360011985641435,,4733,24,3789.786999808
198.5,0.0,inflection,2026-02-11 17:58:27.496999936,2026-02-11 17:58:27.496999936,707.2423095703125,707.2423095703125,707.2423095703125,707.2423095703125,0.0,-158.2315343359484,-158.2315343359484,21.359979113981627,21.359979113981627,0.0,1,0,0.0
199.0,-1.0,ascent,2026-02-11 17:58:27.788999936,2026-02-11 19:05:07.790999808,707.1744995117188,0.10779999941587448,0.10779999941587448,707.1744995117188,707.0666995123029,-158.2405665012287,-158.23153157171166,21.359965849531623,21.362685408801987,,4994,64,4000.001999872
199.5,0.0,surfacing,2026-02-11 19:05:08.118000128,2026-02-11 19:16:46.030999808,0.05380000174045563,0.16820000112056732,0.048900000751018524,0.17759999632835388,0.12869999557733536,-158.23760666666965,-158.2375083333363,21.359411666070187,21.359936666070258,,422,697,697.91299968
200.0,1.0,descent,2026-02-11 19:16:46.105999872,2026-02-11 20:16:05.972000000,0.20730000734329224,705.5570068359375,0.20730000734329224,705.5570068359375,705.3497068285942,-158.24459875207265,-158.23730041870934,21.35935999940351,21.36183409441315,,4444,28,3559.866000128
200.5,0.0,inflection,2026-02-11 20:16:06.141999872,2026-02-11 20:16:38.201999872,705.5759887695312,705.6129150390625,705.480224609375,705.6129150390625,0.1326904296875,-158.2445904463041,-158.2445557000572,21.361796952257684,21.361825466541564,,41,0,32.06
201.0,-1.0,ascent,2026-02-11 20:16:38.972000000,2026-02-11 21:26:43.255000064,705.606689453125,0.3950999975204468,0.3950999975204468,705.606689453125,705.2115894556046,-158.25135421167363,-158.24454010798624,21.361773845965914,21.364026386930377,,5248,20,4204.283000064
201.5,0.0,surfacing,2026-02-11 21:26:43.436000000,2026-02-11 21:39:42.028999936,0.05689999833703041,0.1678999960422516,0.04360000044107437,0.1858000010251999,0.14220000058412552,-158.2510816666696,-158.25095833333626,21.36277499940392,21.362871666070593,,416,778,778.592999936
202.0,1.0,descent,2026-02-11 21:39:42.124000000,2026-02-11 22:41:45.107000064,0.20720000565052032,706.3577880859375,0.20720000565052032,706.3577880859375,706.150588080287,-158.25730585786908,-158.2506698849127,21.3627711869099,21.36549791360228,,4650,28,3722.983000064
202.5,0.0,inflection,2026-02-11 22:41:45.667000064,2026-02-11 22:41:45.667000064,706.3590698242188,706.3590698242188,706.3590698242188,706.3590698242188,0.0,-158.25725967663595,-158.25725967663595,21.36545335025209,21.36545335025209,0.0,1,0,0.0
203.0,-1.0,ascent,2026-02-11 22:41:46.107000064,2026-02-11 23:48:06.058000128,706.3294067382812,0.5188999772071838,0.5188999772071838,706.3294067382812,705.8105067610741,-158.26131671831973,-158.25490383318927,21.3654359466605,21.367256288646384,,4970,24,3979.951000064
203.5,0.0,surfacing,2026-02-11 23:48:06.497999872,2026-02-12 00:00:04.539000064,0.0575999990105629,0.066600002348423,0.03420000150799751,0.302700012922287,0.2685000114142895,-158.25699333333625,-158.25672500000294,21.36658166607105,21.366956666071086,,379,718,718.041000192
204.0,1.0,descent,2026-02-12 00:00:05.249999872,2026-02-12 01:02:11.920999936,0.1136000007390976,705.8536987304688,0.1136000007390976,705.8536987304688,705.7400987297297,-158.2567919331608,-158.24177358911484,21.363596805614165,21.366721203796185,,4653,32,3726.671000064
204.5,0.0,inflection,2026-02-12 01:02:12.015000064,2026-02-12 01:02:36.084000000,705.8676147460938,705.8593139648438,705.8400268554688,705.8676147460938,0.027587890625,-158.2417704047328,-158.24175112207618,21.363571407440745,21.36359318195348,,31,0,24.068999936
205.0,-1.0,ascent,2026-02-12 01:02:36.948999936,2026-02-12 02:06:36.845999872,705.8287963867188,0.033399999141693115,0.033399999141693115,705.8287963867188,705.7953963875771,-158.24174754515116,-158.2263432011897,21.359829625721325,21.363567767815116,,4794,84,3839.896999936
205.5,0.0,surfacing,2026-02-12 02:06:36.991000064,2026-02-12 02:23:20.543000064,0.021900000050663948,0.09629999846220016,0.021900000050663948,0.1339000016450882,0.11200000159442425,-158.23162666666965,-158.22945166666966,21.36016666607028,21.36228666607053,,732,1003,1003.552
206.0,1.0,descent,2026-02-12 02:23:21.415000064,2026-02-12 03:29:18.407000064,0.23330000042915344,705.1806030273438,0.23330000042915344,705.1806030273438,704.9473030269146,-158.22945500000301,-158.21685882086064,21.356679919743822,21.360156666070285,,4939,36,3956.992
206.5,0.0,inflection,2026-02-12 03:29:18.736999936,2026-02-12 03:29:18.736999936,705.1900024414062,705.1900024414062,705.1900024414062,705.1900024414062,0.0,-158.21698691990267,-158.21698691990267,21.35686077977754,21.35686077977754,0.0,1,0,0.0
207.0,-1.0,ascent,2026-02-12 03:29:19.407000064,2026-02-12 04:34:42.957999872,705.1480712890625,0.04800000041723251,0.04800000041723251,705.1480712890625,705.1000712886453,-158.22810123493738,-158.21698669658338,21.356841740505978,21.360536666070335,,4898,84,3923.550999808
207.5,0.0,surfacing,2026-02-12 04:34:43.556000000,2026-02-12 04:52:59.022000128,0.023499999195337296,0.08020000159740448,0.003700000001117587,0.18790000677108765,0.18420000676997006,-158.2258016666697,-158.22374166666972,21.357973332736687,21.360393332736976,,504,1095,1095.466000128
208.0,1.0,descent,2026-02-12 04:52:59.750000128,2026-02-12 05:57:24.687000064,0.10909999907016754,705.7125244140625,0.10909999907016754,705.7125244140625,705.6034244149923,-158.23415444865822,-158.22371000000305,21.357924999403348,21.360951730936048,,4826,40,3864.936999936
208.5,0.0,inflection,2026-02-12 05:57:25.364999936,2026-02-12 05:57:25.364999936,705.7294921875,705.7294921875,705.7294921875,705.7294921875,0.0,-158.2341520170495,-158.2341520170495,21.360948111647865,21.360948111647865,0.0,1,0,0.0
209.0,-1.0,ascent,2026-02-12 05:57:25.687000064,2026-02-12 07:02:53.681999872,705.69140625,0.8568000197410583,0.8568000197410583,705.69140625,704.8346062302589,-158.24477140390613,-158.23414760186898,21.360931914146985,21.36401239917131,,4905,12,3927.994999808
209.5,0.0,surfacing,2026-02-12 07:02:54.328999936,2026-02-12 07:25:51.025000192,0.7736999988555908,0.1111999973654747,0.017100000753998756,0.7754999995231628,0.7583999987691641,-158.2402933333363,-158.23888666666966,21.359579999403536,21.36215833273718,,886,1376,1376.696000256
210.0,1.0,descent,2026-02-12 07:25:51.555000064,2026-02-12 08:01:38.880999936,0.2542000114917755,406.9142150878906,0.2542000114917755,406.9142150878906,406.66001507639885,-158.23885666666968,-158.22969930432058,21.359504999403537,21.359625350479163,,2681,25,2147.325999872
210.5,0.0,inflection,2026-02-12 08:01:39.808999936,2026-02-12 08:02:03.844999936,406.9602966308594,406.8475036621094,406.8402099609375,406.9602966308594,0.120086669921875,-158.22969581017193,-158.2296725682305,21.359492687312695,21.359508520032403,,31,0,24.036
211.0,-1.0,ascent,2026-02-12 08:02:03.880999936,2026-02-12 08:41:39.558000128,406.8357849121094,0.10490000247955322,0.10490000247955322,406.8357849121094,406.7308849096298,-158.2296688628724,-158.2205494448655,21.35921927628341,21.359494332758747,,2964,20,2375.677000192
211.5,0.0,surfacing,2026-02-12 08:41:39.894000128,2026-02-12 09:06:02.028999936,0.08980000019073486,0.16279999911785126,0.02290000021457672,0.19370000064373016,0.17080000042915344,-158.22141166666975,-158.21957666666972,21.354321666069588,21.357216666069924,,1160,1462,1462.134999808
212.0,1.0,descent,2026-02-12 09:06:03.004000000,2026-02-12 09:43:57.665999872,0.1882999986410141,407.6048889160156,0.1882999986410141,407.6048889160156,407.4165889173746,-158.2195633333364,-158.21128698512726,21.35425833273624,21.35481394839428,,2840,32,2274.661999872
212.5,0.0,inflection,2026-02-12 09:43:57.838000128,2026-02-12 09:43:57.838000128,407.63360595703125,407.63360595703125,407.63360595703125,407.63360595703125,0.0,-158.21128474496,-158.21128474496,21.354740995798693,21.354740995798693,0.0,1,0,0.0
213.0,-1.0,ascent,2026-02-12 09:43:58.665999872,2026-02-12 10:22:37.137000192,407.60888671875,4.475299835205078,4.475299835205078,407.60888671875,403.1335868835449,-158.2112818414421,-158.2029982547513,21.354698461547795,21.354915704726235,,2894,0,2318.47100032
213.5,0.0,inflection,2026-02-12 10:22:38.026000128,2026-02-12 10:22:38.026000128,4.061699867248535,4.061699867248535,4.061699867248535,4.061699867248535,0.0,-158.20298805432023,-158.20298805432023,21.35485445366118,21.35485445366118,0.0,1,0,0.0
214.0,1.0,descent,2026-02-12 10:22:38.137000192,2026-02-12 11:01:47.700999936,4.209199905395508,406.373291015625,4.209199905395508,406.373291015625,402.1640911102295,-158.20297485112027,-158.19477194601214,21.354853700193324,21.35529449816307,,2934,4,2349.563999744
214.5,0.0,inflection,2026-02-12 11:01:48.231000064,2026-02-12 11:01:48.231000064,406.3817138671875,406.3817138671875,406.3817138671875,406.3817138671875,0.0,-158.19476930121138,-158.19476930121138,21.35526947519264,21.35526947519264,0.0,1,0,0.0
215.0,-1.0,ascent,2026-02-12 11:01:48.700999936,2026-02-12 11:42:28.253999872,406.3326110839844,5.506400108337402,5.506400108337402,406.3326110839844,400.826210975647,-158.19476537643425,-158.18650098739633,21.35519508567729,21.35537595818545,,3048,0,2439.552999936
215.5,0.0,inflection,2026-02-12 11:42:28.398999808,2026-02-12 11:42:28.398999808,5.342400074005127,5.342400074005127,5.342400074005127,5.342400074005127,0.0,-158.18649459823635,-158.18649459823635,21.355212084505336,21.355212084505336,0.0,1,0,0.0
216.0,1.0,descent,2026-02-12 11:42:29.253999872,2026-02-12 12:22:01.767000064,5.541900157928467,405.8664855957031,5.541900157928467,405.8664855957031,400.32458543777466,-158.18648138920653,-158.1782857764502,21.355214308933554,21.355461134350595,,2963,0,2372.513000192
216.5,0.0,inflection,2026-02-12 12:22:02.548999936,2026-02-12 12:22:02.548999936,405.894287109375,405.894287109375,405.894287109375,405.894287109375,0.0,-158.17828313082762,-158.17828313082762,21.35542605522322,21.35542605522322,0.0,1,0,0.0
217.0,-1.0,ascent,2026-02-12 12:22:02.767000064,2026-02-12 13:03:29.390000128,405.88970947265625,1.7977999448776245,1.7977999448776245,405.88970947265625,404.0919095277786,-158.17828048784745,-158.17012993096753,21.355371221983464,21.35551510431297,,3106,12,2486.623000064
217.5,0.0,surfacing,2026-02-12 13:03:29.858000128,2026-02-12 13:27:45.027000064,1.4296000003814697,0.1014999970793724,0.01889999955892563,1.4508999586105347,1.431999959051609,-158.17060166666985,-158.1670700000032,21.360756666070394,21.360903332737074,,912,1455,1455.168999936
218.0,1.0,descent,2026-02-12 13:27:46.008000000,2026-02-12 14:07:36.492999936,0.1387999951839447,403.8866882324219,0.1387999951839447,403.8866882324219,403.74788823723793,-158.1670666666699,-158.15874630427783,21.357200558093247,21.360888332737083,,2987,40,2390.484999936
218.5,0.0,inflection,2026-02-12 14:07:36.609999872,2026-02-12 14:07:36.609999872,403.92529296875,403.92529296875,403.92529296875,403.92529296875,0.0,-158.15873799067742,-158.15873799067742,21.35719770688705,21.35719770688705,0.0,1,0,0.0
219.0,-1.0,ascent,2026-02-12 14:07:37.492999936,2026-02-12 14:50:29.174000128,403.9096984863281,2.9626998901367188,2.9626998901367188,403.9096984863281,400.9469985961914,-158.1587355399748,-158.15385662636385,21.354696532296163,21.357194805360656,,3211,16,2571.681000192
219.5,0.0,surfacing,2026-02-12 14:50:30.131000064,2026-02-12 15:01:43.015000064,2.8452999591827393,0.09449999779462814,0.012799999676644802,2.9128000736236572,2.9000000739470124,-158.15722666666989,-158.15705333333656,21.362696666070626,21.363098332737348,,432,672,672.884
220.0,1.0,descent,2026-02-12 15:01:43.755000064,2026-02-12 15:36:14.240999936,0.11020000278949738,323.0181884765625,0.11020000278949738,323.0181884765625,322.907988473773,-158.15705666666992,-158.15564911971737,21.359567369485383,21.363154454568637,,2587,56,2070.485999872
220.5,0.0,inflection,2026-02-12 15:36:14.656000000,2026-02-12 15:36:14.656000000,323.0244140625,323.0244140625,323.0244140625,323.0244140625,0.0,-158.15565031293,-158.15565031293,21.35958789595548,21.35958789595548,0.0,1,0,0.0
221.0,-1.0,ascent,2026-02-12 15:36:15.240999936,2026-02-12 16:14:56.736999936,322.98651123046875,2.625499963760376,2.625499963760376,322.98651123046875,320.3610112667084,-158.1556520488404,-158.1546701389302,21.356273004502736,21.3596152699944,,2898,16,2321.496
221.5,0.0,surfacing,2026-02-12 16:14:56.818000128,2026-02-12 16:28:04.017999872,2.5878000259399414,0.12290000170469284,0.011800000444054604,2.661099910736084,2.6492999102920294,-158.1538433333366,-158.1533966666699,21.357006666069953,21.357764999403376,,636,787,787.199999744
222.0,1.0,descent,2026-02-12 16:28:05.000999936,2026-02-12 17:11:19.604999936,0.20559999346733093,404.8049011230469,0.20559999346733093,404.8049011230469,404.59930112957954,-158.1543354610763,-158.15321369190536,21.354844485561838,21.357850828357073,,3239,48,2594.604
222.5,0.0,inflection,2026-02-12 17:11:20.009999872,2026-02-12 17:11:20.009999872,404.83319091796875,404.83319091796875,404.83319091796875,404.83319091796875,0.0,-158.15427602639252,-158.15427602639252,21.354972854508393,21.354972854508393,0.0,1,0,0.0
223.0,-1.0,ascent,2026-02-12 17:11:20.604999936,2026-02-12 17:56:47.592000000,404.8297119140625,2.7037999629974365,2.7037999629974365,404.8297119140625,402.12591195106506,-158.15439783771856,-158.15394513692735,21.354886147724724,21.355418214480135,,3404,16,2726.987000064
223.5,0.0,surfacing,2026-02-12 17:56:47.692000000,2026-02-12 18:23:52.013999872,2.6542999744415283,0.07850000262260437,0.0,3.781397581100464,3.781397581100464,-158.1521416666699,-158.15061833333655,21.351274999402595,21.35166666606931,,1193,1624,1624.321999872
224.0,1.0,descent,2026-02-12 18:23:53.003000064,2026-02-12 18:27:48.013999872,0.0869000032544136,22.521299362182617,0.0869000032544136,22.521299362182617,22.434399358928204,-158.15062000000324,-158.15034988176532,21.35131666606927,21.35161203891333,,294,60,235.010999808
224.5,0.0,inflection,2026-02-12 18:27:48.811000064,2026-02-12 18:27:48.811000064,22.56049919128418,22.56049919128418,22.56049919128418,22.56049919128418,0.0,-158.150382695247,-158.150382695247,21.351613177420017,21.351613177420017,0.0,1,0,0.0
225.0,-1.0,ascent,2026-02-12 18:27:49.013999872,2026-02-12 18:30:25.038000128,22.5585994720459,2.4354000091552734,2.4354000091552734,22.5585994720459,20.123199462890625,-158.15058395098032,-158.15037239013392,21.35161430745145,21.35183651097938,,194,12,156.024000256
225.5,0.0,surfacing,2026-02-12 18:30:25.124999936,2026-02-12 18:43:49.020999936,2.270699977874756,0.08609999716281891,0.022099999710917473,2.374500036239624,2.3524000365287066,-158.1503716666699,-158.15024500000325,21.352024999402683,21.35275999940277,,990,803,803.896
226.0,1.0,descent,2026-02-12 18:43:49.099000064,2026-02-12 18:47:09.105999872,0.11879999935626984,22.15239906311035,0.11879999935626984,22.15239906311035,22.03359906375408,-158.15023666666994,-158.1499258783908,21.35275333273609,21.353111486500346,,250,56,200.006999808
226.5,0.0,inflection,2026-02-12 18:47:09.360000000,2026-02-12 18:47:09.360000000,22.179899215698242,22.179899215698242,22.179899215698242,22.179899215698242,0.0,-158.14992218558652,-158.14992218558652,21.353113933243883,21.353113933243883,0.0,1,0,0.0
227.0,-1.0,ascent,2026-02-12 18:47:10.105999872,2026-02-12 18:50:26.144999936,22.151599884033203,2.744499921798706,2.744499921798706,22.151599884033203,19.407099962234497,-158.15004097151314,-158.14989832397794,21.353116376933418,21.353254408342014,,244,16,196.039000064
227.5,0.0,surfacing,2026-02-12 18:50:26.298000128,2026-02-12 19:00:55.024000000,2.547100067138672,0.13099999725818634,0.03319999948143959,2.660599946975708,2.6273999474942684,-158.15024166666993,-158.1501050000032,21.353516666069535,21.354431666069633,,510,628,628.725999872
228.0,1.0,descent,2026-02-12 19:00:56.003000064,2026-02-12 19:04:32.039000064,0.1753000020980835,23.864999771118164,0.1753000020980835,23.864999771118164,23.68969976902008,-158.15024500000325,-158.15016172121128,21.354418332736312,21.354913945141583,,270,52,216.036
228.5,0.0,inflection,2026-02-12 19:04:32.423000064,2026-02-12 19:04:32.423000064,23.888099670410156,23.888099670410156,23.888099670410156,23.888099670410156,0.0,-158.15015768432906,-158.15015768432906,21.35491783858509,21.35491783858509,0.0,1,0,0.0
229.0,-1.0,ascent,2026-02-12 19:04:33.039000064,2026-02-12 19:07:53.063000064,23.8302001953125,2.809499979019165,2.809499979019165,23.8302001953125,21.020700216293335,-158.1502897899754,-158.15015295794424,21.35492202574468,21.355070917705326,,249,12,200.024
229.5,0.0,surfacing,2026-02-12 19:07:53.530999808,2026-02-12 19:17:33.403000064,2.662899971008301,0.07249999791383743,0.014399999752640724,2.845400094985962,2.831000095233321,-158.1503716666699,-158.1503333333366,21.355381666069754,21.355479999403094,,523,557,579.872000256
