root:2026-08-13 13:38:49:INFO:Beginning scheduled processing [line 16]
pyglider.seaexplorer:2026-08-13 13:38:49:INFO:Reading in raw files matching *gli.raw* [line 115]
pyglider.seaexplorer:2026-08-13 13:38:49:INFO:Nfiles found: 0 [line 119]
pyglider.seaexplorer:2026-08-13 13:38:49:INFO:found [] [line 128]
pyglider.seaexplorer:2026-08-13 13:38:49:INFO:Reading in raw files matching *gli.sub* [line 115]
pyglider.seaexplorer:2026-08-13 13:38:49:INFO:Nfiles found: 159 [line 119]
pyglider.seaexplorer:2026-08-13 13:38:49:INFO:found ['data/SEA117-M026_20260128/0_RawData_gli_and_pld\\sea117.26.gli.sub.1.gz', 'data/SEA117-M026_20260128/0_RawData_gli_and_pld\\sea117.26.gli.sub.2.gz', 'data/SEA117-M026_20260128/0_RawData_gli_and_pld\\sea117.26.gli.sub.3.gz', 'data/SEA117-M026_20260128/0_RawData_gli_and_pld\\sea117.26.gli.sub.4.gz', 'data/SEA117-M026_20260128/0_RawData_gli_and_pld\\sea117.26.gli.sub.5.gz', 'data/SEA117-M026_20260128/0_RawData_gli_and_pld\\sea117.26.gli.sub.6.gz', 'data/SEA117-M026_20260128/0_RawData_gli_and_pld\\sea117.26.gli.sub.7.gz', 'data/SEA117-M026_20260128/0_RawData_gli_and_pld\\sea117.26.gli.sub.8.gz', 'data/SEA117-M026_20260128/0_RawData_gli_and_pld\\sea117.26.gli.sub.9.gz', 'data/SEA117-M026_20260128/0_RawData_gli_and_pld\\sea117.26.gli.sub.10.gz', 'data/SEA117-M026_20260128/0_RawData_gli_and_pld\\sea117.26.gli.sub.11.gz', 'data/SEA117-M026_20260128/0_RawData_gli_and_pld\\sea117.26.gli.sub.12.gz', 'data/SEA117-M026_20260128/0_RawData_gli_and_pld\\sea117.26.gli.sub.13.gz', 'data/SEA117-M026_20260128/0_RawData_gli_and_pld\\sea117.26.gli.sub.14.gz', 'data/SEA117-M026_20260128/0_RawData_gli_and_pld\\sea117.26.gli.sub.15.gz', 'data/SEA117-M026_20260128/0_RawData_gli_and_pld\\sea117.26.gli.sub.16.gz', 'data/SEA117-M026_20260128/0_RawData_gli_and_pld\\sea117.26.gli.sub.17.gz', 'data/SEA117-M026_20260128/0_RawData_gli_and_pld\\sea117.26.gli.sub.18.gz', 'data/SEA117-M026_20260128/0_RawData_gli_and_pld\\sea117.26.gli.sub.19.gz', 'data/SEA117-M026_20260128/0_RawData_gli_and_pld\\sea117.26.gli.sub.20.gz', 'data/SEA117-M026_20260128/0_RawData_gli_and_pld\\sea117.26.gli.sub.21.gz', 'data/SEA117-M026_20260128/0_RawData_gli_and_pld\\sea117.26.gli.sub.22.gz', 'data/SEA117-M026_20260128/0_RawData_gli_and_pld\\sea117.26.gli.sub.23.gz', 'data/SEA117-M026_20260128/0_RawData_gli_and_pld\\sea117.26.gli.sub.24.gz', 'data/SEA117-M026_20260128/0_RawData_gli_and_pld\\sea117.26.gli.sub.25.gz', 'data/SEA117-M026_20260128/0_RawData_gli_and_pld\\sea117.26.gli.sub.26.gz', 'data/SEA117-M026_20260128/0_RawData_gli_and_pld\\sea117.26.gli.sub.27.gz', 'data/SEA117-M026_20260128/0_RawData_gli_and_pld\\sea117.26.gli.sub.28.gz', 'data/SEA117-M026_20260128/0_RawData_gli_and_pld\\sea117.26.gli.sub.29.gz', 'data/SEA117-M026_20260128/0_RawData_gli_and_pld\\sea117.26.gli.sub.30.gz', 'data/SEA117-M026_20260128/0_RawData_gli_and_pld\\sea117.26.gli.sub.31.gz', 'data/SEA117-M026_20260128/0_RawData_gli_and_pld\\sea117.26.gli.sub.32.gz', 'data/SEA117-M026_20260128/0_RawData_gli_and_pld\\sea117.26.gli.sub.33.gz', 'data/SEA117-M026_20260128/0_RawData_gli_and_pld\\sea117.26.gli.sub.34.gz', 'data/SEA117-M026_20260128/0_RawData_gli_and_pld\\sea117.26.gli.sub.35.gz', 'data/SEA117-M026_20260128/0_RawData_gli_and_pld\\sea117.26.gli.sub.36.gz', 'data/SEA117-M026_20260128/0_RawData_gli_and_pld\\sea117.26.gli.sub.37.gz', 'data/SEA117-M026_20260128/0_RawData_gli_and_pld\\sea117.26.gli.sub.38.gz', 'data/SEA117-M026_20260128/0_RawData_gli_and_pld\\sea117.26.gli.sub.39.gz', 'data/SEA117-M026_20260128/0_RawData_gli_and_pld\\sea117.26.gli.sub.40.gz', 'data/SEA117-M026_20260128/0_RawData_gli_and_pld\\sea117.26.gli.sub.41.gz', 'data/SEA117-M026_20260128/0_RawData_gli_and_pld\\sea117.26.gli.sub.42.gz', 'data/SEA117-M026_20260128/0_RawData_gli_and_pld\\sea117.26.gli.sub.43.gz', 'data/SEA117-M026_20260128/0_RawData_gli_and_pld\\sea117.26.gli.sub.44.gz', 'data/SEA117-M026_20260128/0_RawData_gli_and_pld\\sea117.26.gli.sub.45.gz', 'data/SEA117-M026_20260128/0_RawData_gli_and_pld\\sea117.26.gli.sub.46.gz', 'data/SEA117-M026_20260128/0_RawData_gli_and_pld\\sea117.26.gli.sub.47.gz', 'data/SEA117-M026_20260128/0_RawData_gli_and_pld\\sea117.26.gli.sub.48.gz', 'data/SEA117-M026_20260128/0_RawData_gli_and_pld\\sea117.26.gli.sub.49.gz', 'data/SEA117-M026_20260128/0_RawData_gli_and_pld\\sea117.26.gli.sub.50.gz', 'data/SEA117-M026_20260128/0_RawData_gli_and_pld\\sea117.26.gli.sub.51.gz', 'data/SEA117-M026_20260128/0_RawData_gli_and_pld\\sea117.26.gli.sub.52.gz', 'data/SEA117-M026_20260128/0_RawData_gli_and_pld\\sea117.26.gli.sub.53.gz', 'data/SEA117-M026_20260128/0_RawData_gli_and_pld\\sea117.26.gli.sub.54.gz', 'data/SEA117-M026_20260128/0_RawData_gli_and_pld\\sea117.26.gli.sub.55.gz', 'data/SEA117-M026_20260128/0_RawData_gli_and_pld\\sea117.26.gli.sub.56.gz', 'data/SEA117-M026_20260128/0_RawData_gli_and_pld\\sea117.26.gli.sub.57.gz', 'data/SEA117-M026_20260128/0_RawData_gli_and_pld\\sea117.26.gli.sub.58.gz', 'data/SEA117-M026_20260128/0_RawData_gli_and_pld\\sea117.26.gli.sub.59.gz', 'data/SEA117-M026_20260128/0_RawData_gli_and_pld\\sea117.26.gli.sub.60.gz', 'data/SEA117-M026_20260128/0_RawData_gli_and_pld\\sea117.26.gli.sub.61.gz', 'data/SEA117-M026_20260128/0_RawData_gli_and_pld\\sea117.26.gli.sub.62.gz', 'data/SEA117-M026_20260128/0_RawData_gli_and_pld\\sea117.26.gli.sub.63.gz', 'data/SEA117-M026_20260128/0_RawData_gli_and_pld\\sea117.26.gli.sub.64.gz', 'data/SEA117-M026_20260128/0_RawData_gli_and_pld\\sea117.26.gli.sub.65.gz', 'data/SEA117-M026_20260128/0_RawData_gli_and_pld\\sea117.26.gli.sub.66.gz', 'data/SEA117-M026_20260128/0_RawData_gli_and_pld\\sea117.26.gli.sub.67.gz', 'data/SEA117-M026_20260128/0_RawData_gli_and_pld\\sea117.26.gli.sub.68.gz', 'data/SEA117-M026_20260128/0_RawData_gli_and_pld\\sea117.26.gli.sub.69.gz', 'data/SEA117-M026_20260128/0_RawData_gli_and_pld\\sea117.26.gli.sub.70.gz', 'data/SEA117-M026_20260128/0_RawData_gli_and_pld\\sea117.26.gli.sub.71.gz', 'data/SEA117-M026_20260128/0_RawData_gli_and_pld\\sea117.26.gli.sub.72.gz', 'data/SEA117-M026_20260128/0_RawData_gli_and_pld\\sea117.26.gli.sub.73.gz', 'data/SEA117-M026_20260128/0_RawData_gli_and_pld\\sea117.26.gli.sub.74.gz', 'data/SEA117-M026_20260128/0_RawData_gli_and_pld\\sea117.26.gli.sub.75.gz', 'data/SEA117-M026_20260128/0_RawData_gli_and_pld\\sea117.26.gli.sub.76.gz', 'data/SEA117-M026_20260128/0_RawData_gli_and_pld\\sea117.26.gli.sub.77.gz', 'data/SEA117-M026_20260128/0_RawData_gli_and_pld\\sea117.26.gli.sub.78.gz', 'data/SEA117-M026_20260128/0_RawData_gli_and_pld\\sea117.26.gli.sub.79.gz', 'data/SEA117-M026_20260128/0_RawData_gli_and_pld\\sea117.26.gli.sub.80.gz', 'data/SEA117-M026_20260128/0_RawData_gli_and_pld\\sea117.26.gli.sub.81.gz', 'data/SEA117-M026_20260128/0_RawData_gli_and_pld\\sea117.26.gli.sub.82.gz', 'data/SEA117-M026_20260128/0_RawData_gli_and_pld\\sea117.26.gli.sub.83.gz', 'data/SEA117-M026_20260128/0_RawData_gli_and_pld\\sea117.26.gli.sub.84.gz', 'data/SEA117-M026_20260128/0_RawData_gli_and_pld\\sea117.26.gli.sub.85.gz', 'data/SEA117-M026_20260128/0_RawData_gli_and_pld\\sea117.26.gli.sub.86.gz', 'data/SEA117-M026_20260128/0_RawData_gli_and_pld\\sea117.26.gli.sub.87.gz', 'data/SEA117-M026_20260128/0_RawData_gli_and_pld\\sea117.26.gli.sub.88.gz', 'data/SEA117-M026_20260128/0_RawData_gli_and_pld\\sea117.26.gli.sub.89.gz', 'data/SEA117-M026_20260128/0_RawData_gli_and_pld\\sea117.26.gli.sub.90.gz', 'data/SEA117-M026_20260128/0_RawData_gli_and_pld\\sea117.26.gli.sub.91.gz', 'data/SEA117-M026_20260128/0_RawData_gli_and_pld\\sea117.26.gli.sub.92.gz', 'data/SEA117-M026_20260128/0_RawData_gli_and_pld\\sea117.26.gli.sub.93.gz', 'data/SEA117-M026_20260128/0_RawData_gli_and_pld\\sea117.26.gli.sub.94.gz', 'data/SEA117-M026_20260128/0_RawData_gli_and_pld\\sea117.26.gli.sub.95.gz', 'data/SEA117-M026_20260128/0_RawData_gli_and_pld\\sea117.26.gli.sub.96.gz', 'data/SEA117-M026_20260128/0_RawData_gli_and_pld\\sea117.26.gli.sub.97.gz', 'data/SEA117-M026_20260128/0_RawData_gli_and_pld\\sea117.26.gli.sub.98.gz', 'data/SEA117-M026_20260128/0_RawData_gli_and_pld\\sea117.26.gli.sub.99.gz', 'data/SEA117-M026_20260128/0_RawData_gli_and_pld\\sea117.26.gli.sub.100.gz', 'data/SEA117-M026_20260128/0_RawData_gli_and_pld\\sea117.26.gli.sub.101.gz', 'data/SEA117-M026_20260128/0_RawData_gli_and_pld\\sea117.26.gli.sub.102.gz', 'data/SEA117-M026_20260128/0_RawData_gli_and_pld\\sea117.26.gli.sub.103.gz', 'data/SEA117-M026_20260128/0_RawData_gli_and_pld\\sea117.26.gli.sub.104.gz', 'data/SEA117-M026_20260128/0_RawData_gli_and_pld\\sea117.26.gli.sub.105.gz', 'data/SEA117-M026_20260128/0_RawData_gli_and_pld\\sea117.26.gli.sub.106.gz', 'data/SEA117-M026_20260128/0_RawData_gli_and_pld\\sea117.26.gli.sub.107.gz', 'data/SEA117-M026_20260128/0_RawData_gli_and_pld\\sea117.26.gli.sub.108.gz', 'data/SEA117-M026_20260128/0_RawData_gli_and_pld\\sea117.26.gli.sub.109.gz', 'data/SEA117-M026_20260128/0_RawData_gli_and_pld\\sea117.26.gli.sub.110.gz', 'data/SEA117-M026_20260128/0_RawData_gli_and_pld\\sea117.26.gli.sub.111.gz', 'data/SEA117-M026_20260128/0_RawData_gli_and_pld\\sea117.26.gli.sub.112.gz', 'data/SEA117-M026_20260128/0_RawData_gli_and_pld\\sea117.26.gli.sub.113.gz', 'data/SEA117-M026_20260128/0_RawData_gli_and_pld\\sea117.26.gli.sub.114.gz', 'data/SEA117-M026_20260128/0_RawData_gli_and_pld\\sea117.26.gli.sub.115.gz', 'data/SEA117-M026_20260128/0_RawData_gli_and_pld\\sea117.26.gli.sub.116.gz', 'data/SEA117-M026_20260128/0_RawData_gli_and_pld\\sea117.26.gli.sub.117.gz', 'data/SEA117-M026_20260128/0_RawData_gli_and_pld\\sea117.26.gli.sub.118.gz', 'data/SEA117-M026_20260128/0_RawData_gli_and_pld\\sea117.26.gli.sub.119.gz', 'data/SEA117-M026_20260128/0_RawData_gli_and_pld\\sea117.26.gli.sub.120.gz', 'data/SEA117-M026_20260128/0_RawData_gli_and_pld\\sea117.26.gli.sub.121.gz', 'data/SEA117-M026_20260128/0_RawData_gli_and_pld\\sea117.26.gli.sub.122.gz', 'data/SEA117-M026_20260128/0_RawData_gli_and_pld\\sea117.26.gli.sub.123.gz', 'data/SEA117-M026_20260128/0_RawData_gli_and_pld\\sea117.26.gli.sub.124.gz', 'data/SEA117-M026_20260128/0_RawData_gli_and_pld\\sea117.26.gli.sub.125.gz', 'data/SEA117-M026_20260128/0_RawData_gli_and_pld\\sea117.26.gli.sub.126.gz', 'data/SEA117-M026_20260128/0_RawData_gli_and_pld\\sea117.26.gli.sub.127.gz', 'data/SEA117-M026_20260128/0_RawData_gli_and_pld\\sea117.26.gli.sub.128.gz', 'data/SEA117-M026_20260128/0_RawData_gli_and_pld\\sea117.26.gli.sub.129.gz', 'data/SEA117-M026_20260128/0_RawData_gli_and_pld\\sea117.26.gli.sub.130.gz', 'data/SEA117-M026_20260128/0_RawData_gli_and_pld\\sea117.26.gli.sub.131.gz', 'data/SEA117-M026_20260128/0_RawData_gli_and_pld\\sea117.26.gli.sub.132.gz', 'data/SEA117-M026_20260128/0_RawData_gli_and_pld\\sea117.26.gli.sub.133.gz', 'data/SEA117-M026_20260128/0_RawData_gli_and_pld\\sea117.26.gli.sub.134.gz', 'data/SEA117-M026_20260128/0_RawData_gli_and_pld\\sea117.26.gli.sub.135.gz', 'data/SEA117-M026_20260128/0_RawData_gli_and_pld\\sea117.26.gli.sub.136.gz', 'data/SEA117-M026_20260128/0_RawData_gli_and_pld\\sea117.26.gli.sub.137.gz', 'data/SEA117-M026_20260128/0_RawData_gli_and_pld\\sea117.26.gli.sub.138.gz', 'data/SEA117-M026_20260128/0_RawData_gli_and_pld\\sea117.26.gli.sub.139.gz', 'data/SEA117-M026_20260128/0_RawData_gli_and_pld\\sea117.26.gli.sub.140.gz', 'data/SEA117-M026_20260128/0_RawData_gli_and_pld\\sea117.26.gli.sub.141.gz', 'data/SEA117-M026_20260128/0_RawData_gli_and_pld\\sea117.26.gli.sub.142.gz', 'data/SEA117-M026_20260128/0_RawData_gli_and_pld\\sea117.26.gli.sub.143.gz', 'data/SEA117-M026_20260128/0_RawData_gli_and_pld\\sea117.26.gli.sub.144.gz', 'data/SEA117-M026_20260128/0_RawData_gli_and_pld\\sea117.26.gli.sub.145.gz', 'data/SEA117-M026_20260128/0_RawData_gli_and_pld\\sea117.26.gli.sub.146.gz', 'data/SEA117-M026_20260128/0_RawData_gli_and_pld\\sea117.26.gli.sub.147.gz', 'data/SEA117-M026_20260128/0_RawData_gli_and_pld\\sea117.26.gli.sub.148.gz', 'data/SEA117-M026_20260128/0_RawData_gli_and_pld\\sea117.26.gli.sub.149.gz', 'data/SEA117-M026_20260128/0_RawData_gli_and_pld\\sea117.26.gli.sub.150.gz', 'data/SEA117-M026_20260128/0_RawData_gli_and_pld\\sea117.26.gli.sub.151.gz', 'data/SEA117-M026_20260128/0_RawData_gli_and_pld\\sea117.26.gli.sub.152.gz', 'data/SEA117-M026_20260128/0_RawData_gli_and_pld\\sea117.26.gli.sub.153.gz', 'data/SEA117-M026_20260128/0_RawData_gli_and_pld\\sea117.26.gli.sub.154.gz', 'data/SEA117-M026_20260128/0_RawData_gli_and_pld\\sea117.26.gli.sub.155.gz', 'data/SEA117-M026_20260128/0_RawData_gli_and_pld\\sea117.26.gli.sub.156.gz', 'data/SEA117-M026_20260128/0_RawData_gli_and_pld\\sea117.26.gli.sub.157.gz', 'data/SEA117-M026_20260128/0_RawData_gli_and_pld\\sea117.26.gli.sub.158.gz', 'data/SEA117-M026_20260128/0_RawData_gli_and_pld\\sea117.26.gli.sub.159.gz'] [line 128]
pyglider.seaexplorer:2026-08-13 13:38:49:INFO:data/SEA117-M026_20260128/0_RawData_gli_and_pld\sea117.26.gli.sub.1.gz to data/SEA117-M026_20260128/realtime_rawnc/sea117.0026.gli.sub.0001.parquet [line 137]
pyglider.seaexplorer:2026-08-13 13:38:49:INFO:data/SEA117-M026_20260128/0_RawData_gli_and_pld\sea117.26.gli.sub.2.gz to data/SEA117-M026_20260128/realtime_rawnc/sea117.0026.gli.sub.0002.parquet [line 137]
pyglider.seaexplorer:2026-08-13 13:38:49:INFO:data/SEA117-M026_20260128/0_RawData_gli_and_pld\sea117.26.gli.sub.3.gz to data/SEA117-M026_20260128/realtime_rawnc/sea117.0026.gli.sub.0003.parquet [line 137]
pyglider.seaexplorer:2026-08-13 13:38:49:INFO:data/SEA117-M026_20260128/0_RawData_gli_and_pld\sea117.26.gli.sub.4.gz to data/SEA117-M026_20260128/realtime_rawnc/sea117.0026.gli.sub.0004.parquet [line 137]
pyglider.seaexplorer:2026-08-13 13:38:49:INFO:data/SEA117-M026_20260128/0_RawData_gli_and_pld\sea117.26.gli.sub.5.gz to data/SEA117-M026_20260128/realtime_rawnc/sea117.0026.gli.sub.0005.parquet [line 137]
pyglider.seaexplorer:2026-08-13 13:38:49:INFO:data/SEA117-M026_20260128/0_RawData_gli_and_pld\sea117.26.gli.sub.6.gz to data/SEA117-M026_20260128/realtime_rawnc/sea117.0026.gli.sub.0006.parquet [line 137]
pyglider.seaexplorer:2026-08-13 13:38:49:INFO:data/SEA117-M026_20260128/0_RawData_gli_and_pld\sea117.26.gli.sub.7.gz to data/SEA117-M026_20260128/realtime_rawnc/sea117.0026.gli.sub.0007.parquet [line 137]
pyglider.seaexplorer:2026-08-13 13:38:49:INFO:data/SEA117-M026_20260128/0_RawData_gli_and_pld\sea117.26.gli.sub.8.gz to data/SEA117-M026_20260128/realtime_rawnc/sea117.0026.gli.sub.0008.parquet [line 137]
pyglider.seaexplorer:2026-08-13 13:38:49:INFO:data/SEA117-M026_20260128/0_RawData_gli_and_pld\sea117.26.gli.sub.9.gz to data/SEA117-M026_20260128/realtime_rawnc/sea117.0026.gli.sub.0009.parquet [line 137]
pyglider.seaexplorer:2026-08-13 13:38:49:INFO:data/SEA117-M026_20260128/0_RawData_gli_and_pld\sea117.26.gli.sub.10.gz to data/SEA117-M026_20260128/realtime_rawnc/sea117.0026.gli.sub.0010.parquet [line 137]
pyglider.seaexplorer:2026-08-13 13:38:49:INFO:data/SEA117-M026_20260128/0_RawData_gli_and_pld\sea117.26.gli.sub.11.gz to data/SEA117-M026_20260128/realtime_rawnc/sea117.0026.gli.sub.0011.parquet [line 137]
pyglider.seaexplorer:2026-08-13 13:38:49:INFO:data/SEA117-M026_20260128/0_RawData_gli_and_pld\sea117.26.gli.sub.12.gz to data/SEA117-M026_20260128/realtime_rawnc/sea117.0026.gli.sub.0012.parquet [line 137]
pyglider.seaexplorer:2026-08-13 13:38:49:INFO:data/SEA117-M026_20260128/0_RawData_gli_and_pld\sea117.26.gli.sub.13.gz to data/SEA117-M026_20260128/realtime_rawnc/sea117.0026.gli.sub.0013.parquet [line 137]
pyglider.seaexplorer:2026-08-13 13:38:49:INFO:data/SEA117-M026_20260128/0_RawData_gli_and_pld\sea117.26.gli.sub.14.gz to data/SEA117-M026_20260128/realtime_rawnc/sea117.0026.gli.sub.0014.parquet [line 137]
pyglider.seaexplorer:2026-08-13 13:38:49:INFO:data/SEA117-M026_20260128/0_RawData_gli_and_pld\sea117.26.gli.sub.15.gz to data/SEA117-M026_20260128/realtime_rawnc/sea117.0026.gli.sub.0015.parquet [line 137]
pyglider.seaexplorer:2026-08-13 13:38:49:INFO:data/SEA117-M026_20260128/0_RawData_gli_and_pld\sea117.26.gli.sub.16.gz to data/SEA117-M026_20260128/realtime_rawnc/sea117.0026.gli.sub.0016.parquet [line 137]
pyglider.seaexplorer:2026-08-13 13:38:49:INFO:data/SEA117-M026_20260128/0_RawData_gli_and_pld\sea117.26.gli.sub.17.gz to data/SEA117-M026_20260128/realtime_rawnc/sea117.0026.gli.sub.0017.parquet [line 137]
pyglider.seaexplorer:2026-08-13 13:38:49:INFO:data/SEA117-M026_20260128/0_RawData_gli_and_pld\sea117.26.gli.sub.18.gz to data/SEA117-M026_20260128/realtime_rawnc/sea117.0026.gli.sub.0018.parquet [line 137]
pyglider.seaexplorer:2026-08-13 13:38:49:INFO:data/SEA117-M026_20260128/0_RawData_gli_and_pld\sea117.26.gli.sub.19.gz to data/SEA117-M026_20260128/realtime_rawnc/sea117.0026.gli.sub.0019.parquet [line 137]
pyglider.seaexplorer:2026-08-13 13:38:49:INFO:data/SEA117-M026_20260128/0_RawData_gli_and_pld\sea117.26.gli.sub.20.gz to data/SEA117-M026_20260128/realtime_rawnc/sea117.0026.gli.sub.0020.parquet [line 137]
pyglider.seaexplorer:2026-08-13 13:38:49:INFO:data/SEA117-M026_20260128/0_RawData_gli_and_pld\sea117.26.gli.sub.21.gz to data/SEA117-M026_20260128/realtime_rawnc/sea117.0026.gli.sub.0021.parquet [line 137]
pyglider.seaexplorer:2026-08-13 13:38:49:INFO:data/SEA117-M026_20260128/0_RawData_gli_and_pld\sea117.26.gli.sub.22.gz to data/SEA117-M026_20260128/realtime_rawnc/sea117.0026.gli.sub.0022.parquet [line 137]
pyglider.seaexplorer:2026-08-13 13:38:49:INFO:data/SEA117-M026_20260128/0_RawData_gli_and_pld\sea117.26.gli.sub.23.gz to data/SEA117-M026_20260128/realtime_rawnc/sea117.0026.gli.sub.0023.parquet [line 137]
pyglider.seaexplorer:2026-08-13 13:38:49:INFO:data/SEA117-M026_20260128/0_RawData_gli_and_pld\sea117.26.gli.sub.24.gz to data/SEA117-M026_20260128/realtime_rawnc/sea117.0026.gli.sub.0024.parquet [line 137]
pyglider.seaexplorer:2026-08-13 13:38:49:INFO:data/SEA117-M026_20260128/0_RawData_gli_and_pld\sea117.26.gli.sub.25.gz to data/SEA117-M026_20260128/realtime_rawnc/sea117.0026.gli.sub.0025.parquet [line 137]
pyglider.seaexplorer:2026-08-13 13:38:49:INFO:data/SEA117-M026_20260128/0_RawData_gli_and_pld\sea117.26.gli.sub.26.gz to data/SEA117-M026_20260128/realtime_rawnc/sea117.0026.gli.sub.0026.parquet [line 137]
pyglider.seaexplorer:2026-08-13 13:38:49:INFO:data/SEA117-M026_20260128/0_RawData_gli_and_pld\sea117.26.gli.sub.27.gz to data/SEA117-M026_20260128/realtime_rawnc/sea117.0026.gli.sub.0027.parquet [line 137]
pyglider.seaexplorer:2026-08-13 13:38:49:INFO:data/SEA117-M026_20260128/0_RawData_gli_and_pld\sea117.26.gli.sub.28.gz to data/SEA117-M026_20260128/realtime_rawnc/sea117.0026.gli.sub.0028.parquet [line 137]
pyglider.seaexplorer:2026-08-13 13:38:49:INFO:data/SEA117-M026_20260128/0_RawData_gli_and_pld\sea117.26.gli.sub.29.gz to data/SEA117-M026_20260128/realtime_rawnc/sea117.0026.gli.sub.0029.parquet [line 137]
pyglider.seaexplorer:2026-08-13 13:38:49:INFO:data/SEA117-M026_20260128/0_RawData_gli_and_pld\sea117.26.gli.sub.30.gz to data/SEA117-M026_20260128/realtime_rawnc/sea117.0026.gli.sub.0030.parquet [line 137]
pyglider.seaexplorer:2026-08-13 13:38:49:INFO:data/SEA117-M026_20260128/0_RawData_gli_and_pld\sea117.26.gli.sub.31.gz to data/SEA117-M026_20260128/realtime_rawnc/sea117.0026.gli.sub.0031.parquet [line 137]
pyglider.seaexplorer:2026-08-13 13:38:49:INFO:data/SEA117-M026_20260128/0_RawData_gli_and_pld\sea117.26.gli.sub.32.gz to data/SEA117-M026_20260128/realtime_rawnc/sea117.0026.gli.sub.0032.parquet [line 137]
pyglider.seaexplorer:2026-08-13 13:38:49:INFO:data/SEA117-M026_20260128/0_RawData_gli_and_pld\sea117.26.gli.sub.33.gz to data/SEA117-M026_20260128/realtime_rawnc/sea117.0026.gli.sub.0033.parquet [line 137]
pyglider.seaexplorer:2026-08-13 13:38:49:INFO:data/SEA117-M026_20260128/0_RawData_gli_and_pld\sea117.26.gli.sub.34.gz to data/SEA117-M026_20260128/realtime_rawnc/sea117.0026.gli.sub.0034.parquet [line 137]
pyglider.seaexplorer:2026-08-13 13:38:49:INFO:data/SEA117-M026_20260128/0_RawData_gli_and_pld\sea117.26.gli.sub.35.gz to data/SEA117-M026_20260128/realtime_rawnc/sea117.0026.gli.sub.0035.parquet [line 137]
pyglider.seaexplorer:2026-08-13 13:38:49:INFO:data/SEA117-M026_20260128/0_RawData_gli_and_pld\sea117.26.gli.sub.36.gz to data/SEA117-M026_20260128/realtime_rawnc/sea117.0026.gli.sub.0036.parquet [line 137]
pyglider.seaexplorer:2026-08-13 13:38:49:INFO:data/SEA117-M026_20260128/0_RawData_gli_and_pld\sea117.26.gli.sub.37.gz to data/SEA117-M026_20260128/realtime_rawnc/sea117.0026.gli.sub.0037.parquet [line 137]
pyglider.seaexplorer:2026-08-13 13:38:49:INFO:data/SEA117-M026_20260128/0_RawData_gli_and_pld\sea117.26.gli.sub.38.gz to data/SEA117-M026_20260128/realtime_rawnc/sea117.0026.gli.sub.0038.parquet [line 137]
pyglider.seaexplorer:2026-08-13 13:38:49:INFO:data/SEA117-M026_20260128/0_RawData_gli_and_pld\sea117.26.gli.sub.39.gz to data/SEA117-M026_20260128/realtime_rawnc/sea117.0026.gli.sub.0039.parquet [line 137]
pyglider.seaexplorer:2026-08-13 13:38:49:INFO:data/SEA117-M026_20260128/0_RawData_gli_and_pld\sea117.26.gli.sub.40.gz to data/SEA117-M026_20260128/realtime_rawnc/sea117.0026.gli.sub.0040.parquet [line 137]
pyglider.seaexplorer:2026-08-13 13:38:49:INFO:data/SEA117-M026_20260128/0_RawData_gli_and_pld\sea117.26.gli.sub.41.gz to data/SEA117-M026_20260128/realtime_rawnc/sea117.0026.gli.sub.0041.parquet [line 137]
pyglider.seaexplorer:2026-08-13 13:38:49:INFO:data/SEA117-M026_20260128/0_RawData_gli_and_pld\sea117.26.gli.sub.42.gz to data/SEA117-M026_20260128/realtime_rawnc/sea117.0026.gli.sub.0042.parquet [line 137]
pyglider.seaexplorer:2026-08-13 13:38:49:INFO:data/SEA117-M026_20260128/0_RawData_gli_and_pld\sea117.26.gli.sub.43.gz to data/SEA117-M026_20260128/realtime_rawnc/sea117.0026.gli.sub.0043.parquet [line 137]
pyglider.seaexplorer:2026-08-13 13:38:49:INFO:data/SEA117-M026_20260128/0_RawData_gli_and_pld\sea117.26.gli.sub.44.gz to data/SEA117-M026_20260128/realtime_rawnc/sea117.0026.gli.sub.0044.parquet [line 137]
pyglider.seaexplorer:2026-08-13 13:38:49:INFO:data/SEA117-M026_20260128/0_RawData_gli_and_pld\sea117.26.gli.sub.45.gz to data/SEA117-M026_20260128/realtime_rawnc/sea117.0026.gli.sub.0045.parquet [line 137]
pyglider.seaexplorer:2026-08-13 13:38:49:INFO:data/SEA117-M026_20260128/0_RawData_gli_and_pld\sea117.26.gli.sub.46.gz to data/SEA117-M026_20260128/realtime_rawnc/sea117.0026.gli.sub.0046.parquet [line 137]
pyglider.seaexplorer:2026-08-13 13:38:49:INFO:data/SEA117-M026_20260128/0_RawData_gli_and_pld\sea117.26.gli.sub.47.gz to data/SEA117-M026_20260128/realtime_rawnc/sea117.0026.gli.sub.0047.parquet [line 137]
pyglider.seaexplorer:2026-08-13 13:38:49:INFO:data/SEA117-M026_20260128/0_RawData_gli_and_pld\sea117.26.gli.sub.48.gz to data/SEA117-M026_20260128/realtime_rawnc/sea117.0026.gli.sub.0048.parquet [line 137]
pyglider.seaexplorer:2026-08-13 13:38:49:INFO:data/SEA117-M026_20260128/0_RawData_gli_and_pld\sea117.26.gli.sub.49.gz to data/SEA117-M026_20260128/realtime_rawnc/sea117.0026.gli.sub.0049.parquet [line 137]
pyglider.seaexplorer:2026-08-13 13:38:49:INFO:data/SEA117-M026_20260128/0_RawData_gli_and_pld\sea117.26.gli.sub.50.gz to data/SEA117-M026_20260128/realtime_rawnc/sea117.0026.gli.sub.0050.parquet [line 137]
pyglider.seaexplorer:2026-08-13 13:38:49:INFO:data/SEA117-M026_20260128/0_RawData_gli_and_pld\sea117.26.gli.sub.51.gz to data/SEA117-M026_20260128/realtime_rawnc/sea117.0026.gli.sub.0051.parquet [line 137]
pyglider.seaexplorer:2026-08-13 13:38:49:INFO:data/SEA117-M026_20260128/0_RawData_gli_and_pld\sea117.26.gli.sub.52.gz to data/SEA117-M026_20260128/realtime_rawnc/sea117.0026.gli.sub.0052.parquet [line 137]
pyglider.seaexplorer:2026-08-13 13:38:49:INFO:data/SEA117-M026_20260128/0_RawData_gli_and_pld\sea117.26.gli.sub.53.gz to data/SEA117-M026_20260128/realtime_rawnc/sea117.0026.gli.sub.0053.parquet [line 137]
pyglider.seaexplorer:2026-08-13 13:38:49:INFO:data/SEA117-M026_20260128/0_RawData_gli_and_pld\sea117.26.gli.sub.54.gz to data/SEA117-M026_20260128/realtime_rawnc/sea117.0026.gli.sub.0054.parquet [line 137]
pyglider.seaexplorer:2026-08-13 13:38:49:INFO:data/SEA117-M026_20260128/0_RawData_gli_and_pld\sea117.26.gli.sub.55.gz to data/SEA117-M026_20260128/realtime_rawnc/sea117.0026.gli.sub.0055.parquet [line 137]
pyglider.seaexplorer:2026-08-13 13:38:49:INFO:data/SEA117-M026_20260128/0_RawData_gli_and_pld\sea117.26.gli.sub.56.gz to data/SEA117-M026_20260128/realtime_rawnc/sea117.0026.gli.sub.0056.parquet [line 137]
pyglider.seaexplorer:2026-08-13 13:38:49:INFO:data/SEA117-M026_20260128/0_RawData_gli_and_pld\sea117.26.gli.sub.57.gz to data/SEA117-M026_20260128/realtime_rawnc/sea117.0026.gli.sub.0057.parquet [line 137]
pyglider.seaexplorer:2026-08-13 13:38:49:INFO:data/SEA117-M026_20260128/0_RawData_gli_and_pld\sea117.26.gli.sub.58.gz to data/SEA117-M026_20260128/realtime_rawnc/sea117.0026.gli.sub.0058.parquet [line 137]
pyglider.seaexplorer:2026-08-13 13:38:49:INFO:data/SEA117-M026_20260128/0_RawData_gli_and_pld\sea117.26.gli.sub.59.gz to data/SEA117-M026_20260128/realtime_rawnc/sea117.0026.gli.sub.0059.parquet [line 137]
pyglider.seaexplorer:2026-08-13 13:38:49:INFO:data/SEA117-M026_20260128/0_RawData_gli_and_pld\sea117.26.gli.sub.60.gz to data/SEA117-M026_20260128/realtime_rawnc/sea117.0026.gli.sub.0060.parquet [line 137]
pyglider.seaexplorer:2026-08-13 13:38:49:INFO:data/SEA117-M026_20260128/0_RawData_gli_and_pld\sea117.26.gli.sub.61.gz to data/SEA117-M026_20260128/realtime_rawnc/sea117.0026.gli.sub.0061.parquet [line 137]
pyglider.seaexplorer:2026-08-13 13:38:49:INFO:data/SEA117-M026_20260128/0_RawData_gli_and_pld\sea117.26.gli.sub.62.gz to data/SEA117-M026_20260128/realtime_rawnc/sea117.0026.gli.sub.0062.parquet [line 137]
pyglider.seaexplorer:2026-08-13 13:38:49:INFO:data/SEA117-M026_20260128/0_RawData_gli_and_pld\sea117.26.gli.sub.63.gz to data/SEA117-M026_20260128/realtime_rawnc/sea117.0026.gli.sub.0063.parquet [line 137]
pyglider.seaexplorer:2026-08-13 13:38:49:INFO:data/SEA117-M026_20260128/0_RawData_gli_and_pld\sea117.26.gli.sub.64.gz to data/SEA117-M026_20260128/realtime_rawnc/sea117.0026.gli.sub.0064.parquet [line 137]
pyglider.seaexplorer:2026-08-13 13:38:49:INFO:data/SEA117-M026_20260128/0_RawData_gli_and_pld\sea117.26.gli.sub.65.gz to data/SEA117-M026_20260128/realtime_rawnc/sea117.0026.gli.sub.0065.parquet [line 137]
pyglider.seaexplorer:2026-08-13 13:38:49:INFO:data/SEA117-M026_20260128/0_RawData_gli_and_pld\sea117.26.gli.sub.66.gz to data/SEA117-M026_20260128/realtime_rawnc/sea117.0026.gli.sub.0066.parquet [line 137]
pyglider.seaexplorer:2026-08-13 13:38:49:INFO:data/SEA117-M026_20260128/0_RawData_gli_and_pld\sea117.26.gli.sub.67.gz to data/SEA117-M026_20260128/realtime_rawnc/sea117.0026.gli.sub.0067.parquet [line 137]
pyglider.seaexplorer:2026-08-13 13:38:49:INFO:data/SEA117-M026_20260128/0_RawData_gli_and_pld\sea117.26.gli.sub.68.gz to data/SEA117-M026_20260128/realtime_rawnc/sea117.0026.gli.sub.0068.parquet [line 137]
pyglider.seaexplorer:2026-08-13 13:38:49:INFO:data/SEA117-M026_20260128/0_RawData_gli_and_pld\sea117.26.gli.sub.69.gz to data/SEA117-M026_20260128/realtime_rawnc/sea117.0026.gli.sub.0069.parquet [line 137]
pyglider.seaexplorer:2026-08-13 13:38:49:INFO:data/SEA117-M026_20260128/0_RawData_gli_and_pld\sea117.26.gli.sub.70.gz to data/SEA117-M026_20260128/realtime_rawnc/sea117.0026.gli.sub.0070.parquet [line 137]
pyglider.seaexplorer:2026-08-13 13:38:49:INFO:data/SEA117-M026_20260128/0_RawData_gli_and_pld\sea117.26.gli.sub.71.gz to data/SEA117-M026_20260128/realtime_rawnc/sea117.0026.gli.sub.0071.parquet [line 137]
pyglider.seaexplorer:2026-08-13 13:38:49:INFO:data/SEA117-M026_20260128/0_RawData_gli_and_pld\sea117.26.gli.sub.72.gz to data/SEA117-M026_20260128/realtime_rawnc/sea117.0026.gli.sub.0072.parquet [line 137]
pyglider.seaexplorer:2026-08-13 13:38:49:INFO:data/SEA117-M026_20260128/0_RawData_gli_and_pld\sea117.26.gli.sub.73.gz to data/SEA117-M026_20260128/realtime_rawnc/sea117.0026.gli.sub.0073.parquet [line 137]
pyglider.seaexplorer:2026-08-13 13:38:49:INFO:data/SEA117-M026_20260128/0_RawData_gli_and_pld\sea117.26.gli.sub.74.gz to data/SEA117-M026_20260128/realtime_rawnc/sea117.0026.gli.sub.0074.parquet [line 137]
pyglider.seaexplorer:2026-08-13 13:38:49:INFO:data/SEA117-M026_20260128/0_RawData_gli_and_pld\sea117.26.gli.sub.75.gz to data/SEA117-M026_20260128/realtime_rawnc/sea117.0026.gli.sub.0075.parquet [line 137]
pyglider.seaexplorer:2026-08-13 13:38:49:INFO:data/SEA117-M026_20260128/0_RawData_gli_and_pld\sea117.26.gli.sub.76.gz to data/SEA117-M026_20260128/realtime_rawnc/sea117.0026.gli.sub.0076.parquet [line 137]
pyglider.seaexplorer:2026-08-13 13:38:49:INFO:data/SEA117-M026_20260128/0_RawData_gli_and_pld\sea117.26.gli.sub.77.gz to data/SEA117-M026_20260128/realtime_rawnc/sea117.0026.gli.sub.0077.parquet [line 137]
pyglider.seaexplorer:2026-08-13 13:38:49:INFO:data/SEA117-M026_20260128/0_RawData_gli_and_pld\sea117.26.gli.sub.78.gz to data/SEA117-M026_20260128/realtime_rawnc/sea117.0026.gli.sub.0078.parquet [line 137]
pyglider.seaexplorer:2026-08-13 13:38:49:INFO:data/SEA117-M026_20260128/0_RawData_gli_and_pld\sea117.26.gli.sub.79.gz to data/SEA117-M026_20260128/realtime_rawnc/sea117.0026.gli.sub.0079.parquet [line 137]
pyglider.seaexplorer:2026-08-13 13:38:49:INFO:data/SEA117-M026_20260128/0_RawData_gli_and_pld\sea117.26.gli.sub.80.gz to data/SEA117-M026_20260128/realtime_rawnc/sea117.0026.gli.sub.0080.parquet [line 137]
pyglider.seaexplorer:2026-08-13 13:38:49:INFO:data/SEA117-M026_20260128/0_RawData_gli_and_pld\sea117.26.gli.sub.81.gz to data/SEA117-M026_20260128/realtime_rawnc/sea117.0026.gli.sub.0081.parquet [line 137]
pyglider.seaexplorer:2026-08-13 13:38:49:INFO:data/SEA117-M026_20260128/0_RawData_gli_and_pld\sea117.26.gli.sub.82.gz to data/SEA117-M026_20260128/realtime_rawnc/sea117.0026.gli.sub.0082.parquet [line 137]
pyglider.seaexplorer:2026-08-13 13:38:49:INFO:data/SEA117-M026_20260128/0_RawData_gli_and_pld\sea117.26.gli.sub.83.gz to data/SEA117-M026_20260128/realtime_rawnc/sea117.0026.gli.sub.0083.parquet [line 137]
pyglider.seaexplorer:2026-08-13 13:38:49:INFO:data/SEA117-M026_20260128/0_RawData_gli_and_pld\sea117.26.gli.sub.84.gz to data/SEA117-M026_20260128/realtime_rawnc/sea117.0026.gli.sub.0084.parquet [line 137]
pyglider.seaexplorer:2026-08-13 13:38:49:INFO:data/SEA117-M026_20260128/0_RawData_gli_and_pld\sea117.26.gli.sub.85.gz to data/SEA117-M026_20260128/realtime_rawnc/sea117.0026.gli.sub.0085.parquet [line 137]
pyglider.seaexplorer:2026-08-13 13:38:49:INFO:data/SEA117-M026_20260128/0_RawData_gli_and_pld\sea117.26.gli.sub.86.gz to data/SEA117-M026_20260128/realtime_rawnc/sea117.0026.gli.sub.0086.parquet [line 137]
pyglider.seaexplorer:2026-08-13 13:38:49:INFO:data/SEA117-M026_20260128/0_RawData_gli_and_pld\sea117.26.gli.sub.87.gz to data/SEA117-M026_20260128/realtime_rawnc/sea117.0026.gli.sub.0087.parquet [line 137]
pyglider.seaexplorer:2026-08-13 13:38:49:INFO:data/SEA117-M026_20260128/0_RawData_gli_and_pld\sea117.26.gli.sub.88.gz to data/SEA117-M026_20260128/realtime_rawnc/sea117.0026.gli.sub.0088.parquet [line 137]
pyglider.seaexplorer:2026-08-13 13:38:49:INFO:data/SEA117-M026_20260128/0_RawData_gli_and_pld\sea117.26.gli.sub.89.gz to data/SEA117-M026_20260128/realtime_rawnc/sea117.0026.gli.sub.0089.parquet [line 137]
pyglider.seaexplorer:2026-08-13 13:38:49:INFO:data/SEA117-M026_20260128/0_RawData_gli_and_pld\sea117.26.gli.sub.90.gz to data/SEA117-M026_20260128/realtime_rawnc/sea117.0026.gli.sub.0090.parquet [line 137]
pyglider.seaexplorer:2026-08-13 13:38:49:INFO:data/SEA117-M026_20260128/0_RawData_gli_and_pld\sea117.26.gli.sub.91.gz to data/SEA117-M026_20260128/realtime_rawnc/sea117.0026.gli.sub.0091.parquet [line 137]
pyglider.seaexplorer:2026-08-13 13:38:49:INFO:data/SEA117-M026_20260128/0_RawData_gli_and_pld\sea117.26.gli.sub.92.gz to data/SEA117-M026_20260128/realtime_rawnc/sea117.0026.gli.sub.0092.parquet [line 137]
pyglider.seaexplorer:2026-08-13 13:38:49:INFO:data/SEA117-M026_20260128/0_RawData_gli_and_pld\sea117.26.gli.sub.93.gz to data/SEA117-M026_20260128/realtime_rawnc/sea117.0026.gli.sub.0093.parquet [line 137]
pyglider.seaexplorer:2026-08-13 13:38:49:INFO:data/SEA117-M026_20260128/0_RawData_gli_and_pld\sea117.26.gli.sub.94.gz to data/SEA117-M026_20260128/realtime_rawnc/sea117.0026.gli.sub.0094.parquet [line 137]
pyglider.seaexplorer:2026-08-13 13:38:49:INFO:data/SEA117-M026_20260128/0_RawData_gli_and_pld\sea117.26.gli.sub.95.gz to data/SEA117-M026_20260128/realtime_rawnc/sea117.0026.gli.sub.0095.parquet [line 137]
pyglider.seaexplorer:2026-08-13 13:38:49:INFO:data/SEA117-M026_20260128/0_RawData_gli_and_pld\sea117.26.gli.sub.96.gz to data/SEA117-M026_20260128/realtime_rawnc/sea117.0026.gli.sub.0096.parquet [line 137]
pyglider.seaexplorer:2026-08-13 13:38:49:INFO:data/SEA117-M026_20260128/0_RawData_gli_and_pld\sea117.26.gli.sub.97.gz to data/SEA117-M026_20260128/realtime_rawnc/sea117.0026.gli.sub.0097.parquet [line 137]
pyglider.seaexplorer:2026-08-13 13:38:49:INFO:data/SEA117-M026_20260128/0_RawData_gli_and_pld\sea117.26.gli.sub.98.gz to data/SEA117-M026_20260128/realtime_rawnc/sea117.0026.gli.sub.0098.parquet [line 137]
pyglider.seaexplorer:2026-08-13 13:38:49:INFO:data/SEA117-M026_20260128/0_RawData_gli_and_pld\sea117.26.gli.sub.99.gz to data/SEA117-M026_20260128/realtime_rawnc/sea117.0026.gli.sub.0099.parquet [line 137]
pyglider.seaexplorer:2026-08-13 13:38:49:INFO:data/SEA117-M026_20260128/0_RawData_gli_and_pld\sea117.26.gli.sub.100.gz to data/SEA117-M026_20260128/realtime_rawnc/sea117.0026.gli.sub.0100.parquet [line 137]
pyglider.seaexplorer:2026-08-13 13:38:49:INFO:data/SEA117-M026_20260128/0_RawData_gli_and_pld\sea117.26.gli.sub.101.gz to data/SEA117-M026_20260128/realtime_rawnc/sea117.0026.gli.sub.0101.parquet [line 137]
pyglider.seaexplorer:2026-08-13 13:38:49:INFO:data/SEA117-M026_20260128/0_RawData_gli_and_pld\sea117.26.gli.sub.102.gz to data/SEA117-M026_20260128/realtime_rawnc/sea117.0026.gli.sub.0102.parquet [line 137]
pyglider.seaexplorer:2026-08-13 13:38:49:INFO:data/SEA117-M026_20260128/0_RawData_gli_and_pld\sea117.26.gli.sub.103.gz to data/SEA117-M026_20260128/realtime_rawnc/sea117.0026.gli.sub.0103.parquet [line 137]
pyglider.seaexplorer:2026-08-13 13:38:49:INFO:data/SEA117-M026_20260128/0_RawData_gli_and_pld\sea117.26.gli.sub.104.gz to data/SEA117-M026_20260128/realtime_rawnc/sea117.0026.gli.sub.0104.parquet [line 137]
pyglider.seaexplorer:2026-08-13 13:38:49:INFO:data/SEA117-M026_20260128/0_RawData_gli_and_pld\sea117.26.gli.sub.105.gz to data/SEA117-M026_20260128/realtime_rawnc/sea117.0026.gli.sub.0105.parquet [line 137]
pyglider.seaexplorer:2026-08-13 13:38:49:INFO:data/SEA117-M026_20260128/0_RawData_gli_and_pld\sea117.26.gli.sub.106.gz to data/SEA117-M026_20260128/realtime_rawnc/sea117.0026.gli.sub.0106.parquet [line 137]
pyglider.seaexplorer:2026-08-13 13:38:49:INFO:data/SEA117-M026_20260128/0_RawData_gli_and_pld\sea117.26.gli.sub.107.gz to data/SEA117-M026_20260128/realtime_rawnc/sea117.0026.gli.sub.0107.parquet [line 137]
pyglider.seaexplorer:2026-08-13 13:38:49:INFO:data/SEA117-M026_20260128/0_RawData_gli_and_pld\sea117.26.gli.sub.108.gz to data/SEA117-M026_20260128/realtime_rawnc/sea117.0026.gli.sub.0108.parquet [line 137]
pyglider.seaexplorer:2026-08-13 13:38:49:INFO:data/SEA117-M026_20260128/0_RawData_gli_and_pld\sea117.26.gli.sub.109.gz to data/SEA117-M026_20260128/realtime_rawnc/sea117.0026.gli.sub.0109.parquet [line 137]
pyglider.seaexplorer:2026-08-13 13:38:49:INFO:data/SEA117-M026_20260128/0_RawData_gli_and_pld\sea117.26.gli.sub.110.gz to data/SEA117-M026_20260128/realtime_rawnc/sea117.0026.gli.sub.0110.parquet [line 137]
pyglider.seaexplorer:2026-08-13 13:38:49:INFO:data/SEA117-M026_20260128/0_RawData_gli_and_pld\sea117.26.gli.sub.111.gz to data/SEA117-M026_20260128/realtime_rawnc/sea117.0026.gli.sub.0111.parquet [line 137]
pyglider.seaexplorer:2026-08-13 13:38:49:INFO:data/SEA117-M026_20260128/0_RawData_gli_and_pld\sea117.26.gli.sub.112.gz to data/SEA117-M026_20260128/realtime_rawnc/sea117.0026.gli.sub.0112.parquet [line 137]
pyglider.seaexplorer:2026-08-13 13:38:49:INFO:data/SEA117-M026_20260128/0_RawData_gli_and_pld\sea117.26.gli.sub.113.gz to data/SEA117-M026_20260128/realtime_rawnc/sea117.0026.gli.sub.0113.parquet [line 137]
pyglider.seaexplorer:2026-08-13 13:38:49:INFO:data/SEA117-M026_20260128/0_RawData_gli_and_pld\sea117.26.gli.sub.114.gz to data/SEA117-M026_20260128/realtime_rawnc/sea117.0026.gli.sub.0114.parquet [line 137]
pyglider.seaexplorer:2026-08-13 13:38:49:INFO:data/SEA117-M026_20260128/0_RawData_gli_and_pld\sea117.26.gli.sub.115.gz to data/SEA117-M026_20260128/realtime_rawnc/sea117.0026.gli.sub.0115.parquet [line 137]
pyglider.seaexplorer:2026-08-13 13:38:49:INFO:data/SEA117-M026_20260128/0_RawData_gli_and_pld\sea117.26.gli.sub.116.gz to data/SEA117-M026_20260128/realtime_rawnc/sea117.0026.gli.sub.0116.parquet [line 137]
pyglider.seaexplorer:2026-08-13 13:38:49:INFO:data/SEA117-M026_20260128/0_RawData_gli_and_pld\sea117.26.gli.sub.117.gz to data/SEA117-M026_20260128/realtime_rawnc/sea117.0026.gli.sub.0117.parquet [line 137]
pyglider.seaexplorer:2026-08-13 13:38:49:INFO:data/SEA117-M026_20260128/0_RawData_gli_and_pld\sea117.26.gli.sub.118.gz to data/SEA117-M026_20260128/realtime_rawnc/sea117.0026.gli.sub.0118.parquet [line 137]
pyglider.seaexplorer:2026-08-13 13:38:49:INFO:data/SEA117-M026_20260128/0_RawData_gli_and_pld\sea117.26.gli.sub.119.gz to data/SEA117-M026_20260128/realtime_rawnc/sea117.0026.gli.sub.0119.parquet [line 137]
pyglider.seaexplorer:2026-08-13 13:38:49:INFO:data/SEA117-M026_20260128/0_RawData_gli_and_pld\sea117.26.gli.sub.120.gz to data/SEA117-M026_20260128/realtime_rawnc/sea117.0026.gli.sub.0120.parquet [line 137]
pyglider.seaexplorer:2026-08-13 13:38:49:INFO:data/SEA117-M026_20260128/0_RawData_gli_and_pld\sea117.26.gli.sub.121.gz to data/SEA117-M026_20260128/realtime_rawnc/sea117.0026.gli.sub.0121.parquet [line 137]
pyglider.seaexplorer:2026-08-13 13:38:49:INFO:data/SEA117-M026_20260128/0_RawData_gli_and_pld\sea117.26.gli.sub.122.gz to data/SEA117-M026_20260128/realtime_rawnc/sea117.0026.gli.sub.0122.parquet [line 137]
pyglider.seaexplorer:2026-08-13 13:38:49:INFO:data/SEA117-M026_20260128/0_RawData_gli_and_pld\sea117.26.gli.sub.123.gz to data/SEA117-M026_20260128/realtime_rawnc/sea117.0026.gli.sub.0123.parquet [line 137]
pyglider.seaexplorer:2026-08-13 13:38:49:INFO:data/SEA117-M026_20260128/0_RawData_gli_and_pld\sea117.26.gli.sub.124.gz to data/SEA117-M026_20260128/realtime_rawnc/sea117.0026.gli.sub.0124.parquet [line 137]
pyglider.seaexplorer:2026-08-13 13:38:49:INFO:data/SEA117-M026_20260128/0_RawData_gli_and_pld\sea117.26.gli.sub.125.gz to data/SEA117-M026_20260128/realtime_rawnc/sea117.0026.gli.sub.0125.parquet [line 137]
pyglider.seaexplorer:2026-08-13 13:38:49:INFO:data/SEA117-M026_20260128/0_RawData_gli_and_pld\sea117.26.gli.sub.126.gz to data/SEA117-M026_20260128/realtime_rawnc/sea117.0026.gli.sub.0126.parquet [line 137]
pyglider.seaexplorer:2026-08-13 13:38:49:INFO:data/SEA117-M026_20260128/0_RawData_gli_and_pld\sea117.26.gli.sub.127.gz to data/SEA117-M026_20260128/realtime_rawnc/sea117.0026.gli.sub.0127.parquet [line 137]
pyglider.seaexplorer:2026-08-13 13:38:49:INFO:data/SEA117-M026_20260128/0_RawData_gli_and_pld\sea117.26.gli.sub.128.gz to data/SEA117-M026_20260128/realtime_rawnc/sea117.0026.gli.sub.0128.parquet [line 137]
pyglider.seaexplorer:2026-08-13 13:38:49:INFO:data/SEA117-M026_20260128/0_RawData_gli_and_pld\sea117.26.gli.sub.129.gz to data/SEA117-M026_20260128/realtime_rawnc/sea117.0026.gli.sub.0129.parquet [line 137]
pyglider.seaexplorer:2026-08-13 13:38:49:INFO:data/SEA117-M026_20260128/0_RawData_gli_and_pld\sea117.26.gli.sub.130.gz to data/SEA117-M026_20260128/realtime_rawnc/sea117.0026.gli.sub.0130.parquet [line 137]
pyglider.seaexplorer:2026-08-13 13:38:49:INFO:data/SEA117-M026_20260128/0_RawData_gli_and_pld\sea117.26.gli.sub.131.gz to data/SEA117-M026_20260128/realtime_rawnc/sea117.0026.gli.sub.0131.parquet [line 137]
pyglider.seaexplorer:2026-08-13 13:38:49:INFO:data/SEA117-M026_20260128/0_RawData_gli_and_pld\sea117.26.gli.sub.132.gz to data/SEA117-M026_20260128/realtime_rawnc/sea117.0026.gli.sub.0132.parquet [line 137]
pyglider.seaexplorer:2026-08-13 13:38:49:INFO:data/SEA117-M026_20260128/0_RawData_gli_and_pld\sea117.26.gli.sub.133.gz to data/SEA117-M026_20260128/realtime_rawnc/sea117.0026.gli.sub.0133.parquet [line 137]
pyglider.seaexplorer:2026-08-13 13:38:49:INFO:data/SEA117-M026_20260128/0_RawData_gli_and_pld\sea117.26.gli.sub.134.gz to data/SEA117-M026_20260128/realtime_rawnc/sea117.0026.gli.sub.0134.parquet [line 137]
pyglider.seaexplorer:2026-08-13 13:38:49:INFO:data/SEA117-M026_20260128/0_RawData_gli_and_pld\sea117.26.gli.sub.135.gz to data/SEA117-M026_20260128/realtime_rawnc/sea117.0026.gli.sub.0135.parquet [line 137]
pyglider.seaexplorer:2026-08-13 13:38:49:INFO:data/SEA117-M026_20260128/0_RawData_gli_and_pld\sea117.26.gli.sub.136.gz to data/SEA117-M026_20260128/realtime_rawnc/sea117.0026.gli.sub.0136.parquet [line 137]
pyglider.seaexplorer:2026-08-13 13:38:49:INFO:data/SEA117-M026_20260128/0_RawData_gli_and_pld\sea117.26.gli.sub.137.gz to data/SEA117-M026_20260128/realtime_rawnc/sea117.0026.gli.sub.0137.parquet [line 137]
pyglider.seaexplorer:2026-08-13 13:38:49:INFO:data/SEA117-M026_20260128/0_RawData_gli_and_pld\sea117.26.gli.sub.138.gz to data/SEA117-M026_20260128/realtime_rawnc/sea117.0026.gli.sub.0138.parquet [line 137]
pyglider.seaexplorer:2026-08-13 13:38:49:INFO:data/SEA117-M026_20260128/0_RawData_gli_and_pld\sea117.26.gli.sub.139.gz to data/SEA117-M026_20260128/realtime_rawnc/sea117.0026.gli.sub.0139.parquet [line 137]
pyglider.seaexplorer:2026-08-13 13:38:49:INFO:data/SEA117-M026_20260128/0_RawData_gli_and_pld\sea117.26.gli.sub.140.gz to data/SEA117-M026_20260128/realtime_rawnc/sea117.0026.gli.sub.0140.parquet [line 137]
pyglider.seaexplorer:2026-08-13 13:38:49:INFO:data/SEA117-M026_20260128/0_RawData_gli_and_pld\sea117.26.gli.sub.141.gz to data/SEA117-M026_20260128/realtime_rawnc/sea117.0026.gli.sub.0141.parquet [line 137]
pyglider.seaexplorer:2026-08-13 13:38:49:INFO:data/SEA117-M026_20260128/0_RawData_gli_and_pld\sea117.26.gli.sub.142.gz to data/SEA117-M026_20260128/realtime_rawnc/sea117.0026.gli.sub.0142.parquet [line 137]
pyglider.seaexplorer:2026-08-13 13:38:49:INFO:data/SEA117-M026_20260128/0_RawData_gli_and_pld\sea117.26.gli.sub.143.gz to data/SEA117-M026_20260128/realtime_rawnc/sea117.0026.gli.sub.0143.parquet [line 137]
pyglider.seaexplorer:2026-08-13 13:38:49:INFO:data/SEA117-M026_20260128/0_RawData_gli_and_pld\sea117.26.gli.sub.144.gz to data/SEA117-M026_20260128/realtime_rawnc/sea117.0026.gli.sub.0144.parquet [line 137]
pyglider.seaexplorer:2026-08-13 13:38:49:INFO:data/SEA117-M026_20260128/0_RawData_gli_and_pld\sea117.26.gli.sub.145.gz to data/SEA117-M026_20260128/realtime_rawnc/sea117.0026.gli.sub.0145.parquet [line 137]
pyglider.seaexplorer:2026-08-13 13:38:49:INFO:data/SEA117-M026_20260128/0_RawData_gli_and_pld\sea117.26.gli.sub.146.gz to data/SEA117-M026_20260128/realtime_rawnc/sea117.0026.gli.sub.0146.parquet [line 137]
pyglider.seaexplorer:2026-08-13 13:38:49:INFO:data/SEA117-M026_20260128/0_RawData_gli_and_pld\sea117.26.gli.sub.147.gz to data/SEA117-M026_20260128/realtime_rawnc/sea117.0026.gli.sub.0147.parquet [line 137]
pyglider.seaexplorer:2026-08-13 13:38:49:INFO:data/SEA117-M026_20260128/0_RawData_gli_and_pld\sea117.26.gli.sub.148.gz to data/SEA117-M026_20260128/realtime_rawnc/sea117.0026.gli.sub.0148.parquet [line 137]
pyglider.seaexplorer:2026-08-13 13:38:49:INFO:data/SEA117-M026_20260128/0_RawData_gli_and_pld\sea117.26.gli.sub.149.gz to data/SEA117-M026_20260128/realtime_rawnc/sea117.0026.gli.sub.0149.parquet [line 137]
pyglider.seaexplorer:2026-08-13 13:38:49:INFO:data/SEA117-M026_20260128/0_RawData_gli_and_pld\sea117.26.gli.sub.150.gz to data/SEA117-M026_20260128/realtime_rawnc/sea117.0026.gli.sub.0150.parquet [line 137]
pyglider.seaexplorer:2026-08-13 13:38:49:INFO:data/SEA117-M026_20260128/0_RawData_gli_and_pld\sea117.26.gli.sub.151.gz to data/SEA117-M026_20260128/realtime_rawnc/sea117.0026.gli.sub.0151.parquet [line 137]
pyglider.seaexplorer:2026-08-13 13:38:49:INFO:data/SEA117-M026_20260128/0_RawData_gli_and_pld\sea117.26.gli.sub.152.gz to data/SEA117-M026_20260128/realtime_rawnc/sea117.0026.gli.sub.0152.parquet [line 137]
pyglider.seaexplorer:2026-08-13 13:38:49:INFO:data/SEA117-M026_20260128/0_RawData_gli_and_pld\sea117.26.gli.sub.153.gz to data/SEA117-M026_20260128/realtime_rawnc/sea117.0026.gli.sub.0153.parquet [line 137]
pyglider.seaexplorer:2026-08-13 13:38:49:INFO:data/SEA117-M026_20260128/0_RawData_gli_and_pld\sea117.26.gli.sub.154.gz to data/SEA117-M026_20260128/realtime_rawnc/sea117.0026.gli.sub.0154.parquet [line 137]
pyglider.seaexplorer:2026-08-13 13:38:49:INFO:data/SEA117-M026_20260128/0_RawData_gli_and_pld\sea117.26.gli.sub.155.gz to data/SEA117-M026_20260128/realtime_rawnc/sea117.0026.gli.sub.0155.parquet [line 137]
pyglider.seaexplorer:2026-08-13 13:38:49:INFO:data/SEA117-M026_20260128/0_RawData_gli_and_pld\sea117.26.gli.sub.156.gz to data/SEA117-M026_20260128/realtime_rawnc/sea117.0026.gli.sub.0156.parquet [line 137]
pyglider.seaexplorer:2026-08-13 13:38:49:INFO:data/SEA117-M026_20260128/0_RawData_gli_and_pld\sea117.26.gli.sub.157.gz to data/SEA117-M026_20260128/realtime_rawnc/sea117.0026.gli.sub.0157.parquet [line 137]
pyglider.seaexplorer:2026-08-13 13:38:49:INFO:data/SEA117-M026_20260128/0_RawData_gli_and_pld\sea117.26.gli.sub.158.gz to data/SEA117-M026_20260128/realtime_rawnc/sea117.0026.gli.sub.0158.parquet [line 137]
pyglider.seaexplorer:2026-08-13 13:38:49:INFO:data/SEA117-M026_20260128/0_RawData_gli_and_pld\sea117.26.gli.sub.159.gz to data/SEA117-M026_20260128/realtime_rawnc/sea117.0026.gli.sub.0159.parquet [line 137]
pyglider.seaexplorer:2026-08-13 13:38:49:INFO:Reading in raw files matching *pld1.raw* [line 115]
pyglider.seaexplorer:2026-08-13 13:38:49:INFO:Nfiles found: 88 [line 119]
pyglider.seaexplorer:2026-08-13 13:38:49:INFO:found ['data/SEA117-M026_20260128/0_RawData_gli_and_pld\\sea117.26.pld1.raw.1.gz', 'data/SEA117-M026_20260128/0_RawData_gli_and_pld\\sea117.26.pld1.raw.2.gz', 'data/SEA117-M026_20260128/0_RawData_gli_and_pld\\sea117.26.pld1.raw.3.gz', 'data/SEA117-M026_20260128/0_RawData_gli_and_pld\\sea117.26.pld1.raw.4.gz', 'data/SEA117-M026_20260128/0_RawData_gli_and_pld\\sea117.26.pld1.raw.5.gz', 'data/SEA117-M026_20260128/0_RawData_gli_and_pld\\sea117.26.pld1.raw.6.gz', 'data/SEA117-M026_20260128/0_RawData_gli_and_pld\\sea117.26.pld1.raw.7.gz', 'data/SEA117-M026_20260128/0_RawData_gli_and_pld\\sea117.26.pld1.raw.8.gz', 'data/SEA117-M026_20260128/0_RawData_gli_and_pld\\sea117.26.pld1.raw.9.gz', 'data/SEA117-M026_20260128/0_RawData_gli_and_pld\\sea117.26.pld1.raw.10.gz', 'data/SEA117-M026_20260128/0_RawData_gli_and_pld\\sea117.26.pld1.raw.11.gz', 'data/SEA117-M026_20260128/0_RawData_gli_and_pld\\sea117.26.pld1.raw.12.gz', 'data/SEA117-M026_20260128/0_RawData_gli_and_pld\\sea117.26.pld1.raw.13.gz', 'data/SEA117-M026_20260128/0_RawData_gli_and_pld\\sea117.26.pld1.raw.14.gz', 'data/SEA117-M026_20260128/0_RawData_gli_and_pld\\sea117.26.pld1.raw.15.gz', 'data/SEA117-M026_20260128/0_RawData_gli_and_pld\\sea117.26.pld1.raw.16.gz', 'data/SEA117-M026_20260128/0_RawData_gli_and_pld\\sea117.26.pld1.raw.17.gz', 'data/SEA117-M026_20260128/0_RawData_gli_and_pld\\sea117.26.pld1.raw.18.gz', 'data/SEA117-M026_20260128/0_RawData_gli_and_pld\\sea117.26.pld1.raw.19.gz', 'data/SEA117-M026_20260128/0_RawData_gli_and_pld\\sea117.26.pld1.raw.20.gz', 'data/SEA117-M026_20260128/0_RawData_gli_and_pld\\sea117.26.pld1.raw.21.gz', 'data/SEA117-M026_20260128/0_RawData_gli_and_pld\\sea117.26.pld1.raw.22.gz', 'data/SEA117-M026_20260128/0_RawData_gli_and_pld\\sea117.26.pld1.raw.23.gz', 'data/SEA117-M026_20260128/0_RawData_gli_and_pld\\sea117.26.pld1.raw.24.gz', 'data/SEA117-M026_20260128/0_RawData_gli_and_pld\\sea117.26.pld1.raw.25.gz', 'data/SEA117-M026_20260128/0_RawData_gli_and_pld\\sea117.26.pld1.raw.26.gz', 'data/SEA117-M026_20260128/0_RawData_gli_and_pld\\sea117.26.pld1.raw.27.gz', 'data/SEA117-M026_20260128/0_RawData_gli_and_pld\\sea117.26.pld1.raw.28.gz', 'data/SEA117-M026_20260128/0_RawData_gli_and_pld\\sea117.26.pld1.raw.29.gz', 'data/SEA117-M026_20260128/0_RawData_gli_and_pld\\sea117.26.pld1.raw.30.gz', 'data/SEA117-M026_20260128/0_RawData_gli_and_pld\\sea117.26.pld1.raw.31.gz', 'data/SEA117-M026_20260128/0_RawData_gli_and_pld\\sea117.26.pld1.raw.32.gz', 'data/SEA117-M026_20260128/0_RawData_gli_and_pld\\sea117.26.pld1.raw.33.gz', 'data/SEA117-M026_20260128/0_RawData_gli_and_pld\\sea117.26.pld1.raw.34.gz', 'data/SEA117-M026_20260128/0_RawData_gli_and_pld\\sea117.26.pld1.raw.35.gz', 'data/SEA117-M026_20260128/0_RawData_gli_and_pld\\sea117.26.pld1.raw.36.gz', 'data/SEA117-M026_20260128/0_RawData_gli_and_pld\\sea117.26.pld1.raw.37.gz', 'data/SEA117-M026_20260128/0_RawData_gli_and_pld\\sea117.26.pld1.raw.38.gz', 'data/SEA117-M026_20260128/0_RawData_gli_and_pld\\sea117.26.pld1.raw.39.gz', 'data/SEA117-M026_20260128/0_RawData_gli_and_pld\\sea117.26.pld1.raw.40.gz', 'data/SEA117-M026_20260128/0_RawData_gli_and_pld\\sea117.26.pld1.raw.41.gz', 'data/SEA117-M026_20260128/0_RawData_gli_and_pld\\sea117.26.pld1.raw.42.gz', 'data/SEA117-M026_20260128/0_RawData_gli_and_pld\\sea117.26.pld1.raw.43.gz', 'data/SEA117-M026_20260128/0_RawData_gli_and_pld\\sea117.26.pld1.raw.44.gz', 'data/SEA117-M026_20260128/0_RawData_gli_and_pld\\sea117.26.pld1.raw.45.gz', 'data/SEA117-M026_20260128/0_RawData_gli_and_pld\\sea117.26.pld1.raw.46.gz', 'data/SEA117-M026_20260128/0_RawData_gli_and_pld\\sea117.26.pld1.raw.47.gz', 'data/SEA117-M026_20260128/0_RawData_gli_and_pld\\sea117.26.pld1.raw.48.gz', 'data/SEA117-M026_20260128/0_RawData_gli_and_pld\\sea117.26.pld1.raw.49.gz', 'data/SEA117-M026_20260128/0_RawData_gli_and_pld\\sea117.26.pld1.raw.50.gz', 'data/SEA117-M026_20260128/0_RawData_gli_and_pld\\sea117.26.pld1.raw.51.gz', 'data/SEA117-M026_20260128/0_RawData_gli_and_pld\\sea117.26.pld1.raw.52.gz', 'data/SEA117-M026_20260128/0_RawData_gli_and_pld\\sea117.26.pld1.raw.53.gz', 'data/SEA117-M026_20260128/0_RawData_gli_and_pld\\sea117.26.pld1.raw.54.gz', 'data/SEA117-M026_20260128/0_RawData_gli_and_pld\\sea117.26.pld1.raw.55.gz', 'data/SEA117-M026_20260128/0_RawData_gli_and_pld\\sea117.26.pld1.raw.56.gz', 'data/SEA117-M026_20260128/0_RawData_gli_and_pld\\sea117.26.pld1.raw.57.gz', 'data/SEA117-M026_20260128/0_RawData_gli_and_pld\\sea117.26.pld1.raw.58.gz', 'data/SEA117-M026_20260128/0_RawData_gli_and_pld\\sea117.26.pld1.raw.59.gz', 'data/SEA117-M026_20260128/0_RawData_gli_and_pld\\sea117.26.pld1.raw.60.gz', 'data/SEA117-M026_20260128/0_RawData_gli_and_pld\\sea117.26.pld1.raw.61.gz', 'data/SEA117-M026_20260128/0_RawData_gli_and_pld\\sea117.26.pld1.raw.62.gz', 'data/SEA117-M026_20260128/0_RawData_gli_and_pld\\sea117.26.pld1.raw.63.gz', 'data/SEA117-M026_20260128/0_RawData_gli_and_pld\\sea117.26.pld1.raw.64.gz', 'data/SEA117-M026_20260128/0_RawData_gli_and_pld\\sea117.26.pld1.raw.65.gz', 'data/SEA117-M026_20260128/0_RawData_gli_and_pld\\sea117.26.pld1.raw.66.gz', 'data/SEA117-M026_20260128/0_RawData_gli_and_pld\\sea117.26.pld1.raw.67.gz', 'data/SEA117-M026_20260128/0_RawData_gli_and_pld\\sea117.26.pld1.raw.68.gz', 'data/SEA117-M026_20260128/0_RawData_gli_and_pld\\sea117.26.pld1.raw.69.gz', 'data/SEA117-M026_20260128/0_RawData_gli_and_pld\\sea117.26.pld1.raw.70.gz', 'data/SEA117-M026_20260128/0_RawData_gli_and_pld\\sea117.26.pld1.raw.71.gz', 'data/SEA117-M026_20260128/0_RawData_gli_and_pld\\sea117.26.pld1.raw.72.gz', 'data/SEA117-M026_20260128/0_RawData_gli_and_pld\\sea117.26.pld1.raw.73.gz', 'data/SEA117-M026_20260128/0_RawData_gli_and_pld\\sea117.26.pld1.raw.74.gz', 'data/SEA117-M026_20260128/0_RawData_gli_and_pld\\sea117.26.pld1.raw.75.gz', 'data/SEA117-M026_20260128/0_RawData_gli_and_pld\\sea117.26.pld1.raw.76.gz', 'data/SEA117-M026_20260128/0_RawData_gli_and_pld\\sea117.26.pld1.raw.77.gz', 'data/SEA117-M026_20260128/0_RawData_gli_and_pld\\sea117.26.pld1.raw.78.gz', 'data/SEA117-M026_20260128/0_RawData_gli_and_pld\\sea117.26.pld1.raw.79.gz', 'data/SEA117-M026_20260128/0_RawData_gli_and_pld\\sea117.26.pld1.raw.80.gz', 'data/SEA117-M026_20260128/0_RawData_gli_and_pld\\sea117.26.pld1.raw.81.gz', 'data/SEA117-M026_20260128/0_RawData_gli_and_pld\\sea117.26.pld1.raw.82.gz', 'data/SEA117-M026_20260128/0_RawData_gli_and_pld\\sea117.26.pld1.raw.83.gz', 'data/SEA117-M026_20260128/0_RawData_gli_and_pld\\sea117.26.pld1.raw.84.gz', 'data/SEA117-M026_20260128/0_RawData_gli_and_pld\\sea117.26.pld1.raw.85.gz', 'data/SEA117-M026_20260128/0_RawData_gli_and_pld\\sea117.26.pld1.raw.86.gz', 'data/SEA117-M026_20260128/0_RawData_gli_and_pld\\sea117.26.pld1.raw.87.gz', 'data/SEA117-M026_20260128/0_RawData_gli_and_pld\\sea117.26.pld1.raw.88.gz'] [line 128]
pyglider.seaexplorer:2026-08-13 13:38:49:INFO:data/SEA117-M026_20260128/0_RawData_gli_and_pld\sea117.26.pld1.raw.1.gz to data/SEA117-M026_20260128/realtime_rawnc/sea117.0026.pld1.raw.0001.parquet [line 137]
pyglider.seaexplorer:2026-08-13 13:38:49:INFO:data/SEA117-M026_20260128/0_RawData_gli_and_pld\sea117.26.pld1.raw.2.gz to data/SEA117-M026_20260128/realtime_rawnc/sea117.0026.pld1.raw.0002.parquet [line 137]
pyglider.seaexplorer:2026-08-13 13:38:49:INFO:data/SEA117-M026_20260128/0_RawData_gli_and_pld\sea117.26.pld1.raw.3.gz to data/SEA117-M026_20260128/realtime_rawnc/sea117.0026.pld1.raw.0003.parquet [line 137]
pyglider.seaexplorer:2026-08-13 13:38:49:INFO:data/SEA117-M026_20260128/0_RawData_gli_and_pld\sea117.26.pld1.raw.4.gz to data/SEA117-M026_20260128/realtime_rawnc/sea117.0026.pld1.raw.0004.parquet [line 137]
pyglider.seaexplorer:2026-08-13 13:38:49:INFO:data/SEA117-M026_20260128/0_RawData_gli_and_pld\sea117.26.pld1.raw.5.gz to data/SEA117-M026_20260128/realtime_rawnc/sea117.0026.pld1.raw.0005.parquet [line 137]
pyglider.seaexplorer:2026-08-13 13:38:49:INFO:data/SEA117-M026_20260128/0_RawData_gli_and_pld\sea117.26.pld1.raw.6.gz to data/SEA117-M026_20260128/realtime_rawnc/sea117.0026.pld1.raw.0006.parquet [line 137]
pyglider.seaexplorer:2026-08-13 13:38:49:INFO:data/SEA117-M026_20260128/0_RawData_gli_and_pld\sea117.26.pld1.raw.7.gz to data/SEA117-M026_20260128/realtime_rawnc/sea117.0026.pld1.raw.0007.parquet [line 137]
pyglider.seaexplorer:2026-08-13 13:38:49:INFO:data/SEA117-M026_20260128/0_RawData_gli_and_pld\sea117.26.pld1.raw.8.gz to data/SEA117-M026_20260128/realtime_rawnc/sea117.0026.pld1.raw.0008.parquet [line 137]
pyglider.seaexplorer:2026-08-13 13:38:49:INFO:data/SEA117-M026_20260128/0_RawData_gli_and_pld\sea117.26.pld1.raw.9.gz to data/SEA117-M026_20260128/realtime_rawnc/sea117.0026.pld1.raw.0009.parquet [line 137]
pyglider.seaexplorer:2026-08-13 13:38:49:INFO:data/SEA117-M026_20260128/0_RawData_gli_and_pld\sea117.26.pld1.raw.10.gz to data/SEA117-M026_20260128/realtime_rawnc/sea117.0026.pld1.raw.0010.parquet [line 137]
pyglider.seaexplorer:2026-08-13 13:38:49:INFO:data/SEA117-M026_20260128/0_RawData_gli_and_pld\sea117.26.pld1.raw.11.gz to data/SEA117-M026_20260128/realtime_rawnc/sea117.0026.pld1.raw.0011.parquet [line 137]
pyglider.seaexplorer:2026-08-13 13:38:49:INFO:data/SEA117-M026_20260128/0_RawData_gli_and_pld\sea117.26.pld1.raw.12.gz to data/SEA117-M026_20260128/realtime_rawnc/sea117.0026.pld1.raw.0012.parquet [line 137]
pyglider.seaexplorer:2026-08-13 13:38:49:INFO:data/SEA117-M026_20260128/0_RawData_gli_and_pld\sea117.26.pld1.raw.13.gz to data/SEA117-M026_20260128/realtime_rawnc/sea117.0026.pld1.raw.0013.parquet [line 137]
pyglider.seaexplorer:2026-08-13 13:38:49:INFO:data/SEA117-M026_20260128/0_RawData_gli_and_pld\sea117.26.pld1.raw.14.gz to data/SEA117-M026_20260128/realtime_rawnc/sea117.0026.pld1.raw.0014.parquet [line 137]
pyglider.seaexplorer:2026-08-13 13:38:49:INFO:data/SEA117-M026_20260128/0_RawData_gli_and_pld\sea117.26.pld1.raw.15.gz to data/SEA117-M026_20260128/realtime_rawnc/sea117.0026.pld1.raw.0015.parquet [line 137]
pyglider.seaexplorer:2026-08-13 13:38:49:INFO:data/SEA117-M026_20260128/0_RawData_gli_and_pld\sea117.26.pld1.raw.16.gz to data/SEA117-M026_20260128/realtime_rawnc/sea117.0026.pld1.raw.0016.parquet [line 137]
pyglider.seaexplorer:2026-08-13 13:38:49:INFO:data/SEA117-M026_20260128/0_RawData_gli_and_pld\sea117.26.pld1.raw.17.gz to data/SEA117-M026_20260128/realtime_rawnc/sea117.0026.pld1.raw.0017.parquet [line 137]
pyglider.seaexplorer:2026-08-13 13:38:49:INFO:data/SEA117-M026_20260128/0_RawData_gli_and_pld\sea117.26.pld1.raw.18.gz to data/SEA117-M026_20260128/realtime_rawnc/sea117.0026.pld1.raw.0018.parquet [line 137]
pyglider.seaexplorer:2026-08-13 13:38:49:INFO:data/SEA117-M026_20260128/0_RawData_gli_and_pld\sea117.26.pld1.raw.19.gz to data/SEA117-M026_20260128/realtime_rawnc/sea117.0026.pld1.raw.0019.parquet [line 137]
pyglider.seaexplorer:2026-08-13 13:38:49:INFO:data/SEA117-M026_20260128/0_RawData_gli_and_pld\sea117.26.pld1.raw.20.gz to data/SEA117-M026_20260128/realtime_rawnc/sea117.0026.pld1.raw.0020.parquet [line 137]
pyglider.seaexplorer:2026-08-13 13:38:49:INFO:data/SEA117-M026_20260128/0_RawData_gli_and_pld\sea117.26.pld1.raw.21.gz to data/SEA117-M026_20260128/realtime_rawnc/sea117.0026.pld1.raw.0021.parquet [line 137]
pyglider.seaexplorer:2026-08-13 13:38:49:INFO:data/SEA117-M026_20260128/0_RawData_gli_and_pld\sea117.26.pld1.raw.22.gz to data/SEA117-M026_20260128/realtime_rawnc/sea117.0026.pld1.raw.0022.parquet [line 137]
pyglider.seaexplorer:2026-08-13 13:38:49:INFO:data/SEA117-M026_20260128/0_RawData_gli_and_pld\sea117.26.pld1.raw.23.gz to data/SEA117-M026_20260128/realtime_rawnc/sea117.0026.pld1.raw.0023.parquet [line 137]
pyglider.seaexplorer:2026-08-13 13:38:49:INFO:data/SEA117-M026_20260128/0_RawData_gli_and_pld\sea117.26.pld1.raw.24.gz to data/SEA117-M026_20260128/realtime_rawnc/sea117.0026.pld1.raw.0024.parquet [line 137]
pyglider.seaexplorer:2026-08-13 13:38:49:INFO:data/SEA117-M026_20260128/0_RawData_gli_and_pld\sea117.26.pld1.raw.25.gz to data/SEA117-M026_20260128/realtime_rawnc/sea117.0026.pld1.raw.0025.parquet [line 137]
pyglider.seaexplorer:2026-08-13 13:38:49:INFO:data/SEA117-M026_20260128/0_RawData_gli_and_pld\sea117.26.pld1.raw.26.gz to data/SEA117-M026_20260128/realtime_rawnc/sea117.0026.pld1.raw.0026.parquet [line 137]
pyglider.seaexplorer:2026-08-13 13:38:49:INFO:data/SEA117-M026_20260128/0_RawData_gli_and_pld\sea117.26.pld1.raw.27.gz to data/SEA117-M026_20260128/realtime_rawnc/sea117.0026.pld1.raw.0027.parquet [line 137]
pyglider.seaexplorer:2026-08-13 13:38:49:INFO:data/SEA117-M026_20260128/0_RawData_gli_and_pld\sea117.26.pld1.raw.28.gz to data/SEA117-M026_20260128/realtime_rawnc/sea117.0026.pld1.raw.0028.parquet [line 137]
pyglider.seaexplorer:2026-08-13 13:38:49:INFO:data/SEA117-M026_20260128/0_RawData_gli_and_pld\sea117.26.pld1.raw.29.gz to data/SEA117-M026_20260128/realtime_rawnc/sea117.0026.pld1.raw.0029.parquet [line 137]
pyglider.seaexplorer:2026-08-13 13:38:49:INFO:data/SEA117-M026_20260128/0_RawData_gli_and_pld\sea117.26.pld1.raw.30.gz to data/SEA117-M026_20260128/realtime_rawnc/sea117.0026.pld1.raw.0030.parquet [line 137]
pyglider.seaexplorer:2026-08-13 13:38:49:INFO:data/SEA117-M026_20260128/0_RawData_gli_and_pld\sea117.26.pld1.raw.31.gz to data/SEA117-M026_20260128/realtime_rawnc/sea117.0026.pld1.raw.0031.parquet [line 137]
pyglider.seaexplorer:2026-08-13 13:38:49:INFO:data/SEA117-M026_20260128/0_RawData_gli_and_pld\sea117.26.pld1.raw.32.gz to data/SEA117-M026_20260128/realtime_rawnc/sea117.0026.pld1.raw.0032.parquet [line 137]
pyglider.seaexplorer:2026-08-13 13:38:49:INFO:data/SEA117-M026_20260128/0_RawData_gli_and_pld\sea117.26.pld1.raw.33.gz to data/SEA117-M026_20260128/realtime_rawnc/sea117.0026.pld1.raw.0033.parquet [line 137]
pyglider.seaexplorer:2026-08-13 13:38:49:INFO:data/SEA117-M026_20260128/0_RawData_gli_and_pld\sea117.26.pld1.raw.34.gz to data/SEA117-M026_20260128/realtime_rawnc/sea117.0026.pld1.raw.0034.parquet [line 137]
pyglider.seaexplorer:2026-08-13 13:38:49:INFO:data/SEA117-M026_20260128/0_RawData_gli_and_pld\sea117.26.pld1.raw.35.gz to data/SEA117-M026_20260128/realtime_rawnc/sea117.0026.pld1.raw.0035.parquet [line 137]
pyglider.seaexplorer:2026-08-13 13:38:49:INFO:data/SEA117-M026_20260128/0_RawData_gli_and_pld\sea117.26.pld1.raw.36.gz to data/SEA117-M026_20260128/realtime_rawnc/sea117.0026.pld1.raw.0036.parquet [line 137]
pyglider.seaexplorer:2026-08-13 13:38:49:INFO:data/SEA117-M026_20260128/0_RawData_gli_and_pld\sea117.26.pld1.raw.37.gz to data/SEA117-M026_20260128/realtime_rawnc/sea117.0026.pld1.raw.0037.parquet [line 137]
pyglider.seaexplorer:2026-08-13 13:38:49:INFO:data/SEA117-M026_20260128/0_RawData_gli_and_pld\sea117.26.pld1.raw.38.gz to data/SEA117-M026_20260128/realtime_rawnc/sea117.0026.pld1.raw.0038.parquet [line 137]
pyglider.seaexplorer:2026-08-13 13:38:49:INFO:data/SEA117-M026_20260128/0_RawData_gli_and_pld\sea117.26.pld1.raw.39.gz to data/SEA117-M026_20260128/realtime_rawnc/sea117.0026.pld1.raw.0039.parquet [line 137]
pyglider.seaexplorer:2026-08-13 13:38:49:INFO:data/SEA117-M026_20260128/0_RawData_gli_and_pld\sea117.26.pld1.raw.40.gz to data/SEA117-M026_20260128/realtime_rawnc/sea117.0026.pld1.raw.0040.parquet [line 137]
pyglider.seaexplorer:2026-08-13 13:38:49:INFO:data/SEA117-M026_20260128/0_RawData_gli_and_pld\sea117.26.pld1.raw.41.gz to data/SEA117-M026_20260128/realtime_rawnc/sea117.0026.pld1.raw.0041.parquet [line 137]
pyglider.seaexplorer:2026-08-13 13:38:49:INFO:data/SEA117-M026_20260128/0_RawData_gli_and_pld\sea117.26.pld1.raw.42.gz to data/SEA117-M026_20260128/realtime_rawnc/sea117.0026.pld1.raw.0042.parquet [line 137]
pyglider.seaexplorer:2026-08-13 13:38:49:INFO:data/SEA117-M026_20260128/0_RawData_gli_and_pld\sea117.26.pld1.raw.43.gz to data/SEA117-M026_20260128/realtime_rawnc/sea117.0026.pld1.raw.0043.parquet [line 137]
pyglider.seaexplorer:2026-08-13 13:38:49:INFO:data/SEA117-M026_20260128/0_RawData_gli_and_pld\sea117.26.pld1.raw.44.gz to data/SEA117-M026_20260128/realtime_rawnc/sea117.0026.pld1.raw.0044.parquet [line 137]
pyglider.seaexplorer:2026-08-13 13:38:49:INFO:data/SEA117-M026_20260128/0_RawData_gli_and_pld\sea117.26.pld1.raw.45.gz to data/SEA117-M026_20260128/realtime_rawnc/sea117.0026.pld1.raw.0045.parquet [line 137]
pyglider.seaexplorer:2026-08-13 13:38:49:INFO:data/SEA117-M026_20260128/0_RawData_gli_and_pld\sea117.26.pld1.raw.46.gz to data/SEA117-M026_20260128/realtime_rawnc/sea117.0026.pld1.raw.0046.parquet [line 137]
pyglider.seaexplorer:2026-08-13 13:38:49:INFO:data/SEA117-M026_20260128/0_RawData_gli_and_pld\sea117.26.pld1.raw.47.gz to data/SEA117-M026_20260128/realtime_rawnc/sea117.0026.pld1.raw.0047.parquet [line 137]
pyglider.seaexplorer:2026-08-13 13:38:49:INFO:data/SEA117-M026_20260128/0_RawData_gli_and_pld\sea117.26.pld1.raw.48.gz to data/SEA117-M026_20260128/realtime_rawnc/sea117.0026.pld1.raw.0048.parquet [line 137]
pyglider.seaexplorer:2026-08-13 13:38:49:INFO:data/SEA117-M026_20260128/0_RawData_gli_and_pld\sea117.26.pld1.raw.49.gz to data/SEA117-M026_20260128/realtime_rawnc/sea117.0026.pld1.raw.0049.parquet [line 137]
pyglider.seaexplorer:2026-08-13 13:38:49:INFO:data/SEA117-M026_20260128/0_RawData_gli_and_pld\sea117.26.pld1.raw.50.gz to data/SEA117-M026_20260128/realtime_rawnc/sea117.0026.pld1.raw.0050.parquet [line 137]
pyglider.seaexplorer:2026-08-13 13:38:49:INFO:data/SEA117-M026_20260128/0_RawData_gli_and_pld\sea117.26.pld1.raw.51.gz to data/SEA117-M026_20260128/realtime_rawnc/sea117.0026.pld1.raw.0051.parquet [line 137]
pyglider.seaexplorer:2026-08-13 13:38:49:INFO:data/SEA117-M026_20260128/0_RawData_gli_and_pld\sea117.26.pld1.raw.52.gz to data/SEA117-M026_20260128/realtime_rawnc/sea117.0026.pld1.raw.0052.parquet [line 137]
pyglider.seaexplorer:2026-08-13 13:38:49:INFO:data/SEA117-M026_20260128/0_RawData_gli_and_pld\sea117.26.pld1.raw.53.gz to data/SEA117-M026_20260128/realtime_rawnc/sea117.0026.pld1.raw.0053.parquet [line 137]
pyglider.seaexplorer:2026-08-13 13:38:49:INFO:data/SEA117-M026_20260128/0_RawData_gli_and_pld\sea117.26.pld1.raw.54.gz to data/SEA117-M026_20260128/realtime_rawnc/sea117.0026.pld1.raw.0054.parquet [line 137]
pyglider.seaexplorer:2026-08-13 13:38:49:INFO:data/SEA117-M026_20260128/0_RawData_gli_and_pld\sea117.26.pld1.raw.55.gz to data/SEA117-M026_20260128/realtime_rawnc/sea117.0026.pld1.raw.0055.parquet [line 137]
pyglider.seaexplorer:2026-08-13 13:38:49:INFO:data/SEA117-M026_20260128/0_RawData_gli_and_pld\sea117.26.pld1.raw.56.gz to data/SEA117-M026_20260128/realtime_rawnc/sea117.0026.pld1.raw.0056.parquet [line 137]
pyglider.seaexplorer:2026-08-13 13:38:49:INFO:data/SEA117-M026_20260128/0_RawData_gli_and_pld\sea117.26.pld1.raw.57.gz to data/SEA117-M026_20260128/realtime_rawnc/sea117.0026.pld1.raw.0057.parquet [line 137]
pyglider.seaexplorer:2026-08-13 13:38:49:INFO:data/SEA117-M026_20260128/0_RawData_gli_and_pld\sea117.26.pld1.raw.58.gz to data/SEA117-M026_20260128/realtime_rawnc/sea117.0026.pld1.raw.0058.parquet [line 137]
pyglider.seaexplorer:2026-08-13 13:38:49:INFO:data/SEA117-M026_20260128/0_RawData_gli_and_pld\sea117.26.pld1.raw.59.gz to data/SEA117-M026_20260128/realtime_rawnc/sea117.0026.pld1.raw.0059.parquet [line 137]
pyglider.seaexplorer:2026-08-13 13:38:49:INFO:data/SEA117-M026_20260128/0_RawData_gli_and_pld\sea117.26.pld1.raw.60.gz to data/SEA117-M026_20260128/realtime_rawnc/sea117.0026.pld1.raw.0060.parquet [line 137]
pyglider.seaexplorer:2026-08-13 13:38:49:INFO:data/SEA117-M026_20260128/0_RawData_gli_and_pld\sea117.26.pld1.raw.61.gz to data/SEA117-M026_20260128/realtime_rawnc/sea117.0026.pld1.raw.0061.parquet [line 137]
pyglider.seaexplorer:2026-08-13 13:38:49:INFO:data/SEA117-M026_20260128/0_RawData_gli_and_pld\sea117.26.pld1.raw.62.gz to data/SEA117-M026_20260128/realtime_rawnc/sea117.0026.pld1.raw.0062.parquet [line 137]
pyglider.seaexplorer:2026-08-13 13:38:49:INFO:data/SEA117-M026_20260128/0_RawData_gli_and_pld\sea117.26.pld1.raw.63.gz to data/SEA117-M026_20260128/realtime_rawnc/sea117.0026.pld1.raw.0063.parquet [line 137]
pyglider.seaexplorer:2026-08-13 13:38:49:INFO:data/SEA117-M026_20260128/0_RawData_gli_and_pld\sea117.26.pld1.raw.64.gz to data/SEA117-M026_20260128/realtime_rawnc/sea117.0026.pld1.raw.0064.parquet [line 137]
pyglider.seaexplorer:2026-08-13 13:38:49:INFO:data/SEA117-M026_20260128/0_RawData_gli_and_pld\sea117.26.pld1.raw.65.gz to data/SEA117-M026_20260128/realtime_rawnc/sea117.0026.pld1.raw.0065.parquet [line 137]
pyglider.seaexplorer:2026-08-13 13:38:49:INFO:data/SEA117-M026_20260128/0_RawData_gli_and_pld\sea117.26.pld1.raw.66.gz to data/SEA117-M026_20260128/realtime_rawnc/sea117.0026.pld1.raw.0066.parquet [line 137]
pyglider.seaexplorer:2026-08-13 13:38:49:INFO:data/SEA117-M026_20260128/0_RawData_gli_and_pld\sea117.26.pld1.raw.67.gz to data/SEA117-M026_20260128/realtime_rawnc/sea117.0026.pld1.raw.0067.parquet [line 137]
pyglider.seaexplorer:2026-08-13 13:38:49:INFO:data/SEA117-M026_20260128/0_RawData_gli_and_pld\sea117.26.pld1.raw.68.gz to data/SEA117-M026_20260128/realtime_rawnc/sea117.0026.pld1.raw.0068.parquet [line 137]
pyglider.seaexplorer:2026-08-13 13:38:49:INFO:data/SEA117-M026_20260128/0_RawData_gli_and_pld\sea117.26.pld1.raw.69.gz to data/SEA117-M026_20260128/realtime_rawnc/sea117.0026.pld1.raw.0069.parquet [line 137]
pyglider.seaexplorer:2026-08-13 13:38:49:INFO:data/SEA117-M026_20260128/0_RawData_gli_and_pld\sea117.26.pld1.raw.70.gz to data/SEA117-M026_20260128/realtime_rawnc/sea117.0026.pld1.raw.0070.parquet [line 137]
pyglider.seaexplorer:2026-08-13 13:38:49:INFO:data/SEA117-M026_20260128/0_RawData_gli_and_pld\sea117.26.pld1.raw.71.gz to data/SEA117-M026_20260128/realtime_rawnc/sea117.0026.pld1.raw.0071.parquet [line 137]
pyglider.seaexplorer:2026-08-13 13:38:49:INFO:data/SEA117-M026_20260128/0_RawData_gli_and_pld\sea117.26.pld1.raw.72.gz to data/SEA117-M026_20260128/realtime_rawnc/sea117.0026.pld1.raw.0072.parquet [line 137]
pyglider.seaexplorer:2026-08-13 13:38:49:INFO:data/SEA117-M026_20260128/0_RawData_gli_and_pld\sea117.26.pld1.raw.73.gz to data/SEA117-M026_20260128/realtime_rawnc/sea117.0026.pld1.raw.0073.parquet [line 137]
pyglider.seaexplorer:2026-08-13 13:38:49:INFO:data/SEA117-M026_20260128/0_RawData_gli_and_pld\sea117.26.pld1.raw.74.gz to data/SEA117-M026_20260128/realtime_rawnc/sea117.0026.pld1.raw.0074.parquet [line 137]
pyglider.seaexplorer:2026-08-13 13:38:49:INFO:data/SEA117-M026_20260128/0_RawData_gli_and_pld\sea117.26.pld1.raw.75.gz to data/SEA117-M026_20260128/realtime_rawnc/sea117.0026.pld1.raw.0075.parquet [line 137]
pyglider.seaexplorer:2026-08-13 13:38:49:INFO:data/SEA117-M026_20260128/0_RawData_gli_and_pld\sea117.26.pld1.raw.76.gz to data/SEA117-M026_20260128/realtime_rawnc/sea117.0026.pld1.raw.0076.parquet [line 137]
pyglider.seaexplorer:2026-08-13 13:38:49:INFO:data/SEA117-M026_20260128/0_RawData_gli_and_pld\sea117.26.pld1.raw.77.gz to data/SEA117-M026_20260128/realtime_rawnc/sea117.0026.pld1.raw.0077.parquet [line 137]
pyglider.seaexplorer:2026-08-13 13:38:49:INFO:data/SEA117-M026_20260128/0_RawData_gli_and_pld\sea117.26.pld1.raw.78.gz to data/SEA117-M026_20260128/realtime_rawnc/sea117.0026.pld1.raw.0078.parquet [line 137]
pyglider.seaexplorer:2026-08-13 13:38:49:INFO:data/SEA117-M026_20260128/0_RawData_gli_and_pld\sea117.26.pld1.raw.79.gz to data/SEA117-M026_20260128/realtime_rawnc/sea117.0026.pld1.raw.0079.parquet [line 137]
pyglider.seaexplorer:2026-08-13 13:38:49:INFO:data/SEA117-M026_20260128/0_RawData_gli_and_pld\sea117.26.pld1.raw.80.gz to data/SEA117-M026_20260128/realtime_rawnc/sea117.0026.pld1.raw.0080.parquet [line 137]
pyglider.seaexplorer:2026-08-13 13:38:49:INFO:data/SEA117-M026_20260128/0_RawData_gli_and_pld\sea117.26.pld1.raw.81.gz to data/SEA117-M026_20260128/realtime_rawnc/sea117.0026.pld1.raw.0081.parquet [line 137]
pyglider.seaexplorer:2026-08-13 13:38:49:INFO:data/SEA117-M026_20260128/0_RawData_gli_and_pld\sea117.26.pld1.raw.82.gz to data/SEA117-M026_20260128/realtime_rawnc/sea117.0026.pld1.raw.0082.parquet [line 137]
pyglider.seaexplorer:2026-08-13 13:38:49:INFO:data/SEA117-M026_20260128/0_RawData_gli_and_pld\sea117.26.pld1.raw.83.gz to data/SEA117-M026_20260128/realtime_rawnc/sea117.0026.pld1.raw.0083.parquet [line 137]
pyglider.seaexplorer:2026-08-13 13:38:49:INFO:data/SEA117-M026_20260128/0_RawData_gli_and_pld\sea117.26.pld1.raw.84.gz to data/SEA117-M026_20260128/realtime_rawnc/sea117.0026.pld1.raw.0084.parquet [line 137]
pyglider.seaexplorer:2026-08-13 13:38:49:INFO:data/SEA117-M026_20260128/0_RawData_gli_and_pld\sea117.26.pld1.raw.85.gz to data/SEA117-M026_20260128/realtime_rawnc/sea117.0026.pld1.raw.0085.parquet [line 137]
pyglider.seaexplorer:2026-08-13 13:38:49:INFO:data/SEA117-M026_20260128/0_RawData_gli_and_pld\sea117.26.pld1.raw.86.gz to data/SEA117-M026_20260128/realtime_rawnc/sea117.0026.pld1.raw.0086.parquet [line 137]
pyglider.seaexplorer:2026-08-13 13:38:49:INFO:data/SEA117-M026_20260128/0_RawData_gli_and_pld\sea117.26.pld1.raw.87.gz to data/SEA117-M026_20260128/realtime_rawnc/sea117.0026.pld1.raw.0087.parquet [line 137]
pyglider.seaexplorer:2026-08-13 13:38:49:INFO:data/SEA117-M026_20260128/0_RawData_gli_and_pld\sea117.26.pld1.raw.88.gz to data/SEA117-M026_20260128/realtime_rawnc/sea117.0026.pld1.raw.0088.parquet [line 137]
pyglider.seaexplorer:2026-08-13 13:38:49:INFO:Reading in raw files matching *pld1.sub* [line 115]
pyglider.seaexplorer:2026-08-13 13:38:49:INFO:Nfiles found: 88 [line 119]
pyglider.seaexplorer:2026-08-13 13:38:49:INFO:found ['data/SEA117-M026_20260128/0_RawData_gli_and_pld\\sea117.26.pld1.sub.1.gz', 'data/SEA117-M026_20260128/0_RawData_gli_and_pld\\sea117.26.pld1.sub.2.gz', 'data/SEA117-M026_20260128/0_RawData_gli_and_pld\\sea117.26.pld1.sub.3.gz', 'data/SEA117-M026_20260128/0_RawData_gli_and_pld\\sea117.26.pld1.sub.4.gz', 'data/SEA117-M026_20260128/0_RawData_gli_and_pld\\sea117.26.pld1.sub.5.gz', 'data/SEA117-M026_20260128/0_RawData_gli_and_pld\\sea117.26.pld1.sub.6.gz', 'data/SEA117-M026_20260128/0_RawData_gli_and_pld\\sea117.26.pld1.sub.7.gz', 'data/SEA117-M026_20260128/0_RawData_gli_and_pld\\sea117.26.pld1.sub.8.gz', 'data/SEA117-M026_20260128/0_RawData_gli_and_pld\\sea117.26.pld1.sub.9.gz', 'data/SEA117-M026_20260128/0_RawData_gli_and_pld\\sea117.26.pld1.sub.10.gz', 'data/SEA117-M026_20260128/0_RawData_gli_and_pld\\sea117.26.pld1.sub.11.gz', 'data/SEA117-M026_20260128/0_RawData_gli_and_pld\\sea117.26.pld1.sub.12.gz', 'data/SEA117-M026_20260128/0_RawData_gli_and_pld\\sea117.26.pld1.sub.13.gz', 'data/SEA117-M026_20260128/0_RawData_gli_and_pld\\sea117.26.pld1.sub.14.gz', 'data/SEA117-M026_20260128/0_RawData_gli_and_pld\\sea117.26.pld1.sub.15.gz', 'data/SEA117-M026_20260128/0_RawData_gli_and_pld\\sea117.26.pld1.sub.16.gz', 'data/SEA117-M026_20260128/0_RawData_gli_and_pld\\sea117.26.pld1.sub.17.gz', 'data/SEA117-M026_20260128/0_RawData_gli_and_pld\\sea117.26.pld1.sub.18.gz', 'data/SEA117-M026_20260128/0_RawData_gli_and_pld\\sea117.26.pld1.sub.19.gz', 'data/SEA117-M026_20260128/0_RawData_gli_and_pld\\sea117.26.pld1.sub.20.gz', 'data/SEA117-M026_20260128/0_RawData_gli_and_pld\\sea117.26.pld1.sub.21.gz', 'data/SEA117-M026_20260128/0_RawData_gli_and_pld\\sea117.26.pld1.sub.22.gz', 'data/SEA117-M026_20260128/0_RawData_gli_and_pld\\sea117.26.pld1.sub.23.gz', 'data/SEA117-M026_20260128/0_RawData_gli_and_pld\\sea117.26.pld1.sub.24.gz', 'data/SEA117-M026_20260128/0_RawData_gli_and_pld\\sea117.26.pld1.sub.25.gz', 'data/SEA117-M026_20260128/0_RawData_gli_and_pld\\sea117.26.pld1.sub.26.gz', 'data/SEA117-M026_20260128/0_RawData_gli_and_pld\\sea117.26.pld1.sub.27.gz', 'data/SEA117-M026_20260128/0_RawData_gli_and_pld\\sea117.26.pld1.sub.28.gz', 'data/SEA117-M026_20260128/0_RawData_gli_and_pld\\sea117.26.pld1.sub.29.gz', 'data/SEA117-M026_20260128/0_RawData_gli_and_pld\\sea117.26.pld1.sub.30.gz', 'data/SEA117-M026_20260128/0_RawData_gli_and_pld\\sea117.26.pld1.sub.31.gz', 'data/SEA117-M026_20260128/0_RawData_gli_and_pld\\sea117.26.pld1.sub.32.gz', 'data/SEA117-M026_20260128/0_RawData_gli_and_pld\\sea117.26.pld1.sub.33.gz', 'data/SEA117-M026_20260128/0_RawData_gli_and_pld\\sea117.26.pld1.sub.34.gz', 'data/SEA117-M026_20260128/0_RawData_gli_and_pld\\sea117.26.pld1.sub.35.gz', 'data/SEA117-M026_20260128/0_RawData_gli_and_pld\\sea117.26.pld1.sub.36.gz', 'data/SEA117-M026_20260128/0_RawData_gli_and_pld\\sea117.26.pld1.sub.37.gz', 'data/SEA117-M026_20260128/0_RawData_gli_and_pld\\sea117.26.pld1.sub.38.gz', 'data/SEA117-M026_20260128/0_RawData_gli_and_pld\\sea117.26.pld1.sub.39.gz', 'data/SEA117-M026_20260128/0_RawData_gli_and_pld\\sea117.26.pld1.sub.40.gz', 'data/SEA117-M026_20260128/0_RawData_gli_and_pld\\sea117.26.pld1.sub.41.gz', 'data/SEA117-M026_20260128/0_RawData_gli_and_pld\\sea117.26.pld1.sub.42.gz', 'data/SEA117-M026_20260128/0_RawData_gli_and_pld\\sea117.26.pld1.sub.43.gz', 'data/SEA117-M026_20260128/0_RawData_gli_and_pld\\sea117.26.pld1.sub.44.gz', 'data/SEA117-M026_20260128/0_RawData_gli_and_pld\\sea117.26.pld1.sub.45.gz', 'data/SEA117-M026_20260128/0_RawData_gli_and_pld\\sea117.26.pld1.sub.46.gz', 'data/SEA117-M026_20260128/0_RawData_gli_and_pld\\sea117.26.pld1.sub.47.gz', 'data/SEA117-M026_20260128/0_RawData_gli_and_pld\\sea117.26.pld1.sub.48.gz', 'data/SEA117-M026_20260128/0_RawData_gli_and_pld\\sea117.26.pld1.sub.49.gz', 'data/SEA117-M026_20260128/0_RawData_gli_and_pld\\sea117.26.pld1.sub.50.gz', 'data/SEA117-M026_20260128/0_RawData_gli_and_pld\\sea117.26.pld1.sub.51.gz', 'data/SEA117-M026_20260128/0_RawData_gli_and_pld\\sea117.26.pld1.sub.52.gz', 'data/SEA117-M026_20260128/0_RawData_gli_and_pld\\sea117.26.pld1.sub.53.gz', 'data/SEA117-M026_20260128/0_RawData_gli_and_pld\\sea117.26.pld1.sub.54.gz', 'data/SEA117-M026_20260128/0_RawData_gli_and_pld\\sea117.26.pld1.sub.55.gz', 'data/SEA117-M026_20260128/0_RawData_gli_and_pld\\sea117.26.pld1.sub.56.gz', 'data/SEA117-M026_20260128/0_RawData_gli_and_pld\\sea117.26.pld1.sub.57.gz', 'data/SEA117-M026_20260128/0_RawData_gli_and_pld\\sea117.26.pld1.sub.58.gz', 'data/SEA117-M026_20260128/0_RawData_gli_and_pld\\sea117.26.pld1.sub.59.gz', 'data/SEA117-M026_20260128/0_RawData_gli_and_pld\\sea117.26.pld1.sub.60.gz', 'data/SEA117-M026_20260128/0_RawData_gli_and_pld\\sea117.26.pld1.sub.61.gz', 'data/SEA117-M026_20260128/0_RawData_gli_and_pld\\sea117.26.pld1.sub.62.gz', 'data/SEA117-M026_20260128/0_RawData_gli_and_pld\\sea117.26.pld1.sub.63.gz', 'data/SEA117-M026_20260128/0_RawData_gli_and_pld\\sea117.26.pld1.sub.64.gz', 'data/SEA117-M026_20260128/0_RawData_gli_and_pld\\sea117.26.pld1.sub.65.gz', 'data/SEA117-M026_20260128/0_RawData_gli_and_pld\\sea117.26.pld1.sub.66.gz', 'data/SEA117-M026_20260128/0_RawData_gli_and_pld\\sea117.26.pld1.sub.67.gz', 'data/SEA117-M026_20260128/0_RawData_gli_and_pld\\sea117.26.pld1.sub.68.gz', 'data/SEA117-M026_20260128/0_RawData_gli_and_pld\\sea117.26.pld1.sub.69.gz', 'data/SEA117-M026_20260128/0_RawData_gli_and_pld\\sea117.26.pld1.sub.70.gz', 'data/SEA117-M026_20260128/0_RawData_gli_and_pld\\sea117.26.pld1.sub.71.gz', 'data/SEA117-M026_20260128/0_RawData_gli_and_pld\\sea117.26.pld1.sub.72.gz', 'data/SEA117-M026_20260128/0_RawData_gli_and_pld\\sea117.26.pld1.sub.73.gz', 'data/SEA117-M026_20260128/0_RawData_gli_and_pld\\sea117.26.pld1.sub.74.gz', 'data/SEA117-M026_20260128/0_RawData_gli_and_pld\\sea117.26.pld1.sub.75.gz', 'data/SEA117-M026_20260128/0_RawData_gli_and_pld\\sea117.26.pld1.sub.76.gz', 'data/SEA117-M026_20260128/0_RawData_gli_and_pld\\sea117.26.pld1.sub.77.gz', 'data/SEA117-M026_20260128/0_RawData_gli_and_pld\\sea117.26.pld1.sub.78.gz', 'data/SEA117-M026_20260128/0_RawData_gli_and_pld\\sea117.26.pld1.sub.79.gz', 'data/SEA117-M026_20260128/0_RawData_gli_and_pld\\sea117.26.pld1.sub.80.gz', 'data/SEA117-M026_20260128/0_RawData_gli_and_pld\\sea117.26.pld1.sub.81.gz', 'data/SEA117-M026_20260128/0_RawData_gli_and_pld\\sea117.26.pld1.sub.82.gz', 'data/SEA117-M026_20260128/0_RawData_gli_and_pld\\sea117.26.pld1.sub.83.gz', 'data/SEA117-M026_20260128/0_RawData_gli_and_pld\\sea117.26.pld1.sub.84.gz', 'data/SEA117-M026_20260128/0_RawData_gli_and_pld\\sea117.26.pld1.sub.85.gz', 'data/SEA117-M026_20260128/0_RawData_gli_and_pld\\sea117.26.pld1.sub.86.gz', 'data/SEA117-M026_20260128/0_RawData_gli_and_pld\\sea117.26.pld1.sub.87.gz', 'data/SEA117-M026_20260128/0_RawData_gli_and_pld\\sea117.26.pld1.sub.88.gz'] [line 128]
pyglider.seaexplorer:2026-08-13 13:38:49:INFO:data/SEA117-M026_20260128/0_RawData_gli_and_pld\sea117.26.pld1.sub.1.gz to data/SEA117-M026_20260128/realtime_rawnc/sea117.0026.pld1.sub.0001.parquet [line 137]
pyglider.seaexplorer:2026-08-13 13:38:49:INFO:Doing: data/SEA117-M026_20260128/0_RawData_gli_and_pld\sea117.26.pld1.sub.1.gz to data/SEA117-M026_20260128/realtime_rawnc/sea117.0026.pld1.sub.0001.parquet [line 139]
pyglider.seaexplorer:2026-08-13 13:38:49:WARNING:Exception reading data/SEA117-M026_20260128/0_RawData_gli_and_pld\sea117.26.pld1.sub.1.gz: invalid utf-8 sequence [line 146]
pyglider.seaexplorer:2026-08-13 13:38:49:WARNING:Could not read data/SEA117-M026_20260128/0_RawData_gli_and_pld\sea117.26.pld1.sub.1.gz [line 147]
pyglider.seaexplorer:2026-08-13 13:38:49:INFO:data/SEA117-M026_20260128/0_RawData_gli_and_pld\sea117.26.pld1.sub.2.gz to data/SEA117-M026_20260128/realtime_rawnc/sea117.0026.pld1.sub.0002.parquet [line 137]
pyglider.seaexplorer:2026-08-13 13:38:49:INFO:Doing: data/SEA117-M026_20260128/0_RawData_gli_and_pld\sea117.26.pld1.sub.2.gz to data/SEA117-M026_20260128/realtime_rawnc/sea117.0026.pld1.sub.0002.parquet [line 139]
pyglider.seaexplorer:2026-08-13 13:38:49:WARNING:Exception reading data/SEA117-M026_20260128/0_RawData_gli_and_pld\sea117.26.pld1.sub.2.gz: invalid utf-8 sequence [line 146]
pyglider.seaexplorer:2026-08-13 13:38:49:WARNING:Could not read data/SEA117-M026_20260128/0_RawData_gli_and_pld\sea117.26.pld1.sub.2.gz [line 147]
pyglider.seaexplorer:2026-08-13 13:38:49:INFO:data/SEA117-M026_20260128/0_RawData_gli_and_pld\sea117.26.pld1.sub.3.gz to data/SEA117-M026_20260128/realtime_rawnc/sea117.0026.pld1.sub.0003.parquet [line 137]
pyglider.seaexplorer:2026-08-13 13:38:49:INFO:Doing: data/SEA117-M026_20260128/0_RawData_gli_and_pld\sea117.26.pld1.sub.3.gz to data/SEA117-M026_20260128/realtime_rawnc/sea117.0026.pld1.sub.0003.parquet [line 139]
pyglider.seaexplorer:2026-08-13 13:38:49:WARNING:Exception reading data/SEA117-M026_20260128/0_RawData_gli_and_pld\sea117.26.pld1.sub.3.gz: invalid utf-8 sequence [line 146]
pyglider.seaexplorer:2026-08-13 13:38:49:WARNING:Could not read data/SEA117-M026_20260128/0_RawData_gli_and_pld\sea117.26.pld1.sub.3.gz [line 147]
pyglider.seaexplorer:2026-08-13 13:38:49:INFO:data/SEA117-M026_20260128/0_RawData_gli_and_pld\sea117.26.pld1.sub.4.gz to data/SEA117-M026_20260128/realtime_rawnc/sea117.0026.pld1.sub.0004.parquet [line 137]
pyglider.seaexplorer:2026-08-13 13:38:49:INFO:Doing: data/SEA117-M026_20260128/0_RawData_gli_and_pld\sea117.26.pld1.sub.4.gz to data/SEA117-M026_20260128/realtime_rawnc/sea117.0026.pld1.sub.0004.parquet [line 139]
pyglider.seaexplorer:2026-08-13 13:38:49:WARNING:Exception reading data/SEA117-M026_20260128/0_RawData_gli_and_pld\sea117.26.pld1.sub.4.gz: invalid utf-8 sequence [line 146]
pyglider.seaexplorer:2026-08-13 13:38:49:WARNING:Could not read data/SEA117-M026_20260128/0_RawData_gli_and_pld\sea117.26.pld1.sub.4.gz [line 147]
pyglider.seaexplorer:2026-08-13 13:38:49:INFO:data/SEA117-M026_20260128/0_RawData_gli_and_pld\sea117.26.pld1.sub.5.gz to data/SEA117-M026_20260128/realtime_rawnc/sea117.0026.pld1.sub.0005.parquet [line 137]
pyglider.seaexplorer:2026-08-13 13:38:49:INFO:Doing: data/SEA117-M026_20260128/0_RawData_gli_and_pld\sea117.26.pld1.sub.5.gz to data/SEA117-M026_20260128/realtime_rawnc/sea117.0026.pld1.sub.0005.parquet [line 139]
pyglider.seaexplorer:2026-08-13 13:38:49:WARNING:Exception reading data/SEA117-M026_20260128/0_RawData_gli_and_pld\sea117.26.pld1.sub.5.gz: invalid utf-8 sequence [line 146]
pyglider.seaexplorer:2026-08-13 13:38:49:WARNING:Could not read data/SEA117-M026_20260128/0_RawData_gli_and_pld\sea117.26.pld1.sub.5.gz [line 147]
pyglider.seaexplorer:2026-08-13 13:38:49:INFO:data/SEA117-M026_20260128/0_RawData_gli_and_pld\sea117.26.pld1.sub.6.gz to data/SEA117-M026_20260128/realtime_rawnc/sea117.0026.pld1.sub.0006.parquet [line 137]
pyglider.seaexplorer:2026-08-13 13:38:49:INFO:Doing: data/SEA117-M026_20260128/0_RawData_gli_and_pld\sea117.26.pld1.sub.6.gz to data/SEA117-M026_20260128/realtime_rawnc/sea117.0026.pld1.sub.0006.parquet [line 139]
pyglider.seaexplorer:2026-08-13 13:38:49:WARNING:Exception reading data/SEA117-M026_20260128/0_RawData_gli_and_pld\sea117.26.pld1.sub.6.gz: invalid utf-8 sequence [line 146]
pyglider.seaexplorer:2026-08-13 13:38:49:WARNING:Could not read data/SEA117-M026_20260128/0_RawData_gli_and_pld\sea117.26.pld1.sub.6.gz [line 147]
pyglider.seaexplorer:2026-08-13 13:38:49:INFO:data/SEA117-M026_20260128/0_RawData_gli_and_pld\sea117.26.pld1.sub.7.gz to data/SEA117-M026_20260128/realtime_rawnc/sea117.0026.pld1.sub.0007.parquet [line 137]
pyglider.seaexplorer:2026-08-13 13:38:49:INFO:Doing: data/SEA117-M026_20260128/0_RawData_gli_and_pld\sea117.26.pld1.sub.7.gz to data/SEA117-M026_20260128/realtime_rawnc/sea117.0026.pld1.sub.0007.parquet [line 139]
pyglider.seaexplorer:2026-08-13 13:38:49:WARNING:Exception reading data/SEA117-M026_20260128/0_RawData_gli_and_pld\sea117.26.pld1.sub.7.gz: invalid utf-8 sequence [line 146]
pyglider.seaexplorer:2026-08-13 13:38:49:WARNING:Could not read data/SEA117-M026_20260128/0_RawData_gli_and_pld\sea117.26.pld1.sub.7.gz [line 147]
pyglider.seaexplorer:2026-08-13 13:38:49:INFO:data/SEA117-M026_20260128/0_RawData_gli_and_pld\sea117.26.pld1.sub.8.gz to data/SEA117-M026_20260128/realtime_rawnc/sea117.0026.pld1.sub.0008.parquet [line 137]
pyglider.seaexplorer:2026-08-13 13:38:49:INFO:Doing: data/SEA117-M026_20260128/0_RawData_gli_and_pld\sea117.26.pld1.sub.8.gz to data/SEA117-M026_20260128/realtime_rawnc/sea117.0026.pld1.sub.0008.parquet [line 139]
pyglider.seaexplorer:2026-08-13 13:38:49:WARNING:Exception reading data/SEA117-M026_20260128/0_RawData_gli_and_pld\sea117.26.pld1.sub.8.gz: invalid utf-8 sequence [line 146]
pyglider.seaexplorer:2026-08-13 13:38:49:WARNING:Could not read data/SEA117-M026_20260128/0_RawData_gli_and_pld\sea117.26.pld1.sub.8.gz [line 147]
pyglider.seaexplorer:2026-08-13 13:38:49:INFO:data/SEA117-M026_20260128/0_RawData_gli_and_pld\sea117.26.pld1.sub.9.gz to data/SEA117-M026_20260128/realtime_rawnc/sea117.0026.pld1.sub.0009.parquet [line 137]
pyglider.seaexplorer:2026-08-13 13:38:49:INFO:Doing: data/SEA117-M026_20260128/0_RawData_gli_and_pld\sea117.26.pld1.sub.9.gz to data/SEA117-M026_20260128/realtime_rawnc/sea117.0026.pld1.sub.0009.parquet [line 139]
pyglider.seaexplorer:2026-08-13 13:38:49:WARNING:Exception reading data/SEA117-M026_20260128/0_RawData_gli_and_pld\sea117.26.pld1.sub.9.gz: invalid utf-8 sequence [line 146]
pyglider.seaexplorer:2026-08-13 13:38:49:WARNING:Could not read data/SEA117-M026_20260128/0_RawData_gli_and_pld\sea117.26.pld1.sub.9.gz [line 147]
pyglider.seaexplorer:2026-08-13 13:38:49:INFO:data/SEA117-M026_20260128/0_RawData_gli_and_pld\sea117.26.pld1.sub.10.gz to data/SEA117-M026_20260128/realtime_rawnc/sea117.0026.pld1.sub.0010.parquet [line 137]
pyglider.seaexplorer:2026-08-13 13:38:49:INFO:Doing: data/SEA117-M026_20260128/0_RawData_gli_and_pld\sea117.26.pld1.sub.10.gz to data/SEA117-M026_20260128/realtime_rawnc/sea117.0026.pld1.sub.0010.parquet [line 139]
pyglider.seaexplorer:2026-08-13 13:38:50:WARNING:Exception reading data/SEA117-M026_20260128/0_RawData_gli_and_pld\sea117.26.pld1.sub.10.gz: invalid utf-8 sequence [line 146]
pyglider.seaexplorer:2026-08-13 13:38:50:WARNING:Could not read data/SEA117-M026_20260128/0_RawData_gli_and_pld\sea117.26.pld1.sub.10.gz [line 147]
pyglider.seaexplorer:2026-08-13 13:38:50:INFO:data/SEA117-M026_20260128/0_RawData_gli_and_pld\sea117.26.pld1.sub.11.gz to data/SEA117-M026_20260128/realtime_rawnc/sea117.0026.pld1.sub.0011.parquet [line 137]
pyglider.seaexplorer:2026-08-13 13:38:50:INFO:Doing: data/SEA117-M026_20260128/0_RawData_gli_and_pld\sea117.26.pld1.sub.11.gz to data/SEA117-M026_20260128/realtime_rawnc/sea117.0026.pld1.sub.0011.parquet [line 139]
pyglider.seaexplorer:2026-08-13 13:38:50:WARNING:Exception reading data/SEA117-M026_20260128/0_RawData_gli_and_pld\sea117.26.pld1.sub.11.gz: invalid utf-8 sequence [line 146]
pyglider.seaexplorer:2026-08-13 13:38:50:WARNING:Could not read data/SEA117-M026_20260128/0_RawData_gli_and_pld\sea117.26.pld1.sub.11.gz [line 147]
pyglider.seaexplorer:2026-08-13 13:38:50:INFO:data/SEA117-M026_20260128/0_RawData_gli_and_pld\sea117.26.pld1.sub.12.gz to data/SEA117-M026_20260128/realtime_rawnc/sea117.0026.pld1.sub.0012.parquet [line 137]
pyglider.seaexplorer:2026-08-13 13:38:50:INFO:Doing: data/SEA117-M026_20260128/0_RawData_gli_and_pld\sea117.26.pld1.sub.12.gz to data/SEA117-M026_20260128/realtime_rawnc/sea117.0026.pld1.sub.0012.parquet [line 139]
pyglider.seaexplorer:2026-08-13 13:38:50:WARNING:Exception reading data/SEA117-M026_20260128/0_RawData_gli_and_pld\sea117.26.pld1.sub.12.gz: invalid utf-8 sequence [line 146]
pyglider.seaexplorer:2026-08-13 13:38:50:WARNING:Could not read data/SEA117-M026_20260128/0_RawData_gli_and_pld\sea117.26.pld1.sub.12.gz [line 147]
pyglider.seaexplorer:2026-08-13 13:38:50:INFO:data/SEA117-M026_20260128/0_RawData_gli_and_pld\sea117.26.pld1.sub.13.gz to data/SEA117-M026_20260128/realtime_rawnc/sea117.0026.pld1.sub.0013.parquet [line 137]
pyglider.seaexplorer:2026-08-13 13:38:50:INFO:Doing: data/SEA117-M026_20260128/0_RawData_gli_and_pld\sea117.26.pld1.sub.13.gz to data/SEA117-M026_20260128/realtime_rawnc/sea117.0026.pld1.sub.0013.parquet [line 139]
pyglider.seaexplorer:2026-08-13 13:38:50:WARNING:Exception reading data/SEA117-M026_20260128/0_RawData_gli_and_pld\sea117.26.pld1.sub.13.gz: invalid utf-8 sequence [line 146]
pyglider.seaexplorer:2026-08-13 13:38:50:WARNING:Could not read data/SEA117-M026_20260128/0_RawData_gli_and_pld\sea117.26.pld1.sub.13.gz [line 147]
pyglider.seaexplorer:2026-08-13 13:38:50:INFO:data/SEA117-M026_20260128/0_RawData_gli_and_pld\sea117.26.pld1.sub.14.gz to data/SEA117-M026_20260128/realtime_rawnc/sea117.0026.pld1.sub.0014.parquet [line 137]
pyglider.seaexplorer:2026-08-13 13:38:50:INFO:Doing: data/SEA117-M026_20260128/0_RawData_gli_and_pld\sea117.26.pld1.sub.14.gz to data/SEA117-M026_20260128/realtime_rawnc/sea117.0026.pld1.sub.0014.parquet [line 139]
pyglider.seaexplorer:2026-08-13 13:38:50:WARNING:Exception reading data/SEA117-M026_20260128/0_RawData_gli_and_pld\sea117.26.pld1.sub.14.gz: invalid utf-8 sequence [line 146]
pyglider.seaexplorer:2026-08-13 13:38:50:WARNING:Could not read data/SEA117-M026_20260128/0_RawData_gli_and_pld\sea117.26.pld1.sub.14.gz [line 147]
pyglider.seaexplorer:2026-08-13 13:38:50:INFO:data/SEA117-M026_20260128/0_RawData_gli_and_pld\sea117.26.pld1.sub.15.gz to data/SEA117-M026_20260128/realtime_rawnc/sea117.0026.pld1.sub.0015.parquet [line 137]
pyglider.seaexplorer:2026-08-13 13:38:50:INFO:Doing: data/SEA117-M026_20260128/0_RawData_gli_and_pld\sea117.26.pld1.sub.15.gz to data/SEA117-M026_20260128/realtime_rawnc/sea117.0026.pld1.sub.0015.parquet [line 139]
pyglider.seaexplorer:2026-08-13 13:38:50:WARNING:Exception reading data/SEA117-M026_20260128/0_RawData_gli_and_pld\sea117.26.pld1.sub.15.gz: invalid utf-8 sequence [line 146]
pyglider.seaexplorer:2026-08-13 13:38:50:WARNING:Could not read data/SEA117-M026_20260128/0_RawData_gli_and_pld\sea117.26.pld1.sub.15.gz [line 147]
pyglider.seaexplorer:2026-08-13 13:38:50:INFO:data/SEA117-M026_20260128/0_RawData_gli_and_pld\sea117.26.pld1.sub.16.gz to data/SEA117-M026_20260128/realtime_rawnc/sea117.0026.pld1.sub.0016.parquet [line 137]
pyglider.seaexplorer:2026-08-13 13:38:50:INFO:Doing: data/SEA117-M026_20260128/0_RawData_gli_and_pld\sea117.26.pld1.sub.16.gz to data/SEA117-M026_20260128/realtime_rawnc/sea117.0026.pld1.sub.0016.parquet [line 139]
pyglider.seaexplorer:2026-08-13 13:38:50:WARNING:Exception reading data/SEA117-M026_20260128/0_RawData_gli_and_pld\sea117.26.pld1.sub.16.gz: invalid utf-8 sequence [line 146]
pyglider.seaexplorer:2026-08-13 13:38:50:WARNING:Could not read data/SEA117-M026_20260128/0_RawData_gli_and_pld\sea117.26.pld1.sub.16.gz [line 147]
pyglider.seaexplorer:2026-08-13 13:38:50:INFO:data/SEA117-M026_20260128/0_RawData_gli_and_pld\sea117.26.pld1.sub.17.gz to data/SEA117-M026_20260128/realtime_rawnc/sea117.0026.pld1.sub.0017.parquet [line 137]
pyglider.seaexplorer:2026-08-13 13:38:50:INFO:Doing: data/SEA117-M026_20260128/0_RawData_gli_and_pld\sea117.26.pld1.sub.17.gz to data/SEA117-M026_20260128/realtime_rawnc/sea117.0026.pld1.sub.0017.parquet [line 139]
pyglider.seaexplorer:2026-08-13 13:38:50:WARNING:Exception reading data/SEA117-M026_20260128/0_RawData_gli_and_pld\sea117.26.pld1.sub.17.gz: invalid utf-8 sequence [line 146]
pyglider.seaexplorer:2026-08-13 13:38:50:WARNING:Could not read data/SEA117-M026_20260128/0_RawData_gli_and_pld\sea117.26.pld1.sub.17.gz [line 147]
pyglider.seaexplorer:2026-08-13 13:38:50:INFO:data/SEA117-M026_20260128/0_RawData_gli_and_pld\sea117.26.pld1.sub.18.gz to data/SEA117-M026_20260128/realtime_rawnc/sea117.0026.pld1.sub.0018.parquet [line 137]
pyglider.seaexplorer:2026-08-13 13:38:50:INFO:Doing: data/SEA117-M026_20260128/0_RawData_gli_and_pld\sea117.26.pld1.sub.18.gz to data/SEA117-M026_20260128/realtime_rawnc/sea117.0026.pld1.sub.0018.parquet [line 139]
pyglider.seaexplorer:2026-08-13 13:38:50:WARNING:Exception reading data/SEA117-M026_20260128/0_RawData_gli_and_pld\sea117.26.pld1.sub.18.gz: invalid utf-8 sequence [line 146]
pyglider.seaexplorer:2026-08-13 13:38:50:WARNING:Could not read data/SEA117-M026_20260128/0_RawData_gli_and_pld\sea117.26.pld1.sub.18.gz [line 147]
pyglider.seaexplorer:2026-08-13 13:38:50:INFO:data/SEA117-M026_20260128/0_RawData_gli_and_pld\sea117.26.pld1.sub.19.gz to data/SEA117-M026_20260128/realtime_rawnc/sea117.0026.pld1.sub.0019.parquet [line 137]
pyglider.seaexplorer:2026-08-13 13:38:50:INFO:Doing: data/SEA117-M026_20260128/0_RawData_gli_and_pld\sea117.26.pld1.sub.19.gz to data/SEA117-M026_20260128/realtime_rawnc/sea117.0026.pld1.sub.0019.parquet [line 139]
pyglider.seaexplorer:2026-08-13 13:38:50:WARNING:Exception reading data/SEA117-M026_20260128/0_RawData_gli_and_pld\sea117.26.pld1.sub.19.gz: invalid utf-8 sequence [line 146]
pyglider.seaexplorer:2026-08-13 13:38:50:WARNING:Could not read data/SEA117-M026_20260128/0_RawData_gli_and_pld\sea117.26.pld1.sub.19.gz [line 147]
pyglider.seaexplorer:2026-08-13 13:38:50:INFO:data/SEA117-M026_20260128/0_RawData_gli_and_pld\sea117.26.pld1.sub.20.gz to data/SEA117-M026_20260128/realtime_rawnc/sea117.0026.pld1.sub.0020.parquet [line 137]
pyglider.seaexplorer:2026-08-13 13:38:50:INFO:Doing: data/SEA117-M026_20260128/0_RawData_gli_and_pld\sea117.26.pld1.sub.20.gz to data/SEA117-M026_20260128/realtime_rawnc/sea117.0026.pld1.sub.0020.parquet [line 139]
pyglider.seaexplorer:2026-08-13 13:38:50:WARNING:Exception reading data/SEA117-M026_20260128/0_RawData_gli_and_pld\sea117.26.pld1.sub.20.gz: invalid utf-8 sequence [line 146]
pyglider.seaexplorer:2026-08-13 13:38:50:WARNING:Could not read data/SEA117-M026_20260128/0_RawData_gli_and_pld\sea117.26.pld1.sub.20.gz [line 147]
pyglider.seaexplorer:2026-08-13 13:38:50:INFO:data/SEA117-M026_20260128/0_RawData_gli_and_pld\sea117.26.pld1.sub.21.gz to data/SEA117-M026_20260128/realtime_rawnc/sea117.0026.pld1.sub.0021.parquet [line 137]
pyglider.seaexplorer:2026-08-13 13:38:50:INFO:Doing: data/SEA117-M026_20260128/0_RawData_gli_and_pld\sea117.26.pld1.sub.21.gz to data/SEA117-M026_20260128/realtime_rawnc/sea117.0026.pld1.sub.0021.parquet [line 139]
pyglider.seaexplorer:2026-08-13 13:38:50:WARNING:Exception reading data/SEA117-M026_20260128/0_RawData_gli_and_pld\sea117.26.pld1.sub.21.gz: invalid utf-8 sequence [line 146]
pyglider.seaexplorer:2026-08-13 13:38:50:WARNING:Could not read data/SEA117-M026_20260128/0_RawData_gli_and_pld\sea117.26.pld1.sub.21.gz [line 147]
pyglider.seaexplorer:2026-08-13 13:38:50:INFO:data/SEA117-M026_20260128/0_RawData_gli_and_pld\sea117.26.pld1.sub.22.gz to data/SEA117-M026_20260128/realtime_rawnc/sea117.0026.pld1.sub.0022.parquet [line 137]
pyglider.seaexplorer:2026-08-13 13:38:50:INFO:Doing: data/SEA117-M026_20260128/0_RawData_gli_and_pld\sea117.26.pld1.sub.22.gz to data/SEA117-M026_20260128/realtime_rawnc/sea117.0026.pld1.sub.0022.parquet [line 139]
pyglider.seaexplorer:2026-08-13 13:38:50:WARNING:Exception reading data/SEA117-M026_20260128/0_RawData_gli_and_pld\sea117.26.pld1.sub.22.gz: invalid utf-8 sequence [line 146]
pyglider.seaexplorer:2026-08-13 13:38:50:WARNING:Could not read data/SEA117-M026_20260128/0_RawData_gli_and_pld\sea117.26.pld1.sub.22.gz [line 147]
pyglider.seaexplorer:2026-08-13 13:38:50:INFO:data/SEA117-M026_20260128/0_RawData_gli_and_pld\sea117.26.pld1.sub.23.gz to data/SEA117-M026_20260128/realtime_rawnc/sea117.0026.pld1.sub.0023.parquet [line 137]
pyglider.seaexplorer:2026-08-13 13:38:50:INFO:Doing: data/SEA117-M026_20260128/0_RawData_gli_and_pld\sea117.26.pld1.sub.23.gz to data/SEA117-M026_20260128/realtime_rawnc/sea117.0026.pld1.sub.0023.parquet [line 139]
pyglider.seaexplorer:2026-08-13 13:38:50:WARNING:Exception reading data/SEA117-M026_20260128/0_RawData_gli_and_pld\sea117.26.pld1.sub.23.gz: invalid utf-8 sequence [line 146]
pyglider.seaexplorer:2026-08-13 13:38:50:WARNING:Could not read data/SEA117-M026_20260128/0_RawData_gli_and_pld\sea117.26.pld1.sub.23.gz [line 147]
pyglider.seaexplorer:2026-08-13 13:38:50:INFO:data/SEA117-M026_20260128/0_RawData_gli_and_pld\sea117.26.pld1.sub.24.gz to data/SEA117-M026_20260128/realtime_rawnc/sea117.0026.pld1.sub.0024.parquet [line 137]
pyglider.seaexplorer:2026-08-13 13:38:50:INFO:Doing: data/SEA117-M026_20260128/0_RawData_gli_and_pld\sea117.26.pld1.sub.24.gz to data/SEA117-M026_20260128/realtime_rawnc/sea117.0026.pld1.sub.0024.parquet [line 139]
pyglider.seaexplorer:2026-08-13 13:38:50:WARNING:Exception reading data/SEA117-M026_20260128/0_RawData_gli_and_pld\sea117.26.pld1.sub.24.gz: invalid utf-8 sequence [line 146]
pyglider.seaexplorer:2026-08-13 13:38:50:WARNING:Could not read data/SEA117-M026_20260128/0_RawData_gli_and_pld\sea117.26.pld1.sub.24.gz [line 147]
pyglider.seaexplorer:2026-08-13 13:38:50:INFO:data/SEA117-M026_20260128/0_RawData_gli_and_pld\sea117.26.pld1.sub.25.gz to data/SEA117-M026_20260128/realtime_rawnc/sea117.0026.pld1.sub.0025.parquet [line 137]
pyglider.seaexplorer:2026-08-13 13:38:50:INFO:Doing: data/SEA117-M026_20260128/0_RawData_gli_and_pld\sea117.26.pld1.sub.25.gz to data/SEA117-M026_20260128/realtime_rawnc/sea117.0026.pld1.sub.0025.parquet [line 139]
pyglider.seaexplorer:2026-08-13 13:38:50:WARNING:Exception reading data/SEA117-M026_20260128/0_RawData_gli_and_pld\sea117.26.pld1.sub.25.gz: invalid utf-8 sequence [line 146]
pyglider.seaexplorer:2026-08-13 13:38:50:WARNING:Could not read data/SEA117-M026_20260128/0_RawData_gli_and_pld\sea117.26.pld1.sub.25.gz [line 147]
pyglider.seaexplorer:2026-08-13 13:38:50:INFO:data/SEA117-M026_20260128/0_RawData_gli_and_pld\sea117.26.pld1.sub.26.gz to data/SEA117-M026_20260128/realtime_rawnc/sea117.0026.pld1.sub.0026.parquet [line 137]
pyglider.seaexplorer:2026-08-13 13:38:50:INFO:Doing: data/SEA117-M026_20260128/0_RawData_gli_and_pld\sea117.26.pld1.sub.26.gz to data/SEA117-M026_20260128/realtime_rawnc/sea117.0026.pld1.sub.0026.parquet [line 139]
pyglider.seaexplorer:2026-08-13 13:38:50:WARNING:Exception reading data/SEA117-M026_20260128/0_RawData_gli_and_pld\sea117.26.pld1.sub.26.gz: invalid utf-8 sequence [line 146]
pyglider.seaexplorer:2026-08-13 13:38:50:WARNING:Could not read data/SEA117-M026_20260128/0_RawData_gli_and_pld\sea117.26.pld1.sub.26.gz [line 147]
pyglider.seaexplorer:2026-08-13 13:38:50:INFO:data/SEA117-M026_20260128/0_RawData_gli_and_pld\sea117.26.pld1.sub.27.gz to data/SEA117-M026_20260128/realtime_rawnc/sea117.0026.pld1.sub.0027.parquet [line 137]
pyglider.seaexplorer:2026-08-13 13:38:50:INFO:Doing: data/SEA117-M026_20260128/0_RawData_gli_and_pld\sea117.26.pld1.sub.27.gz to data/SEA117-M026_20260128/realtime_rawnc/sea117.0026.pld1.sub.0027.parquet [line 139]
pyglider.seaexplorer:2026-08-13 13:38:50:WARNING:Exception reading data/SEA117-M026_20260128/0_RawData_gli_and_pld\sea117.26.pld1.sub.27.gz: invalid utf-8 sequence [line 146]
pyglider.seaexplorer:2026-08-13 13:38:50:WARNING:Could not read data/SEA117-M026_20260128/0_RawData_gli_and_pld\sea117.26.pld1.sub.27.gz [line 147]
pyglider.seaexplorer:2026-08-13 13:38:50:INFO:data/SEA117-M026_20260128/0_RawData_gli_and_pld\sea117.26.pld1.sub.28.gz to data/SEA117-M026_20260128/realtime_rawnc/sea117.0026.pld1.sub.0028.parquet [line 137]
pyglider.seaexplorer:2026-08-13 13:38:50:INFO:Doing: data/SEA117-M026_20260128/0_RawData_gli_and_pld\sea117.26.pld1.sub.28.gz to data/SEA117-M026_20260128/realtime_rawnc/sea117.0026.pld1.sub.0028.parquet [line 139]
pyglider.seaexplorer:2026-08-13 13:38:50:WARNING:Exception reading data/SEA117-M026_20260128/0_RawData_gli_and_pld\sea117.26.pld1.sub.28.gz: invalid utf-8 sequence [line 146]
pyglider.seaexplorer:2026-08-13 13:38:50:WARNING:Could not read data/SEA117-M026_20260128/0_RawData_gli_and_pld\sea117.26.pld1.sub.28.gz [line 147]
pyglider.seaexplorer:2026-08-13 13:38:50:INFO:data/SEA117-M026_20260128/0_RawData_gli_and_pld\sea117.26.pld1.sub.29.gz to data/SEA117-M026_20260128/realtime_rawnc/sea117.0026.pld1.sub.0029.parquet [line 137]
pyglider.seaexplorer:2026-08-13 13:38:50:INFO:Doing: data/SEA117-M026_20260128/0_RawData_gli_and_pld\sea117.26.pld1.sub.29.gz to data/SEA117-M026_20260128/realtime_rawnc/sea117.0026.pld1.sub.0029.parquet [line 139]
pyglider.seaexplorer:2026-08-13 13:38:50:WARNING:Exception reading data/SEA117-M026_20260128/0_RawData_gli_and_pld\sea117.26.pld1.sub.29.gz: invalid utf-8 sequence [line 146]
pyglider.seaexplorer:2026-08-13 13:38:50:WARNING:Could not read data/SEA117-M026_20260128/0_RawData_gli_and_pld\sea117.26.pld1.sub.29.gz [line 147]
pyglider.seaexplorer:2026-08-13 13:38:50:INFO:data/SEA117-M026_20260128/0_RawData_gli_and_pld\sea117.26.pld1.sub.30.gz to data/SEA117-M026_20260128/realtime_rawnc/sea117.0026.pld1.sub.0030.parquet [line 137]
pyglider.seaexplorer:2026-08-13 13:38:50:INFO:Doing: data/SEA117-M026_20260128/0_RawData_gli_and_pld\sea117.26.pld1.sub.30.gz to data/SEA117-M026_20260128/realtime_rawnc/sea117.0026.pld1.sub.0030.parquet [line 139]
pyglider.seaexplorer:2026-08-13 13:38:50:WARNING:Exception reading data/SEA117-M026_20260128/0_RawData_gli_and_pld\sea117.26.pld1.sub.30.gz: invalid utf-8 sequence [line 146]
pyglider.seaexplorer:2026-08-13 13:38:50:WARNING:Could not read data/SEA117-M026_20260128/0_RawData_gli_and_pld\sea117.26.pld1.sub.30.gz [line 147]
pyglider.seaexplorer:2026-08-13 13:38:50:INFO:data/SEA117-M026_20260128/0_RawData_gli_and_pld\sea117.26.pld1.sub.31.gz to data/SEA117-M026_20260128/realtime_rawnc/sea117.0026.pld1.sub.0031.parquet [line 137]
pyglider.seaexplorer:2026-08-13 13:38:50:INFO:Doing: data/SEA117-M026_20260128/0_RawData_gli_and_pld\sea117.26.pld1.sub.31.gz to data/SEA117-M026_20260128/realtime_rawnc/sea117.0026.pld1.sub.0031.parquet [line 139]
pyglider.seaexplorer:2026-08-13 13:38:50:WARNING:Exception reading data/SEA117-M026_20260128/0_RawData_gli_and_pld\sea117.26.pld1.sub.31.gz: invalid utf-8 sequence [line 146]
pyglider.seaexplorer:2026-08-13 13:38:50:WARNING:Could not read data/SEA117-M026_20260128/0_RawData_gli_and_pld\sea117.26.pld1.sub.31.gz [line 147]
pyglider.seaexplorer:2026-08-13 13:38:50:INFO:data/SEA117-M026_20260128/0_RawData_gli_and_pld\sea117.26.pld1.sub.32.gz to data/SEA117-M026_20260128/realtime_rawnc/sea117.0026.pld1.sub.0032.parquet [line 137]
pyglider.seaexplorer:2026-08-13 13:38:50:INFO:Doing: data/SEA117-M026_20260128/0_RawData_gli_and_pld\sea117.26.pld1.sub.32.gz to data/SEA117-M026_20260128/realtime_rawnc/sea117.0026.pld1.sub.0032.parquet [line 139]
pyglider.seaexplorer:2026-08-13 13:38:50:WARNING:Exception reading data/SEA117-M026_20260128/0_RawData_gli_and_pld\sea117.26.pld1.sub.32.gz: invalid utf-8 sequence [line 146]
pyglider.seaexplorer:2026-08-13 13:38:50:WARNING:Could not read data/SEA117-M026_20260128/0_RawData_gli_and_pld\sea117.26.pld1.sub.32.gz [line 147]
pyglider.seaexplorer:2026-08-13 13:38:50:INFO:data/SEA117-M026_20260128/0_RawData_gli_and_pld\sea117.26.pld1.sub.33.gz to data/SEA117-M026_20260128/realtime_rawnc/sea117.0026.pld1.sub.0033.parquet [line 137]
pyglider.seaexplorer:2026-08-13 13:38:50:INFO:Doing: data/SEA117-M026_20260128/0_RawData_gli_and_pld\sea117.26.pld1.sub.33.gz to data/SEA117-M026_20260128/realtime_rawnc/sea117.0026.pld1.sub.0033.parquet [line 139]
pyglider.seaexplorer:2026-08-13 13:38:50:WARNING:Exception reading data/SEA117-M026_20260128/0_RawData_gli_and_pld\sea117.26.pld1.sub.33.gz: invalid utf-8 sequence [line 146]
pyglider.seaexplorer:2026-08-13 13:38:50:WARNING:Could not read data/SEA117-M026_20260128/0_RawData_gli_and_pld\sea117.26.pld1.sub.33.gz [line 147]
pyglider.seaexplorer:2026-08-13 13:38:50:INFO:data/SEA117-M026_20260128/0_RawData_gli_and_pld\sea117.26.pld1.sub.34.gz to data/SEA117-M026_20260128/realtime_rawnc/sea117.0026.pld1.sub.0034.parquet [line 137]
pyglider.seaexplorer:2026-08-13 13:38:50:INFO:Doing: data/SEA117-M026_20260128/0_RawData_gli_and_pld\sea117.26.pld1.sub.34.gz to data/SEA117-M026_20260128/realtime_rawnc/sea117.0026.pld1.sub.0034.parquet [line 139]
pyglider.seaexplorer:2026-08-13 13:38:50:WARNING:Exception reading data/SEA117-M026_20260128/0_RawData_gli_and_pld\sea117.26.pld1.sub.34.gz: invalid utf-8 sequence [line 146]
pyglider.seaexplorer:2026-08-13 13:38:50:WARNING:Could not read data/SEA117-M026_20260128/0_RawData_gli_and_pld\sea117.26.pld1.sub.34.gz [line 147]
pyglider.seaexplorer:2026-08-13 13:38:50:INFO:data/SEA117-M026_20260128/0_RawData_gli_and_pld\sea117.26.pld1.sub.35.gz to data/SEA117-M026_20260128/realtime_rawnc/sea117.0026.pld1.sub.0035.parquet [line 137]
pyglider.seaexplorer:2026-08-13 13:38:50:INFO:Doing: data/SEA117-M026_20260128/0_RawData_gli_and_pld\sea117.26.pld1.sub.35.gz to data/SEA117-M026_20260128/realtime_rawnc/sea117.0026.pld1.sub.0035.parquet [line 139]
pyglider.seaexplorer:2026-08-13 13:38:50:WARNING:Exception reading data/SEA117-M026_20260128/0_RawData_gli_and_pld\sea117.26.pld1.sub.35.gz: invalid utf-8 sequence [line 146]
pyglider.seaexplorer:2026-08-13 13:38:50:WARNING:Could not read data/SEA117-M026_20260128/0_RawData_gli_and_pld\sea117.26.pld1.sub.35.gz [line 147]
pyglider.seaexplorer:2026-08-13 13:38:50:INFO:data/SEA117-M026_20260128/0_RawData_gli_and_pld\sea117.26.pld1.sub.36.gz to data/SEA117-M026_20260128/realtime_rawnc/sea117.0026.pld1.sub.0036.parquet [line 137]
pyglider.seaexplorer:2026-08-13 13:38:50:INFO:Doing: data/SEA117-M026_20260128/0_RawData_gli_and_pld\sea117.26.pld1.sub.36.gz to data/SEA117-M026_20260128/realtime_rawnc/sea117.0026.pld1.sub.0036.parquet [line 139]
pyglider.seaexplorer:2026-08-13 13:38:50:WARNING:Exception reading data/SEA117-M026_20260128/0_RawData_gli_and_pld\sea117.26.pld1.sub.36.gz: invalid utf-8 sequence [line 146]
pyglider.seaexplorer:2026-08-13 13:38:50:WARNING:Could not read data/SEA117-M026_20260128/0_RawData_gli_and_pld\sea117.26.pld1.sub.36.gz [line 147]
pyglider.seaexplorer:2026-08-13 13:38:50:INFO:data/SEA117-M026_20260128/0_RawData_gli_and_pld\sea117.26.pld1.sub.37.gz to data/SEA117-M026_20260128/realtime_rawnc/sea117.0026.pld1.sub.0037.parquet [line 137]
pyglider.seaexplorer:2026-08-13 13:38:50:INFO:Doing: data/SEA117-M026_20260128/0_RawData_gli_and_pld\sea117.26.pld1.sub.37.gz to data/SEA117-M026_20260128/realtime_rawnc/sea117.0026.pld1.sub.0037.parquet [line 139]
pyglider.seaexplorer:2026-08-13 13:38:50:WARNING:Exception reading data/SEA117-M026_20260128/0_RawData_gli_and_pld\sea117.26.pld1.sub.37.gz: invalid utf-8 sequence [line 146]
pyglider.seaexplorer:2026-08-13 13:38:50:WARNING:Could not read data/SEA117-M026_20260128/0_RawData_gli_and_pld\sea117.26.pld1.sub.37.gz [line 147]
pyglider.seaexplorer:2026-08-13 13:38:50:INFO:data/SEA117-M026_20260128/0_RawData_gli_and_pld\sea117.26.pld1.sub.38.gz to data/SEA117-M026_20260128/realtime_rawnc/sea117.0026.pld1.sub.0038.parquet [line 137]
pyglider.seaexplorer:2026-08-13 13:38:50:INFO:Doing: data/SEA117-M026_20260128/0_RawData_gli_and_pld\sea117.26.pld1.sub.38.gz to data/SEA117-M026_20260128/realtime_rawnc/sea117.0026.pld1.sub.0038.parquet [line 139]
pyglider.seaexplorer:2026-08-13 13:38:50:WARNING:Exception reading data/SEA117-M026_20260128/0_RawData_gli_and_pld\sea117.26.pld1.sub.38.gz: invalid utf-8 sequence [line 146]
pyglider.seaexplorer:2026-08-13 13:38:50:WARNING:Could not read data/SEA117-M026_20260128/0_RawData_gli_and_pld\sea117.26.pld1.sub.38.gz [line 147]
pyglider.seaexplorer:2026-08-13 13:38:50:INFO:data/SEA117-M026_20260128/0_RawData_gli_and_pld\sea117.26.pld1.sub.39.gz to data/SEA117-M026_20260128/realtime_rawnc/sea117.0026.pld1.sub.0039.parquet [line 137]
pyglider.seaexplorer:2026-08-13 13:38:50:INFO:Doing: data/SEA117-M026_20260128/0_RawData_gli_and_pld\sea117.26.pld1.sub.39.gz to data/SEA117-M026_20260128/realtime_rawnc/sea117.0026.pld1.sub.0039.parquet [line 139]
pyglider.seaexplorer:2026-08-13 13:38:50:WARNING:Exception reading data/SEA117-M026_20260128/0_RawData_gli_and_pld\sea117.26.pld1.sub.39.gz: invalid utf-8 sequence [line 146]
pyglider.seaexplorer:2026-08-13 13:38:50:WARNING:Could not read data/SEA117-M026_20260128/0_RawData_gli_and_pld\sea117.26.pld1.sub.39.gz [line 147]
pyglider.seaexplorer:2026-08-13 13:38:50:INFO:data/SEA117-M026_20260128/0_RawData_gli_and_pld\sea117.26.pld1.sub.40.gz to data/SEA117-M026_20260128/realtime_rawnc/sea117.0026.pld1.sub.0040.parquet [line 137]
pyglider.seaexplorer:2026-08-13 13:38:50:INFO:Doing: data/SEA117-M026_20260128/0_RawData_gli_and_pld\sea117.26.pld1.sub.40.gz to data/SEA117-M026_20260128/realtime_rawnc/sea117.0026.pld1.sub.0040.parquet [line 139]
pyglider.seaexplorer:2026-08-13 13:38:50:WARNING:Exception reading data/SEA117-M026_20260128/0_RawData_gli_and_pld\sea117.26.pld1.sub.40.gz: invalid utf-8 sequence [line 146]
pyglider.seaexplorer:2026-08-13 13:38:50:WARNING:Could not read data/SEA117-M026_20260128/0_RawData_gli_and_pld\sea117.26.pld1.sub.40.gz [line 147]
pyglider.seaexplorer:2026-08-13 13:38:50:INFO:data/SEA117-M026_20260128/0_RawData_gli_and_pld\sea117.26.pld1.sub.41.gz to data/SEA117-M026_20260128/realtime_rawnc/sea117.0026.pld1.sub.0041.parquet [line 137]
pyglider.seaexplorer:2026-08-13 13:38:50:INFO:Doing: data/SEA117-M026_20260128/0_RawData_gli_and_pld\sea117.26.pld1.sub.41.gz to data/SEA117-M026_20260128/realtime_rawnc/sea117.0026.pld1.sub.0041.parquet [line 139]
pyglider.seaexplorer:2026-08-13 13:38:50:WARNING:Exception reading data/SEA117-M026_20260128/0_RawData_gli_and_pld\sea117.26.pld1.sub.41.gz: invalid utf-8 sequence [line 146]
pyglider.seaexplorer:2026-08-13 13:38:50:WARNING:Could not read data/SEA117-M026_20260128/0_RawData_gli_and_pld\sea117.26.pld1.sub.41.gz [line 147]
pyglider.seaexplorer:2026-08-13 13:38:50:INFO:data/SEA117-M026_20260128/0_RawData_gli_and_pld\sea117.26.pld1.sub.42.gz to data/SEA117-M026_20260128/realtime_rawnc/sea117.0026.pld1.sub.0042.parquet [line 137]
pyglider.seaexplorer:2026-08-13 13:38:50:INFO:data/SEA117-M026_20260128/0_RawData_gli_and_pld\sea117.26.pld1.sub.43.gz to data/SEA117-M026_20260128/realtime_rawnc/sea117.0026.pld1.sub.0043.parquet [line 137]
pyglider.seaexplorer:2026-08-13 13:38:50:INFO:data/SEA117-M026_20260128/0_RawData_gli_and_pld\sea117.26.pld1.sub.44.gz to data/SEA117-M026_20260128/realtime_rawnc/sea117.0026.pld1.sub.0044.parquet [line 137]
pyglider.seaexplorer:2026-08-13 13:38:50:INFO:data/SEA117-M026_20260128/0_RawData_gli_and_pld\sea117.26.pld1.sub.45.gz to data/SEA117-M026_20260128/realtime_rawnc/sea117.0026.pld1.sub.0045.parquet [line 137]
pyglider.seaexplorer:2026-08-13 13:38:50:INFO:data/SEA117-M026_20260128/0_RawData_gli_and_pld\sea117.26.pld1.sub.46.gz to data/SEA117-M026_20260128/realtime_rawnc/sea117.0026.pld1.sub.0046.parquet [line 137]
pyglider.seaexplorer:2026-08-13 13:38:50:INFO:Doing: data/SEA117-M026_20260128/0_RawData_gli_and_pld\sea117.26.pld1.sub.46.gz to data/SEA117-M026_20260128/realtime_rawnc/sea117.0026.pld1.sub.0046.parquet [line 139]
pyglider.seaexplorer:2026-08-13 13:38:50:WARNING:Exception reading data/SEA117-M026_20260128/0_RawData_gli_and_pld\sea117.26.pld1.sub.46.gz: invalid utf-8 sequence [line 146]
pyglider.seaexplorer:2026-08-13 13:38:50:WARNING:Could not read data/SEA117-M026_20260128/0_RawData_gli_and_pld\sea117.26.pld1.sub.46.gz [line 147]
pyglider.seaexplorer:2026-08-13 13:38:50:INFO:data/SEA117-M026_20260128/0_RawData_gli_and_pld\sea117.26.pld1.sub.47.gz to data/SEA117-M026_20260128/realtime_rawnc/sea117.0026.pld1.sub.0047.parquet [line 137]
pyglider.seaexplorer:2026-08-13 13:38:50:INFO:Doing: data/SEA117-M026_20260128/0_RawData_gli_and_pld\sea117.26.pld1.sub.47.gz to data/SEA117-M026_20260128/realtime_rawnc/sea117.0026.pld1.sub.0047.parquet [line 139]
pyglider.seaexplorer:2026-08-13 13:38:50:WARNING:Exception reading data/SEA117-M026_20260128/0_RawData_gli_and_pld\sea117.26.pld1.sub.47.gz: invalid utf-8 sequence [line 146]
pyglider.seaexplorer:2026-08-13 13:38:50:WARNING:Could not read data/SEA117-M026_20260128/0_RawData_gli_and_pld\sea117.26.pld1.sub.47.gz [line 147]
pyglider.seaexplorer:2026-08-13 13:38:50:INFO:data/SEA117-M026_20260128/0_RawData_gli_and_pld\sea117.26.pld1.sub.48.gz to data/SEA117-M026_20260128/realtime_rawnc/sea117.0026.pld1.sub.0048.parquet [line 137]
pyglider.seaexplorer:2026-08-13 13:38:50:INFO:Doing: data/SEA117-M026_20260128/0_RawData_gli_and_pld\sea117.26.pld1.sub.48.gz to data/SEA117-M026_20260128/realtime_rawnc/sea117.0026.pld1.sub.0048.parquet [line 139]
pyglider.seaexplorer:2026-08-13 13:38:50:WARNING:Exception reading data/SEA117-M026_20260128/0_RawData_gli_and_pld\sea117.26.pld1.sub.48.gz: invalid utf-8 sequence [line 146]
pyglider.seaexplorer:2026-08-13 13:38:50:WARNING:Could not read data/SEA117-M026_20260128/0_RawData_gli_and_pld\sea117.26.pld1.sub.48.gz [line 147]
pyglider.seaexplorer:2026-08-13 13:38:50:INFO:data/SEA117-M026_20260128/0_RawData_gli_and_pld\sea117.26.pld1.sub.49.gz to data/SEA117-M026_20260128/realtime_rawnc/sea117.0026.pld1.sub.0049.parquet [line 137]
pyglider.seaexplorer:2026-08-13 13:38:50:INFO:Doing: data/SEA117-M026_20260128/0_RawData_gli_and_pld\sea117.26.pld1.sub.49.gz to data/SEA117-M026_20260128/realtime_rawnc/sea117.0026.pld1.sub.0049.parquet [line 139]
pyglider.seaexplorer:2026-08-13 13:38:50:WARNING:Exception reading data/SEA117-M026_20260128/0_RawData_gli_and_pld\sea117.26.pld1.sub.49.gz: invalid utf-8 sequence [line 146]
pyglider.seaexplorer:2026-08-13 13:38:50:WARNING:Could not read data/SEA117-M026_20260128/0_RawData_gli_and_pld\sea117.26.pld1.sub.49.gz [line 147]
pyglider.seaexplorer:2026-08-13 13:38:50:INFO:data/SEA117-M026_20260128/0_RawData_gli_and_pld\sea117.26.pld1.sub.50.gz to data/SEA117-M026_20260128/realtime_rawnc/sea117.0026.pld1.sub.0050.parquet [line 137]
pyglider.seaexplorer:2026-08-13 13:38:50:INFO:Doing: data/SEA117-M026_20260128/0_RawData_gli_and_pld\sea117.26.pld1.sub.50.gz to data/SEA117-M026_20260128/realtime_rawnc/sea117.0026.pld1.sub.0050.parquet [line 139]
pyglider.seaexplorer:2026-08-13 13:38:50:WARNING:Exception reading data/SEA117-M026_20260128/0_RawData_gli_and_pld\sea117.26.pld1.sub.50.gz: invalid utf-8 sequence [line 146]
pyglider.seaexplorer:2026-08-13 13:38:50:WARNING:Could not read data/SEA117-M026_20260128/0_RawData_gli_and_pld\sea117.26.pld1.sub.50.gz [line 147]
pyglider.seaexplorer:2026-08-13 13:38:50:INFO:data/SEA117-M026_20260128/0_RawData_gli_and_pld\sea117.26.pld1.sub.51.gz to data/SEA117-M026_20260128/realtime_rawnc/sea117.0026.pld1.sub.0051.parquet [line 137]
pyglider.seaexplorer:2026-08-13 13:38:50:INFO:Doing: data/SEA117-M026_20260128/0_RawData_gli_and_pld\sea117.26.pld1.sub.51.gz to data/SEA117-M026_20260128/realtime_rawnc/sea117.0026.pld1.sub.0051.parquet [line 139]
pyglider.seaexplorer:2026-08-13 13:38:51:WARNING:Exception reading data/SEA117-M026_20260128/0_RawData_gli_and_pld\sea117.26.pld1.sub.51.gz: invalid utf-8 sequence [line 146]
pyglider.seaexplorer:2026-08-13 13:38:51:WARNING:Could not read data/SEA117-M026_20260128/0_RawData_gli_and_pld\sea117.26.pld1.sub.51.gz [line 147]
pyglider.seaexplorer:2026-08-13 13:38:51:INFO:data/SEA117-M026_20260128/0_RawData_gli_and_pld\sea117.26.pld1.sub.52.gz to data/SEA117-M026_20260128/realtime_rawnc/sea117.0026.pld1.sub.0052.parquet [line 137]
pyglider.seaexplorer:2026-08-13 13:38:51:INFO:Doing: data/SEA117-M026_20260128/0_RawData_gli_and_pld\sea117.26.pld1.sub.52.gz to data/SEA117-M026_20260128/realtime_rawnc/sea117.0026.pld1.sub.0052.parquet [line 139]
pyglider.seaexplorer:2026-08-13 13:38:51:WARNING:Exception reading data/SEA117-M026_20260128/0_RawData_gli_and_pld\sea117.26.pld1.sub.52.gz: invalid utf-8 sequence [line 146]
pyglider.seaexplorer:2026-08-13 13:38:51:WARNING:Could not read data/SEA117-M026_20260128/0_RawData_gli_and_pld\sea117.26.pld1.sub.52.gz [line 147]
pyglider.seaexplorer:2026-08-13 13:38:51:INFO:data/SEA117-M026_20260128/0_RawData_gli_and_pld\sea117.26.pld1.sub.53.gz to data/SEA117-M026_20260128/realtime_rawnc/sea117.0026.pld1.sub.0053.parquet [line 137]
pyglider.seaexplorer:2026-08-13 13:38:51:INFO:Doing: data/SEA117-M026_20260128/0_RawData_gli_and_pld\sea117.26.pld1.sub.53.gz to data/SEA117-M026_20260128/realtime_rawnc/sea117.0026.pld1.sub.0053.parquet [line 139]
pyglider.seaexplorer:2026-08-13 13:38:51:WARNING:Exception reading data/SEA117-M026_20260128/0_RawData_gli_and_pld\sea117.26.pld1.sub.53.gz: invalid utf-8 sequence [line 146]
pyglider.seaexplorer:2026-08-13 13:38:51:WARNING:Could not read data/SEA117-M026_20260128/0_RawData_gli_and_pld\sea117.26.pld1.sub.53.gz [line 147]
pyglider.seaexplorer:2026-08-13 13:38:51:INFO:data/SEA117-M026_20260128/0_RawData_gli_and_pld\sea117.26.pld1.sub.54.gz to data/SEA117-M026_20260128/realtime_rawnc/sea117.0026.pld1.sub.0054.parquet [line 137]
pyglider.seaexplorer:2026-08-13 13:38:51:INFO:Doing: data/SEA117-M026_20260128/0_RawData_gli_and_pld\sea117.26.pld1.sub.54.gz to data/SEA117-M026_20260128/realtime_rawnc/sea117.0026.pld1.sub.0054.parquet [line 139]
pyglider.seaexplorer:2026-08-13 13:38:51:WARNING:Exception reading data/SEA117-M026_20260128/0_RawData_gli_and_pld\sea117.26.pld1.sub.54.gz: invalid utf-8 sequence [line 146]
pyglider.seaexplorer:2026-08-13 13:38:51:WARNING:Could not read data/SEA117-M026_20260128/0_RawData_gli_and_pld\sea117.26.pld1.sub.54.gz [line 147]
pyglider.seaexplorer:2026-08-13 13:38:51:INFO:data/SEA117-M026_20260128/0_RawData_gli_and_pld\sea117.26.pld1.sub.55.gz to data/SEA117-M026_20260128/realtime_rawnc/sea117.0026.pld1.sub.0055.parquet [line 137]
pyglider.seaexplorer:2026-08-13 13:38:51:INFO:Doing: data/SEA117-M026_20260128/0_RawData_gli_and_pld\sea117.26.pld1.sub.55.gz to data/SEA117-M026_20260128/realtime_rawnc/sea117.0026.pld1.sub.0055.parquet [line 139]
pyglider.seaexplorer:2026-08-13 13:38:51:WARNING:Exception reading data/SEA117-M026_20260128/0_RawData_gli_and_pld\sea117.26.pld1.sub.55.gz: invalid utf-8 sequence [line 146]
pyglider.seaexplorer:2026-08-13 13:38:51:WARNING:Could not read data/SEA117-M026_20260128/0_RawData_gli_and_pld\sea117.26.pld1.sub.55.gz [line 147]
pyglider.seaexplorer:2026-08-13 13:38:51:INFO:data/SEA117-M026_20260128/0_RawData_gli_and_pld\sea117.26.pld1.sub.56.gz to data/SEA117-M026_20260128/realtime_rawnc/sea117.0026.pld1.sub.0056.parquet [line 137]
pyglider.seaexplorer:2026-08-13 13:38:51:INFO:Doing: data/SEA117-M026_20260128/0_RawData_gli_and_pld\sea117.26.pld1.sub.56.gz to data/SEA117-M026_20260128/realtime_rawnc/sea117.0026.pld1.sub.0056.parquet [line 139]
pyglider.seaexplorer:2026-08-13 13:38:51:WARNING:Exception reading data/SEA117-M026_20260128/0_RawData_gli_and_pld\sea117.26.pld1.sub.56.gz: invalid utf-8 sequence [line 146]
pyglider.seaexplorer:2026-08-13 13:38:51:WARNING:Could not read data/SEA117-M026_20260128/0_RawData_gli_and_pld\sea117.26.pld1.sub.56.gz [line 147]
pyglider.seaexplorer:2026-08-13 13:38:51:INFO:data/SEA117-M026_20260128/0_RawData_gli_and_pld\sea117.26.pld1.sub.57.gz to data/SEA117-M026_20260128/realtime_rawnc/sea117.0026.pld1.sub.0057.parquet [line 137]
pyglider.seaexplorer:2026-08-13 13:38:51:INFO:Doing: data/SEA117-M026_20260128/0_RawData_gli_and_pld\sea117.26.pld1.sub.57.gz to data/SEA117-M026_20260128/realtime_rawnc/sea117.0026.pld1.sub.0057.parquet [line 139]
pyglider.seaexplorer:2026-08-13 13:38:51:WARNING:Exception reading data/SEA117-M026_20260128/0_RawData_gli_and_pld\sea117.26.pld1.sub.57.gz: invalid utf-8 sequence [line 146]
pyglider.seaexplorer:2026-08-13 13:38:51:WARNING:Could not read data/SEA117-M026_20260128/0_RawData_gli_and_pld\sea117.26.pld1.sub.57.gz [line 147]
pyglider.seaexplorer:2026-08-13 13:38:51:INFO:data/SEA117-M026_20260128/0_RawData_gli_and_pld\sea117.26.pld1.sub.58.gz to data/SEA117-M026_20260128/realtime_rawnc/sea117.0026.pld1.sub.0058.parquet [line 137]
pyglider.seaexplorer:2026-08-13 13:38:51:INFO:Doing: data/SEA117-M026_20260128/0_RawData_gli_and_pld\sea117.26.pld1.sub.58.gz to data/SEA117-M026_20260128/realtime_rawnc/sea117.0026.pld1.sub.0058.parquet [line 139]
pyglider.seaexplorer:2026-08-13 13:38:51:WARNING:Exception reading data/SEA117-M026_20260128/0_RawData_gli_and_pld\sea117.26.pld1.sub.58.gz: invalid utf-8 sequence [line 146]
pyglider.seaexplorer:2026-08-13 13:38:51:WARNING:Could not read data/SEA117-M026_20260128/0_RawData_gli_and_pld\sea117.26.pld1.sub.58.gz [line 147]
pyglider.seaexplorer:2026-08-13 13:38:51:INFO:data/SEA117-M026_20260128/0_RawData_gli_and_pld\sea117.26.pld1.sub.59.gz to data/SEA117-M026_20260128/realtime_rawnc/sea117.0026.pld1.sub.0059.parquet [line 137]
pyglider.seaexplorer:2026-08-13 13:38:51:INFO:Doing: data/SEA117-M026_20260128/0_RawData_gli_and_pld\sea117.26.pld1.sub.59.gz to data/SEA117-M026_20260128/realtime_rawnc/sea117.0026.pld1.sub.0059.parquet [line 139]
pyglider.seaexplorer:2026-08-13 13:38:51:WARNING:Exception reading data/SEA117-M026_20260128/0_RawData_gli_and_pld\sea117.26.pld1.sub.59.gz: invalid utf-8 sequence [line 146]
pyglider.seaexplorer:2026-08-13 13:38:51:WARNING:Could not read data/SEA117-M026_20260128/0_RawData_gli_and_pld\sea117.26.pld1.sub.59.gz [line 147]
pyglider.seaexplorer:2026-08-13 13:38:51:INFO:data/SEA117-M026_20260128/0_RawData_gli_and_pld\sea117.26.pld1.sub.60.gz to data/SEA117-M026_20260128/realtime_rawnc/sea117.0026.pld1.sub.0060.parquet [line 137]
pyglider.seaexplorer:2026-08-13 13:38:51:INFO:Doing: data/SEA117-M026_20260128/0_RawData_gli_and_pld\sea117.26.pld1.sub.60.gz to data/SEA117-M026_20260128/realtime_rawnc/sea117.0026.pld1.sub.0060.parquet [line 139]
pyglider.seaexplorer:2026-08-13 13:38:51:WARNING:Exception reading data/SEA117-M026_20260128/0_RawData_gli_and_pld\sea117.26.pld1.sub.60.gz: invalid utf-8 sequence [line 146]
pyglider.seaexplorer:2026-08-13 13:38:51:WARNING:Could not read data/SEA117-M026_20260128/0_RawData_gli_and_pld\sea117.26.pld1.sub.60.gz [line 147]
pyglider.seaexplorer:2026-08-13 13:38:51:INFO:data/SEA117-M026_20260128/0_RawData_gli_and_pld\sea117.26.pld1.sub.61.gz to data/SEA117-M026_20260128/realtime_rawnc/sea117.0026.pld1.sub.0061.parquet [line 137]
pyglider.seaexplorer:2026-08-13 13:38:51:INFO:Doing: data/SEA117-M026_20260128/0_RawData_gli_and_pld\sea117.26.pld1.sub.61.gz to data/SEA117-M026_20260128/realtime_rawnc/sea117.0026.pld1.sub.0061.parquet [line 139]
pyglider.seaexplorer:2026-08-13 13:38:51:WARNING:Exception reading data/SEA117-M026_20260128/0_RawData_gli_and_pld\sea117.26.pld1.sub.61.gz: invalid utf-8 sequence [line 146]
pyglider.seaexplorer:2026-08-13 13:38:51:WARNING:Could not read data/SEA117-M026_20260128/0_RawData_gli_and_pld\sea117.26.pld1.sub.61.gz [line 147]
pyglider.seaexplorer:2026-08-13 13:38:51:INFO:data/SEA117-M026_20260128/0_RawData_gli_and_pld\sea117.26.pld1.sub.62.gz to data/SEA117-M026_20260128/realtime_rawnc/sea117.0026.pld1.sub.0062.parquet [line 137]
pyglider.seaexplorer:2026-08-13 13:38:51:INFO:Doing: data/SEA117-M026_20260128/0_RawData_gli_and_pld\sea117.26.pld1.sub.62.gz to data/SEA117-M026_20260128/realtime_rawnc/sea117.0026.pld1.sub.0062.parquet [line 139]
pyglider.seaexplorer:2026-08-13 13:38:51:WARNING:Exception reading data/SEA117-M026_20260128/0_RawData_gli_and_pld\sea117.26.pld1.sub.62.gz: invalid utf-8 sequence [line 146]
pyglider.seaexplorer:2026-08-13 13:38:51:WARNING:Could not read data/SEA117-M026_20260128/0_RawData_gli_and_pld\sea117.26.pld1.sub.62.gz [line 147]
pyglider.seaexplorer:2026-08-13 13:38:51:INFO:data/SEA117-M026_20260128/0_RawData_gli_and_pld\sea117.26.pld1.sub.63.gz to data/SEA117-M026_20260128/realtime_rawnc/sea117.0026.pld1.sub.0063.parquet [line 137]
pyglider.seaexplorer:2026-08-13 13:38:51:INFO:Doing: data/SEA117-M026_20260128/0_RawData_gli_and_pld\sea117.26.pld1.sub.63.gz to data/SEA117-M026_20260128/realtime_rawnc/sea117.0026.pld1.sub.0063.parquet [line 139]
pyglider.seaexplorer:2026-08-13 13:38:51:WARNING:Exception reading data/SEA117-M026_20260128/0_RawData_gli_and_pld\sea117.26.pld1.sub.63.gz: invalid utf-8 sequence [line 146]
pyglider.seaexplorer:2026-08-13 13:38:51:WARNING:Could not read data/SEA117-M026_20260128/0_RawData_gli_and_pld\sea117.26.pld1.sub.63.gz [line 147]
pyglider.seaexplorer:2026-08-13 13:38:51:INFO:data/SEA117-M026_20260128/0_RawData_gli_and_pld\sea117.26.pld1.sub.64.gz to data/SEA117-M026_20260128/realtime_rawnc/sea117.0026.pld1.sub.0064.parquet [line 137]
pyglider.seaexplorer:2026-08-13 13:38:51:INFO:Doing: data/SEA117-M026_20260128/0_RawData_gli_and_pld\sea117.26.pld1.sub.64.gz to data/SEA117-M026_20260128/realtime_rawnc/sea117.0026.pld1.sub.0064.parquet [line 139]
pyglider.seaexplorer:2026-08-13 13:38:51:WARNING:Exception reading data/SEA117-M026_20260128/0_RawData_gli_and_pld\sea117.26.pld1.sub.64.gz: invalid utf-8 sequence [line 146]
pyglider.seaexplorer:2026-08-13 13:38:51:WARNING:Could not read data/SEA117-M026_20260128/0_RawData_gli_and_pld\sea117.26.pld1.sub.64.gz [line 147]
pyglider.seaexplorer:2026-08-13 13:38:51:INFO:data/SEA117-M026_20260128/0_RawData_gli_and_pld\sea117.26.pld1.sub.65.gz to data/SEA117-M026_20260128/realtime_rawnc/sea117.0026.pld1.sub.0065.parquet [line 137]
pyglider.seaexplorer:2026-08-13 13:38:51:INFO:Doing: data/SEA117-M026_20260128/0_RawData_gli_and_pld\sea117.26.pld1.sub.65.gz to data/SEA117-M026_20260128/realtime_rawnc/sea117.0026.pld1.sub.0065.parquet [line 139]
pyglider.seaexplorer:2026-08-13 13:38:51:WARNING:Exception reading data/SEA117-M026_20260128/0_RawData_gli_and_pld\sea117.26.pld1.sub.65.gz: invalid utf-8 sequence [line 146]
pyglider.seaexplorer:2026-08-13 13:38:51:WARNING:Could not read data/SEA117-M026_20260128/0_RawData_gli_and_pld\sea117.26.pld1.sub.65.gz [line 147]
pyglider.seaexplorer:2026-08-13 13:38:51:INFO:data/SEA117-M026_20260128/0_RawData_gli_and_pld\sea117.26.pld1.sub.66.gz to data/SEA117-M026_20260128/realtime_rawnc/sea117.0026.pld1.sub.0066.parquet [line 137]
pyglider.seaexplorer:2026-08-13 13:38:51:INFO:Doing: data/SEA117-M026_20260128/0_RawData_gli_and_pld\sea117.26.pld1.sub.66.gz to data/SEA117-M026_20260128/realtime_rawnc/sea117.0026.pld1.sub.0066.parquet [line 139]
pyglider.seaexplorer:2026-08-13 13:38:51:WARNING:Exception reading data/SEA117-M026_20260128/0_RawData_gli_and_pld\sea117.26.pld1.sub.66.gz: invalid utf-8 sequence [line 146]
pyglider.seaexplorer:2026-08-13 13:38:51:WARNING:Could not read data/SEA117-M026_20260128/0_RawData_gli_and_pld\sea117.26.pld1.sub.66.gz [line 147]
pyglider.seaexplorer:2026-08-13 13:38:51:INFO:data/SEA117-M026_20260128/0_RawData_gli_and_pld\sea117.26.pld1.sub.67.gz to data/SEA117-M026_20260128/realtime_rawnc/sea117.0026.pld1.sub.0067.parquet [line 137]
pyglider.seaexplorer:2026-08-13 13:38:51:INFO:Doing: data/SEA117-M026_20260128/0_RawData_gli_and_pld\sea117.26.pld1.sub.67.gz to data/SEA117-M026_20260128/realtime_rawnc/sea117.0026.pld1.sub.0067.parquet [line 139]
pyglider.seaexplorer:2026-08-13 13:38:51:WARNING:Exception reading data/SEA117-M026_20260128/0_RawData_gli_and_pld\sea117.26.pld1.sub.67.gz: invalid utf-8 sequence [line 146]
pyglider.seaexplorer:2026-08-13 13:38:51:WARNING:Could not read data/SEA117-M026_20260128/0_RawData_gli_and_pld\sea117.26.pld1.sub.67.gz [line 147]
pyglider.seaexplorer:2026-08-13 13:38:51:INFO:data/SEA117-M026_20260128/0_RawData_gli_and_pld\sea117.26.pld1.sub.68.gz to data/SEA117-M026_20260128/realtime_rawnc/sea117.0026.pld1.sub.0068.parquet [line 137]
pyglider.seaexplorer:2026-08-13 13:38:51:INFO:Doing: data/SEA117-M026_20260128/0_RawData_gli_and_pld\sea117.26.pld1.sub.68.gz to data/SEA117-M026_20260128/realtime_rawnc/sea117.0026.pld1.sub.0068.parquet [line 139]
pyglider.seaexplorer:2026-08-13 13:38:51:WARNING:Exception reading data/SEA117-M026_20260128/0_RawData_gli_and_pld\sea117.26.pld1.sub.68.gz: invalid utf-8 sequence [line 146]
pyglider.seaexplorer:2026-08-13 13:38:51:WARNING:Could not read data/SEA117-M026_20260128/0_RawData_gli_and_pld\sea117.26.pld1.sub.68.gz [line 147]
pyglider.seaexplorer:2026-08-13 13:38:51:INFO:data/SEA117-M026_20260128/0_RawData_gli_and_pld\sea117.26.pld1.sub.69.gz to data/SEA117-M026_20260128/realtime_rawnc/sea117.0026.pld1.sub.0069.parquet [line 137]
pyglider.seaexplorer:2026-08-13 13:38:51:INFO:Doing: data/SEA117-M026_20260128/0_RawData_gli_and_pld\sea117.26.pld1.sub.69.gz to data/SEA117-M026_20260128/realtime_rawnc/sea117.0026.pld1.sub.0069.parquet [line 139]
pyglider.seaexplorer:2026-08-13 13:38:51:WARNING:Exception reading data/SEA117-M026_20260128/0_RawData_gli_and_pld\sea117.26.pld1.sub.69.gz: invalid utf-8 sequence [line 146]
pyglider.seaexplorer:2026-08-13 13:38:51:WARNING:Could not read data/SEA117-M026_20260128/0_RawData_gli_and_pld\sea117.26.pld1.sub.69.gz [line 147]
pyglider.seaexplorer:2026-08-13 13:38:51:INFO:data/SEA117-M026_20260128/0_RawData_gli_and_pld\sea117.26.pld1.sub.70.gz to data/SEA117-M026_20260128/realtime_rawnc/sea117.0026.pld1.sub.0070.parquet [line 137]
pyglider.seaexplorer:2026-08-13 13:38:51:INFO:Doing: data/SEA117-M026_20260128/0_RawData_gli_and_pld\sea117.26.pld1.sub.70.gz to data/SEA117-M026_20260128/realtime_rawnc/sea117.0026.pld1.sub.0070.parquet [line 139]
pyglider.seaexplorer:2026-08-13 13:38:51:WARNING:Exception reading data/SEA117-M026_20260128/0_RawData_gli_and_pld\sea117.26.pld1.sub.70.gz: invalid utf-8 sequence [line 146]
pyglider.seaexplorer:2026-08-13 13:38:51:WARNING:Could not read data/SEA117-M026_20260128/0_RawData_gli_and_pld\sea117.26.pld1.sub.70.gz [line 147]
pyglider.seaexplorer:2026-08-13 13:38:51:INFO:data/SEA117-M026_20260128/0_RawData_gli_and_pld\sea117.26.pld1.sub.71.gz to data/SEA117-M026_20260128/realtime_rawnc/sea117.0026.pld1.sub.0071.parquet [line 137]
pyglider.seaexplorer:2026-08-13 13:38:51:INFO:Doing: data/SEA117-M026_20260128/0_RawData_gli_and_pld\sea117.26.pld1.sub.71.gz to data/SEA117-M026_20260128/realtime_rawnc/sea117.0026.pld1.sub.0071.parquet [line 139]
pyglider.seaexplorer:2026-08-13 13:38:51:WARNING:Exception reading data/SEA117-M026_20260128/0_RawData_gli_and_pld\sea117.26.pld1.sub.71.gz: invalid utf-8 sequence [line 146]
pyglider.seaexplorer:2026-08-13 13:38:51:WARNING:Could not read data/SEA117-M026_20260128/0_RawData_gli_and_pld\sea117.26.pld1.sub.71.gz [line 147]
pyglider.seaexplorer:2026-08-13 13:38:51:INFO:data/SEA117-M026_20260128/0_RawData_gli_and_pld\sea117.26.pld1.sub.72.gz to data/SEA117-M026_20260128/realtime_rawnc/sea117.0026.pld1.sub.0072.parquet [line 137]
pyglider.seaexplorer:2026-08-13 13:38:51:INFO:Doing: data/SEA117-M026_20260128/0_RawData_gli_and_pld\sea117.26.pld1.sub.72.gz to data/SEA117-M026_20260128/realtime_rawnc/sea117.0026.pld1.sub.0072.parquet [line 139]
pyglider.seaexplorer:2026-08-13 13:38:51:WARNING:Exception reading data/SEA117-M026_20260128/0_RawData_gli_and_pld\sea117.26.pld1.sub.72.gz: invalid utf-8 sequence [line 146]
pyglider.seaexplorer:2026-08-13 13:38:51:WARNING:Could not read data/SEA117-M026_20260128/0_RawData_gli_and_pld\sea117.26.pld1.sub.72.gz [line 147]
pyglider.seaexplorer:2026-08-13 13:38:51:INFO:data/SEA117-M026_20260128/0_RawData_gli_and_pld\sea117.26.pld1.sub.73.gz to data/SEA117-M026_20260128/realtime_rawnc/sea117.0026.pld1.sub.0073.parquet [line 137]
pyglider.seaexplorer:2026-08-13 13:38:51:INFO:Doing: data/SEA117-M026_20260128/0_RawData_gli_and_pld\sea117.26.pld1.sub.73.gz to data/SEA117-M026_20260128/realtime_rawnc/sea117.0026.pld1.sub.0073.parquet [line 139]
pyglider.seaexplorer:2026-08-13 13:38:51:WARNING:Exception reading data/SEA117-M026_20260128/0_RawData_gli_and_pld\sea117.26.pld1.sub.73.gz: invalid utf-8 sequence [line 146]
pyglider.seaexplorer:2026-08-13 13:38:51:WARNING:Could not read data/SEA117-M026_20260128/0_RawData_gli_and_pld\sea117.26.pld1.sub.73.gz [line 147]
pyglider.seaexplorer:2026-08-13 13:38:51:INFO:data/SEA117-M026_20260128/0_RawData_gli_and_pld\sea117.26.pld1.sub.74.gz to data/SEA117-M026_20260128/realtime_rawnc/sea117.0026.pld1.sub.0074.parquet [line 137]
pyglider.seaexplorer:2026-08-13 13:38:51:INFO:Doing: data/SEA117-M026_20260128/0_RawData_gli_and_pld\sea117.26.pld1.sub.74.gz to data/SEA117-M026_20260128/realtime_rawnc/sea117.0026.pld1.sub.0074.parquet [line 139]
pyglider.seaexplorer:2026-08-13 13:38:51:WARNING:Exception reading data/SEA117-M026_20260128/0_RawData_gli_and_pld\sea117.26.pld1.sub.74.gz: invalid utf-8 sequence [line 146]
pyglider.seaexplorer:2026-08-13 13:38:51:WARNING:Could not read data/SEA117-M026_20260128/0_RawData_gli_and_pld\sea117.26.pld1.sub.74.gz [line 147]
pyglider.seaexplorer:2026-08-13 13:38:51:INFO:data/SEA117-M026_20260128/0_RawData_gli_and_pld\sea117.26.pld1.sub.75.gz to data/SEA117-M026_20260128/realtime_rawnc/sea117.0026.pld1.sub.0075.parquet [line 137]
pyglider.seaexplorer:2026-08-13 13:38:51:INFO:Doing: data/SEA117-M026_20260128/0_RawData_gli_and_pld\sea117.26.pld1.sub.75.gz to data/SEA117-M026_20260128/realtime_rawnc/sea117.0026.pld1.sub.0075.parquet [line 139]
pyglider.seaexplorer:2026-08-13 13:38:51:WARNING:Exception reading data/SEA117-M026_20260128/0_RawData_gli_and_pld\sea117.26.pld1.sub.75.gz: invalid utf-8 sequence [line 146]
pyglider.seaexplorer:2026-08-13 13:38:51:WARNING:Could not read data/SEA117-M026_20260128/0_RawData_gli_and_pld\sea117.26.pld1.sub.75.gz [line 147]
pyglider.seaexplorer:2026-08-13 13:38:51:INFO:data/SEA117-M026_20260128/0_RawData_gli_and_pld\sea117.26.pld1.sub.76.gz to data/SEA117-M026_20260128/realtime_rawnc/sea117.0026.pld1.sub.0076.parquet [line 137]
pyglider.seaexplorer:2026-08-13 13:38:51:INFO:Doing: data/SEA117-M026_20260128/0_RawData_gli_and_pld\sea117.26.pld1.sub.76.gz to data/SEA117-M026_20260128/realtime_rawnc/sea117.0026.pld1.sub.0076.parquet [line 139]
pyglider.seaexplorer:2026-08-13 13:38:51:WARNING:Exception reading data/SEA117-M026_20260128/0_RawData_gli_and_pld\sea117.26.pld1.sub.76.gz: invalid utf-8 sequence [line 146]
pyglider.seaexplorer:2026-08-13 13:38:51:WARNING:Could not read data/SEA117-M026_20260128/0_RawData_gli_and_pld\sea117.26.pld1.sub.76.gz [line 147]
pyglider.seaexplorer:2026-08-13 13:38:51:INFO:data/SEA117-M026_20260128/0_RawData_gli_and_pld\sea117.26.pld1.sub.77.gz to data/SEA117-M026_20260128/realtime_rawnc/sea117.0026.pld1.sub.0077.parquet [line 137]
pyglider.seaexplorer:2026-08-13 13:38:51:INFO:Doing: data/SEA117-M026_20260128/0_RawData_gli_and_pld\sea117.26.pld1.sub.77.gz to data/SEA117-M026_20260128/realtime_rawnc/sea117.0026.pld1.sub.0077.parquet [line 139]
pyglider.seaexplorer:2026-08-13 13:38:51:WARNING:Exception reading data/SEA117-M026_20260128/0_RawData_gli_and_pld\sea117.26.pld1.sub.77.gz: invalid utf-8 sequence [line 146]
pyglider.seaexplorer:2026-08-13 13:38:51:WARNING:Could not read data/SEA117-M026_20260128/0_RawData_gli_and_pld\sea117.26.pld1.sub.77.gz [line 147]
pyglider.seaexplorer:2026-08-13 13:38:51:INFO:data/SEA117-M026_20260128/0_RawData_gli_and_pld\sea117.26.pld1.sub.78.gz to data/SEA117-M026_20260128/realtime_rawnc/sea117.0026.pld1.sub.0078.parquet [line 137]
pyglider.seaexplorer:2026-08-13 13:38:51:INFO:Doing: data/SEA117-M026_20260128/0_RawData_gli_and_pld\sea117.26.pld1.sub.78.gz to data/SEA117-M026_20260128/realtime_rawnc/sea117.0026.pld1.sub.0078.parquet [line 139]
pyglider.seaexplorer:2026-08-13 13:38:51:WARNING:Exception reading data/SEA117-M026_20260128/0_RawData_gli_and_pld\sea117.26.pld1.sub.78.gz: invalid utf-8 sequence [line 146]
pyglider.seaexplorer:2026-08-13 13:38:51:WARNING:Could not read data/SEA117-M026_20260128/0_RawData_gli_and_pld\sea117.26.pld1.sub.78.gz [line 147]
pyglider.seaexplorer:2026-08-13 13:38:51:INFO:data/SEA117-M026_20260128/0_RawData_gli_and_pld\sea117.26.pld1.sub.79.gz to data/SEA117-M026_20260128/realtime_rawnc/sea117.0026.pld1.sub.0079.parquet [line 137]
pyglider.seaexplorer:2026-08-13 13:38:51:INFO:Doing: data/SEA117-M026_20260128/0_RawData_gli_and_pld\sea117.26.pld1.sub.79.gz to data/SEA117-M026_20260128/realtime_rawnc/sea117.0026.pld1.sub.0079.parquet [line 139]
pyglider.seaexplorer:2026-08-13 13:38:51:WARNING:Exception reading data/SEA117-M026_20260128/0_RawData_gli_and_pld\sea117.26.pld1.sub.79.gz: invalid utf-8 sequence [line 146]
pyglider.seaexplorer:2026-08-13 13:38:51:WARNING:Could not read data/SEA117-M026_20260128/0_RawData_gli_and_pld\sea117.26.pld1.sub.79.gz [line 147]
pyglider.seaexplorer:2026-08-13 13:38:51:INFO:data/SEA117-M026_20260128/0_RawData_gli_and_pld\sea117.26.pld1.sub.80.gz to data/SEA117-M026_20260128/realtime_rawnc/sea117.0026.pld1.sub.0080.parquet [line 137]
pyglider.seaexplorer:2026-08-13 13:38:51:INFO:Doing: data/SEA117-M026_20260128/0_RawData_gli_and_pld\sea117.26.pld1.sub.80.gz to data/SEA117-M026_20260128/realtime_rawnc/sea117.0026.pld1.sub.0080.parquet [line 139]
pyglider.seaexplorer:2026-08-13 13:38:51:WARNING:Exception reading data/SEA117-M026_20260128/0_RawData_gli_and_pld\sea117.26.pld1.sub.80.gz: invalid utf-8 sequence [line 146]
pyglider.seaexplorer:2026-08-13 13:38:51:WARNING:Could not read data/SEA117-M026_20260128/0_RawData_gli_and_pld\sea117.26.pld1.sub.80.gz [line 147]
pyglider.seaexplorer:2026-08-13 13:38:51:INFO:data/SEA117-M026_20260128/0_RawData_gli_and_pld\sea117.26.pld1.sub.81.gz to data/SEA117-M026_20260128/realtime_rawnc/sea117.0026.pld1.sub.0081.parquet [line 137]
pyglider.seaexplorer:2026-08-13 13:38:51:INFO:Doing: data/SEA117-M026_20260128/0_RawData_gli_and_pld\sea117.26.pld1.sub.81.gz to data/SEA117-M026_20260128/realtime_rawnc/sea117.0026.pld1.sub.0081.parquet [line 139]
pyglider.seaexplorer:2026-08-13 13:38:51:WARNING:Exception reading data/SEA117-M026_20260128/0_RawData_gli_and_pld\sea117.26.pld1.sub.81.gz: invalid utf-8 sequence [line 146]
pyglider.seaexplorer:2026-08-13 13:38:51:WARNING:Could not read data/SEA117-M026_20260128/0_RawData_gli_and_pld\sea117.26.pld1.sub.81.gz [line 147]
pyglider.seaexplorer:2026-08-13 13:38:51:INFO:data/SEA117-M026_20260128/0_RawData_gli_and_pld\sea117.26.pld1.sub.82.gz to data/SEA117-M026_20260128/realtime_rawnc/sea117.0026.pld1.sub.0082.parquet [line 137]
pyglider.seaexplorer:2026-08-13 13:38:51:INFO:Doing: data/SEA117-M026_20260128/0_RawData_gli_and_pld\sea117.26.pld1.sub.82.gz to data/SEA117-M026_20260128/realtime_rawnc/sea117.0026.pld1.sub.0082.parquet [line 139]
pyglider.seaexplorer:2026-08-13 13:38:51:WARNING:Exception reading data/SEA117-M026_20260128/0_RawData_gli_and_pld\sea117.26.pld1.sub.82.gz: invalid utf-8 sequence [line 146]
pyglider.seaexplorer:2026-08-13 13:38:51:WARNING:Could not read data/SEA117-M026_20260128/0_RawData_gli_and_pld\sea117.26.pld1.sub.82.gz [line 147]
pyglider.seaexplorer:2026-08-13 13:38:51:INFO:data/SEA117-M026_20260128/0_RawData_gli_and_pld\sea117.26.pld1.sub.83.gz to data/SEA117-M026_20260128/realtime_rawnc/sea117.0026.pld1.sub.0083.parquet [line 137]
pyglider.seaexplorer:2026-08-13 13:38:51:INFO:Doing: data/SEA117-M026_20260128/0_RawData_gli_and_pld\sea117.26.pld1.sub.83.gz to data/SEA117-M026_20260128/realtime_rawnc/sea117.0026.pld1.sub.0083.parquet [line 139]
pyglider.seaexplorer:2026-08-13 13:38:51:WARNING:Exception reading data/SEA117-M026_20260128/0_RawData_gli_and_pld\sea117.26.pld1.sub.83.gz: invalid utf-8 sequence [line 146]
pyglider.seaexplorer:2026-08-13 13:38:51:WARNING:Could not read data/SEA117-M026_20260128/0_RawData_gli_and_pld\sea117.26.pld1.sub.83.gz [line 147]
pyglider.seaexplorer:2026-08-13 13:38:51:INFO:data/SEA117-M026_20260128/0_RawData_gli_and_pld\sea117.26.pld1.sub.84.gz to data/SEA117-M026_20260128/realtime_rawnc/sea117.0026.pld1.sub.0084.parquet [line 137]
pyglider.seaexplorer:2026-08-13 13:38:51:INFO:Doing: data/SEA117-M026_20260128/0_RawData_gli_and_pld\sea117.26.pld1.sub.84.gz to data/SEA117-M026_20260128/realtime_rawnc/sea117.0026.pld1.sub.0084.parquet [line 139]
pyglider.seaexplorer:2026-08-13 13:38:51:WARNING:Exception reading data/SEA117-M026_20260128/0_RawData_gli_and_pld\sea117.26.pld1.sub.84.gz: invalid utf-8 sequence [line 146]
pyglider.seaexplorer:2026-08-13 13:38:51:WARNING:Could not read data/SEA117-M026_20260128/0_RawData_gli_and_pld\sea117.26.pld1.sub.84.gz [line 147]
pyglider.seaexplorer:2026-08-13 13:38:51:INFO:data/SEA117-M026_20260128/0_RawData_gli_and_pld\sea117.26.pld1.sub.85.gz to data/SEA117-M026_20260128/realtime_rawnc/sea117.0026.pld1.sub.0085.parquet [line 137]
pyglider.seaexplorer:2026-08-13 13:38:51:INFO:Doing: data/SEA117-M026_20260128/0_RawData_gli_and_pld\sea117.26.pld1.sub.85.gz to data/SEA117-M026_20260128/realtime_rawnc/sea117.0026.pld1.sub.0085.parquet [line 139]
pyglider.seaexplorer:2026-08-13 13:38:51:WARNING:Exception reading data/SEA117-M026_20260128/0_RawData_gli_and_pld\sea117.26.pld1.sub.85.gz: invalid utf-8 sequence [line 146]
pyglider.seaexplorer:2026-08-13 13:38:51:WARNING:Could not read data/SEA117-M026_20260128/0_RawData_gli_and_pld\sea117.26.pld1.sub.85.gz [line 147]
pyglider.seaexplorer:2026-08-13 13:38:51:INFO:data/SEA117-M026_20260128/0_RawData_gli_and_pld\sea117.26.pld1.sub.86.gz to data/SEA117-M026_20260128/realtime_rawnc/sea117.0026.pld1.sub.0086.parquet [line 137]
pyglider.seaexplorer:2026-08-13 13:38:51:INFO:Doing: data/SEA117-M026_20260128/0_RawData_gli_and_pld\sea117.26.pld1.sub.86.gz to data/SEA117-M026_20260128/realtime_rawnc/sea117.0026.pld1.sub.0086.parquet [line 139]
pyglider.seaexplorer:2026-08-13 13:38:51:WARNING:Exception reading data/SEA117-M026_20260128/0_RawData_gli_and_pld\sea117.26.pld1.sub.86.gz: invalid utf-8 sequence [line 146]
pyglider.seaexplorer:2026-08-13 13:38:51:WARNING:Could not read data/SEA117-M026_20260128/0_RawData_gli_and_pld\sea117.26.pld1.sub.86.gz [line 147]
pyglider.seaexplorer:2026-08-13 13:38:51:INFO:data/SEA117-M026_20260128/0_RawData_gli_and_pld\sea117.26.pld1.sub.87.gz to data/SEA117-M026_20260128/realtime_rawnc/sea117.0026.pld1.sub.0087.parquet [line 137]
pyglider.seaexplorer:2026-08-13 13:38:51:INFO:Doing: data/SEA117-M026_20260128/0_RawData_gli_and_pld\sea117.26.pld1.sub.87.gz to data/SEA117-M026_20260128/realtime_rawnc/sea117.0026.pld1.sub.0087.parquet [line 139]
pyglider.seaexplorer:2026-08-13 13:38:51:WARNING:Exception reading data/SEA117-M026_20260128/0_RawData_gli_and_pld\sea117.26.pld1.sub.87.gz: invalid utf-8 sequence [line 146]
pyglider.seaexplorer:2026-08-13 13:38:51:WARNING:Could not read data/SEA117-M026_20260128/0_RawData_gli_and_pld\sea117.26.pld1.sub.87.gz [line 147]
pyglider.seaexplorer:2026-08-13 13:38:51:INFO:data/SEA117-M026_20260128/0_RawData_gli_and_pld\sea117.26.pld1.sub.88.gz to data/SEA117-M026_20260128/realtime_rawnc/sea117.0026.pld1.sub.0088.parquet [line 137]
pyglider.seaexplorer:2026-08-13 13:38:51:INFO:Doing: data/SEA117-M026_20260128/0_RawData_gli_and_pld\sea117.26.pld1.sub.88.gz to data/SEA117-M026_20260128/realtime_rawnc/sea117.0026.pld1.sub.0088.parquet [line 139]
pyglider.seaexplorer:2026-08-13 13:38:51:WARNING:Exception reading data/SEA117-M026_20260128/0_RawData_gli_and_pld\sea117.26.pld1.sub.88.gz: invalid utf-8 sequence [line 146]
pyglider.seaexplorer:2026-08-13 13:38:51:WARNING:Could not read data/SEA117-M026_20260128/0_RawData_gli_and_pld\sea117.26.pld1.sub.88.gz [line 147]
pyglider.seaexplorer:2026-08-13 13:38:51:WARNING:Some files could not be parsed: [line 214]
pyglider.seaexplorer:2026-08-13 13:38:51:WARNING:data/SEA117-M026_20260128/0_RawData_gli_and_pld\sea117.26.pld1.sub.1.gz [line 216]
pyglider.seaexplorer:2026-08-13 13:38:51:WARNING:data/SEA117-M026_20260128/0_RawData_gli_and_pld\sea117.26.pld1.sub.2.gz [line 216]
pyglider.seaexplorer:2026-08-13 13:38:51:WARNING:data/SEA117-M026_20260128/0_RawData_gli_and_pld\sea117.26.pld1.sub.3.gz [line 216]
pyglider.seaexplorer:2026-08-13 13:38:51:WARNING:data/SEA117-M026_20260128/0_RawData_gli_and_pld\sea117.26.pld1.sub.4.gz [line 216]
pyglider.seaexplorer:2026-08-13 13:38:51:WARNING:data/SEA117-M026_20260128/0_RawData_gli_and_pld\sea117.26.pld1.sub.5.gz [line 216]
pyglider.seaexplorer:2026-08-13 13:38:51:WARNING:data/SEA117-M026_20260128/0_RawData_gli_and_pld\sea117.26.pld1.sub.6.gz [line 216]
pyglider.seaexplorer:2026-08-13 13:38:51:WARNING:data/SEA117-M026_20260128/0_RawData_gli_and_pld\sea117.26.pld1.sub.7.gz [line 216]
pyglider.seaexplorer:2026-08-13 13:38:51:WARNING:data/SEA117-M026_20260128/0_RawData_gli_and_pld\sea117.26.pld1.sub.8.gz [line 216]
pyglider.seaexplorer:2026-08-13 13:38:51:WARNING:data/SEA117-M026_20260128/0_RawData_gli_and_pld\sea117.26.pld1.sub.9.gz [line 216]
pyglider.seaexplorer:2026-08-13 13:38:51:WARNING:data/SEA117-M026_20260128/0_RawData_gli_and_pld\sea117.26.pld1.sub.10.gz [line 216]
pyglider.seaexplorer:2026-08-13 13:38:51:WARNING:data/SEA117-M026_20260128/0_RawData_gli_and_pld\sea117.26.pld1.sub.11.gz [line 216]
pyglider.seaexplorer:2026-08-13 13:38:51:WARNING:data/SEA117-M026_20260128/0_RawData_gli_and_pld\sea117.26.pld1.sub.12.gz [line 216]
pyglider.seaexplorer:2026-08-13 13:38:51:WARNING:data/SEA117-M026_20260128/0_RawData_gli_and_pld\sea117.26.pld1.sub.13.gz [line 216]
pyglider.seaexplorer:2026-08-13 13:38:51:WARNING:data/SEA117-M026_20260128/0_RawData_gli_and_pld\sea117.26.pld1.sub.14.gz [line 216]
pyglider.seaexplorer:2026-08-13 13:38:51:WARNING:data/SEA117-M026_20260128/0_RawData_gli_and_pld\sea117.26.pld1.sub.15.gz [line 216]
pyglider.seaexplorer:2026-08-13 13:38:51:WARNING:data/SEA117-M026_20260128/0_RawData_gli_and_pld\sea117.26.pld1.sub.16.gz [line 216]
pyglider.seaexplorer:2026-08-13 13:38:51:WARNING:data/SEA117-M026_20260128/0_RawData_gli_and_pld\sea117.26.pld1.sub.17.gz [line 216]
pyglider.seaexplorer:2026-08-13 13:38:51:WARNING:data/SEA117-M026_20260128/0_RawData_gli_and_pld\sea117.26.pld1.sub.18.gz [line 216]
pyglider.seaexplorer:2026-08-13 13:38:51:WARNING:data/SEA117-M026_20260128/0_RawData_gli_and_pld\sea117.26.pld1.sub.19.gz [line 216]
pyglider.seaexplorer:2026-08-13 13:38:51:WARNING:data/SEA117-M026_20260128/0_RawData_gli_and_pld\sea117.26.pld1.sub.20.gz [line 216]
pyglider.seaexplorer:2026-08-13 13:38:51:WARNING:data/SEA117-M026_20260128/0_RawData_gli_and_pld\sea117.26.pld1.sub.21.gz [line 216]
pyglider.seaexplorer:2026-08-13 13:38:51:WARNING:data/SEA117-M026_20260128/0_RawData_gli_and_pld\sea117.26.pld1.sub.22.gz [line 216]
pyglider.seaexplorer:2026-08-13 13:38:51:WARNING:data/SEA117-M026_20260128/0_RawData_gli_and_pld\sea117.26.pld1.sub.23.gz [line 216]
pyglider.seaexplorer:2026-08-13 13:38:51:WARNING:data/SEA117-M026_20260128/0_RawData_gli_and_pld\sea117.26.pld1.sub.24.gz [line 216]
pyglider.seaexplorer:2026-08-13 13:38:51:WARNING:data/SEA117-M026_20260128/0_RawData_gli_and_pld\sea117.26.pld1.sub.25.gz [line 216]
pyglider.seaexplorer:2026-08-13 13:38:51:WARNING:data/SEA117-M026_20260128/0_RawData_gli_and_pld\sea117.26.pld1.sub.26.gz [line 216]
pyglider.seaexplorer:2026-08-13 13:38:51:WARNING:data/SEA117-M026_20260128/0_RawData_gli_and_pld\sea117.26.pld1.sub.27.gz [line 216]
pyglider.seaexplorer:2026-08-13 13:38:51:WARNING:data/SEA117-M026_20260128/0_RawData_gli_and_pld\sea117.26.pld1.sub.28.gz [line 216]
pyglider.seaexplorer:2026-08-13 13:38:51:WARNING:data/SEA117-M026_20260128/0_RawData_gli_and_pld\sea117.26.pld1.sub.29.gz [line 216]
pyglider.seaexplorer:2026-08-13 13:38:51:WARNING:data/SEA117-M026_20260128/0_RawData_gli_and_pld\sea117.26.pld1.sub.30.gz [line 216]
pyglider.seaexplorer:2026-08-13 13:38:51:WARNING:data/SEA117-M026_20260128/0_RawData_gli_and_pld\sea117.26.pld1.sub.31.gz [line 216]
pyglider.seaexplorer:2026-08-13 13:38:51:WARNING:data/SEA117-M026_20260128/0_RawData_gli_and_pld\sea117.26.pld1.sub.32.gz [line 216]
pyglider.seaexplorer:2026-08-13 13:38:51:WARNING:data/SEA117-M026_20260128/0_RawData_gli_and_pld\sea117.26.pld1.sub.33.gz [line 216]
pyglider.seaexplorer:2026-08-13 13:38:51:WARNING:data/SEA117-M026_20260128/0_RawData_gli_and_pld\sea117.26.pld1.sub.34.gz [line 216]
pyglider.seaexplorer:2026-08-13 13:38:51:WARNING:data/SEA117-M026_20260128/0_RawData_gli_and_pld\sea117.26.pld1.sub.35.gz [line 216]
pyglider.seaexplorer:2026-08-13 13:38:51:WARNING:data/SEA117-M026_20260128/0_RawData_gli_and_pld\sea117.26.pld1.sub.36.gz [line 216]
pyglider.seaexplorer:2026-08-13 13:38:51:WARNING:data/SEA117-M026_20260128/0_RawData_gli_and_pld\sea117.26.pld1.sub.37.gz [line 216]
pyglider.seaexplorer:2026-08-13 13:38:51:WARNING:data/SEA117-M026_20260128/0_RawData_gli_and_pld\sea117.26.pld1.sub.38.gz [line 216]
pyglider.seaexplorer:2026-08-13 13:38:51:WARNING:data/SEA117-M026_20260128/0_RawData_gli_and_pld\sea117.26.pld1.sub.39.gz [line 216]
pyglider.seaexplorer:2026-08-13 13:38:51:WARNING:data/SEA117-M026_20260128/0_RawData_gli_and_pld\sea117.26.pld1.sub.40.gz [line 216]
pyglider.seaexplorer:2026-08-13 13:38:51:WARNING:data/SEA117-M026_20260128/0_RawData_gli_and_pld\sea117.26.pld1.sub.41.gz [line 216]
pyglider.seaexplorer:2026-08-13 13:38:51:WARNING:data/SEA117-M026_20260128/0_RawData_gli_and_pld\sea117.26.pld1.sub.46.gz [line 216]
pyglider.seaexplorer:2026-08-13 13:38:51:WARNING:data/SEA117-M026_20260128/0_RawData_gli_and_pld\sea117.26.pld1.sub.47.gz [line 216]
pyglider.seaexplorer:2026-08-13 13:38:51:WARNING:data/SEA117-M026_20260128/0_RawData_gli_and_pld\sea117.26.pld1.sub.48.gz [line 216]
pyglider.seaexplorer:2026-08-13 13:38:51:WARNING:data/SEA117-M026_20260128/0_RawData_gli_and_pld\sea117.26.pld1.sub.49.gz [line 216]
pyglider.seaexplorer:2026-08-13 13:38:51:WARNING:data/SEA117-M026_20260128/0_RawData_gli_and_pld\sea117.26.pld1.sub.50.gz [line 216]
pyglider.seaexplorer:2026-08-13 13:38:51:WARNING:data/SEA117-M026_20260128/0_RawData_gli_and_pld\sea117.26.pld1.sub.51.gz [line 216]
pyglider.seaexplorer:2026-08-13 13:38:51:WARNING:data/SEA117-M026_20260128/0_RawData_gli_and_pld\sea117.26.pld1.sub.52.gz [line 216]
pyglider.seaexplorer:2026-08-13 13:38:51:WARNING:data/SEA117-M026_20260128/0_RawData_gli_and_pld\sea117.26.pld1.sub.53.gz [line 216]
pyglider.seaexplorer:2026-08-13 13:38:51:WARNING:data/SEA117-M026_20260128/0_RawData_gli_and_pld\sea117.26.pld1.sub.54.gz [line 216]
pyglider.seaexplorer:2026-08-13 13:38:51:WARNING:data/SEA117-M026_20260128/0_RawData_gli_and_pld\sea117.26.pld1.sub.55.gz [line 216]
pyglider.seaexplorer:2026-08-13 13:38:51:WARNING:data/SEA117-M026_20260128/0_RawData_gli_and_pld\sea117.26.pld1.sub.56.gz [line 216]
pyglider.seaexplorer:2026-08-13 13:38:51:WARNING:data/SEA117-M026_20260128/0_RawData_gli_and_pld\sea117.26.pld1.sub.57.gz [line 216]
pyglider.seaexplorer:2026-08-13 13:38:51:WARNING:data/SEA117-M026_20260128/0_RawData_gli_and_pld\sea117.26.pld1.sub.58.gz [line 216]
pyglider.seaexplorer:2026-08-13 13:38:51:WARNING:data/SEA117-M026_20260128/0_RawData_gli_and_pld\sea117.26.pld1.sub.59.gz [line 216]
pyglider.seaexplorer:2026-08-13 13:38:51:WARNING:data/SEA117-M026_20260128/0_RawData_gli_and_pld\sea117.26.pld1.sub.60.gz [line 216]
pyglider.seaexplorer:2026-08-13 13:38:51:WARNING:data/SEA117-M026_20260128/0_RawData_gli_and_pld\sea117.26.pld1.sub.61.gz [line 216]
pyglider.seaexplorer:2026-08-13 13:38:51:WARNING:data/SEA117-M026_20260128/0_RawData_gli_and_pld\sea117.26.pld1.sub.62.gz [line 216]
pyglider.seaexplorer:2026-08-13 13:38:51:WARNING:data/SEA117-M026_20260128/0_RawData_gli_and_pld\sea117.26.pld1.sub.63.gz [line 216]
pyglider.seaexplorer:2026-08-13 13:38:51:WARNING:data/SEA117-M026_20260128/0_RawData_gli_and_pld\sea117.26.pld1.sub.64.gz [line 216]
pyglider.seaexplorer:2026-08-13 13:38:51:WARNING:data/SEA117-M026_20260128/0_RawData_gli_and_pld\sea117.26.pld1.sub.65.gz [line 216]
pyglider.seaexplorer:2026-08-13 13:38:51:WARNING:data/SEA117-M026_20260128/0_RawData_gli_and_pld\sea117.26.pld1.sub.66.gz [line 216]
pyglider.seaexplorer:2026-08-13 13:38:51:WARNING:data/SEA117-M026_20260128/0_RawData_gli_and_pld\sea117.26.pld1.sub.67.gz [line 216]
pyglider.seaexplorer:2026-08-13 13:38:51:WARNING:data/SEA117-M026_20260128/0_RawData_gli_and_pld\sea117.26.pld1.sub.68.gz [line 216]
pyglider.seaexplorer:2026-08-13 13:38:51:WARNING:data/SEA117-M026_20260128/0_RawData_gli_and_pld\sea117.26.pld1.sub.69.gz [line 216]
pyglider.seaexplorer:2026-08-13 13:38:51:WARNING:data/SEA117-M026_20260128/0_RawData_gli_and_pld\sea117.26.pld1.sub.70.gz [line 216]
pyglider.seaexplorer:2026-08-13 13:38:51:WARNING:data/SEA117-M026_20260128/0_RawData_gli_and_pld\sea117.26.pld1.sub.71.gz [line 216]
pyglider.seaexplorer:2026-08-13 13:38:51:WARNING:data/SEA117-M026_20260128/0_RawData_gli_and_pld\sea117.26.pld1.sub.72.gz [line 216]
pyglider.seaexplorer:2026-08-13 13:38:51:WARNING:data/SEA117-M026_20260128/0_RawData_gli_and_pld\sea117.26.pld1.sub.73.gz [line 216]
pyglider.seaexplorer:2026-08-13 13:38:51:WARNING:data/SEA117-M026_20260128/0_RawData_gli_and_pld\sea117.26.pld1.sub.74.gz [line 216]
pyglider.seaexplorer:2026-08-13 13:38:51:WARNING:data/SEA117-M026_20260128/0_RawData_gli_and_pld\sea117.26.pld1.sub.75.gz [line 216]
pyglider.seaexplorer:2026-08-13 13:38:51:WARNING:data/SEA117-M026_20260128/0_RawData_gli_and_pld\sea117.26.pld1.sub.76.gz [line 216]
pyglider.seaexplorer:2026-08-13 13:38:51:WARNING:data/SEA117-M026_20260128/0_RawData_gli_and_pld\sea117.26.pld1.sub.77.gz [line 216]
pyglider.seaexplorer:2026-08-13 13:38:51:WARNING:data/SEA117-M026_20260128/0_RawData_gli_and_pld\sea117.26.pld1.sub.78.gz [line 216]
pyglider.seaexplorer:2026-08-13 13:38:51:WARNING:data/SEA117-M026_20260128/0_RawData_gli_and_pld\sea117.26.pld1.sub.79.gz [line 216]
pyglider.seaexplorer:2026-08-13 13:38:51:WARNING:data/SEA117-M026_20260128/0_RawData_gli_and_pld\sea117.26.pld1.sub.80.gz [line 216]
pyglider.seaexplorer:2026-08-13 13:38:51:WARNING:data/SEA117-M026_20260128/0_RawData_gli_and_pld\sea117.26.pld1.sub.81.gz [line 216]
pyglider.seaexplorer:2026-08-13 13:38:51:WARNING:data/SEA117-M026_20260128/0_RawData_gli_and_pld\sea117.26.pld1.sub.82.gz [line 216]
pyglider.seaexplorer:2026-08-13 13:38:51:WARNING:data/SEA117-M026_20260128/0_RawData_gli_and_pld\sea117.26.pld1.sub.83.gz [line 216]
pyglider.seaexplorer:2026-08-13 13:38:51:WARNING:data/SEA117-M026_20260128/0_RawData_gli_and_pld\sea117.26.pld1.sub.84.gz [line 216]
pyglider.seaexplorer:2026-08-13 13:38:51:WARNING:data/SEA117-M026_20260128/0_RawData_gli_and_pld\sea117.26.pld1.sub.85.gz [line 216]
pyglider.seaexplorer:2026-08-13 13:38:51:WARNING:data/SEA117-M026_20260128/0_RawData_gli_and_pld\sea117.26.pld1.sub.86.gz [line 216]
pyglider.seaexplorer:2026-08-13 13:38:51:WARNING:data/SEA117-M026_20260128/0_RawData_gli_and_pld\sea117.26.pld1.sub.87.gz [line 216]
pyglider.seaexplorer:2026-08-13 13:38:51:WARNING:data/SEA117-M026_20260128/0_RawData_gli_and_pld\sea117.26.pld1.sub.88.gz [line 216]
pyglider.seaexplorer:2026-08-13 13:38:51:WARNING:No valid unprocessed seaexplorer files found indata/SEA117-M026_20260128/0_RawData_gli_and_pld/ [line 218]
pyglider.seaexplorer:2026-08-13 13:38:51:INFO:Opening *.gli.sub.*.parquet multi-file dataset from data/SEA117-M026_20260128/realtime_rawnc/ [line 280]
pyglider.seaexplorer:2026-08-13 13:38:55:INFO:Done writing data/SEA117-M026_20260128/realtime_rawnc//SEA117-rawgli.parquet [line 304]
pyglider.seaexplorer:2026-08-13 13:38:55:INFO:Opening *.pld.sub.*.parquet multi-file dataset [line 306]
pyglider.seaexplorer:2026-08-13 13:38:59:INFO:Done writing data/SEA117-M026_20260128/realtime_rawnc//SEA117-rawpld.parquet [line 330]
pyglider.seaexplorer:2026-08-13 13:38:59:INFO:Done merge_rawnc [line 331]
pyglider.seaexplorer:2026-08-13 13:38:59:INFO:Opening combined nav file data/SEA117-M026_20260128/realtime_rawnc//SEA117-rawgli.nc [line 482]
pyglider.seaexplorer:2026-08-13 13:38:59:INFO:Opening combined payload file data/SEA117-M026_20260128/realtime_rawnc//SEA117-subpld.parquet [line 484]
pyglider.seaexplorer:2026-08-13 13:38:59:INFO:Not using deadreckoning; glider has DeadReckoning column [line 497]
pyglider.seaexplorer:2026-08-13 13:38:59:INFO:interpolating latitude [line 543]
pyglider.seaexplorer:2026-08-13 13:38:59:INFO:interpolating longitude [line 543]
pyglider.seaexplorer:2026-08-13 13:38:59:INFO:interpolating heading [line 543]
pyglider.seaexplorer:2026-08-13 13:38:59:INFO:interpolating pitch [line 543]
pyglider.seaexplorer:2026-08-13 13:38:59:INFO:interpolating roll [line 543]
pyglider.seaexplorer:2026-08-13 13:38:59:INFO:interpolating conductivity [line 543]
pyglider.seaexplorer:2026-08-13 13:38:59:INFO:interpolating temperature [line 543]
pyglider.seaexplorer:2026-08-13 13:38:59:INFO:interpolating pressure [line 543]
pyglider.utils:2026-08-13 13:38:59:INFO:dt, 30.000000000000004 [line 234]
pyglider.utils:2026-08-13 13:38:59:INFO:Filt Len  3, dt 30.000000, min_n 9 [line 238]
pyglider.seaexplorer:2026-08-13 13:38:59:INFO:0.0 % samples removed by timestamp deduplication. [line 712]
pyglider.seaexplorer:2026-08-13 13:38:59:INFO:writing data/SEA117-M026_20260128/L0-timeseries/SEA117-M026_20260128.nc [line 813]
pyglider.ncprocess:2026-08-13 13:38:59:INFO:Extracting profiles: opening data/SEA117-M026_20260128/L0-timeseries/SEA117-M026_20260128.nc [line 53]
pyglider.ncprocess:2026-08-13 13:38:59:INFO:Checking data/SEA117-M026_20260128/L0-profiles//SEA117117-20260201T2039.nc [line 60]
pyglider.ncprocess:2026-08-13 13:38:59:INFO:Checking data/SEA117-M026_20260128/L0-profiles//SEA117117-20260201T2301.nc [line 60]
pyglider.ncprocess:2026-08-13 13:38:59:INFO:Checking data/SEA117-M026_20260128/L0-profiles//SEA117117-20260202T0101.nc [line 60]
pyglider.ncprocess:2026-08-13 13:38:59:INFO:Checking data/SEA117-M026_20260128/L0-profiles//SEA117117-20260202T0311.nc [line 60]
pyglider.ncprocess:2026-08-13 13:38:59:INFO:Checking data/SEA117-M026_20260128/L0-profiles//SEA117117-20260202T0512.nc [line 60]
pyglider.ncprocess:2026-08-13 13:38:59:INFO:Checking data/SEA117-M026_20260128/L0-profiles//SEA117117-20260202T0721.nc [line 60]
pyglider.ncprocess:2026-08-13 13:38:59:INFO:Checking data/SEA117-M026_20260128/L0-profiles//SEA117117-20260202T0926.nc [line 60]
pyglider.ncprocess:2026-08-13 13:38:59:INFO:Working on: data/SEA117-M026_20260128/L0-timeseries/SEA117-M026_20260128.nc [line 280]
pyglider.ncprocess:2026-08-13 13:38:59:INFO:Nprofiles 7 [line 290]
pyglider.ncprocess:2026-08-13 13:38:59:INFO:time 7 [line 347]
pyglider.ncprocess:2026-08-13 13:38:59:INFO:longitude 7 [line 347]
pyglider.ncprocess:2026-08-13 13:38:59:INFO:latitude 7 [line 347]
pyglider.ncprocess:2026-08-13 13:39:00:INFO:profile_time_start 7 [line 362]
pyglider.ncprocess:2026-08-13 13:39:00:INFO:profile_time_end 7 [line 362]
pyglider.ncprocess:2026-08-13 13:39:00:INFO:Done times! [line 366]
pyglider.ncprocess:2026-08-13 13:39:00:INFO:Gridding heading [line 375]
pyglider.ncprocess:2026-08-13 13:39:00:INFO:Gridding pitch [line 375]
pyglider.ncprocess:2026-08-13 13:39:00:INFO:Gridding roll [line 375]
pyglider.ncprocess:2026-08-13 13:39:00:INFO:Gridding conductivity [line 375]
pyglider.ncprocess:2026-08-13 13:39:00:INFO:Gridding temperature [line 375]
pyglider.ncprocess:2026-08-13 13:39:00:INFO:Gridding pressure [line 375]
pyglider.ncprocess:2026-08-13 13:39:00:INFO:Gridding distance_over_ground [line 375]
pyglider.ncprocess:2026-08-13 13:39:00:INFO:Gridding profile_direction [line 375]
pyglider.ncprocess:2026-08-13 13:39:00:INFO:Gridding salinity [line 375]
pyglider.ncprocess:2026-08-13 13:39:00:INFO:Gridding potential_density [line 375]
pyglider.ncprocess:2026-08-13 13:39:00:INFO:Gridding density [line 375]
pyglider.ncprocess:2026-08-13 13:39:00:INFO:Gridding potential_temperature [line 375]
pyglider.ncprocess:2026-08-13 13:39:00:INFO:Writing data/SEA117-M026_20260128/L0-gridfiles//SEA117-M026_20260128_grid.nc [line 452]
pyglider.ncprocess:2026-08-13 13:39:00:INFO:Done gridding [line 468]
root:2026-08-13 13:39:00:INFO:Completed scheduled processing [line 50]
