TIMESTAMP;BALLAST;ANGULAR;LINEAR;THRUSTER;
01/01/1970 00:49:41.703;0;1;1;0;
01/01/1970 00:49:41.704;1;1;1;0;
01/01/1970 00:49:50.325;1;0;0;0;
01/01/1970 00:50:39.626;0;0;0;0;
28/01/2026 21:38:54.345;1;0;0;0;
28/01/2026 21:39:32.310;1;0;1;0;
28/01/2026 21:39:44.867;1;0;0;0;
28/01/2026 21:40:10.403;0;0;0;0;
28/01/2026 21:40:54.462;0;1;1;0;
28/01/2026 21:40:59.654;0;0;0;0;
28/01/2026 21:41:14.479;0;0;1;0;
28/01/2026 21:41:15.830;0;0;0;0;
28/01/2026 21:41:34.486;0;0;1;0;
28/01/2026 21:41:36.411;0;0;0;0;
28/01/2026 21:41:54.497;0;0;1;0;
28/01/2026 21:41:56.122;0;0;0;0;
28/01/2026 21:42:14.719;0;0;1;0;
28/01/2026 21:42:16.142;0;0;0;0;
28/01/2026 21:42:34.718;0;0;1;0;
28/01/2026 21:42:36.113;0;0;0;0;
28/01/2026 21:42:54.779;0;0;1;0;
28/01/2026 21:42:56.103;0;0;0;0;
28/01/2026 21:43:14.954;0;1;1;0;
28/01/2026 21:43:16.875;0;0;0;0;
28/01/2026 21:43:18.163;1;0;0;0;
28/01/2026 21:43:18.163;1;1;1;0;
28/01/2026 21:43:22.431;1;0;0;0;
28/01/2026 21:43:25.862;1;1;1;0;
28/01/2026 21:43:26.995;1;0;0;0;
28/01/2026 21:43:35.861;1;1;1;0;
28/01/2026 21:43:36.996;1;0;0;0;
28/01/2026 21:43:45.861;1;1;1;0;
28/01/2026 21:43:47.266;1;0;0;0;
28/01/2026 21:43:55.861;1;1;1;0;
28/01/2026 21:43:56.996;1;0;0;0;
28/01/2026 21:44:05.962;1;1;1;0;
28/01/2026 21:44:07.97;1;0;0;0;
28/01/2026 21:44:16.62;1;1;1;0;
28/01/2026 21:44:17.207;1;0;0;0;
28/01/2026 21:44:25.962;1;1;1;0;
28/01/2026 21:44:27.97;1;0;0;0;
28/01/2026 21:44:36.62;1;1;1;0;
28/01/2026 21:44:37.198;1;0;0;0;
28/01/2026 21:44:46.63;1;1;1;0;
28/01/2026 21:44:47.198;1;0;0;0;
28/01/2026 21:44:59.571;0;0;0;0;
28/01/2026 21:45:38.429;0;1;1;0;
28/01/2026 21:45:40.753;0;0;0;0;
28/01/2026 21:45:58.158;0;1;1;0;
28/01/2026 21:46:00.263;0;0;0;0;
28/01/2026 21:46:18.168;0;1;1;0;
28/01/2026 21:46:19.623;0;0;0;0;
28/01/2026 21:46:38.179;0;1;1;0;
28/01/2026 21:46:39.924;0;0;0;0;
28/01/2026 21:46:58.189;0;1;1;0;
28/01/2026 21:47:00.415;0;0;0;0;
28/01/2026 21:47:10.101;0;1;1;0;
28/01/2026 21:47:22.988;0;0;0;0;
28/01/2026 21:59:49.453;1;0;0;0;
28/01/2026 22:00:27.399;1;0;1;0;
28/01/2026 22:00:40.125;1;0;0;0;
28/01/2026 22:01:04.600;0;0;0;0;
28/01/2026 22:01:39.585;0;1;1;0;
28/01/2026 22:01:44.481;0;0;0;0;
28/01/2026 22:01:59.594;0;0;1;0;
28/01/2026 22:02:01.369;0;0;0;0;
28/01/2026 22:02:39.627;0;0;1;0;
28/01/2026 22:02:41.110;0;0;0;0;
28/01/2026 22:03:19.991;0;1;0;0;
28/01/2026 22:03:21.541;0;0;0;0;
28/01/2026 22:03:39.881;0;1;0;0;
28/01/2026 22:03:41.892;0;0;0;0;
28/01/2026 22:03:59.962;0;1;0;0;
28/01/2026 22:04:02.23;0;0;0;0;
28/01/2026 22:04:20.242;0;1;1;0;
28/01/2026 22:04:22.484;0;0;0;0;
28/01/2026 22:04:40.140;0;1;1;0;
28/01/2026 22:04:41.543;0;0;0;0;
28/01/2026 22:04:59.884;0;0;1;0;
28/01/2026 22:05:01.234;0;0;0;0;
28/01/2026 22:05:19.910;0;1;1;0;
28/01/2026 22:05:21.194;0;0;0;0;
28/01/2026 22:06:19.911;0;1;0;0;
28/01/2026 22:06:21.106;0;0;0;0;
28/01/2026 22:06:39.917;0;1;0;0;
28/01/2026 22:06:41.176;0;0;0;0;
28/01/2026 22:06:53.966;1;0;0;0;
28/01/2026 22:06:53.967;1;1;1;0;
28/01/2026 22:06:59.225;1;0;0;0;
28/01/2026 22:07:01.650;1;1;1;0;
28/01/2026 22:07:02.799;1;0;0;0;
28/01/2026 22:07:11.754;1;1;1;0;
28/01/2026 22:07:12.909;1;0;0;0;
28/01/2026 22:07:21.954;1;1;1;0;
28/01/2026 22:07:23.350;1;0;0;0;
28/01/2026 22:07:31.855;1;1;1;0;
28/01/2026 22:07:33.10;1;0;0;0;
28/01/2026 22:07:41.850;1;1;1;0;
28/01/2026 22:07:43.0;1;0;0;0;
28/01/2026 22:07:51.955;1;1;1;0;
28/01/2026 22:07:53.100;1;0;0;0;
28/01/2026 22:08:01.956;1;1;1;0;
28/01/2026 22:08:03.101;1;0;0;0;
28/01/2026 22:08:11.761;1;1;1;0;
28/01/2026 22:08:12.911;1;0;0;0;
28/01/2026 22:08:21.786;1;1;1;0;
28/01/2026 22:08:22.921;1;0;0;0;
28/01/2026 22:08:34.733;0;0;0;0;
28/01/2026 22:09:13.747;0;0;1;0;
28/01/2026 22:09:16.776;0;0;0;0;
28/01/2026 22:09:33.750;0;1;1;0;
28/01/2026 22:09:36.26;0;0;0;0;
28/01/2026 22:09:53.861;0;1;1;0;
28/01/2026 22:09:55.416;0;0;0;0;
28/01/2026 22:10:13.867;0;1;1;0;
28/01/2026 22:10:15.487;0;0;0;0;
28/01/2026 22:10:33.926;0;0;1;0;
28/01/2026 22:10:35.517;0;0;0;0;
28/01/2026 22:10:53.888;0;1;1;0;
28/01/2026 22:10:55.398;0;0;0;0;
28/01/2026 22:11:13.907;0;1;1;0;
28/01/2026 22:11:15.448;0;0;0;0;
28/01/2026 22:11:34.187;0;1;0;0;
28/01/2026 22:11:35.549;0;0;0;0;
28/01/2026 22:11:54.85;0;1;1;0;
28/01/2026 22:11:55.479;0;0;0;0;
28/01/2026 22:12:14.168;0;0;1;0;
28/01/2026 22:12:15.460;0;0;0;0;
28/01/2026 22:12:33.956;0;1;1;0;
28/01/2026 22:12:35.220;0;0;0;0;
28/01/2026 22:12:50.983;0;1;1;0;
28/01/2026 22:13:03.809;0;0;0;0;
28/01/2026 22:22:39.323;1;0;0;0;
28/01/2026 22:23:17.347;1;0;1;0;
28/01/2026 22:23:27.501;1;0;0;0;
28/01/2026 22:23:52.978;0;0;0;0;
28/01/2026 22:24:29.445;0;1;1;0;
28/01/2026 22:24:34.410;0;0;0;0;
28/01/2026 22:25:09.724;0;0;1;0;
28/01/2026 22:25:11.98;0;0;0;0;
28/01/2026 22:25:29.734;0;0;1;0;
28/01/2026 22:25:30.978;0;0;0;0;
28/01/2026 22:26:50.807;0;1;0;0;
28/01/2026 22:26:52.222;0;0;0;0;
28/01/2026 22:27:09.787;0;1;0;0;
28/01/2026 22:27:11.772;0;0;0;0;
28/01/2026 22:27:29.797;0;1;0;0;
28/01/2026 22:27:32.143;0;0;0;0;
28/01/2026 22:27:49.818;0;1;1;0;
28/01/2026 22:27:51.813;0;0;0;0;
28/01/2026 22:28:09.813;0;1;1;0;
28/01/2026 22:28:11.343;0;0;0;0;
28/01/2026 22:28:29.939;0;1;0;0;
28/01/2026 22:28:31.223;0;0;0;0;
28/01/2026 22:28:33.222;1;0;0;0;
28/01/2026 22:28:33.223;1;1;1;0;
28/01/2026 22:28:39.412;1;0;0;0;
28/01/2026 22:28:40.921;1;1;1;0;
28/01/2026 22:28:42.54;1;0;0;0;
28/01/2026 22:28:50.915;1;1;1;0;
28/01/2026 22:28:52.55;1;0;0;0;
28/01/2026 22:29:00.921;1;1;1;0;
28/01/2026 22:29:02.325;1;0;0;0;
28/01/2026 22:29:10.915;1;1;1;0;
28/01/2026 22:29:12.55;1;0;0;0;
28/01/2026 22:29:20.921;1;1;1;0;
28/01/2026 22:29:22.56;1;0;0;0;
28/01/2026 22:29:30.916;1;1;1;0;
28/01/2026 22:29:32.56;1;0;0;0;
28/01/2026 22:29:40.921;1;1;1;0;
28/01/2026 22:29:42.56;1;0;0;0;
28/01/2026 22:29:51.112;1;1;1;0;
28/01/2026 22:29:52.247;1;0;0;0;
28/01/2026 22:30:01.22;1;1;1;0;
28/01/2026 22:30:02.157;1;0;0;0;
28/01/2026 22:30:11.677;0;0;0;0;
28/01/2026 22:30:53.210;0;1;1;0;
28/01/2026 22:30:57.774;0;0;0;0;
28/01/2026 22:31:13.300;0;1;1;0;
28/01/2026 22:31:15.22;0;0;0;0;
28/01/2026 22:31:33.390;0;1;1;0;
28/01/2026 22:31:34.862;0;0;0;0;
28/01/2026 22:31:53.481;0;1;1;0;
28/01/2026 22:31:54.913;0;0;0;0;
28/01/2026 22:32:13.188;0;0;1;0;
28/01/2026 22:32:14.583;0;0;0;0;
28/01/2026 22:32:33.94;0;1;1;0;
28/01/2026 22:32:34.473;0;0;0;0;
28/01/2026 22:33:13.115;0;0;1;0;
28/01/2026 22:33:14.434;0;0;0;0;
28/01/2026 22:33:33.141;0;1;0;0;
28/01/2026 22:33:34.455;0;0;0;0;
28/01/2026 22:33:53.131;0;1;1;0;
28/01/2026 22:33:54.505;0;0;0;0;
28/01/2026 22:34:08.236;0;1;1;0;
28/01/2026 22:34:20.742;0;0;0;0;
28/01/2026 22:42:27.707;1;0;0;0;
28/01/2026 22:43:05.513;1;0;1;0;
28/01/2026 22:43:18.340;1;0;0;0;
28/01/2026 22:43:41.594;0;0;0;0;
28/01/2026 22:44:17.659;0;1;1;0;
28/01/2026 22:44:22.546;0;0;0;0;
28/01/2026 22:44:37.744;0;0;1;0;
28/01/2026 22:44:39.334;0;0;0;0;
28/01/2026 22:44:58.29;0;0;1;0;
28/01/2026 22:44:59.254;0;0;0;0;
28/01/2026 22:45:17.910;0;0;1;0;
28/01/2026 22:45:19.234;0;0;0;0;
28/01/2026 22:45:57.931;0;1;0;0;
28/01/2026 22:45:59.556;0;0;0;0;
28/01/2026 22:46:17.942;0;1;0;0;
28/01/2026 22:46:20.137;0;0;0;0;
28/01/2026 22:46:37.952;0;1;1;0;
28/01/2026 22:46:40.368;0;0;0;0;
28/01/2026 22:46:57.963;0;1;1;0;
28/01/2026 22:46:59.968;0;0;0;0;
28/01/2026 22:47:17.973;0;1;1;0;
28/01/2026 22:47:19.338;0;0;0;0;
28/01/2026 22:47:37.984;0;0;1;0;
28/01/2026 22:47:39.318;0;0;0;0;
28/01/2026 22:48:18.5;0;1;0;0;
28/01/2026 22:48:19.480;0;0;0;0;
28/01/2026 22:48:38.25;0;1;0;0;
28/01/2026 22:48:39.320;0;0;0;0;
28/01/2026 22:48:58.66;0;1;0;0;
28/01/2026 22:48:59.320;0;0;0;0;
28/01/2026 22:49:18.58;0;1;0;0;
28/01/2026 22:49:19.431;0;0;0;0;
28/01/2026 22:49:38.141;0;1;0;0;
28/01/2026 22:49:39.512;0;0;0;0;
28/01/2026 22:50:38.84;0;1;0;0;
28/01/2026 22:50:39.403;0;0;0;0;
28/01/2026 22:51:17.975;0;1;0;0;
28/01/2026 22:51:19.234;0;0;0;0;
28/01/2026 22:51:38.80;0;1;0;0;
28/01/2026 22:51:39.335;0;0;0;0;
28/01/2026 22:51:58.91;0;1;0;0;
28/01/2026 22:51:59.345;0;0;0;0;
28/01/2026 22:52:38.162;0;1;0;0;
28/01/2026 22:52:39.737;0;0;0;0;
28/01/2026 22:53:18.353;0;1;0;0;
28/01/2026 22:53:19.988;0;0;0;0;
28/01/2026 22:53:38.434;0;1;0;0;
28/01/2026 22:53:40.129;0;0;0;0;
28/01/2026 22:53:58.154;0;1;0;0;
28/01/2026 22:53:59.489;0;0;0;0;
28/01/2026 22:54:18.165;0;1;0;0;
28/01/2026 22:54:19.399;0;0;0;0;
28/01/2026 22:54:38.175;0;1;0;0;
28/01/2026 22:54:39.950;0;0;0;0;
28/01/2026 22:54:58.196;0;1;0;0;
28/01/2026 22:54:59.490;0;0;0;0;
28/01/2026 22:55:18.196;0;1;1;0;
28/01/2026 22:55:19.901;0;0;0;0;
28/01/2026 22:55:58.217;0;1;0;0;
28/01/2026 22:55:59.532;0;0;0;0;
28/01/2026 22:56:38.238;0;1;0;0;
28/01/2026 22:56:40.104;0;0;0;0;
28/01/2026 22:56:58.319;0;1;0;0;
28/01/2026 22:56:59.844;0;0;0;0;
28/01/2026 22:57:20.213;0;1;0;0;
28/01/2026 22:57:21.596;0;0;0;0;
28/01/2026 22:58:18.475;0;1;0;0;
28/01/2026 22:58:19.986;0;0;0;0;
28/01/2026 22:58:38.573;0;1;0;0;
28/01/2026 22:58:40.57;0;0;0;0;
28/01/2026 22:58:58.302;0;1;0;0;
28/01/2026 22:58:59.727;0;0;0;0;
28/01/2026 22:59:18.313;0;1;0;0;
28/01/2026 22:59:19.557;0;0;0;0;
28/01/2026 22:59:38.324;0;1;0;0;
28/01/2026 22:59:39.688;0;0;0;0;
28/01/2026 22:59:58.334;0;1;0;0;
28/01/2026 22:59:59.758;0;0;0;0;
28/01/2026 23:00:18.354;0;1;0;0;
28/01/2026 23:00:19.689;0;0;0;0;
28/01/2026 23:00:38.546;0;1;0;0;
28/01/2026 23:00:39.840;0;0;0;0;
28/01/2026 23:00:58.436;0;1;0;0;
28/01/2026 23:00:59.810;0;0;0;0;
28/01/2026 23:01:18.546;0;1;0;0;
28/01/2026 23:01:19.921;0;0;0;0;
28/01/2026 23:01:58.427;0;1;0;0;
28/01/2026 23:01:59.832;0;0;0;0;
28/01/2026 23:02:18.408;0;1;0;0;
28/01/2026 23:02:19.932;0;0;0;0;
28/01/2026 23:02:38.318;0;1;0;0;
28/01/2026 23:02:39.662;0;0;0;0;
28/01/2026 23:02:58.439;0;1;0;0;
28/01/2026 23:02:59.933;0;0;0;0;
28/01/2026 23:03:18.439;0;1;1;0;
28/01/2026 23:03:19.693;0;0;0;0;
28/01/2026 23:03:38.440;0;1;1;0;
28/01/2026 23:03:40.175;0;0;0;0;
28/01/2026 23:03:58.450;0;1;0;0;
28/01/2026 23:04:00.65;0;0;0;0;
28/01/2026 23:04:18.456;0;1;0;0;
28/01/2026 23:04:19.955;0;0;0;0;
28/01/2026 23:04:38.471;0;1;0;0;
28/01/2026 23:04:40.26;0;0;0;0;
28/01/2026 23:04:58.482;0;1;1;0;
28/01/2026 23:05:00.56;0;0;0;0;
28/01/2026 23:05:18.493;0;1;1;0;
28/01/2026 23:05:19.977;0;0;0;0;
28/01/2026 23:05:58.597;0;1;0;0;
28/01/2026 23:06:00.78;0;0;0;0;
28/01/2026 23:06:18.687;0;1;0;0;
28/01/2026 23:06:20.169;0;0;0;0;
28/01/2026 23:06:38.787;0;1;0;0;
28/01/2026 23:06:40.439;0;0;0;0;
28/01/2026 23:06:58.545;0;1;1;0;
28/01/2026 23:07:00.110;0;0;0;0;
28/01/2026 23:07:18.555;0;1;0;0;
28/01/2026 23:07:20.120;0;0;0;0;
28/01/2026 23:07:38.581;0;1;0;0;
28/01/2026 23:07:39.900;0;0;0;0;
28/01/2026 23:07:58.571;0;1;0;0;
28/01/2026 23:08:00.331;0;0;0;0;
28/01/2026 23:08:18.587;0;1;0;0;
28/01/2026 23:08:19.911;0;0;0;0;
28/01/2026 23:09:18.769;0;1;0;0;
28/01/2026 23:09:20.73;0;0;0;0;
28/01/2026 23:09:38.759;0;1;0;0;
28/01/2026 23:09:40.794;0;0;0;0;
28/01/2026 23:09:58.629;0;1;0;0;
28/01/2026 23:09:59.974;0;0;0;0;
28/01/2026 23:10:38.641;0;1;0;0;
28/01/2026 23:10:40.135;0;0;0;0;
28/01/2026 23:10:58.646;0;1;0;0;
28/01/2026 23:10:59.965;0;0;0;0;
28/01/2026 23:11:58.683;0;1;0;0;
28/01/2026 23:12:00.107;0;0;0;0;
28/01/2026 23:12:18.694;0;1;0;0;
28/01/2026 23:12:19.937;0;0;0;0;
28/01/2026 23:12:38.757;0;1;0;0;
28/01/2026 23:12:40.448;0;0;0;0;
28/01/2026 23:12:58.714;0;1;0;0;
28/01/2026 23:13:00.199;0;0;0;0;
28/01/2026 23:13:58.959;0;1;0;0;
28/01/2026 23:14:00.390;0;0;0;0;
28/01/2026 23:14:19.56;0;1;0;0;
28/01/2026 23:14:21.31;0;0;0;0;
28/01/2026 23:14:38.767;0;1;0;0;
28/01/2026 23:14:40.51;0;0;0;0;
28/01/2026 23:14:58.771;0;1;1;0;
28/01/2026 23:15:00.21;0;0;0;0;
28/01/2026 23:15:18.788;0;1;0;0;
28/01/2026 23:15:20.252;0;0;0;0;
28/01/2026 23:15:38.793;0;1;0;0;
28/01/2026 23:15:40.143;0;0;0;0;
28/01/2026 23:16:38.990;0;1;0;0;
28/01/2026 23:16:40.364;0;0;0;0;
28/01/2026 23:17:18.831;0;1;0;0;
28/01/2026 23:17:20.385;0;0;0;0;
28/01/2026 23:17:38.841;0;1;0;0;
28/01/2026 23:17:40.226;0;0;0;0;
28/01/2026 23:17:58.852;0;1;0;0;
28/01/2026 23:18:00.326;0;0;0;0;
28/01/2026 23:18:18.862;0;1;0;0;
28/01/2026 23:18:20.437;0;0;0;0;
28/01/2026 23:18:58.883;0;1;0;0;
28/01/2026 23:19:00.278;0;0;0;0;
28/01/2026 23:19:18.894;0;1;0;0;
28/01/2026 23:19:20.258;0;0;0;0;
28/01/2026 23:19:58.915;0;1;0;0;
28/01/2026 23:20:00.299;0;0;0;0;
28/01/2026 23:20:18.925;0;1;0;0;
28/01/2026 23:20:20.400;0;0;0;0;
28/01/2026 23:20:59.100;0;1;0;0;
28/01/2026 23:21:00.571;0;0;0;0;
28/01/2026 23:21:19.200;0;1;0;0;
28/01/2026 23:21:20.421;0;0;0;0;
28/01/2026 23:21:58.978;0;1;0;0;
28/01/2026 23:22:00.392;0;0;0;0;
28/01/2026 23:22:18.988;0;1;0;0;
28/01/2026 23:22:20.393;0;0;0;0;
28/01/2026 23:22:58.899;0;1;0;0;
28/01/2026 23:23:00.604;0;0;0;0;
28/01/2026 23:23:19.50;0;1;1;0;
28/01/2026 23:23:20.845;0;0;0;0;
28/01/2026 23:23:39.160;0;1;0;0;
28/01/2026 23:23:40.475;0;0;0;0;
28/01/2026 23:23:59.261;0;1;0;0;
28/01/2026 23:24:00.876;0;0;0;0;
28/01/2026 23:24:19.32;0;1;0;0;
28/01/2026 23:24:20.376;0;0;0;0;
28/01/2026 23:24:39.42;0;1;0;0;
28/01/2026 23:24:40.506;0;0;0;0;
28/01/2026 23:24:59.53;0;1;0;0;
28/01/2026 23:25:00.417;0;0;0;0;
28/01/2026 23:25:19.63;0;1;1;0;
28/01/2026 23:25:20.537;0;0;0;0;
28/01/2026 23:25:39.73;0;1;0;0;
28/01/2026 23:25:40.708;0;0;0;0;
28/01/2026 23:25:59.84;0;0;1;0;
28/01/2026 23:26:00.478;0;0;0;0;
28/01/2026 23:26:19.89;0;1;0;0;
28/01/2026 23:26:20.449;0;0;0;0;
28/01/2026 23:26:59.116;0;1;0;0;
28/01/2026 23:27:00.470;0;0;0;0;
28/01/2026 23:27:19.337;0;1;0;0;
28/01/2026 23:27:20.941;0;0;0;0;
28/01/2026 23:27:39.229;0;1;0;0;
28/01/2026 23:27:40.531;0;0;0;0;
28/01/2026 23:28:20.189;0;1;0;0;
28/01/2026 23:28:21.533;0;0;0;0;
28/01/2026 23:28:39.188;0;1;0;0;
28/01/2026 23:28:40.632;0;0;0;0;
28/01/2026 23:28:44.172;1;0;0;0;
28/01/2026 23:28:44.173;1;1;1;0;
28/01/2026 23:28:48.781;1;0;0;0;
28/01/2026 23:28:51.872;1;1;1;0;
28/01/2026 23:28:53.5;1;0;0;0;
28/01/2026 23:29:01.865;1;1;1;0;
28/01/2026 23:29:03.215;1;0;0;0;
28/01/2026 23:29:11.871;1;1;1;0;
28/01/2026 23:29:13.5;1;0;0;0;
28/01/2026 23:29:21.871;1;1;1;0;
28/01/2026 23:29:23.6;1;0;0;0;
28/01/2026 23:29:32.86;1;1;1;0;
28/01/2026 23:29:33.226;1;0;0;0;
28/01/2026 23:29:41.935;1;1;1;0;
28/01/2026 23:29:43.86;1;0;0;0;
28/01/2026 23:29:51.996;1;1;1;0;
28/01/2026 23:29:53.147;1;0;0;0;
28/01/2026 23:30:02.56;1;1;1;0;
28/01/2026 23:30:03.207;1;0;0;0;
28/01/2026 23:30:12.115;1;1;1;0;
28/01/2026 23:30:13.267;1;0;0;0;
28/01/2026 23:30:23.518;0;0;0;0;
28/01/2026 23:31:04.97;0;1;1;0;
28/01/2026 23:31:06.422;0;0;0;0;
28/01/2026 23:31:24.6;0;1;1;0;
28/01/2026 23:31:25.471;0;0;0;0;
28/01/2026 23:31:44.17;0;1;1;0;
28/01/2026 23:31:45.482;0;0;0;0;
28/01/2026 23:32:04.23;0;1;1;0;
28/01/2026 23:32:05.702;0;0;0;0;
28/01/2026 23:32:24.38;0;1;1;0;
28/01/2026 23:32:25.443;0;0;0;0;
28/01/2026 23:32:44.59;0;1;0;0;
28/01/2026 23:32:45.764;0;0;0;0;
28/01/2026 23:33:24.310;0;1;0;0;
28/01/2026 23:33:25.955;0;0;0;0;
28/01/2026 23:33:44.211;0;1;1;0;
28/01/2026 23:33:45.735;0;0;0;0;
28/01/2026 23:34:04.422;0;1;0;0;
28/01/2026 23:34:05.715;0;0;0;0;
28/01/2026 23:34:44.202;0;1;0;0;
28/01/2026 23:34:45.536;0;0;0;0;
28/01/2026 23:35:04.213;0;1;0;0;
28/01/2026 23:35:05.627;0;0;0;0;
28/01/2026 23:35:24.223;0;1;0;0;
28/01/2026 23:35:25.587;0;0;0;0;
28/01/2026 23:35:44.234;0;1;0;0;
28/01/2026 23:35:45.568;0;0;0;0;
28/01/2026 23:36:04.239;0;1;0;0;
28/01/2026 23:36:05.628;0;0;0;0;
28/01/2026 23:36:24.255;0;1;0;0;
28/01/2026 23:36:25.789;0;0;0;0;
28/01/2026 23:36:44.303;0;1;0;0;
28/01/2026 23:36:45.629;0;0;0;0;
28/01/2026 23:37:04.417;0;1;0;0;
28/01/2026 23:37:05.690;0;0;0;0;
28/01/2026 23:37:26.538;0;1;0;0;
28/01/2026 23:37:28.93;0;0;0;0;
28/01/2026 23:38:24.218;0;1;0;0;
28/01/2026 23:38:25.652;0;0;0;0;
28/01/2026 23:39:04.248;0;1;0;0;
28/01/2026 23:39:05.503;0;0;0;0;
28/01/2026 23:39:24.239;0;1;0;0;
28/01/2026 23:39:25.463;0;0;0;0;
28/01/2026 23:39:44.249;0;1;0;0;
28/01/2026 23:39:45.934;0;0;0;0;
28/01/2026 23:40:04.360;0;1;0;0;
28/01/2026 23:40:05.735;0;0;0;0;
28/01/2026 23:40:24.466;0;1;0;0;
28/01/2026 23:40:25.785;0;0;0;0;
28/01/2026 23:41:04.392;0;1;0;0;
28/01/2026 23:41:05.686;0;0;0;0;
28/01/2026 23:41:44.413;0;1;0;0;
28/01/2026 23:41:45.837;0;0;0;0;
28/01/2026 23:42:04.424;0;1;0;0;
28/01/2026 23:42:05.788;0;0;0;0;
28/01/2026 23:42:24.447;0;1;0;0;
28/01/2026 23:42:26.18;0;0;0;0;
28/01/2026 23:42:44.444;0;1;0;0;
28/01/2026 23:42:45.749;0;0;0;0;
28/01/2026 23:43:04.468;0;1;0;0;
28/01/2026 23:43:05.759;0;0;0;0;
28/01/2026 23:44:04.506;0;1;1;0;
28/01/2026 23:44:06.281;0;0;0;0;
28/01/2026 23:44:44.408;0;1;0;0;
28/01/2026 23:44:45.782;0;0;0;0;
28/01/2026 23:45:24.428;0;1;1;0;
28/01/2026 23:45:26.343;0;0;0;0;
28/01/2026 23:46:04.619;0;1;1;0;
28/01/2026 23:46:06.114;0;0;0;0;
28/01/2026 23:46:24.510;0;1;0;0;
28/01/2026 23:46:25.824;0;0;0;0;
28/01/2026 23:46:44.720;0;1;0;0;
28/01/2026 23:46:46.95;0;0;0;0;
28/01/2026 23:47:05.826;0;1;0;0;
28/01/2026 23:47:07.277;0;0;0;0;
28/01/2026 23:47:24.566;0;1;0;0;
28/01/2026 23:47:26.166;0;0;0;0;
28/01/2026 23:47:44.592;0;1;0;0;
28/01/2026 23:47:46.6;0;0;0;0;
28/01/2026 23:48:04.592;0;1;1;0;
28/01/2026 23:48:05.947;0;0;0;0;
28/01/2026 23:48:24.603;0;1;1;0;
28/01/2026 23:48:25.877;0;0;0;0;
28/01/2026 23:48:44.613;0;1;0;0;
28/01/2026 23:48:45.918;0;0;0;0;
28/01/2026 23:49:44.699;0;1;0;0;
28/01/2026 23:49:46.109;0;0;0;0;
28/01/2026 23:50:24.921;0;1;0;0;
28/01/2026 23:50:26.761;0;0;0;0;
28/01/2026 23:50:44.671;0;1;0;0;
28/01/2026 23:50:45.871;0;0;0;0;
28/01/2026 23:51:04.587;0;1;0;0;
28/01/2026 23:51:05.961;0;0;0;0;
28/01/2026 23:51:44.608;0;1;0;0;
28/01/2026 23:51:45.952;0;0;0;0;
28/01/2026 23:52:04.618;0;1;0;0;
28/01/2026 23:52:05.963;0;0;0;0;
28/01/2026 23:52:24.639;0;1;0;0;
28/01/2026 23:52:26.103;0;0;0;0;
28/01/2026 23:53:24.931;0;1;0;0;
28/01/2026 23:53:26.515;0;0;0;0;
28/01/2026 23:53:45.41;0;1;0;0;
28/01/2026 23:53:46.516;0;0;0;0;
28/01/2026 23:54:04.771;0;1;0;0;
28/01/2026 23:54:06.176;0;0;0;0;
28/01/2026 23:54:24.777;0;1;0;0;
28/01/2026 23:54:26.347;0;0;0;0;
28/01/2026 23:54:44.788;0;1;0;0;
28/01/2026 23:54:46.207;0;0;0;0;
28/01/2026 23:55:04.803;0;1;0;0;
28/01/2026 23:55:06.257;0;0;0;0;
28/01/2026 23:55:24.813;0;1;1;0;
28/01/2026 23:55:26.588;0;0;0;0;
28/01/2026 23:55:44.819;0;1;1;0;
28/01/2026 23:55:46.148;0;0;0;0;
28/01/2026 23:56:04.988;0;1;0;0;
28/01/2026 23:56:06.369;0;0;0;0;
28/01/2026 23:56:44.979;0;1;0;0;
28/01/2026 23:56:46.490;0;0;0;0;
28/01/2026 23:57:05.309;0;1;0;0;
28/01/2026 23:57:07.191;0;0;0;0;
28/01/2026 23:57:24.877;0;1;0;0;
28/01/2026 23:57:26.221;0;0;0;0;
28/01/2026 23:57:44.787;0;1;0;0;
28/01/2026 23:57:46.311;0;0;0;0;
28/01/2026 23:58:04.792;0;1;0;0;
28/01/2026 23:58:06.102;0;0;0;0;
28/01/2026 23:58:24.808;0;1;0;0;
28/01/2026 23:58:26.152;0;0;0;0;
28/01/2026 23:58:44.828;0;1;0;0;
28/01/2026 23:58:46.263;0;0;0;0;
28/01/2026 23:59:24.829;0;1;0;0;
28/01/2026 23:59:26.204;0;0;0;0;
28/01/2026 23:59:45.70;0;1;0;0;
28/01/2026 23:59:46.445;0;0;0;0;
29/01/2026 00:00:05.70;0;1;0;0;
29/01/2026 00:00:06.495;0;0;0;0;
29/01/2026 00:00:25.151;0;1;0;0;
29/01/2026 00:00:26.466;0;0;0;0;
29/01/2026 00:00:46.246;0;1;0;0;
29/01/2026 00:00:48.28;0;0;0;0;
29/01/2026 00:01:04.977;0;1;0;0;
29/01/2026 00:01:06.396;0;0;0;0;
29/01/2026 00:01:24.992;0;1;0;0;
29/01/2026 00:01:26.647;0;0;0;0;
29/01/2026 00:01:44.998;0;1;0;0;
29/01/2026 00:01:46.237;0;0;0;0;
29/01/2026 00:02:25.19;0;1;0;0;
29/01/2026 00:02:26.348;0;0;0;0;
29/01/2026 00:03:05.40;0;1;0;0;
29/01/2026 00:03:06.299;0;0;0;0;
29/01/2026 00:03:13.53;0;1;1;0;
29/01/2026 00:03:25.209;0;0;0;0;
29/01/2026 00:18:40.984;1;0;0;0;
29/01/2026 00:19:18.998;1;0;1;0;
29/01/2026 00:19:30.193;1;0;0;0;
29/01/2026 00:19:36.780;0;0;0;0;
29/01/2026 00:20:21.174;0;1;1;0;
29/01/2026 00:20:26.591;0;0;0;0;
29/01/2026 00:20:41.183;0;0;1;0;
29/01/2026 00:20:43.88;0;0;0;0;
29/01/2026 00:21:01.194;0;0;1;0;
29/01/2026 00:21:02.528;0;0;0;0;
29/01/2026 00:21:21.405;0;1;1;0;
29/01/2026 00:21:23.359;0;0;0;0;
29/01/2026 00:21:41.495;0;1;0;0;
29/01/2026 00:21:43.120;0;0;0;0;
29/01/2026 00:22:01.605;0;1;0;0;
29/01/2026 00:22:03.160;0;0;0;0;
29/01/2026 00:22:21.686;0;1;1;0;
29/01/2026 00:22:23.151;0;0;0;0;
29/01/2026 00:22:41.446;0;1;1;0;
29/01/2026 00:22:42.761;0;0;0;0;
29/01/2026 00:23:21.467;0;1;0;0;
29/01/2026 00:23:22.692;0;0;0;0;
29/01/2026 00:23:41.478;0;1;0;0;
29/01/2026 00:23:42.702;0;0;0;0;
29/01/2026 00:24:21.490;0;1;0;0;
29/01/2026 00:24:22.713;0;0;0;0;
29/01/2026 00:24:41.390;0;1;0;0;
29/01/2026 00:24:42.704;0;0;0;0;
29/01/2026 00:25:21.511;0;1;0;0;
29/01/2026 00:25:22.855;0;0;0;0;
29/01/2026 00:26:01.697;0;1;0;0;
29/01/2026 00:26:03.96;0;0;0;0;
29/01/2026 00:26:21.564;0;1;0;0;
29/01/2026 00:26:22.807;0;0;0;0;
29/01/2026 00:27:41.580;0;1;0;0;
29/01/2026 00:27:42.879;0;0;0;0;
29/01/2026 00:28:01.595;0;1;0;0;
29/01/2026 00:28:02.949;0;0;0;0;
29/01/2026 00:28:21.606;0;1;0;0;
29/01/2026 00:28:22.840;0;0;0;0;
29/01/2026 00:29:01.626;0;1;0;0;
29/01/2026 00:29:02.941;0;0;0;0;
29/01/2026 00:30:01.793;0;1;0;0;
29/01/2026 00:30:03.83;0;0;0;0;
29/01/2026 00:30:21.784;0;1;0;0;
29/01/2026 00:30:23.163;0;0;0;0;
29/01/2026 00:30:41.669;0;1;0;0;
29/01/2026 00:30:42.953;0;0;0;0;
29/01/2026 00:31:21.675;0;1;0;0;
29/01/2026 00:31:23.25;0;0;0;0;
29/01/2026 00:32:01.702;0;1;0;0;
29/01/2026 00:32:03.136;0;0;0;0;
29/01/2026 00:32:41.722;0;1;0;0;
29/01/2026 00:32:43.47;0;0;0;0;
29/01/2026 00:33:21.773;0;1;0;0;
29/01/2026 00:33:23.278;0;0;0;0;
29/01/2026 00:34:01.764;0;1;0;0;
29/01/2026 00:34:03.119;0;0;0;0;
29/01/2026 00:34:21.775;0;1;0;0;
29/01/2026 00:34:23.249;0;0;0;0;
29/01/2026 00:35:01.949;0;1;0;0;
29/01/2026 00:35:03.180;0;0;0;0;
29/01/2026 00:35:22.40;0;1;0;0;
29/01/2026 00:35:23.351;0;0;0;0;
29/01/2026 00:35:41.812;0;1;0;0;
29/01/2026 00:35:43.522;0;0;0;0;
29/01/2026 00:36:01.827;0;1;0;0;
29/01/2026 00:36:03.112;0;0;0;0;
29/01/2026 00:36:21.838;0;1;0;0;
29/01/2026 00:36:23.152;0;0;0;0;
29/01/2026 00:36:41.848;0;0;1;0;
29/01/2026 00:36:43.73;0;0;0;0;
29/01/2026 00:37:01.769;0;1;1;0;
29/01/2026 00:37:03.53;0;0;0;0;
29/01/2026 00:38:22.86;0;1;0;0;
29/01/2026 00:38:23.596;0;0;0;0;
29/01/2026 00:38:42.192;0;1;0;0;
29/01/2026 00:38:43.546;0;0;0;0;
29/01/2026 00:39:01.902;0;1;0;0;
29/01/2026 00:39:03.327;0;0;0;0;
29/01/2026 00:39:21.908;0;1;0;0;
29/01/2026 00:39:23.387;0;0;0;0;
29/01/2026 00:39:41.928;0;1;0;0;
29/01/2026 00:39:43.318;0;0;0;0;
29/01/2026 00:40:21.944;0;1;0;0;
29/01/2026 00:40:23.309;0;0;0;0;
29/01/2026 00:40:41.975;0;1;0;0;
29/01/2026 00:40:43.239;0;0;0;0;
29/01/2026 00:41:01.960;0;1;0;0;
29/01/2026 00:41:03.320;0;0;0;0;
29/01/2026 00:42:22.2;0;1;0;0;
29/01/2026 00:42:23.262;0;0;0;0;
29/01/2026 00:42:44.83;0;1;0;0;
29/01/2026 00:42:45.495;0;0;0;0;
29/01/2026 00:43:02.172;0;1;0;0;
29/01/2026 00:43:03.493;0;0;0;0;
29/01/2026 00:43:22.263;0;1;0;0;
29/01/2026 00:43:24.64;0;0;0;0;
29/01/2026 00:43:42.45;0;1;0;0;
29/01/2026 00:43:43.274;0;0;0;0;
29/01/2026 00:44:02.50;0;1;0;0;
29/01/2026 00:44:03.394;0;0;0;0;
29/01/2026 00:44:22.60;0;1;0;0;
29/01/2026 00:44:23.375;0;0;0;0;
29/01/2026 00:44:42.71;0;1;0;0;
29/01/2026 00:44:43.415;0;0;0;0;
29/01/2026 00:45:02.77;0;1;0;0;
29/01/2026 00:45:03.546;0;0;0;0;
29/01/2026 00:45:22.287;0;1;0;0;
29/01/2026 00:45:23.677;0;0;0;0;
29/01/2026 00:45:42.143;0;1;0;0;
29/01/2026 00:45:43.487;0;0;0;0;
29/01/2026 00:46:22.574;0;1;0;0;
29/01/2026 00:46:23.848;0;0;0;0;
29/01/2026 00:47:42.186;0;1;0;0;
29/01/2026 00:47:43.440;0;0;0;0;
29/01/2026 00:48:02.186;0;1;0;0;
29/01/2026 00:48:03.501;0;0;0;0;
29/01/2026 00:48:22.187;0;1;1;0;
29/01/2026 00:48:24.132;0;0;0;0;
29/01/2026 00:48:42.197;0;1;1;0;
29/01/2026 00:48:43.662;0;0;0;0;
29/01/2026 00:49:02.208;0;1;0;0;
29/01/2026 00:49:04.213;0;0;0;0;
29/01/2026 00:49:22.219;0;1;0;0;
29/01/2026 00:49:23.443;0;0;0;0;
29/01/2026 00:49:42.239;0;1;0;0;
29/01/2026 00:49:43.463;0;0;0;0;
29/01/2026 00:50:22.243;0;1;0;0;
29/01/2026 00:50:23.624;0;0;0;0;
29/01/2026 00:50:42.343;0;1;0;0;
29/01/2026 00:50:43.545;0;0;0;0;
29/01/2026 00:51:42.272;0;1;0;0;
29/01/2026 00:51:43.696;0;0;0;0;
29/01/2026 00:52:42.303;0;1;0;0;
29/01/2026 00:52:43.668;0;0;0;0;
29/01/2026 00:55:42.393;0;1;0;0;
29/01/2026 00:55:43.773;0;0;0;0;
29/01/2026 00:56:02.414;0;1;0;0;
29/01/2026 00:56:03.673;0;0;0;0;
29/01/2026 00:56:22.314;0;1;0;0;
29/01/2026 00:56:23.603;0;0;0;0;
29/01/2026 00:56:42.415;0;1;0;0;
29/01/2026 00:56:43.764;0;0;0;0;
29/01/2026 00:57:02.415;0;1;0;0;
29/01/2026 00:57:03.704;0;0;0;0;
29/01/2026 00:57:22.494;0;1;0;0;
29/01/2026 00:57:23.815;0;0;0;0;
29/01/2026 00:58:24.557;0;1;0;0;
29/01/2026 00:58:25.799;0;0;0;0;
29/01/2026 00:58:42.644;0;1;0;0;
29/01/2026 00:58:44.97;0;0;0;0;
29/01/2026 00:59:22.494;0;1;0;0;
29/01/2026 00:59:24.158;0;0;0;0;
29/01/2026 00:59:42.504;0;1;0;0;
29/01/2026 00:59:43.749;0;0;0;0;
29/01/2026 01:03:42.600;0;1;0;0;
29/01/2026 01:03:44.275;0;0;0;0;
29/01/2026 01:04:02.606;0;1;0;0;
29/01/2026 01:04:04.286;0;0;0;0;
29/01/2026 01:04:22.616;0;1;0;0;
29/01/2026 01:04:24.26;0;0;0;0;
29/01/2026 01:04:42.632;0;1;0;0;
29/01/2026 01:04:44.196;0;0;0;0;
29/01/2026 01:05:02.642;0;1;0;0;
29/01/2026 01:05:03.927;0;0;0;0;
29/01/2026 01:05:22.653;0;1;0;0;
29/01/2026 01:05:24.167;0;0;0;0;
29/01/2026 01:06:02.827;0;1;0;0;
29/01/2026 01:06:04.68;0;0;0;0;
29/01/2026 01:06:22.928;0;1;0;0;
29/01/2026 01:06:24.399;0;0;0;0;
29/01/2026 01:06:42.695;0;1;0;0;
29/01/2026 01:06:44.259;0;0;0;0;
29/01/2026 01:07:02.700;0;1;0;0;
29/01/2026 01:07:04.90;0;0;0;0;
29/01/2026 01:08:02.737;0;0;1;0;
29/01/2026 01:08:03.901;0;0;0;0;
29/01/2026 01:08:22.749;0;1;0;0;
29/01/2026 01:08:24.102;0;0;0;0;
29/01/2026 01:08:42.843;0;1;0;0;
29/01/2026 01:08:44.162;0;0;0;0;
29/01/2026 01:09:02.944;0;1;0;0;
29/01/2026 01:09:04.143;0;0;0;0;
29/01/2026 01:09:22.954;0;1;0;0;
29/01/2026 01:09:24.213;0;0;0;0;
29/01/2026 01:09:42.809;0;0;1;0;
29/01/2026 01:09:44.94;0;0;0;0;
29/01/2026 01:10:42.801;0;1;0;0;
29/01/2026 01:10:44.55;0;0;0;0;
29/01/2026 01:11:02.806;0;1;0;0;
29/01/2026 01:11:04.166;0;0;0;0;
29/01/2026 01:11:42.827;0;1;0;0;
29/01/2026 01:11:44.127;0;0;0;0;
29/01/2026 01:12:02.888;0;1;0;0;
29/01/2026 01:12:04.337;0;0;0;0;
29/01/2026 01:12:22.849;0;1;0;0;
29/01/2026 01:12:24.218;0;0;0;0;
29/01/2026 01:12:42.864;0;1;0;0;
29/01/2026 01:12:44.439;0;0;0;0;
29/01/2026 01:13:03.179;0;1;1;0;
29/01/2026 01:13:04.589;0;0;0;0;
29/01/2026 01:13:43.139;0;1;0;0;
29/01/2026 01:13:44.690;0;0;0;0;
29/01/2026 01:14:02.911;0;1;1;0;
29/01/2026 01:14:04.280;0;0;0;0;
29/01/2026 01:14:22.916;0;1;0;0;
29/01/2026 01:14:24.651;0;0;0;0;
29/01/2026 01:14:42.957;0;1;0;0;
29/01/2026 01:14:44.412;0;0;0;0;
29/01/2026 01:15:22.948;0;1;0;0;
29/01/2026 01:15:24.232;0;0;0;0;
29/01/2026 01:15:43.199;0;1;0;0;
29/01/2026 01:15:44.573;0;0;0;0;
29/01/2026 01:16:03.70;0;1;0;0;
29/01/2026 01:16:04.263;0;0;0;0;
29/01/2026 01:16:44.56;0;1;0;0;
29/01/2026 01:16:45.496;0;0;0;0;
29/01/2026 01:17:23.1;0;1;0;0;
29/01/2026 01:17:24.255;0;0;0;0;
29/01/2026 01:17:43.11;0;1;0;0;
29/01/2026 01:17:44.416;0;0;0;0;
29/01/2026 01:18:03.22;0;0;1;0;
29/01/2026 01:18:04.446;0;0;0;0;
29/01/2026 01:18:43.43;0;1;0;0;
29/01/2026 01:18:44.407;0;0;0;0;
29/01/2026 01:19:03.54;0;1;0;0;
29/01/2026 01:19:04.388;0;0;0;0;
29/01/2026 01:19:23.64;0;1;0;0;
29/01/2026 01:19:24.398;0;0;0;0;
29/01/2026 01:20:23.186;0;1;0;0;
29/01/2026 01:20:24.610;0;0;0;0;
29/01/2026 01:20:43.288;0;1;0;0;
29/01/2026 01:20:44.561;0;0;0;0;
29/01/2026 01:21:23.127;0;1;0;0;
29/01/2026 01:21:24.592;0;0;0;0;
29/01/2026 01:21:43.138;0;1;0;0;
29/01/2026 01:21:44.752;0;0;0;0;
29/01/2026 01:22:03.148;0;1;1;0;
29/01/2026 01:22:04.613;0;0;0;0;
29/01/2026 01:22:23.158;0;1;0;0;
29/01/2026 01:22:24.623;0;0;0;0;
29/01/2026 01:22:43.79;0;1;0;0;
29/01/2026 01:22:44.423;0;0;0;0;
29/01/2026 01:23:23.325;0;1;0;0;
29/01/2026 01:23:24.735;0;0;0;0;
29/01/2026 01:23:43.431;0;1;1;0;
29/01/2026 01:23:45.15;0;0;0;0;
29/01/2026 01:24:03.201;0;1;1;0;
29/01/2026 01:24:04.555;0;0;0;0;
29/01/2026 01:24:23.212;0;1;0;0;
29/01/2026 01:24:24.436;0;0;0;0;
29/01/2026 01:25:23.243;0;1;0;0;
29/01/2026 01:25:24.607;0;0;0;0;
29/01/2026 01:25:43.254;0;1;0;0;
29/01/2026 01:25:44.648;0;0;0;0;
29/01/2026 01:26:03.264;0;1;0;0;
29/01/2026 01:26:04.658;0;0;0;0;
29/01/2026 01:26:23.274;0;1;0;0;
29/01/2026 01:26:24.509;0;0;0;0;
29/01/2026 01:27:03.301;0;1;0;0;
29/01/2026 01:27:04.550;0;0;0;0;
29/01/2026 01:27:23.345;0;1;0;0;
29/01/2026 01:27:24.660;0;0;0;0;
29/01/2026 01:28:23.358;0;1;0;0;
29/01/2026 01:28:24.732;0;0;0;0;
29/01/2026 01:28:43.348;0;1;0;0;
29/01/2026 01:28:44.722;0;0;0;0;
29/01/2026 01:29:23.439;0;1;0;0;
29/01/2026 01:29:24.753;0;0;0;0;
29/01/2026 01:30:03.400;0;1;0;0;
29/01/2026 01:30:04.955;0;0;0;0;
29/01/2026 01:30:23.761;0;1;0;0;
29/01/2026 01:30:25.526;0;0;0;0;
29/01/2026 01:30:43.611;0;1;1;0;
29/01/2026 01:30:45.266;0;0;0;0;
29/01/2026 01:31:23.412;0;1;0;0;
29/01/2026 01:31:24.776;0;0;0;0;
29/01/2026 01:31:43.423;0;1;0;0;
29/01/2026 01:31:44.817;0;0;0;0;
29/01/2026 01:32:03.433;0;1;0;0;
29/01/2026 01:32:05.288;0;0;0;0;
29/01/2026 01:32:23.443;0;1;1;0;
29/01/2026 01:32:25.589;0;0;0;0;
29/01/2026 01:32:43.454;0;1;1;0;
29/01/2026 01:32:45.139;0;0;0;0;
29/01/2026 01:33:03.464;0;0;1;0;
29/01/2026 01:33:04.729;0;0;0;0;
29/01/2026 01:33:23.475;0;0;1;0;
29/01/2026 01:33:24.930;0;0;0;0;
29/01/2026 01:33:43.491;0;1;1;0;
29/01/2026 01:33:44.850;0;0;0;0;
29/01/2026 01:34:43.660;0;1;0;0;
29/01/2026 01:34:44.911;0;0;0;0;
29/01/2026 01:40:03.665;0;1;0;0;
29/01/2026 01:40:05.80;0;0;0;0;
29/01/2026 01:40:23.736;0;1;0;0;
29/01/2026 01:40:24.950;0;0;0;0;
29/01/2026 01:41:03.707;0;1;0;0;
29/01/2026 01:41:04.961;0;0;0;0;
29/01/2026 01:41:43.921;0;1;0;0;
29/01/2026 01:41:45.292;0;0;0;0;
29/01/2026 01:43:03.740;0;1;0;0;
29/01/2026 01:43:04.994;0;0;0;0;
29/01/2026 01:43:43.791;0;1;0;0;
29/01/2026 01:43:45.45;0;0;0;0;
29/01/2026 01:47:03.886;0;1;0;0;
29/01/2026 01:47:05.250;0;0;0;0;
29/01/2026 01:47:43.887;0;1;0;0;
29/01/2026 01:47:45.171;0;0;0;0;
29/01/2026 01:48:03.980;0;1;0;0;
29/01/2026 01:48:05.512;0;0;0;0;
29/01/2026 01:48:24.91;0;1;0;0;
29/01/2026 01:48:25.432;0;0;0;0;
29/01/2026 01:49:23.839;0;1;0;0;
29/01/2026 01:49:25.213;0;0;0;0;
29/01/2026 01:49:43.940;0;1;0;0;
29/01/2026 01:49:45.254;0;0;0;0;
29/01/2026 01:50:03.935;0;1;0;0;
29/01/2026 01:50:05.405;0;0;0;0;
29/01/2026 01:50:23.961;0;1;0;0;
29/01/2026 01:50:25.285;0;0;0;0;
29/01/2026 01:51:04.172;0;1;0;0;
29/01/2026 01:51:05.566;0;0;0;0;
29/01/2026 01:52:04.33;0;1;0;0;
29/01/2026 01:52:05.578;0;0;0;0;
29/01/2026 01:52:24.9;0;1;1;0;
29/01/2026 01:52:25.408;0;0;0;0;
29/01/2026 01:52:44.25;0;1;0;0;
29/01/2026 01:52:45.298;0;0;0;0;
29/01/2026 01:53:44.76;0;1;0;0;
29/01/2026 01:53:45.670;0;0;0;0;
29/01/2026 01:54:04.188;0;1;0;0;
29/01/2026 01:54:05.441;0;0;0;0;
29/01/2026 01:54:24.77;0;1;0;0;
29/01/2026 01:54:25.781;0;0;0;0;
29/01/2026 01:54:46.170;0;1;1;0;
29/01/2026 01:54:47.574;0;0;0;0;
29/01/2026 01:55:04.521;0;1;0;0;
29/01/2026 01:55:05.782;0;0;0;0;
29/01/2026 01:55:44.149;0;1;0;0;
29/01/2026 01:55:45.503;0;0;0;0;
29/01/2026 01:56:04.119;0;1;0;0;
29/01/2026 01:56:05.373;0;0;0;0;
29/01/2026 01:56:44.281;0;1;0;0;
29/01/2026 01:56:45.715;0;0;0;0;
29/01/2026 01:57:04.141;0;1;0;0;
29/01/2026 01:57:05.515;0;0;0;0;
29/01/2026 01:57:24.251;0;1;0;0;
29/01/2026 01:57:25.606;0;0;0;0;
29/01/2026 01:58:04.163;0;1;1;0;
29/01/2026 01:58:05.527;0;0;0;0;
29/01/2026 01:58:24.173;0;1;0;0;
29/01/2026 01:58:25.447;0;0;0;0;
29/01/2026 01:58:44.183;0;1;0;0;
29/01/2026 01:58:45.488;0;0;0;0;
29/01/2026 01:59:04.194;0;1;0;0;
29/01/2026 01:59:05.808;0;0;0;0;
29/01/2026 01:59:24.204;0;1;1;0;
29/01/2026 01:59:25.739;0;0;0;0;
29/01/2026 01:59:44.215;0;1;1;0;
29/01/2026 01:59:45.809;0;0;0;0;
29/01/2026 02:00:04.220;0;1;0;0;
29/01/2026 02:00:05.770;0;0;0;0;
29/01/2026 02:00:24.266;0;1;0;0;
29/01/2026 02:00:25.840;0;0;0;0;
29/01/2026 02:00:44.251;0;1;1;0;
29/01/2026 02:00:45.551;0;0;0;0;
29/01/2026 02:01:04.257;0;0;1;0;
29/01/2026 02:01:05.541;0;0;0;0;
29/01/2026 02:01:24.342;0;1;0;0;
29/01/2026 02:01:25.662;0;0;0;0;
29/01/2026 02:01:44.452;0;1;0;0;
29/01/2026 02:01:45.732;0;0;0;0;
29/01/2026 02:02:04.569;0;1;0;0;
29/01/2026 02:02:05.853;0;0;0;0;
29/01/2026 02:03:24.310;1;0;0;0;
29/01/2026 02:03:24.311;1;1;1;0;
29/01/2026 02:03:32.271;1;0;0;0;
29/01/2026 02:03:34.332;1;1;1;0;
29/01/2026 02:03:35.715;1;0;0;0;
29/01/2026 02:03:42.28;1;1;1;0;
29/01/2026 02:03:43.163;1;0;0;0;
29/01/2026 02:03:52.28;1;1;1;0;
29/01/2026 02:03:53.163;1;0;0;0;
29/01/2026 02:04:02.128;1;1;1;0;
29/01/2026 02:04:03.263;1;0;0;0;
29/01/2026 02:04:12.124;1;1;1;0;
29/01/2026 02:04:13.263;1;0;0;0;
29/01/2026 02:04:22.224;1;1;1;0;
29/01/2026 02:04:23.364;1;0;0;0;
29/01/2026 02:04:37.138;0;0;0;0;
29/01/2026 02:04:52.30;0;1;1;0;
29/01/2026 02:04:52.31;1;1;1;0;
29/01/2026 02:04:53.174;1;0;0;0;
29/01/2026 02:04:59.821;0;0;0;0;
29/01/2026 02:11:24.402;0;0;1;0;
29/01/2026 02:11:39.691;0;0;0;0;
29/01/2026 02:37:11.877;1;0;0;0;
29/01/2026 02:37:11.878;1;1;0;0;
29/01/2026 02:37:13.342;1;0;0;0;
29/01/2026 02:37:49.510;1;0;1;0;
29/01/2026 02:38:02.142;1;0;0;0;
29/01/2026 02:38:13.654;0;0;0;0;
29/01/2026 02:38:51.771;0;1;1;0;
29/01/2026 02:38:56.848;0;0;0;0;
29/01/2026 02:39:11.780;0;0;1;0;
29/01/2026 02:39:13.325;0;0;0;0;
29/01/2026 02:39:51.802;0;1;0;0;
29/01/2026 02:39:53.736;0;0;0;0;
29/01/2026 02:40:11.812;0;1;0;0;
29/01/2026 02:40:13.767;0;0;0;0;
29/01/2026 02:40:31.876;0;1;0;0;
29/01/2026 02:40:33.527;0;0;0;0;
29/01/2026 02:40:51.966;0;1;0;0;
29/01/2026 02:40:53.518;0;0;0;0;
29/01/2026 02:41:12.57;0;1;1;0;
29/01/2026 02:41:13.388;0;0;0;0;
29/01/2026 02:41:32.148;0;1;0;0;
29/01/2026 02:41:33.549;0;0;0;0;
29/01/2026 02:42:51.796;0;1;0;0;
29/01/2026 02:42:53.20;0;0;0;0;
29/01/2026 02:43:31.827;0;1;0;0;
29/01/2026 02:43:33.112;0;0;0;0;
29/01/2026 02:44:11.929;0;1;0;0;
29/01/2026 02:44:13.273;0;0;0;0;
29/01/2026 02:44:31.999;0;1;0;0;
29/01/2026 02:44:33.313;0;0;0;0;
29/01/2026 02:45:12.211;0;1;0;0;
29/01/2026 02:45:13.635;0;0;0;0;
29/01/2026 02:45:31.971;0;1;0;0;
29/01/2026 02:45:33.455;0;0;0;0;
29/01/2026 02:46:52.13;0;1;0;0;
29/01/2026 02:46:53.337;0;0;0;0;
29/01/2026 02:47:52.55;0;1;0;0;
29/01/2026 02:47:53.419;0;0;0;0;
29/01/2026 02:48:32.100;0;1;0;0;
29/01/2026 02:48:33.450;0;0;0;0;
29/01/2026 02:48:52.149;0;1;0;0;
29/01/2026 02:48:53.430;0;0;0;0;
29/01/2026 02:49:12.240;0;1;0;0;
29/01/2026 02:49:13.531;0;0;0;0;
29/01/2026 02:49:52.7;0;1;0;0;
29/01/2026 02:49:53.292;0;0;0;0;
29/01/2026 02:50:32.109;0;1;0;0;
29/01/2026 02:50:33.333;0;0;0;0;
29/01/2026 02:51:12.125;0;1;0;0;
29/01/2026 02:51:13.844;0;0;0;0;
29/01/2026 02:51:32.140;0;1;0;0;
29/01/2026 02:51:33.534;0;0;0;0;
29/01/2026 02:51:52.161;0;1;0;0;
29/01/2026 02:51:53.555;0;0;0;0;
29/01/2026 02:52:12.181;0;0;1;0;
29/01/2026 02:52:13.575;0;0;0;0;
29/01/2026 02:52:32.172;0;1;0;0;
29/01/2026 02:52:33.506;0;0;0;0;
29/01/2026 02:53:52.524;0;1;0;0;
29/01/2026 02:53:54.619;0;0;0;0;
29/01/2026 02:54:12.234;0;1;0;0;
29/01/2026 02:54:13.699;0;0;0;0;
29/01/2026 02:54:32.135;0;1;1;0;
29/01/2026 02:54:33.719;0;0;0;0;
29/01/2026 02:54:52.145;0;1;1;0;
29/01/2026 02:54:53.670;0;0;0;0;
29/01/2026 02:55:12.156;0;1;0;0;
29/01/2026 02:55:13.470;0;0;0;0;
29/01/2026 02:55:52.187;0;1;0;0;
29/01/2026 02:55:53.651;0;0;0;0;
29/01/2026 02:56:12.178;0;0;1;0;
29/01/2026 02:56:13.311;0;0;0;0;
29/01/2026 02:56:32.200;0;0;1;0;
29/01/2026 02:56:33.492;0;0;0;0;
29/01/2026 02:59:52.393;0;1;0;0;
29/01/2026 02:59:53.777;0;0;0;0;
29/01/2026 03:00:52.325;0;1;0;0;
29/01/2026 03:00:53.549;0;0;0;0;
29/01/2026 03:01:12.405;0;1;0;0;
29/01/2026 03:01:13.689;0;0;0;0;
29/01/2026 03:01:32.506;0;1;0;0;
29/01/2026 03:01:33.760;0;0;0;0;
29/01/2026 03:02:52.388;0;1;0;0;
29/01/2026 03:02:53.752;0;0;0;0;
29/01/2026 03:03:12.488;0;1;0;0;
29/01/2026 03:03:13.863;0;0;0;0;
29/01/2026 03:03:32.499;0;1;0;0;
29/01/2026 03:03:33.843;0;0;0;0;
29/01/2026 03:03:52.504;0;1;0;0;
29/01/2026 03:03:53.924;0;0;0;0;
29/01/2026 03:04:12.520;0;1;0;0;
29/01/2026 03:04:13.834;0;0;0;0;
29/01/2026 03:04:32.530;0;1;0;0;
29/01/2026 03:04:33.805;0;0;0;0;
29/01/2026 03:05:12.652;0;1;1;0;
29/01/2026 03:05:13.926;0;0;0;0;
29/01/2026 03:05:32.698;0;1;0;0;
29/01/2026 03:05:34.66;0;0;0;0;
29/01/2026 03:06:12.583;0;1;0;0;
29/01/2026 03:06:13.817;0;0;0;0;
29/01/2026 03:06:52.619;0;1;0;0;
29/01/2026 03:06:53.938;0;0;0;0;
29/01/2026 03:07:12.615;0;1;0;0;
29/01/2026 03:07:13.959;0;0;0;0;
29/01/2026 03:07:32.525;0;1;0;0;
29/01/2026 03:07:33.839;0;0;0;0;
29/01/2026 03:07:52.535;0;1;0;0;
29/01/2026 03:07:53.970;0;0;0;0;
29/01/2026 03:08:12.546;0;1;0;0;
29/01/2026 03:08:14.10;0;0;0;0;
29/01/2026 03:09:32.778;0;1;0;0;
29/01/2026 03:09:34.273;0;0;0;0;
29/01/2026 03:09:52.669;0;1;0;0;
29/01/2026 03:09:54.253;0;0;0;0;
29/01/2026 03:10:12.689;0;1;0;0;
29/01/2026 03:10:14.183;0;0;0;0;
29/01/2026 03:10:32.690;0;1;0;0;
29/01/2026 03:10:34.134;0;0;0;0;
29/01/2026 03:11:12.711;0;1;0;0;
29/01/2026 03:11:14.75;0;0;0;0;
29/01/2026 03:11:32.721;0;1;0;0;
29/01/2026 03:11:33.965;0;0;0;0;
29/01/2026 03:11:52.732;0;1;0;0;
29/01/2026 03:11:54.306;0;0;0;0;
29/01/2026 03:12:32.753;0;1;0;0;
29/01/2026 03:12:34.317;0;0;0;0;
29/01/2026 03:13:12.937;0;1;0;0;
29/01/2026 03:13:14.308;0;0;0;0;
29/01/2026 03:13:33.28;0;1;0;0;
29/01/2026 03:13:34.288;0;0;0;0;
29/01/2026 03:13:52.695;0;1;0;0;
29/01/2026 03:13:54.339;0;0;0;0;
29/01/2026 03:14:12.705;0;0;1;0;
29/01/2026 03:14:13.899;0;0;0;0;
29/01/2026 03:16:12.748;0;1;1;0;
29/01/2026 03:16:14.2;0;0;0;0;
29/01/2026 03:16:32.949;0;1;0;0;
29/01/2026 03:16:34.173;0;0;0;0;
29/01/2026 03:16:53.39;0;1;0;0;
29/01/2026 03:16:54.273;0;0;0;0;
29/01/2026 03:17:32.880;0;1;0;0;
29/01/2026 03:17:34.264;0;0;0;0;
29/01/2026 03:18:12.901;0;1;0;0;
29/01/2026 03:18:14.175;0;0;0;0;
29/01/2026 03:19:12.943;0;1;0;0;
29/01/2026 03:19:14.297;0;0;0;0;
29/01/2026 03:19:32.943;0;1;1;0;
29/01/2026 03:19:34.357;0;0;0;0;
29/01/2026 03:19:52.998;0;1;0;0;
29/01/2026 03:19:54.428;0;0;0;0;
29/01/2026 03:20:13.38;0;1;0;0;
29/01/2026 03:20:14.418;0;0;0;0;
29/01/2026 03:20:33.138;0;1;0;0;
29/01/2026 03:20:34.569;0;0;0;0;
29/01/2026 03:20:52.885;0;1;0;0;
29/01/2026 03:20:54.169;0;0;0;0;
29/01/2026 03:21:12.896;0;1;0;0;
29/01/2026 03:21:14.150;0;0;0;0;
29/01/2026 03:21:52.927;0;1;1;0;
29/01/2026 03:21:54.331;0;0;0;0;
29/01/2026 03:22:12.917;0;1;0;0;
29/01/2026 03:22:14.141;0;0;0;0;
29/01/2026 03:22:52.913;0;1;0;0;
29/01/2026 03:22:54.412;0;0;0;0;
29/01/2026 03:23:13.29;0;1;0;0;
29/01/2026 03:23:14.253;0;0;0;0;
29/01/2026 03:26:13.123;0;1;0;0;
29/01/2026 03:26:14.387;0;0;0;0;
29/01/2026 03:27:53.76;0;1;0;0;
29/01/2026 03:27:54.300;0;0;0;0;
29/01/2026 03:28:13.86;0;1;0;0;
29/01/2026 03:28:14.430;0;0;0;0;
29/01/2026 03:28:33.107;0;1;1;0;
29/01/2026 03:28:34.481;0;0;0;0;
29/01/2026 03:29:13.98;0;1;0;0;
29/01/2026 03:29:14.352;0;0;0;0;
29/01/2026 03:29:53.219;0;1;0;0;
29/01/2026 03:29:54.503;0;0;0;0;
29/01/2026 03:31:33.271;0;1;0;0;
29/01/2026 03:31:34.575;0;0;0;0;
29/01/2026 03:31:53.282;0;1;0;0;
29/01/2026 03:31:54.646;0;0;0;0;
29/01/2026 03:32:13.292;0;1;0;0;
29/01/2026 03:32:14.686;0;0;0;0;
29/01/2026 03:32:33.323;0;1;0;0;
29/01/2026 03:32:34.797;0;0;0;0;
29/01/2026 03:32:53.313;0;1;0;0;
29/01/2026 03:32:54.697;0;0;0;0;
29/01/2026 03:33:13.344;0;1;0;0;
29/01/2026 03:33:14.658;0;0;0;0;
29/01/2026 03:33:33.339;0;1;0;0;
29/01/2026 03:33:34.588;0;0;0;0;
29/01/2026 03:34:13.439;0;1;0;0;
29/01/2026 03:34:14.990;0;0;0;0;
29/01/2026 03:34:33.607;0;1;0;0;
29/01/2026 03:34:34.980;0;0;0;0;
29/01/2026 03:34:53.276;0;1;1;0;
29/01/2026 03:34:54.590;0;0;0;0;
29/01/2026 03:35:13.297;0;1;0;0;
29/01/2026 03:35:14.701;0;0;0;0;
29/01/2026 03:36:33.329;0;1;0;0;
29/01/2026 03:36:34.553;0;0;0;0;
29/01/2026 03:39:13.483;0;1;0;0;
29/01/2026 03:39:14.747;0;0;0;0;
29/01/2026 03:41:33.456;0;1;0;0;
29/01/2026 03:41:34.801;0;0;0;0;
29/01/2026 03:42:13.467;0;1;0;0;
29/01/2026 03:42:14.751;0;0;0;0;
29/01/2026 03:45:33.663;0;1;0;0;
29/01/2026 03:45:34.987;0;0;0;0;
29/01/2026 03:46:53.604;0;1;0;0;
29/01/2026 03:46:54.889;0;0;0;0;
29/01/2026 03:47:13.748;0;1;0;0;
29/01/2026 03:47:15.59;0;0;0;0;
29/01/2026 03:47:53.919;0;1;0;0;
29/01/2026 03:47:55.230;0;0;0;0;
29/01/2026 03:48:53.658;0;1;0;0;
29/01/2026 03:48:55.72;0;0;0;0;
29/01/2026 03:49:13.648;0;1;0;0;
29/01/2026 03:49:14.872;0;0;0;0;
29/01/2026 03:50:13.780;0;1;0;0;
29/01/2026 03:50:15.164;0;0;0;0;
29/01/2026 03:50:33.821;0;1;0;0;
29/01/2026 03:50:35.174;0;0;0;0;
29/01/2026 03:51:14.51;0;1;0;0;
29/01/2026 03:51:15.366;0;0;0;0;
29/01/2026 03:52:53.884;0;1;0;0;
29/01/2026 03:52:55.198;0;0;0;0;
29/01/2026 03:56:33.959;0;1;0;0;
29/01/2026 03:56:35.244;0;0;0;0;
29/01/2026 03:57:14.74;0;1;0;0;
29/01/2026 03:57:15.315;0;0;0;0;
29/01/2026 03:57:54.2;0;1;0;0;
29/01/2026 03:57:55.276;0;0;0;0;
29/01/2026 03:58:14.12;0;1;0;0;
29/01/2026 03:58:15.256;0;0;0;0;
29/01/2026 03:59:14.59;0;1;0;0;
29/01/2026 03:59:15.328;0;0;0;0;
29/01/2026 04:00:14.95;0;1;0;0;
29/01/2026 04:00:15.440;0;0;0;0;
29/01/2026 04:00:34.209;0;1;0;0;
29/01/2026 04:00:35.600;0;0;0;0;
29/01/2026 04:00:53.997;0;1;0;0;
29/01/2026 04:00:55.431;0;0;0;0;
29/01/2026 04:01:14.17;0;1;0;0;
29/01/2026 04:01:15.481;0;0;0;0;
29/01/2026 04:03:14.151;0;1;0;0;
29/01/2026 04:03:15.384;0;0;0;0;
29/01/2026 04:08:14.198;0;1;0;0;
29/01/2026 04:08:15.542;0;0;0;0;
29/01/2026 04:08:54.319;0;1;0;0;
29/01/2026 04:08:55.543;0;0;0;0;
29/01/2026 04:10:14.571;0;1;0;0;
29/01/2026 04:10:15.835;0;0;0;0;
29/01/2026 04:11:54.429;0;1;0;0;
29/01/2026 04:11:55.788;0;0;0;0;
29/01/2026 04:13:14.578;0;0;1;0;
29/01/2026 04:13:15.800;0;0;0;0;
29/01/2026 04:13:34.367;0;0;1;0;
29/01/2026 04:13:35.680;0;0;0;0;
29/01/2026 04:15:14.509;0;1;0;0;
29/01/2026 04:15:15.763;0;0;0;0;
29/01/2026 04:21:14.669;0;1;0;0;
29/01/2026 04:21:15.893;0;0;0;0;
29/01/2026 04:21:54.700;0;1;0;0;
29/01/2026 04:21:56.24;0;0;0;0;
29/01/2026 04:26:34.722;0;1;0;0;
29/01/2026 04:26:35.981;0;0;0;0;
29/01/2026 04:28:14.880;0;1;0;0;
29/01/2026 04:28:16.204;0;0;0;0;
29/01/2026 04:36:15.113;0;1;0;0;
29/01/2026 04:36:16.467;0;0;0;0;
29/01/2026 04:39:15.119;0;1;0;0;
29/01/2026 04:39:16.372;0;0;0;0;
29/01/2026 04:39:55.204;0;1;0;0;
29/01/2026 04:39:56.553;0;0;0;0;
29/01/2026 04:40:15.215;0;0;1;0;
29/01/2026 04:40:16.544;0;0;0;0;
29/01/2026 04:41:55.272;0;1;0;0;
29/01/2026 04:41:56.607;0;0;0;0;
29/01/2026 04:42:35.289;0;1;0;0;
29/01/2026 04:42:36.618;0;0;0;0;
29/01/2026 04:46:55.571;0;1;0;0;
29/01/2026 04:46:56.935;0;0;0;0;
29/01/2026 04:51:55.549;0;1;0;0;
29/01/2026 04:51:56.803;0;0;0;0;
29/01/2026 04:52:35.635;0;1;0;0;
29/01/2026 04:52:36.964;0;0;0;0;
29/01/2026 04:54:55.654;0;1;0;0;
29/01/2026 04:54:56.988;0;0;0;0;
29/01/2026 04:56:15.581;0;1;0;0;
29/01/2026 04:56:16.900;0;0;0;0;
29/01/2026 04:57:35.708;0;1;0;0;
29/01/2026 04:57:37.93;0;0;0;0;
29/01/2026 04:59:55.782;0;1;0;0;
29/01/2026 04:59:57.57;0;0;0;0;
29/01/2026 05:00:55.824;0;1;0;0;
29/01/2026 05:00:57.118;0;0;0;0;
29/01/2026 05:06:35.994;0;1;0;0;
29/01/2026 05:06:37.258;0;0;0;0;
29/01/2026 05:07:55.926;0;1;0;0;
29/01/2026 05:07:57.270;0;0;0;0;
29/01/2026 05:09:15.958;0;1;0;0;
29/01/2026 05:09:17.182;0;0;0;0;
29/01/2026 05:11:36.133;0;1;0;0;
29/01/2026 05:11:37.406;0;0;0;0;
29/01/2026 05:12:16.153;0;1;0;0;
29/01/2026 05:12:17.477;0;0;0;0;
29/01/2026 05:13:16.348;0;1;0;0;
29/01/2026 05:13:17.629;0;0;0;0;
29/01/2026 05:14:16.121;0;1;0;0;
29/01/2026 05:14:17.381;0;0;0;0;
29/01/2026 05:15:36.330;0;1;0;0;
29/01/2026 05:15:37.553;0;0;0;0;
29/01/2026 05:17:16.292;0;1;0;0;
29/01/2026 05:17:17.566;0;0;0;0;
29/01/2026 05:19:56.271;0;0;1;0;
29/01/2026 05:19:57.500;0;0;0;0;
29/01/2026 05:26:56.458;0;1;0;0;
29/01/2026 05:26:57.692;0;0;0;0;
29/01/2026 05:27:16.619;0;1;0;0;
29/01/2026 05:27:17.873;0;0;0;0;
29/01/2026 05:27:36.764;0;1;0;0;
29/01/2026 05:27:37.994;0;0;0;0;
29/01/2026 05:28:16.601;0;1;0;0;
29/01/2026 05:28:18.145;0;0;0;0;
29/01/2026 05:28:36.612;0;1;0;0;
29/01/2026 05:28:37.975;0;0;0;0;
29/01/2026 05:28:56.622;0;1;0;0;
29/01/2026 05:28:57.896;0;0;0;0;
29/01/2026 05:29:36.638;0;1;0;0;
29/01/2026 05:29:38.87;0;0;0;0;
29/01/2026 05:29:56.653;0;1;0;0;
29/01/2026 05:29:58.98;0;0;0;0;
29/01/2026 05:30:16.727;0;1;0;0;
29/01/2026 05:30:17.978;0;0;0;0;
29/01/2026 05:30:36.858;0;1;0;0;
29/01/2026 05:30:38.890;0;0;0;0;
29/01/2026 05:30:56.585;0;1;0;0;
29/01/2026 05:30:57.809;0;0;0;0;
29/01/2026 05:31:16.595;0;1;1;0;
29/01/2026 05:31:17.910;0;0;0;0;
29/01/2026 05:31:56.627;0;1;0;0;
29/01/2026 05:31:57.941;0;0;0;0;
29/01/2026 05:33:16.870;0;1;0;0;
29/01/2026 05:33:18.153;0;0;0;0;
29/01/2026 05:33:37.0;0;1;0;0;
29/01/2026 05:33:38.484;0;0;0;0;
29/01/2026 05:33:56.760;0;1;0;0;
29/01/2026 05:33:58.134;0;0;0;0;
29/01/2026 05:34:16.771;0;1;0;0;
29/01/2026 05:34:18.225;0;0;0;0;
29/01/2026 05:34:56.792;0;1;0;0;
29/01/2026 05:34:58.276;0;0;0;0;
29/01/2026 05:35:36.823;0;1;0;0;
29/01/2026 05:35:38.177;0;0;0;0;
29/01/2026 05:36:36.745;0;1;0;0;
29/01/2026 05:36:38.19;0;0;0;0;
29/01/2026 05:46:12.96;1;0;0;0;
29/01/2026 05:46:12.96;1;1;1;0;
29/01/2026 05:46:17.4;1;0;0;0;
29/01/2026 05:46:20.95;1;1;1;0;
29/01/2026 05:46:21.238;1;0;0;0;
29/01/2026 05:46:29.994;1;1;1;0;
29/01/2026 05:46:31.399;1;0;0;0;
29/01/2026 05:46:39.994;1;1;1;0;
29/01/2026 05:46:41.129;1;0;0;0;
29/01/2026 05:46:49.994;1;1;1;0;
29/01/2026 05:46:51.129;1;0;0;0;
29/01/2026 05:46:59.995;1;1;1;0;
29/01/2026 05:47:01.129;1;0;0;0;
29/01/2026 05:47:08.97;0;0;0;0;
29/01/2026 05:47:52.421;0;1;1;0;
29/01/2026 05:47:56.827;0;0;0;0;
29/01/2026 05:48:12.189;0;1;1;0;
29/01/2026 05:48:13.624;0;0;0;0;
29/01/2026 05:48:32.200;0;1;1;0;
29/01/2026 05:48:33.765;0;0;0;0;
29/01/2026 05:48:52.211;0;1;1;0;
29/01/2026 05:48:53.545;0;0;0;0;
29/01/2026 05:49:32.227;0;1;1;0;
29/01/2026 05:49:33.586;0;0;0;0;
29/01/2026 05:49:52.243;0;0;1;0;
29/01/2026 05:49:53.397;0;0;0;0;
29/01/2026 05:50:32.407;0;1;0;0;
29/01/2026 05:50:33.718;0;0;0;0;
29/01/2026 05:50:52.531;0;1;0;0;
29/01/2026 05:50:53.909;0;0;0;0;
29/01/2026 05:51:12.185;0;1;0;0;
29/01/2026 05:51:13.619;0;0;0;0;
29/01/2026 05:51:32.190;0;1;0;0;
29/01/2026 05:51:33.690;0;0;0;0;
29/01/2026 05:51:52.206;0;1;1;0;
29/01/2026 05:51:53.550;0;0;0;0;
29/01/2026 05:52:12.227;0;1;0;0;
29/01/2026 05:52:13.751;0;0;0;0;
29/01/2026 05:52:32.217;0;1;0;0;
29/01/2026 05:52:33.741;0;0;0;0;
29/01/2026 05:52:52.213;0;1;0;0;
29/01/2026 05:52:53.532;0;0;0;0;
29/01/2026 05:53:12.338;0;1;0;0;
29/01/2026 05:53:13.683;0;0;0;0;
29/01/2026 05:53:32.559;0;1;0;0;
29/01/2026 05:53:33.933;0;0;0;0;
29/01/2026 05:54:12.361;0;1;0;0;
29/01/2026 05:54:13.724;0;0;0;0;
29/01/2026 05:54:32.371;0;1;0;0;
29/01/2026 05:54:33.795;0;0;0;0;
29/01/2026 05:54:52.376;0;1;0;0;
29/01/2026 05:54:53.826;0;0;0;0;
29/01/2026 05:55:32.397;0;1;0;0;
29/01/2026 05:55:33.757;0;0;0;0;
29/01/2026 05:55:52.433;0;1;0;0;
29/01/2026 05:55:54.57;0;0;0;0;
29/01/2026 05:56:12.657;0;1;0;0;
29/01/2026 05:56:13.928;0;0;0;0;
29/01/2026 05:56:32.687;0;1;0;0;
29/01/2026 05:56:33.928;0;0;0;0;
29/01/2026 05:56:52.345;0;1;0;0;
29/01/2026 05:56:53.689;0;0;0;0;
29/01/2026 05:57:12.356;0;1;0;0;
29/01/2026 05:57:13.729;0;0;0;0;
29/01/2026 05:57:32.366;0;1;0;0;
29/01/2026 05:57:33.710;0;0;0;0;
29/01/2026 05:57:52.376;0;1;0;0;
29/01/2026 05:57:53.751;0;0;0;0;
29/01/2026 05:58:12.397;0;1;0;0;
29/01/2026 05:58:13.741;0;0;0;0;
29/01/2026 05:58:32.397;0;1;0;0;
29/01/2026 05:58:33.802;0;0;0;0;
29/01/2026 05:58:54.590;0;1;0;0;
29/01/2026 05:58:55.985;0;0;0;0;
29/01/2026 05:59:32.519;0;1;0;0;
29/01/2026 05:59:33.833;0;0;0;0;
29/01/2026 06:00:32.551;0;1;0;0;
29/01/2026 06:00:33.915;0;0;0;0;
29/01/2026 06:00:52.562;0;1;0;0;
29/01/2026 06:00:53.926;0;0;0;0;
29/01/2026 06:01:32.583;0;1;0;0;
29/01/2026 06:01:33.907;0;0;0;0;
29/01/2026 06:01:52.684;0;1;0;0;
29/01/2026 06:01:54.98;0;0;0;0;
29/01/2026 06:02:12.808;0;1;0;0;
29/01/2026 06:02:14.218;0;0;0;0;
29/01/2026 06:02:32.615;0;1;0;0;
29/01/2026 06:02:34.19;0;0;0;0;
29/01/2026 06:03:32.546;0;1;0;0;
29/01/2026 06:03:33.950;0;0;0;0;
29/01/2026 06:03:52.567;0;1;0;0;
29/01/2026 06:03:54.31;0;0;0;0;
29/01/2026 06:04:32.598;0;1;0;0;
29/01/2026 06:04:33.982;0;0;0;0;
29/01/2026 06:04:52.829;0;1;0;0;
29/01/2026 06:04:54.233;0;0;0;0;
29/01/2026 06:05:12.949;0;1;0;0;
29/01/2026 06:05:14.264;0;0;0;0;
29/01/2026 06:05:52.700;0;1;0;0;
29/01/2026 06:05:54.64;0;0;0;0;
29/01/2026 06:06:32.721;0;1;0;0;
29/01/2026 06:06:34.86;0;0;0;0;
29/01/2026 06:06:52.732;0;1;0;0;
29/01/2026 06:06:54.96;0;0;0;0;
29/01/2026 06:07:12.743;0;1;0;0;
29/01/2026 06:07:14.37;0;0;0;0;
29/01/2026 06:07:53.27;0;1;0;0;
29/01/2026 06:07:54.618;0;0;0;0;
29/01/2026 06:08:13.48;0;1;0;0;
29/01/2026 06:08:14.399;0;0;0;0;
29/01/2026 06:09:12.706;0;1;0;0;
29/01/2026 06:09:13.930;0;0;0;0;
29/01/2026 06:09:52.717;0;1;0;0;
29/01/2026 06:09:54.31;0;0;0;0;
29/01/2026 06:10:12.718;0;1;0;0;
29/01/2026 06:10:14.32;0;0;0;0;
29/01/2026 06:10:54.153;0;1;0;0;
29/01/2026 06:10:55.454;0;0;0;0;
29/01/2026 06:11:12.849;0;1;0;0;
29/01/2026 06:11:14.144;0;0;0;0;
29/01/2026 06:11:32.861;0;1;0;0;
29/01/2026 06:11:34.134;0;0;0;0;
29/01/2026 06:11:52.871;0;1;0;0;
29/01/2026 06:11:54.325;0;0;0;0;
29/01/2026 06:12:12.876;0;1;0;0;
29/01/2026 06:12:14.265;0;0;0;0;
29/01/2026 06:12:32.892;0;1;0;0;
29/01/2026 06:12:34.316;0;0;0;0;
29/01/2026 06:14:12.845;0;1;0;0;
29/01/2026 06:14:14.159;0;0;0;0;
29/01/2026 06:14:52.866;0;1;0;0;
29/01/2026 06:14:54.210;0;0;0;0;
29/01/2026 06:15:12.876;0;1;0;0;
29/01/2026 06:15:14.221;0;0;0;0;
29/01/2026 06:15:32.907;0;1;0;0;
29/01/2026 06:15:34.401;0;0;0;0;
29/01/2026 06:15:52.882;0;1;0;0;
29/01/2026 06:15:54.442;0;0;0;0;
29/01/2026 06:16:12.968;0;1;0;0;
29/01/2026 06:16:14.402;0;0;0;0;
29/01/2026 06:18:13.52;0;1;0;0;
29/01/2026 06:18:14.356;0;0;0;0;
29/01/2026 06:18:33.62;0;1;0;0;
29/01/2026 06:18:34.396;0;0;0;0;
29/01/2026 06:20:13.16;0;1;0;0;
29/01/2026 06:20:14.359;0;0;0;0;
29/01/2026 06:20:33.20;0;1;0;0;
29/01/2026 06:20:34.370;0;0;0;0;
29/01/2026 06:21:13.57;0;1;0;0;
29/01/2026 06:21:14.371;0;0;0;0;
29/01/2026 06:21:33.47;0;1;0;0;
29/01/2026 06:21:34.572;0;0;0;0;
29/01/2026 06:22:13.439;0;1;1;0;
29/01/2026 06:22:14.933;0;0;0;0;
29/01/2026 06:22:33.459;0;0;1;0;
29/01/2026 06:22:34.723;0;0;0;0;
29/01/2026 06:22:53.180;0;1;0;0;
29/01/2026 06:22:54.684;0;0;0;0;
29/01/2026 06:23:33.202;0;1;0;0;
29/01/2026 06:23:34.745;0;0;0;0;
29/01/2026 06:23:53.212;0;1;1;0;
29/01/2026 06:23:54.606;0;0;0;0;
29/01/2026 06:24:13.217;0;1;0;0;
29/01/2026 06:24:14.616;0;0;0;0;
29/01/2026 06:24:33.233;0;1;0;0;
29/01/2026 06:24:34.557;0;0;0;0;
29/01/2026 06:24:53.318;0;1;0;0;
29/01/2026 06:24:54.667;0;0;0;0;
29/01/2026 06:25:13.445;0;1;1;0;
29/01/2026 06:25:14.838;0;0;0;0;
29/01/2026 06:25:33.567;0;1;0;0;
29/01/2026 06:25:34.909;0;0;0;0;
29/01/2026 06:27:13.208;0;1;0;0;
29/01/2026 06:27:14.641;0;0;0;0;
29/01/2026 06:27:33.228;0;1;0;0;
29/01/2026 06:27:34.482;0;0;0;0;
29/01/2026 06:27:53.459;0;1;0;0;
29/01/2026 06:27:54.713;0;0;0;0;
29/01/2026 06:28:53.350;0;1;0;0;
29/01/2026 06:28:54.824;0;0;0;0;
29/01/2026 06:29:33.371;0;1;0;0;
29/01/2026 06:29:34.976;0;0;0;0;
29/01/2026 06:29:53.392;0;1;0;0;
29/01/2026 06:29:54.756;0;0;0;0;
29/01/2026 06:30:13.422;0;1;0;0;
29/01/2026 06:30:14.787;0;0;0;0;
29/01/2026 06:30:33.444;0;1;0;0;
29/01/2026 06:30:34.827;0;0;0;0;
29/01/2026 06:30:53.566;0;1;0;0;
29/01/2026 06:30:54.898;0;0;0;0;
29/01/2026 06:31:13.796;0;1;0;0;
29/01/2026 06:31:15.18;0;0;0;0;
29/01/2026 06:32:13.356;0;1;0;0;
29/01/2026 06:32:14.670;0;0;0;0;
29/01/2026 06:32:33.366;0;1;0;0;
29/01/2026 06:32:34.801;0;0;0;0;
29/01/2026 06:32:53.397;0;1;0;0;
29/01/2026 06:32:54.681;0;0;0;0;
29/01/2026 06:33:33.498;0;1;0;0;
29/01/2026 06:33:34.992;0;0;0;0;
29/01/2026 06:34:33.505;0;1;0;0;
29/01/2026 06:34:35.74;0;0;0;0;
29/01/2026 06:34:53.520;0;1;0;0;
29/01/2026 06:34:54.784;0;0;0;0;
29/01/2026 06:35:13.526;0;1;1;0;
29/01/2026 06:35:14.885;0;0;0;0;
29/01/2026 06:35:53.547;0;1;0;0;
29/01/2026 06:35:54.846;0;0;0;0;
29/01/2026 06:36:33.715;0;1;0;0;
29/01/2026 06:36:34.977;0;0;0;0;
29/01/2026 06:37:33.505;0;1;0;0;
29/01/2026 06:37:34.879;0;0;0;0;
29/01/2026 06:37:53.516;0;1;0;0;
29/01/2026 06:37:54.860;0;0;0;0;
29/01/2026 06:38:53.568;0;1;0;0;
29/01/2026 06:38:55.91;0;0;0;0;
29/01/2026 06:39:13.628;0;1;0;0;
29/01/2026 06:39:15.32;0;0;0;0;
29/01/2026 06:39:33.748;0;1;0;0;
29/01/2026 06:39:35.2;0;0;0;0;
29/01/2026 06:39:53.659;0;1;0;0;
29/01/2026 06:39:55.33;0;0;0;0;
29/01/2026 06:40:13.669;0;1;0;0;
29/01/2026 06:40:15.134;0;0;0;0;
29/01/2026 06:40:53.691;0;1;1;0;
29/01/2026 06:40:55.115;0;0;0;0;
29/01/2026 06:41:13.701;0;1;0;0;
29/01/2026 06:41:14.965;0;0;0;0;
29/01/2026 06:41:33.712;0;1;0;0;
29/01/2026 06:41:35.136;0;0;0;0;
29/01/2026 06:41:53.816;0;1;0;0;
29/01/2026 06:41:55.177;0;0;0;0;
29/01/2026 06:42:13.837;0;1;0;0;
29/01/2026 06:42:15.327;0;0;0;0;
29/01/2026 06:42:33.957;0;1;0;0;
29/01/2026 06:42:35.528;0;0;0;0;
29/01/2026 06:42:53.774;0;1;0;0;
29/01/2026 06:42:55.48;0;0;0;0;
29/01/2026 06:43:13.765;0;1;0;0;
29/01/2026 06:43:15.79;0;0;0;0;
29/01/2026 06:43:53.686;0;1;0;0;
29/01/2026 06:43:55.30;0;0;0;0;
29/01/2026 06:44:13.696;0;1;0;0;
29/01/2026 06:44:15.160;0;0;0;0;
29/01/2026 06:44:53.732;0;1;0;0;
29/01/2026 06:44:54.961;0;0;0;0;
29/01/2026 06:45:13.868;0;1;0;0;
29/01/2026 06:45:15.512;0;0;0;0;
29/01/2026 06:45:34.199;0;1;0;0;
29/01/2026 06:45:35.933;0;0;0;0;
29/01/2026 06:46:13.880;0;1;0;0;
29/01/2026 06:46:15.184;0;0;0;0;
29/01/2026 06:46:33.860;0;1;0;0;
29/01/2026 06:46:35.64;0;0;0;0;
29/01/2026 06:46:53.864;0;1;0;0;
29/01/2026 06:46:55.315;0;0;0;0;
29/01/2026 06:47:13.882;0;1;0;0;
29/01/2026 06:47:15.215;0;0;0;0;
29/01/2026 06:47:33.892;0;1;0;0;
29/01/2026 06:47:35.376;0;0;0;0;
29/01/2026 06:48:53.944;0;1;0;0;
29/01/2026 06:48:55.418;0;0;0;0;
29/01/2026 06:49:13.845;0;1;0;0;
29/01/2026 06:49:15.139;0;0;0;0;
29/01/2026 06:49:33.855;0;1;1;0;
29/01/2026 06:49:35.169;0;0;0;0;
29/01/2026 06:49:53.866;0;1;1;0;
29/01/2026 06:49:55.330;0;0;0;0;
29/01/2026 06:50:13.876;0;1;0;0;
29/01/2026 06:50:15.401;0;0;0;0;
29/01/2026 06:50:33.897;0;1;0;0;
29/01/2026 06:50:35.211;0;0;0;0;
29/01/2026 06:50:53.967;0;1;0;0;
29/01/2026 06:50:55.191;0;0;0;0;
29/01/2026 06:51:14.88;0;1;1;0;
29/01/2026 06:51:15.492;0;0;0;0;
29/01/2026 06:52:34.30;0;1;0;0;
29/01/2026 06:52:35.294;0;0;0;0;
29/01/2026 06:53:14.51;0;1;0;0;
29/01/2026 06:53:15.866;0;0;0;0;
29/01/2026 06:53:34.132;0;1;1;0;
29/01/2026 06:53:35.526;0;0;0;0;
29/01/2026 06:54:34.497;0;1;0;0;
29/01/2026 06:54:35.848;0;0;0;0;
29/01/2026 06:55:14.25;0;1;0;0;
29/01/2026 06:55:15.459;0;0;0;0;
29/01/2026 06:55:34.25;0;1;0;0;
29/01/2026 06:55:35.279;0;0;0;0;
29/01/2026 06:55:54.46;0;1;1;0;
29/01/2026 06:55:55.510;0;0;0;0;
29/01/2026 06:56:14.46;0;1;0;0;
29/01/2026 06:56:15.961;0;0;0;0;
29/01/2026 06:56:34.77;0;1;1;0;
29/01/2026 06:56:35.721;0;0;0;0;
29/01/2026 06:57:14.368;0;1;0;0;
29/01/2026 06:57:15.862;0;0;0;0;
29/01/2026 06:57:34.479;0;1;0;0;
29/01/2026 06:57:35.883;0;0;0;0;
29/01/2026 06:58:34.210;0;1;0;0;
29/01/2026 06:58:35.514;0;0;0;0;
29/01/2026 06:58:54.221;0;1;0;0;
29/01/2026 06:58:55.645;0;0;0;0;
29/01/2026 06:59:14.231;0;1;0;0;
29/01/2026 06:59:16.16;0;0;0;0;
29/01/2026 06:59:34.242;0;1;0;0;
29/01/2026 06:59:35.936;0;0;0;0;
29/01/2026 06:59:54.275;0;1;0;0;
29/01/2026 06:59:55.636;0;0;0;0;
29/01/2026 07:00:14.397;0;1;0;0;
29/01/2026 07:00:15.807;0;0;0;0;
29/01/2026 07:00:34.507;0;1;0;0;
29/01/2026 07:00:35.768;0;0;0;0;
29/01/2026 07:00:54.324;0;1;0;0;
29/01/2026 07:00:55.738;0;0;0;0;
29/01/2026 07:01:14.315;0;1;0;0;
29/01/2026 07:01:15.599;0;0;0;0;
29/01/2026 07:01:54.225;0;1;1;0;
29/01/2026 07:01:55.810;0;0;0;0;
29/01/2026 07:02:14.226;0;1;1;0;
29/01/2026 07:02:15.720;0;0;0;0;
29/01/2026 07:02:34.246;0;1;0;0;
29/01/2026 07:02:35.861;0;0;0;0;
29/01/2026 07:02:54.257;0;1;0;0;
29/01/2026 07:02:55.751;0;0;0;0;
29/01/2026 07:03:14.348;0;1;0;0;
29/01/2026 07:03:15.692;0;0;0;0;
29/01/2026 07:03:54.364;0;1;1;0;
29/01/2026 07:03:55.773;0;0;0;0;
29/01/2026 07:04:14.379;0;1;1;0;
29/01/2026 07:04:15.843;0;0;0;0;
29/01/2026 07:04:54.400;0;1;0;0;
29/01/2026 07:04:55.965;0;0;0;0;
29/01/2026 07:05:14.411;0;1;0;0;
29/01/2026 07:05:15.775;0;0;0;0;
29/01/2026 07:05:34.416;0;1;1;0;
29/01/2026 07:05:35.866;0;0;0;0;
29/01/2026 07:05:54.427;0;1;0;0;
29/01/2026 07:05:56.26;0;0;0;0;
29/01/2026 07:06:14.565;0;1;1;0;
29/01/2026 07:06:15.927;0;0;0;0;
29/01/2026 07:06:36.577;0;1;1;0;
29/01/2026 07:06:37.889;0;0;0;0;
29/01/2026 07:06:54.678;0;1;0;0;
29/01/2026 07:06:55.938;0;0;0;0;
29/01/2026 07:07:34.499;0;1;0;0;
29/01/2026 07:07:35.919;0;0;0;0;
29/01/2026 07:07:54.395;0;1;0;0;
29/01/2026 07:07:55.619;0;0;0;0;
29/01/2026 07:08:14.415;0;1;0;0;
29/01/2026 07:08:15.970;0;0;0;0;
29/01/2026 07:09:14.447;0;1;1;0;
29/01/2026 07:09:15.941;0;0;0;0;
29/01/2026 07:09:34.487;0;1;0;0;
29/01/2026 07:09:35.892;0;0;0;0;
29/01/2026 07:10:14.809;0;1;0;0;
29/01/2026 07:10:16.363;0;0;0;0;
29/01/2026 07:10:54.570;0;1;1;0;
29/01/2026 07:10:56.164;0;0;0;0;
29/01/2026 07:11:34.590;0;1;0;0;
29/01/2026 07:11:35.865;0;0;0;0;
29/01/2026 07:11:54.601;0;1;0;0;
29/01/2026 07:11:55.935;0;0;0;0;
29/01/2026 07:12:14.621;0;0;1;0;
29/01/2026 07:12:15.966;0;0;0;0;
29/01/2026 07:13:14.764;0;1;0;0;
29/01/2026 07:13:16.588;0;0;0;0;
29/01/2026 07:13:34.874;0;1;0;0;
29/01/2026 07:13:36.268;0;0;0;0;
29/01/2026 07:13:54.674;0;1;0;0;
29/01/2026 07:13:56.68;0;0;0;0;
29/01/2026 07:14:14.675;0;1;0;0;
29/01/2026 07:14:16.19;0;0;0;0;
29/01/2026 07:14:54.655;0;1;0;0;
29/01/2026 07:14:56.10;0;0;0;0;
29/01/2026 07:15:14.606;0;1;0;0;
29/01/2026 07:15:15.950;0;0;0;0;
29/01/2026 07:16:14.667;0;1;0;0;
29/01/2026 07:16:15.982;0;0;0;0;
29/01/2026 07:16:34.738;0;1;0;0;
29/01/2026 07:16:36.142;0;0;0;0;
29/01/2026 07:16:54.949;0;1;0;0;
29/01/2026 07:16:56.293;0;0;0;0;
29/01/2026 07:17:34.750;0;1;0;0;
29/01/2026 07:17:36.134;0;0;0;0;
29/01/2026 07:17:54.760;0;1;0;0;
29/01/2026 07:17:56.54;0;0;0;0;
29/01/2026 07:18:14.770;0;1;1;0;
29/01/2026 07:18:16.315;0;0;0;0;
29/01/2026 07:18:22.778;1;0;0;0;
29/01/2026 07:18:22.779;1;1;1;0;
29/01/2026 07:18:34.524;1;0;0;0;
29/01/2026 07:19:04.705;0;0;0;0;
29/01/2026 07:41:45.907;1;0;0;0;
29/01/2026 07:41:45.908;1;1;0;0;
29/01/2026 07:41:47.418;1;0;0;0;
29/01/2026 07:42:23.883;1;0;1;0;
29/01/2026 07:42:36.519;1;0;0;0;
29/01/2026 07:42:58.381;0;0;0;0;
29/01/2026 07:43:36.88;0;1;1;0;
29/01/2026 07:43:41.85;0;0;0;0;
29/01/2026 07:43:55.858;0;0;1;0;
29/01/2026 07:43:57.291;0;0;0;0;
29/01/2026 07:44:15.848;0;0;1;0;
29/01/2026 07:44:17.72;0;0;0;0;
29/01/2026 07:45:15.969;0;1;0;0;
29/01/2026 07:45:18.535;0;0;0;0;
29/01/2026 07:45:36.10;0;1;1;0;
29/01/2026 07:45:38.185;0;0;0;0;
29/01/2026 07:45:55.990;0;1;1;0;
29/01/2026 07:45:57.245;0;0;0;0;
29/01/2026 07:48:36.85;0;1;0;0;
29/01/2026 07:48:37.299;0;0;0;0;
29/01/2026 07:48:56.85;0;0;1;0;
29/01/2026 07:48:57.369;0;0;0;0;
29/01/2026 07:49:15.996;0;1;0;0;
29/01/2026 07:49:17.280;0;0;0;0;
29/01/2026 07:49:55.917;0;1;0;0;
29/01/2026 07:49:57.471;0;0;0;0;
29/01/2026 07:50:16.78;0;1;1;0;
29/01/2026 07:50:17.461;0;0;0;0;
29/01/2026 07:50:36.28;0;1;0;0;
29/01/2026 07:50:37.642;0;0;0;0;
29/01/2026 07:52:36.166;0;1;0;0;
29/01/2026 07:52:37.495;0;0;0;0;
29/01/2026 07:53:16.192;0;1;0;0;
29/01/2026 07:53:17.556;0;0;0;0;
29/01/2026 07:53:36.202;0;1;0;0;
29/01/2026 07:53:37.597;0;0;0;0;
29/01/2026 07:53:56.213;0;1;1;0;
29/01/2026 07:53:57.577;0;0;0;0;
29/01/2026 07:54:16.223;0;1;1;0;
29/01/2026 07:54:18.118;0;0;0;0;
29/01/2026 07:54:36.254;0;1;0;0;
29/01/2026 07:54:37.588;0;0;0;0;
29/01/2026 07:55:16.408;0;1;0;0;
29/01/2026 07:55:17.929;0;0;0;0;
29/01/2026 07:55:36.160;0;1;0;0;
29/01/2026 07:55:37.389;0;0;0;0;
29/01/2026 07:55:56.176;0;1;0;0;
29/01/2026 07:55:57.490;0;0;0;0;
29/01/2026 07:56:36.197;0;1;0;0;
29/01/2026 07:56:37.571;0;0;0;0;
29/01/2026 07:56:56.217;0;1;1;0;
29/01/2026 07:56:58.102;0;0;0;0;
29/01/2026 07:57:16.208;0;1;0;0;
29/01/2026 07:57:17.582;0;0;0;0;
29/01/2026 07:58:16.340;0;1;0;0;
29/01/2026 07:58:17.624;0;0;0;0;
29/01/2026 07:58:36.410;0;1;0;0;
29/01/2026 07:58:37.694;0;0;0;0;
29/01/2026 07:59:16.571;0;1;0;0;
29/01/2026 07:59:17.966;0;0;0;0;
29/01/2026 08:00:16.388;0;1;0;0;
29/01/2026 08:00:17.957;0;0;0;0;
29/01/2026 08:00:36.403;0;1;1;0;
29/01/2026 08:00:37.878;0;0;0;0;
29/01/2026 08:00:56.414;0;1;0;0;
29/01/2026 08:00:58.128;0;0;0;0;
29/01/2026 08:01:16.424;0;1;0;0;
29/01/2026 08:01:17.718;0;0;0;0;
29/01/2026 08:01:36.445;0;1;0;0;
29/01/2026 08:01:37.699;0;0;0;0;
29/01/2026 08:02:36.532;0;1;0;0;
29/01/2026 08:02:37.880;0;0;0;0;
29/01/2026 08:02:56.637;0;1;0;0;
29/01/2026 08:02:58.71;0;0;0;0;
29/01/2026 08:03:16.397;0;1;0;0;
29/01/2026 08:03:17.771;0;0;0;0;
29/01/2026 08:03:36.388;0;1;0;0;
29/01/2026 08:03:37.822;0;0;0;0;
29/01/2026 08:03:56.388;0;1;0;0;
29/01/2026 08:03:57.762;0;0;0;0;
29/01/2026 08:04:36.499;0;1;0;0;
29/01/2026 08:04:37.743;0;0;0;0;
29/01/2026 08:04:56.510;0;1;0;0;
29/01/2026 08:04:57.834;0;0;0;0;
29/01/2026 08:05:56.696;0;1;0;0;
29/01/2026 08:05:57.935;0;0;0;0;
29/01/2026 08:07:36.594;0;1;0;0;
29/01/2026 08:07:37.888;0;0;0;0;
29/01/2026 08:09:16.590;0;1;0;0;
29/01/2026 08:09:17.850;0;0;0;0;
29/01/2026 08:09:56.802;0;1;0;0;
29/01/2026 08:09:58.92;0;0;0;0;
29/01/2026 08:10:16.568;0;1;1;0;
29/01/2026 08:10:17.942;0;0;0;0;
29/01/2026 08:10:56.569;0;1;0;0;
29/01/2026 08:10:57.913;0;0;0;0;
29/01/2026 08:11:16.680;0;1;0;0;
29/01/2026 08:11:18.63;0;0;0;0;
29/01/2026 08:11:36.690;0;0;1;0;
29/01/2026 08:11:37.944;0;0;0;0;
29/01/2026 08:13:37.4;0;1;0;0;
29/01/2026 08:13:38.337;0;0;0;0;
29/01/2026 08:13:56.764;0;1;0;0;
29/01/2026 08:13:58.57;0;0;0;0;
29/01/2026 08:14:16.774;0;1;0;0;
29/01/2026 08:14:18.8;0;0;0;0;
29/01/2026 08:15:56.869;0;1;0;0;
29/01/2026 08:15:58.181;0;0;0;0;
29/01/2026 08:18:16.870;0;1;0;0;
29/01/2026 08:18:18.184;0;0;0;0;
29/01/2026 08:20:17.203;0;1;0;0;
29/01/2026 08:20:18.557;0;0;0;0;
29/01/2026 08:22:16.896;0;1;0;0;
29/01/2026 08:22:18.240;0;0;0;0;
29/01/2026 08:23:36.928;0;1;0;0;
29/01/2026 08:23:38.152;0;0;0;0;
29/01/2026 08:23:56.939;0;1;0;0;
29/01/2026 08:23:58.193;0;0;0;0;
29/01/2026 08:25:17.71;0;1;0;0;
29/01/2026 08:25:18.345;0;0;0;0;
29/01/2026 08:25:37.81;0;0;1;0;
29/01/2026 08:25:38.235;0;0;0;0;
29/01/2026 08:25:57.102;0;1;1;0;
29/01/2026 08:25:58.556;0;0;0;0;
29/01/2026 08:26:17.222;0;1;0;0;
29/01/2026 08:26:18.527;0;0;0;0;
29/01/2026 08:26:37.333;0;1;0;0;
29/01/2026 08:26:38.667;0;0;0;0;
29/01/2026 08:26:57.143;0;1;0;0;
29/01/2026 08:26:58.437;0;0;0;0;
29/01/2026 08:28:37.138;0;1;0;0;
29/01/2026 08:28:38.450;0;0;0;0;
29/01/2026 08:29:37.483;0;1;0;0;
29/01/2026 08:29:38.802;0;0;0;0;
29/01/2026 08:31:57.262;0;1;0;0;
29/01/2026 08:31:58.625;0;0;0;0;
29/01/2026 08:32:17.442;0;1;0;0;
29/01/2026 08:32:18.686;0;0;0;0;
29/01/2026 08:32:37.417;0;1;0;0;
29/01/2026 08:32:38.827;0;0;0;0;
29/01/2026 08:33:37.314;0;1;0;0;
29/01/2026 08:33:38.668;0;0;0;0;
29/01/2026 08:34:17.340;0;1;0;0;
29/01/2026 08:34:18.599;0;0;0;0;
29/01/2026 08:34:57.251;0;1;0;0;
29/01/2026 08:34:58.630;0;0;0;0;
29/01/2026 08:36:17.288;0;1;0;0;
29/01/2026 08:36:18.572;0;0;0;0;
29/01/2026 08:36:37.288;0;1;0;0;
29/01/2026 08:36:38.663;0;0;0;0;
29/01/2026 08:36:57.399;0;1;0;0;
29/01/2026 08:36:58.673;0;0;0;0;
29/01/2026 08:37:37.420;0;1;0;0;
29/01/2026 08:37:38.834;0;0;0;0;
29/01/2026 08:37:57.431;0;1;0;0;
29/01/2026 08:37:58.825;0;0;0;0;
29/01/2026 08:43:17.579;0;1;0;0;
29/01/2026 08:43:18.923;0;0;0;0;
29/01/2026 08:44:37.626;0;1;1;0;
29/01/2026 08:44:39.46;0;0;0;0;
29/01/2026 08:46:57.695;0;1;0;0;
29/01/2026 08:46:59.9;0;0;0;0;
29/01/2026 08:47:57.792;0;1;0;0;
29/01/2026 08:47:59.81;0;0;0;0;
29/01/2026 08:49:17.649;0;1;1;0;
29/01/2026 08:49:18.983;0;0;0;0;
29/01/2026 08:50:57.867;0;1;0;0;
29/01/2026 08:50:59.136;0;0;0;0;
29/01/2026 08:54:20.59;0;1;0;0;
29/01/2026 08:54:21.374;0;0;0;0;
29/01/2026 08:54:23.152;1;0;0;0;
29/01/2026 08:54:23.153;1;1;1;0;
29/01/2026 08:54:28.721;1;0;0;0;
29/01/2026 08:54:31.52;1;1;1;0;
29/01/2026 08:54:32.215;1;0;0;0;
29/01/2026 08:54:41.150;1;1;1;0;
29/01/2026 08:54:42.535;1;0;0;0;
29/01/2026 08:54:51.151;1;1;1;0;
29/01/2026 08:54:52.305;1;0;0;0;
29/01/2026 08:55:01.251;1;1;1;0;
29/01/2026 08:55:02.396;1;0;0;0;
29/01/2026 08:55:11.451;1;1;1;0;
29/01/2026 08:55:12.606;1;0;0;0;
29/01/2026 08:55:21.352;1;1;1;0;
29/01/2026 08:55:22.506;1;0;0;0;
29/01/2026 08:55:31.147;1;1;1;0;
29/01/2026 08:55:32.296;1;0;0;0;
29/01/2026 08:55:41.152;1;1;1;0;
29/01/2026 08:55:42.307;1;0;0;0;
29/01/2026 08:55:51.152;1;1;1;0;
29/01/2026 08:55:52.307;1;0;0;0;
29/01/2026 08:56:01.6;0;0;0;0;
29/01/2026 08:56:43.178;0;1;1;0;
29/01/2026 08:56:48.765;0;0;0;0;
29/01/2026 08:57:03.187;0;1;1;0;
29/01/2026 08:57:04.861;0;0;0;0;
29/01/2026 08:57:23.342;0;1;1;0;
29/01/2026 08:57:25.563;0;0;0;0;
29/01/2026 08:57:43.319;0;1;1;0;
29/01/2026 08:57:44.722;0;0;0;0;
29/01/2026 08:58:03.442;0;1;1;0;
29/01/2026 08:58:04.943;0;0;0;0;
29/01/2026 08:58:23.700;0;1;0;0;
29/01/2026 08:58:25.44;0;0;0;0;
29/01/2026 08:59:03.325;0;1;0;0;
29/01/2026 08:59:04.564;0;0;0;0;
29/01/2026 08:59:43.336;0;1;0;0;
29/01/2026 08:59:44.786;0;0;0;0;
29/01/2026 09:00:23.393;0;1;0;0;
29/01/2026 09:00:24.817;0;0;0;0;
29/01/2026 09:01:23.684;0;1;0;0;
29/01/2026 09:01:24.959;0;0;0;0;
29/01/2026 09:01:43.425;0;1;0;0;
29/01/2026 09:01:44.719;0;0;0;0;
29/01/2026 09:02:03.325;0;1;0;0;
29/01/2026 09:02:04.669;0;0;0;0;
29/01/2026 09:02:23.331;0;1;0;0;
29/01/2026 09:02:24.670;0;0;0;0;
29/01/2026 09:02:43.341;0;1;0;0;
29/01/2026 09:02:44.600;0;0;0;0;
29/01/2026 09:03:03.357;0;1;0;0;
29/01/2026 09:03:04.791;0;0;0;0;
29/01/2026 09:06:03.532;0;1;0;0;
29/01/2026 09:06:04.836;0;0;0;0;
29/01/2026 09:06:23.543;0;1;0;0;
29/01/2026 09:06:24.847;0;0;0;0;
29/01/2026 09:07:43.605;0;1;0;0;
29/01/2026 09:07:44.919;0;0;0;0;
29/01/2026 09:08:03.595;0;1;0;0;
29/01/2026 09:08:04.909;0;0;0;0;
29/01/2026 09:08:23.501;0;1;0;0;
29/01/2026 09:08:24.780;0;0;0;0;
29/01/2026 09:08:43.516;0;1;0;0;
29/01/2026 09:08:44.770;0;0;0;0;
29/01/2026 09:09:03.561;0;1;0;0;
29/01/2026 09:09:05.211;0;0;0;0;
29/01/2026 09:09:43.661;0;1;0;0;
29/01/2026 09:09:45.132;0;0;0;0;
29/01/2026 09:10:03.942;0;1;0;0;
29/01/2026 09:10:05.233;0;0;0;0;
29/01/2026 09:10:23.912;0;1;1;0;
29/01/2026 09:10:25.564;0;0;0;0;
29/01/2026 09:10:43.670;0;1;0;0;
29/01/2026 09:10:45.74;0;0;0;0;
29/01/2026 09:11:03.675;0;1;0;0;
29/01/2026 09:11:04.994;0;0;0;0;
29/01/2026 09:11:23.691;0;1;0;0;
29/01/2026 09:11:24.955;0;0;0;0;
29/01/2026 09:12:23.723;0;1;0;0;
29/01/2026 09:12:25.387;0;0;0;0;
29/01/2026 09:13:03.899;0;1;0;0;
29/01/2026 09:13:05.378;0;0;0;0;
29/01/2026 09:13:24.54;0;1;0;0;
29/01/2026 09:13:25.288;0;0;0;0;
29/01/2026 09:13:43.785;0;1;0;0;
29/01/2026 09:13:45.159;0;0;0;0;
29/01/2026 09:14:03.776;0;1;0;0;
29/01/2026 09:14:05.59;0;0;0;0;
29/01/2026 09:14:23.681;0;1;0;0;
29/01/2026 09:14:25.0;0;0;0;0;
29/01/2026 09:14:43.696;0;1;0;0;
29/01/2026 09:14:45.130;0;0;0;0;
29/01/2026 09:15:23.750;0;1;0;0;
29/01/2026 09:15:25.242;0;0;0;0;
29/01/2026 09:15:43.871;0;1;0;0;
29/01/2026 09:15:45.132;0;0;0;0;
29/01/2026 09:17:23.861;0;1;0;0;
29/01/2026 09:17:25.125;0;0;0;0;
29/01/2026 09:18:23.892;0;1;0;0;
29/01/2026 09:18:25.797;0;0;0;0;
29/01/2026 09:18:43.978;0;1;0;0;
29/01/2026 09:18:45.387;0;0;0;0;
29/01/2026 09:19:04.99;0;1;0;0;
29/01/2026 09:19:05.538;0;0;0;0;
29/01/2026 09:19:43.955;0;1;0;0;
29/01/2026 09:19:45.349;0;0;0;0;
29/01/2026 09:20:03.846;0;1;0;0;
29/01/2026 09:20:05.129;0;0;0;0;
29/01/2026 09:20:43.886;0;1;0;0;
29/01/2026 09:20:45.230;0;0;0;0;
29/01/2026 09:21:03.877;0;1;0;0;
29/01/2026 09:21:05.231;0;0;0;0;
29/01/2026 09:21:23.947;0;0;1;0;
29/01/2026 09:21:25.81;0;0;0;0;
29/01/2026 09:21:44.222;0;1;0;0;
29/01/2026 09:21:45.963;0;0;0;0;
29/01/2026 09:22:04.189;0;1;0;0;
29/01/2026 09:22:05.473;0;0;0;0;
29/01/2026 09:22:44.20;0;1;0;0;
29/01/2026 09:22:45.334;0;0;0;0;
29/01/2026 09:23:24.41;0;1;0;0;
29/01/2026 09:23:25.425;0;0;0;0;
29/01/2026 09:23:44.51;0;1;0;0;
29/01/2026 09:23:45.516;0;0;0;0;
29/01/2026 09:24:04.62;0;1;0;0;
29/01/2026 09:24:05.576;0;0;0;0;
29/01/2026 09:24:24.193;0;0;1;0;
29/01/2026 09:24:25.467;0;0;0;0;
29/01/2026 09:24:44.188;0;1;0;0;
29/01/2026 09:24:45.427;0;0;0;0;
29/01/2026 09:25:04.284;0;1;0;0;
29/01/2026 09:25:05.668;0;0;0;0;
29/01/2026 09:25:24.104;0;1;0;0;
29/01/2026 09:25:25.458;0;0;0;0;
29/01/2026 09:25:44.135;0;1;0;0;
29/01/2026 09:25:45.509;0;0;0;0;
29/01/2026 09:26:04.25;0;1;0;0;
29/01/2026 09:26:05.519;0;0;0;0;
29/01/2026 09:26:24.56;0;1;0;0;
29/01/2026 09:26:25.430;0;0;0;0;
29/01/2026 09:27:04.57;0;1;1;0;
29/01/2026 09:27:05.491;0;0;0;0;
29/01/2026 09:27:24.110;0;1;0;0;
29/01/2026 09:27:25.402;0;0;0;0;
29/01/2026 09:27:44.230;0;1;0;0;
29/01/2026 09:27:45.993;0;0;0;0;
29/01/2026 09:28:04.343;0;1;1;0;
29/01/2026 09:28:05.663;0;0;0;0;
29/01/2026 09:28:24.463;0;1;0;0;
29/01/2026 09:28:26.364;0;0;0;0;
29/01/2026 09:29:04.200;0;1;0;0;
29/01/2026 09:29:05.725;0;0;0;0;
29/01/2026 09:29:24.211;0;1;0;0;
29/01/2026 09:29:25.865;0;0;0;0;
29/01/2026 09:30:04.232;0;1;0;0;
29/01/2026 09:30:05.686;0;0;0;0;
29/01/2026 09:31:04.444;0;1;0;0;
29/01/2026 09:31:05.738;0;0;0;0;
29/01/2026 09:31:24.574;0;1;0;0;
29/01/2026 09:31:25.909;0;0;0;0;
29/01/2026 09:32:04.295;0;1;1;0;
29/01/2026 09:32:05.910;0;0;0;0;
29/01/2026 09:32:24.206;0;0;1;0;
29/01/2026 09:32:25.460;0;0;0;0;
29/01/2026 09:32:44.237;0;1;0;0;
29/01/2026 09:32:45.901;0;0;0;0;
29/01/2026 09:33:04.227;0;1;0;0;
29/01/2026 09:33:05.871;0;0;0;0;
29/01/2026 09:33:26.309;0;1;0;0;
29/01/2026 09:33:27.834;0;0;0;0;
29/01/2026 09:34:24.259;0;1;0;0;
29/01/2026 09:34:25.993;0;0;0;0;
29/01/2026 09:34:44.370;0;1;0;0;
29/01/2026 09:34:45.804;0;0;0;0;
29/01/2026 09:35:04.380;0;1;0;0;
29/01/2026 09:35:06.105;0;0;0;0;
29/01/2026 09:35:24.391;0;1;1;0;
29/01/2026 09:35:26.45;0;0;0;0;
29/01/2026 09:35:44.401;0;1;0;0;
29/01/2026 09:35:45.885;0;0;0;0;
29/01/2026 09:36:04.412;0;1;1;0;
29/01/2026 09:36:06.186;0;0;0;0;
29/01/2026 09:36:44.503;0;1;0;0;
29/01/2026 09:36:45.867;0;0;0;0;
29/01/2026 09:37:04.754;0;0;1;0;
29/01/2026 09:37:06.138;0;0;0;0;
29/01/2026 09:37:24.724;0;1;0;0;
29/01/2026 09:37:27.119;0;0;0;0;
29/01/2026 09:37:44.485;0;1;0;0;
29/01/2026 09:37:46.559;0;0;0;0;
29/01/2026 09:38:04.485;0;1;0;0;
29/01/2026 09:38:06.380;0;0;0;0;
29/01/2026 09:38:24.385;0;1;1;0;
29/01/2026 09:38:25.730;0;0;0;0;
29/01/2026 09:38:44.396;0;0;1;0;
29/01/2026 09:38:45.530;0;0;0;0;
29/01/2026 09:39:04.406;0;1;0;0;
29/01/2026 09:39:05.841;0;0;0;0;
29/01/2026 09:39:24.418;0;1;0;0;
29/01/2026 09:39:25.881;0;0;0;0;
29/01/2026 09:40:04.642;0;1;0;0;
29/01/2026 09:40:06.12;0;0;0;0;
29/01/2026 09:40:24.429;0;1;0;0;
29/01/2026 09:40:26.73;0;0;0;0;
29/01/2026 09:41:04.550;0;1;0;0;
29/01/2026 09:41:05.834;0;0;0;0;
29/01/2026 09:41:24.560;0;1;0;0;
29/01/2026 09:41:26.405;0;0;0;0;
29/01/2026 09:41:44.571;0;1;0;0;
29/01/2026 09:41:45.895;0;0;0;0;
29/01/2026 09:42:04.591;0;1;0;0;
29/01/2026 09:42:05.865;0;0;0;0;
29/01/2026 09:42:24.592;0;1;1;0;
29/01/2026 09:42:26.477;0;0;0;0;
29/01/2026 09:43:04.693;0;1;1;0;
29/01/2026 09:43:07.8;0;0;0;0;
29/01/2026 09:43:24.804;0;1;1;0;
29/01/2026 09:43:26.188;0;0;0;0;
29/01/2026 09:44:04.664;0;1;0;0;
29/01/2026 09:44:06.639;0;0;0;0;
29/01/2026 09:44:24.665;0;1;0;0;
29/01/2026 09:44:25.949;0;0;0;0;
29/01/2026 09:44:44.560;0;1;0;0;
29/01/2026 09:44:45.960;0;0;0;0;
29/01/2026 09:45:04.571;0;1;0;0;
29/01/2026 09:45:05.850;0;0;0;0;
29/01/2026 09:46:04.821;0;1;1;0;
29/01/2026 09:46:06.322;0;0;0;0;
29/01/2026 09:46:24.780;0;1;0;0;
29/01/2026 09:46:26.363;0;0;0;0;
29/01/2026 09:46:44.892;0;1;1;0;
29/01/2026 09:46:46.243;0;0;0;0;
29/01/2026 09:47:05.159;0;0;1;0;
29/01/2026 09:47:06.293;0;0;0;0;
29/01/2026 09:47:24.780;0;1;0;0;
29/01/2026 09:47:26.214;0;0;0;0;
29/01/2026 09:47:44.760;0;1;0;0;
29/01/2026 09:47:46.114;0;0;0;0;
29/01/2026 09:48:04.771;0;1;0;0;
29/01/2026 09:48:06.275;0;0;0;0;
29/01/2026 09:48:44.792;0;1;0;0;
29/01/2026 09:48:46.126;0;0;0;0;
29/01/2026 09:49:04.802;0;1;0;0;
29/01/2026 09:49:06.286;0;0;0;0;
29/01/2026 09:49:24.813;0;1;1;0;
29/01/2026 09:49:26.237;0;0;0;0;
29/01/2026 09:49:27.806;0;1;1;0;
29/01/2026 09:49:40.522;0;0;0;0;
29/01/2026 10:00:01.917;1;0;0;0;
29/01/2026 10:00:39.761;1;0;1;0;
29/01/2026 10:00:51.627;1;0;0;0;
29/01/2026 10:01:14.470;0;0;0;0;
29/01/2026 10:01:52.17;0;1;1;0;
29/01/2026 10:01:57.545;0;0;0;0;
29/01/2026 10:02:12.26;0;0;1;0;
29/01/2026 10:02:13.331;0;0;0;0;
29/01/2026 10:02:52.47;0;1;1;0;
29/01/2026 10:02:53.942;0;0;0;0;
29/01/2026 10:03:12.58;0;1;0;0;
29/01/2026 10:03:14.644;0;0;0;0;
29/01/2026 10:03:32.98;0;1;0;0;
29/01/2026 10:03:33.673;0;0;0;0;
29/01/2026 10:03:52.89;0;1;1;0;
29/01/2026 10:03:53.503;0;0;0;0;
29/01/2026 10:05:12.254;0;1;0;0;
29/01/2026 10:05:13.535;0;0;0;0;
29/01/2026 10:05:32.350;0;1;0;0;
29/01/2026 10:05:33.716;0;0;0;0;
29/01/2026 10:07:12.154;0;1;1;0;
29/01/2026 10:07:13.468;0;0;0;0;
29/01/2026 10:07:32.165;0;1;1;0;
29/01/2026 10:07:33.469;0;0;0;0;
29/01/2026 10:08:32.211;0;1;0;0;
29/01/2026 10:08:33.751;0;0;0;0;
29/01/2026 10:08:52.312;0;1;0;0;
29/01/2026 10:08:53.821;0;0;0;0;
29/01/2026 10:09:12.407;0;1;1;0;
29/01/2026 10:09:13.682;0;0;0;0;
29/01/2026 10:14:32.360;0;1;0;0;
29/01/2026 10:14:33.690;0;0;0;0;
29/01/2026 10:14:52.371;0;1;0;0;
29/01/2026 10:14:53.700;0;0;0;0;
29/01/2026 10:15:12.386;0;1;0;0;
29/01/2026 10:15:13.811;0;0;0;0;
29/01/2026 10:15:32.397;0;1;1;0;
29/01/2026 10:15:34.222;0;0;0;0;
29/01/2026 10:15:52.477;0;0;1;0;
29/01/2026 10:15:53.792;0;0;0;0;
29/01/2026 10:16:12.418;0;1;0;0;
29/01/2026 10:16:13.652;0;0;0;0;
29/01/2026 10:17:12.590;0;1;0;0;
29/01/2026 10:17:14.24;0;0;0;0;
29/01/2026 10:17:32.360;0;1;0;0;
29/01/2026 10:17:34.4;0;0;0;0;
29/01/2026 10:17:52.370;0;1;0;0;
29/01/2026 10:17:53.895;0;0;0;0;
29/01/2026 10:18:32.401;0;1;0;0;
29/01/2026 10:18:33.866;0;0;0;0;
29/01/2026 10:19:12.392;0;1;0;0;
29/01/2026 10:19:13.646;0;0;0;0;
29/01/2026 10:19:32.393;0;1;0;0;
29/01/2026 10:19:33.787;0;0;0;0;
29/01/2026 10:19:52.503;0;1;0;0;
29/01/2026 10:19:53.868;0;0;0;0;
29/01/2026 10:20:12.547;0;1;1;0;
29/01/2026 10:20:14.259;0;0;0;0;
29/01/2026 10:21:12.840;0;1;0;0;
29/01/2026 10:21:14.200;0;0;0;0;
29/01/2026 10:21:32.556;0;1;0;0;
29/01/2026 10:21:33.980;0;0;0;0;
29/01/2026 10:23:12.619;0;1;0;0;
29/01/2026 10:23:14.53;0;0;0;0;
29/01/2026 10:23:32.624;0;1;0;0;
29/01/2026 10:23:34.83;0;0;0;0;
29/01/2026 10:25:32.572;0;1;0;0;
29/01/2026 10:25:34.56;0;0;0;0;
29/01/2026 10:26:12.578;0;1;0;0;
29/01/2026 10:26:14.47;0;0;0;0;
29/01/2026 10:26:52.756;0;1;0;0;
29/01/2026 10:26:54.78;0;0;0;0;
29/01/2026 10:27:12.710;0;1;0;0;
29/01/2026 10:27:14.59;0;0;0;0;
29/01/2026 10:27:32.799;0;1;0;0;
29/01/2026 10:27:34.129;0;0;0;0;
29/01/2026 10:27:53.71;0;1;0;0;
29/01/2026 10:27:54.400;0;0;0;0;
29/01/2026 10:28:13.4;0;1;0;0;
29/01/2026 10:28:14.310;0;0;0;0;
29/01/2026 10:28:32.757;0;1;0;0;
29/01/2026 10:28:34.271;0;0;0;0;
29/01/2026 10:28:52.767;0;1;0;0;
29/01/2026 10:28:54.251;0;0;0;0;
29/01/2026 10:29:12.778;0;1;0;0;
29/01/2026 10:29:14.42;0;0;0;0;
29/01/2026 10:31:12.881;0;1;0;0;
29/01/2026 10:31:14.75;0;0;0;0;
29/01/2026 10:31:52.772;0;1;0;0;
29/01/2026 10:31:54.26;0;0;0;0;
29/01/2026 10:32:12.762;0;1;0;0;
29/01/2026 10:32:14.16;0;0;0;0;
29/01/2026 10:32:52.764;0;1;1;0;
29/01/2026 10:32:54.107;0;0;0;0;
29/01/2026 10:33:12.874;0;0;1;0;
29/01/2026 10:33:14.128;0;0;0;0;
29/01/2026 10:33:32.884;0;1;0;0;
29/01/2026 10:33:34.569;0;0;0;0;
29/01/2026 10:35:52.958;0;1;0;0;
29/01/2026 10:35:54.192;0;0;0;0;
29/01/2026 10:38:32.962;0;1;0;0;
29/01/2026 10:38:34.216;0;0;0;0;
29/01/2026 10:39:53.74;0;1;0;0;
29/01/2026 10:39:54.338;0;0;0;0;
29/01/2026 10:41:33.525;0;1;0;0;
29/01/2026 10:41:34.761;0;0;0;0;
29/01/2026 10:41:53.137;0;1;0;0;
29/01/2026 10:41:54.501;0;0;0;0;
29/01/2026 10:42:13.147;0;1;0;0;
29/01/2026 10:42:14.622;0;0;0;0;
29/01/2026 10:42:33.159;0;1;0;0;
29/01/2026 10:42:34.542;0;0;0;0;
29/01/2026 10:42:53.179;0;1;0;0;
29/01/2026 10:42:54.473;0;0;0;0;
29/01/2026 10:44:33.281;0;1;0;0;
29/01/2026 10:44:34.565;0;0;0;0;
29/01/2026 10:45:33.133;0;1;0;0;
29/01/2026 10:45:34.417;0;0;0;0;
29/01/2026 10:45:53.148;0;0;1;0;
29/01/2026 10:45:54.287;0;0;0;0;
29/01/2026 10:46:13.254;0;1;1;0;
29/01/2026 10:46:14.688;0;0;0;0;
29/01/2026 10:47:13.285;0;1;0;0;
29/01/2026 10:47:14.559;0;0;0;0;
29/01/2026 10:52:53.434;0;1;0;0;
29/01/2026 10:52:54.778;0;0;0;0;
29/01/2026 10:53:53.550;0;1;0;0;
29/01/2026 10:53:54.820;0;0;0;0;
29/01/2026 10:54:33.781;0;1;0;0;
29/01/2026 10:54:35.51;0;0;0;0;
29/01/2026 10:55:33.528;0;1;0;0;
29/01/2026 10:55:34.813;0;0;0;0;
29/01/2026 11:10:53.943;0;1;0;0;
29/01/2026 11:10:55.258;0;0;0;0;
29/01/2026 11:11:48.879;1;0;0;0;
29/01/2026 11:11:48.880;1;1;1;0;
29/01/2026 11:11:54.468;1;0;0;0;
29/01/2026 11:11:58.881;1;1;1;0;
29/01/2026 11:12:00.14;1;0;0;0;
29/01/2026 11:12:06.877;1;1;1;0;
29/01/2026 11:12:08.263;1;0;0;0;
29/01/2026 11:12:16.998;1;1;1;0;
29/01/2026 11:12:18.133;1;0;0;0;
29/01/2026 11:12:26.989;1;1;1;0;
29/01/2026 11:12:28.123;1;0;0;0;
29/01/2026 11:12:37.79;1;1;1;0;
29/01/2026 11:12:38.213;1;0;0;0;
29/01/2026 11:12:47.79;1;1;1;0;
29/01/2026 11:12:48.214;1;0;0;0;
29/01/2026 11:12:57.279;1;1;1;0;
29/01/2026 11:12:58.414;1;0;0;0;
29/01/2026 11:13:06.879;1;1;1;0;
29/01/2026 11:13:08.34;1;0;0;0;
29/01/2026 11:13:16.880;1;1;1;0;
29/01/2026 11:13:18.14;1;0;0;0;
29/01/2026 11:13:26.683;0;0;0;0;
29/01/2026 11:14:09.85;0;1;1;0;
29/01/2026 11:14:14.652;0;0;0;0;
29/01/2026 11:14:29.94;0;0;1;0;
29/01/2026 11:14:30.318;0;0;0;0;
29/01/2026 11:14:49.105;0;1;0;0;
29/01/2026 11:14:51.941;0;0;0;0;
29/01/2026 11:15:09.258;0;1;1;0;
29/01/2026 11:15:10.850;0;0;0;0;
29/01/2026 11:15:29.197;0;1;1;0;
29/01/2026 11:15:30.831;0;0;0;0;
29/01/2026 11:15:49.310;0;1;1;0;
29/01/2026 11:15:50.611;0;0;0;0;
29/01/2026 11:16:29.158;0;1;0;0;
29/01/2026 11:16:30.642;0;0;0;0;
29/01/2026 11:17:09.209;0;1;1;0;
29/01/2026 11:17:10.523;0;0;0;0;
29/01/2026 11:18:29.181;0;1;0;0;
29/01/2026 11:18:30.435;0;0;0;0;
29/01/2026 11:18:49.482;0;1;0;0;
29/01/2026 11:18:51.96;0;0;0;0;
29/01/2026 11:19:49.133;0;1;0;0;
29/01/2026 11:19:50.417;0;0;0;0;
29/01/2026 11:20:49.265;0;1;0;0;
29/01/2026 11:20:50.549;0;0;0;0;
29/01/2026 11:21:29.340;0;1;0;0;
29/01/2026 11:21:30.910;0;0;0;0;
29/01/2026 11:22:09.582;0;1;0;0;
29/01/2026 11:22:11.52;0;0;0;0;
29/01/2026 11:22:49.328;0;1;0;0;
29/01/2026 11:22:50.562;0;0;0;0;
29/01/2026 11:23:09.354;0;1;0;0;
29/01/2026 11:23:10.663;0;0;0;0;
29/01/2026 11:23:29.359;0;1;0;0;
29/01/2026 11:23:30.734;0;0;0;0;
29/01/2026 11:24:09.270;0;1;0;0;
29/01/2026 11:24:10.614;0;0;0;0;
29/01/2026 11:24:29.341;0;1;0;0;
29/01/2026 11:24:30.565;0;0;0;0;
29/01/2026 11:25:09.582;0;1;0;0;
29/01/2026 11:25:10.836;0;0;0;0;
29/01/2026 11:25:49.288;0;1;0;0;
29/01/2026 11:25:50.837;0;0;0;0;
29/01/2026 11:26:09.399;0;1;0;0;
29/01/2026 11:26:10.748;0;0;0;0;
29/01/2026 11:26:29.415;0;1;0;0;
29/01/2026 11:26:30.788;0;0;0;0;
29/01/2026 11:26:49.450;0;1;0;0;
29/01/2026 11:26:50.749;0;0;0;0;
29/01/2026 11:27:09.435;0;1;0;0;
29/01/2026 11:27:11.70;0;0;0;0;
29/01/2026 11:27:29.496;0;1;0;0;
29/01/2026 11:27:30.770;0;0;0;0;
29/01/2026 11:27:49.793;0;1;0;0;
29/01/2026 11:27:51.121;0;0;0;0;
29/01/2026 11:29:09.519;0;1;0;0;
29/01/2026 11:29:11.43;0;0;0;0;
29/01/2026 11:29:29.519;0;1;0;0;
29/01/2026 11:29:30.743;0;0;0;0;
29/01/2026 11:29:49.415;0;1;0;0;
29/01/2026 11:29:51.144;0;0;0;0;
29/01/2026 11:30:29.692;0;1;0;0;
29/01/2026 11:30:30.915;0;0;0;0;
29/01/2026 11:30:49.617;0;0;1;0;
29/01/2026 11:30:50.756;0;0;0;0;
29/01/2026 11:31:09.732;0;1;1;0;
29/01/2026 11:31:11.76;0;0;0;0;
29/01/2026 11:31:29.452;0;1;0;0;
29/01/2026 11:31:30.737;0;0;0;0;
29/01/2026 11:32:29.569;0;1;0;0;
29/01/2026 11:32:31.279;0;0;0;0;
29/01/2026 11:33:09.605;0;1;0;0;
29/01/2026 11:33:10.879;0;0;0;0;
29/01/2026 11:33:29.669;0;1;0;0;
29/01/2026 11:33:30.910;0;0;0;0;
29/01/2026 11:33:49.790;0;1;0;0;
29/01/2026 11:33:51.121;0;0;0;0;
29/01/2026 11:34:09.910;0;1;0;0;
29/01/2026 11:34:11.181;0;0;0;0;
29/01/2026 11:34:29.638;0;1;0;0;
29/01/2026 11:34:31.52;0;0;0;0;
29/01/2026 11:34:49.648;0;1;0;0;
29/01/2026 11:34:50.942;0;0;0;0;
29/01/2026 11:35:09.679;0;1;0;0;
29/01/2026 11:35:10.993;0;0;0;0;
29/01/2026 11:35:49.580;0;1;0;0;
29/01/2026 11:35:50.984;0;0;0;0;
29/01/2026 11:36:09.591;0;1;0;0;
29/01/2026 11:36:11.25;0;0;0;0;
29/01/2026 11:36:29.671;0;1;0;0;
29/01/2026 11:36:31.75;0;0;0;0;
29/01/2026 11:36:49.792;0;1;0;0;
29/01/2026 11:36:51.346;0;0;0;0;
29/01/2026 11:37:29.607;0;1;0;0;
29/01/2026 11:37:31.287;0;0;0;0;
29/01/2026 11:38:29.735;0;1;0;0;
29/01/2026 11:38:31.179;0;0;0;0;
29/01/2026 11:38:49.745;0;1;0;0;
29/01/2026 11:38:51.409;0;0;0;0;
29/01/2026 11:39:09.755;0;1;0;0;
29/01/2026 11:39:11.180;0;0;0;0;
29/01/2026 11:39:30.20;0;1;0;0;
29/01/2026 11:39:31.651;0;0;0;0;
29/01/2026 11:39:49.961;0;1;0;0;
29/01/2026 11:39:51.291;0;0;0;0;
29/01/2026 11:40:29.798;0;1;0;0;
29/01/2026 11:40:31.272;0;0;0;0;
29/01/2026 11:40:49.808;0;1;0;0;
29/01/2026 11:40:51.252;0;0;0;0;
29/01/2026 11:41:09.839;0;1;0;0;
29/01/2026 11:41:11.393;0;0;0;0;
29/01/2026 11:41:49.741;0;1;0;0;
29/01/2026 11:41:51.24;0;0;0;0;
29/01/2026 11:42:29.836;0;1;0;0;
29/01/2026 11:42:31.65;0;0;0;0;
29/01/2026 11:43:09.767;0;1;0;0;
29/01/2026 11:43:11.56;0;0;0;0;
29/01/2026 11:44:29.924;0;1;0;0;
29/01/2026 11:44:31.128;0;0;0;0;
29/01/2026 11:44:49.915;0;1;0;0;
29/01/2026 11:44:51.229;0;0;0;0;
29/01/2026 11:45:29.999;0;1;0;0;
29/01/2026 11:45:31.270;0;0;0;0;
29/01/2026 11:45:50.116;0;1;0;0;
29/01/2026 11:45:51.421;0;0;0;0;
29/01/2026 11:46:10.988;0;1;0;0;
29/01/2026 11:46:12.342;0;0;0;0;
29/01/2026 11:46:49.978;0;1;1;0;
29/01/2026 11:46:51.332;0;0;0;0;
29/01/2026 11:47:09.999;0;1;0;0;
29/01/2026 11:47:11.303;0;0;0;0;
29/01/2026 11:47:30.19;0;0;1;0;
29/01/2026 11:47:31.333;0;0;0;0;
29/01/2026 11:47:49.910;0;1;0;0;
29/01/2026 11:47:51.374;0;0;0;0;
29/01/2026 11:48:29.991;0;1;0;0;
29/01/2026 11:48:31.775;0;0;0;0;
29/01/2026 11:49:10.232;0;1;0;0;
29/01/2026 11:49:11.726;0;0;0;0;
29/01/2026 11:49:29.952;0;1;0;0;
29/01/2026 11:49:31.387;0;0;0;0;
29/01/2026 11:50:10.63;0;1;1;0;
29/01/2026 11:50:11.858;0;0;0;0;
29/01/2026 11:50:30.74;0;1;1;0;
29/01/2026 11:50:31.418;0;0;0;0;
29/01/2026 11:50:50.85;0;1;0;0;
29/01/2026 11:50:51.629;0;0;0;0;
29/01/2026 11:51:10.218;0;1;0;0;
29/01/2026 11:51:11.549;0;0;0;0;
29/01/2026 11:51:30.146;0;1;1;0;
29/01/2026 11:51:31.630;0;0;0;0;
29/01/2026 11:51:50.259;0;1;0;0;
29/01/2026 11:51:52.11;0;0;0;0;
29/01/2026 11:52:10.571;0;1;0;0;
29/01/2026 11:52:12.162;0;0;0;0;
29/01/2026 11:52:30.137;0;1;0;0;
29/01/2026 11:52:31.471;0;0;0;0;
29/01/2026 11:52:50.148;0;1;1;0;
29/01/2026 11:52:51.802;0;0;0;0;
29/01/2026 11:53:10.159;0;0;1;0;
29/01/2026 11:53:11.362;0;0;0;0;
29/01/2026 11:53:30.179;0;0;1;0;
29/01/2026 11:53:31.433;0;0;0;0;
29/01/2026 11:54:10.190;0;1;0;0;
29/01/2026 11:54:11.654;0;0;0;0;
29/01/2026 11:54:50.412;0;1;0;0;
29/01/2026 11:54:51.785;0;0;0;0;
29/01/2026 11:55:10.332;0;1;0;0;
29/01/2026 11:55:11.786;0;0;0;0;
29/01/2026 11:55:30.122;0;1;0;0;
29/01/2026 11:55:32.97;0;0;0;0;
29/01/2026 11:55:50.122;0;1;0;0;
29/01/2026 11:55:51.797;0;0;0;0;
29/01/2026 11:56:10.123;0;1;0;0;
29/01/2026 11:56:11.587;0;0;0;0;
29/01/2026 11:56:30.229;0;1;0;0;
29/01/2026 11:56:31.698;0;0;0;0;
29/01/2026 11:57:10.255;0;1;0;0;
29/01/2026 11:57:11.619;0;0;0;0;
29/01/2026 11:57:30.265;0;1;0;0;
29/01/2026 11:57:31.890;0;0;0;0;
29/01/2026 11:58:10.420;0;1;0;0;
29/01/2026 11:58:12.231;0;0;0;0;
29/01/2026 11:58:30.531;0;1;1;0;
29/01/2026 11:58:31.951;0;0;0;0;
29/01/2026 11:58:50.307;0;1;1;0;
29/01/2026 11:58:51.702;0;0;0;0;
29/01/2026 11:59:10.318;0;1;0;0;
29/01/2026 11:59:11.612;0;0;0;0;
29/01/2026 11:59:30.328;0;1;0;0;
29/01/2026 11:59:31.883;0;0;0;0;
29/01/2026 11:59:50.349;0;1;0;0;
29/01/2026 11:59:51.663;0;0;0;0;
29/01/2026 12:00:10.349;0;1;0;0;
29/01/2026 12:00:11.864;0;0;0;0;
29/01/2026 12:00:30.260;0;1;1;0;
29/01/2026 12:00:32.505;0;0;0;0;
29/01/2026 12:00:50.270;0;1;0;0;
29/01/2026 12:00:51.615;0;0;0;0;
29/01/2026 12:01:10.331;0;1;0;0;
29/01/2026 12:01:12.276;0;0;0;0;
29/01/2026 12:01:30.432;0;1;0;0;
29/01/2026 12:01:31.836;0;0;0;0;
29/01/2026 12:02:30.293;0;1;0;0;
29/01/2026 12:02:31.637;0;0;0;0;
29/01/2026 12:02:50.404;0;1;0;0;
29/01/2026 12:02:51.808;0;0;0;0;
29/01/2026 12:03:30.425;0;1;0;0;
29/01/2026 12:03:31.749;0;0;0;0;
29/01/2026 12:04:30.469;0;1;0;0;
29/01/2026 12:04:31.890;0;0;0;0;
29/01/2026 12:04:50.765;0;1;0;0;
29/01/2026 12:04:52.151;0;0;0;0;
29/01/2026 12:05:10.680;0;1;0;0;
29/01/2026 12:05:12.11;0;0;0;0;
29/01/2026 12:05:13.680;0;1;1;0;
29/01/2026 12:05:26.116;0;0;0;0;
29/01/2026 12:09:05.887;1;0;0;0;
29/01/2026 12:09:05.888;1;1;0;0;
29/01/2026 12:09:07.307;1;0;0;0;
29/01/2026 12:09:43.985;1;0;1;0;
29/01/2026 12:09:55.737;1;0;0;0;
29/01/2026 12:10:19.351;0;0;0;0;
29/01/2026 12:10:55.877;0;1;0;0;
29/01/2026 12:11:01.504;0;0;0;0;
29/01/2026 12:11:15.866;0;1;0;0;
29/01/2026 12:11:17.751;0;0;0;0;
29/01/2026 12:11:35.876;0;1;0;0;
29/01/2026 12:11:38.242;0;0;0;0;
29/01/2026 12:11:55.887;0;1;0;0;
29/01/2026 12:11:57.502;0;0;0;0;
29/01/2026 12:12:15.998;0;1;0;0;
29/01/2026 12:12:17.402;0;0;0;0;
29/01/2026 12:12:36.8;0;1;0;0;
29/01/2026 12:12:37.232;0;0;0;0;
29/01/2026 12:14:36.71;0;1;0;0;
29/01/2026 12:14:37.315;0;0;0;0;
29/01/2026 12:16:16.24;0;1;0;0;
29/01/2026 12:16:17.368;0;0;0;0;
29/01/2026 12:16:56.148;0;1;0;0;
29/01/2026 12:16:57.459;0;0;0;0;
29/01/2026 12:17:16.249;0;1;0;0;
29/01/2026 12:17:17.770;0;0;0;0;
29/01/2026 12:17:56.66;0;1;0;0;
29/01/2026 12:17:57.621;0;0;0;0;
29/01/2026 12:18:16.67;0;1;0;0;
29/01/2026 12:18:17.351;0;0;0;0;
29/01/2026 12:18:56.178;0;0;1;0;
29/01/2026 12:18:57.552;0;0;0;0;
29/01/2026 12:19:36.199;0;1;0;0;
29/01/2026 12:19:37.443;0;0;0;0;
29/01/2026 12:20:36.240;0;1;0;0;
29/01/2026 12:20:37.534;0;0;0;0;
29/01/2026 12:23:56.388;0;1;0;0;
29/01/2026 12:23:57.670;0;0;0;0;
29/01/2026 12:24:56.690;0;0;1;0;
29/01/2026 12:24:57.921;0;0;0;0;
29/01/2026 12:25:36.363;0;1;0;0;
29/01/2026 12:25:37.742;0;0;0;0;
29/01/2026 12:27:56.501;0;1;0;0;
29/01/2026 12:27:57.866;0;0;0;0;
29/01/2026 12:28:16.562;0;1;0;0;
29/01/2026 12:28:17.926;0;0;0;0;
29/01/2026 12:28:56.763;0;1;0;0;
29/01/2026 12:28:58.57;0;0;0;0;
29/01/2026 12:29:16.493;0;1;0;0;
29/01/2026 12:29:17.808;0;0;0;0;
29/01/2026 12:29:56.405;0;1;0;0;
29/01/2026 12:29:57.869;0;0;0;0;
29/01/2026 12:30:36.425;0;0;1;0;
29/01/2026 12:30:37.679;0;0;0;0;
29/01/2026 12:30:56.446;0;0;1;0;
29/01/2026 12:30:57.790;0;0;0;0;
29/01/2026 12:32:16.748;0;1;0;0;
29/01/2026 12:32:18.2;0;0;0;0;
29/01/2026 12:32:56.599;0;1;0;0;
29/01/2026 12:32:57.863;0;0;0;0;
29/01/2026 12:33:56.610;0;1;0;0;
29/01/2026 12:33:57.945;0;0;0;0;
29/01/2026 12:34:56.637;0;1;0;0;
29/01/2026 12:34:58.46;0;0;0;0;
29/01/2026 12:35:16.712;0;1;0;0;
29/01/2026 12:35:18.67;0;0;0;0;
29/01/2026 12:35:36.833;0;1;0;0;
29/01/2026 12:35:38.247;0;0;0;0;
29/01/2026 12:35:56.934;0;1;0;0;
29/01/2026 12:35:58.248;0;0;0;0;
29/01/2026 12:36:36.594;0;1;0;0;
29/01/2026 12:36:37.848;0;0;0;0;
29/01/2026 12:36:56.605;0;1;0;0;
29/01/2026 12:36:58.189;0;0;0;0;
29/01/2026 12:37:16.635;0;1;0;0;
29/01/2026 12:37:17.859;0;0;0;0;
29/01/2026 12:38:56.891;0;1;0;0;
29/01/2026 12:38:58.122;0;0;0;0;
29/01/2026 12:40:16.781;0;1;0;0;
29/01/2026 12:40:18.134;0;0;0;0;
29/01/2026 12:41:36.822;0;1;1;0;
29/01/2026 12:41:38.266;0;0;0;0;
29/01/2026 12:46:16.959;0;1;0;0;
29/01/2026 12:46:18.213;0;0;0;0;
29/01/2026 12:46:56.980;0;1;0;0;
29/01/2026 12:46:58.304;0;0;0;0;
29/01/2026 12:47:57.12;0;1;0;0;
29/01/2026 12:47:58.366;0;0;0;0;
29/01/2026 12:49:36.964;0;0;1;0;
29/01/2026 12:49:38.128;0;0;0;0;
29/01/2026 12:50:16.985;0;0;1;0;
29/01/2026 12:50:18.239;0;0;0;0;
29/01/2026 12:54:17.192;0;1;0;0;
29/01/2026 12:54:18.436;0;0;0;0;
29/01/2026 13:01:57.314;0;1;0;0;
29/01/2026 13:01:58.668;0;0;0;0;
29/01/2026 13:07:57.593;0;1;0;0;
29/01/2026 13:07:58.858;0;0;0;0;
29/01/2026 13:08:37.504;0;1;0;0;
29/01/2026 13:08:38.879;0;0;0;0;
29/01/2026 13:13:37.743;0;0;1;0;
29/01/2026 13:13:38.947;0;0;0;0;
29/01/2026 13:13:57.763;0;0;1;0;
29/01/2026 13:13:59.17;0;0;0;0;
29/01/2026 13:16:57.833;0;1;0;0;
29/01/2026 13:16:59.62;0;0;0;0;
29/01/2026 13:21:17.875;0;1;0;0;
29/01/2026 13:21:19.189;0;0;0;0;
29/01/2026 13:21:41.993;1;0;0;0;
29/01/2026 13:21:41.994;1;1;1;0;
29/01/2026 13:21:47.639;1;0;0;0;
29/01/2026 13:21:50.49;1;1;1;0;
29/01/2026 13:21:51.192;1;0;0;0;
29/01/2026 13:22:00.111;1;1;1;0;
29/01/2026 13:22:01.523;1;0;0;0;
29/01/2026 13:22:12.184;1;1;1;0;
29/01/2026 13:22:13.335;1;0;0;0;
29/01/2026 13:22:19.888;1;1;1;0;
29/01/2026 13:22:21.53;1;0;0;0;
29/01/2026 13:22:29.883;1;1;1;0;
29/01/2026 13:22:31.33;1;0;0;0;
29/01/2026 13:22:39.889;1;1;1;0;
29/01/2026 13:22:41.33;1;0;0;0;
29/01/2026 13:22:49.884;1;1;1;0;
29/01/2026 13:22:51.34;1;0;0;0;
29/01/2026 13:22:59.989;1;1;1;0;
29/01/2026 13:23:01.144;1;0;0;0;
29/01/2026 13:23:09.990;1;1;1;0;
29/01/2026 13:23:11.144;1;0;0;0;
29/01/2026 13:23:20.174;0;0;0;0;
29/01/2026 13:24:02.15;0;1;1;0;
29/01/2026 13:24:07.442;0;0;0;0;
29/01/2026 13:24:22.24;0;1;1;0;
29/01/2026 13:24:23.609;0;0;0;0;
29/01/2026 13:24:42.45;0;1;0;0;
29/01/2026 13:24:44.500;0;0;0;0;
29/01/2026 13:25:02.165;0;1;1;0;
29/01/2026 13:25:03.690;0;0;0;0;
29/01/2026 13:25:24.398;0;1;1;0;
29/01/2026 13:25:26.23;0;0;0;0;
29/01/2026 13:25:42.56;0;0;1;0;
29/01/2026 13:25:43.341;0;0;0;0;
29/01/2026 13:26:02.58;0;1;0;0;
29/01/2026 13:26:03.491;0;0;0;0;
29/01/2026 13:26:42.178;0;1;1;0;
29/01/2026 13:26:43.523;0;0;0;0;
29/01/2026 13:27:02.189;0;1;1;0;
29/01/2026 13:27:03.413;0;0;0;0;
29/01/2026 13:27:22.199;0;1;0;0;
29/01/2026 13:27:23.624;0;0;0;0;
29/01/2026 13:27:42.443;0;1;0;0;
29/01/2026 13:27:43.805;0;0;0;0;
29/01/2026 13:28:02.344;0;1;0;0;
29/01/2026 13:28:03.775;0;0;0;0;
29/01/2026 13:28:22.464;0;1;0;0;
29/01/2026 13:28:23.766;0;0;0;0;
29/01/2026 13:28:42.242;0;1;0;0;
29/01/2026 13:28:43.516;0;0;0;0;
29/01/2026 13:29:02.252;0;1;0;0;
29/01/2026 13:29:03.847;0;0;0;0;
29/01/2026 13:29:22.273;0;1;0;0;
29/01/2026 13:29:23.607;0;0;0;0;
29/01/2026 13:30:22.325;0;1;0;0;
29/01/2026 13:30:23.619;0;0;0;0;
29/01/2026 13:30:42.225;0;1;0;0;
29/01/2026 13:30:43.449;0;0;0;0;
29/01/2026 13:31:02.346;0;1;1;0;
29/01/2026 13:31:03.690;0;0;0;0;
29/01/2026 13:32:02.258;0;1;0;0;
29/01/2026 13:32:03.802;0;0;0;0;
29/01/2026 13:32:42.343;0;1;0;0;
29/01/2026 13:32:43.693;0;0;0;0;
29/01/2026 13:33:02.359;0;1;0;0;
29/01/2026 13:33:03.773;0;0;0;0;
29/01/2026 13:33:22.370;0;1;0;0;
29/01/2026 13:33:23.674;0;0;0;0;
29/01/2026 13:33:42.391;0;1;0;0;
29/01/2026 13:33:44.25;0;0;0;0;
29/01/2026 13:34:24.644;0;1;0;0;
29/01/2026 13:34:26.208;0;0;0;0;
29/01/2026 13:34:42.407;0;1;0;0;
29/01/2026 13:34:43.656;0;0;0;0;
29/01/2026 13:35:02.422;0;1;0;0;
29/01/2026 13:35:03.987;0;0;0;0;
29/01/2026 13:35:42.493;0;1;0;0;
29/01/2026 13:35:43.898;0;0;0;0;
29/01/2026 13:36:02.354;0;1;0;0;
29/01/2026 13:36:03.608;0;0;0;0;
29/01/2026 13:36:22.364;0;1;0;0;
29/01/2026 13:36:23.769;0;0;0;0;
29/01/2026 13:36:42.385;0;1;0;0;
29/01/2026 13:36:43.739;0;0;0;0;
29/01/2026 13:37:02.546;0;1;0;0;
29/01/2026 13:37:03.900;0;0;0;0;
29/01/2026 13:37:42.407;0;1;0;0;
29/01/2026 13:37:44.111;0;0;0;0;
29/01/2026 13:38:02.407;0;1;0;0;
29/01/2026 13:38:03.751;0;0;0;0;
29/01/2026 13:38:22.518;0;1;0;0;
29/01/2026 13:38:23.982;0;0;0;0;
29/01/2026 13:39:42.560;0;1;0;0;
29/01/2026 13:39:43.984;0;0;0;0;
29/01/2026 13:40:02.665;0;1;0;0;
29/01/2026 13:40:03.965;0;0;0;0;
29/01/2026 13:41:02.603;0;1;0;0;
29/01/2026 13:41:03.896;0;0;0;0;
29/01/2026 13:41:22.633;0;1;0;0;
29/01/2026 13:41:23.957;0;0;0;0;
29/01/2026 13:41:42.633;0;1;0;0;
29/01/2026 13:41:43.918;0;0;0;0;
29/01/2026 13:42:02.534;0;1;0;0;
29/01/2026 13:42:03.848;0;0;0;0;
29/01/2026 13:42:22.544;0;1;0;0;
29/01/2026 13:42:23.829;0;0;0;0;
29/01/2026 13:42:42.555;0;1;0;0;
29/01/2026 13:42:44.9;0;0;0;0;
29/01/2026 13:43:02.896;0;1;0;0;
29/01/2026 13:43:04.240;0;0;0;0;
29/01/2026 13:43:22.796;0;1;0;0;
29/01/2026 13:43:24.151;0;0;0;0;
29/01/2026 13:44:02.577;0;1;0;0;
29/01/2026 13:44:03.861;0;0;0;0;
29/01/2026 13:44:42.699;0;1;0;0;
29/01/2026 13:44:44.73;0;0;0;0;
29/01/2026 13:45:22.720;0;1;0;0;
29/01/2026 13:45:24.24;0;0;0;0;
29/01/2026 13:46:22.972;0;1;0;0;
29/01/2026 13:46:24.246;0;0;0;0;
29/01/2026 13:47:02.802;0;1;0;0;
29/01/2026 13:47:04.397;0;0;0;0;
29/01/2026 13:47:22.803;0;1;0;0;
29/01/2026 13:47:24.37;0;0;0;0;
29/01/2026 13:47:42.804;0;1;0;0;
29/01/2026 13:47:44.138;0;0;0;0;
29/01/2026 13:48:02.704;0;1;0;0;
29/01/2026 13:48:04.108;0;0;0;0;
29/01/2026 13:48:42.735;0;1;0;0;
29/01/2026 13:48:44.350;0;0;0;0;
29/01/2026 13:49:02.856;0;1;0;0;
29/01/2026 13:49:04.350;0;0;0;0;
29/01/2026 13:49:42.737;0;1;0;0;
29/01/2026 13:49:44.91;0;0;0;0;
29/01/2026 13:50:02.748;0;0;1;0;
29/01/2026 13:50:03.881;0;0;0;0;
29/01/2026 13:50:22.858;0;1;0;0;
29/01/2026 13:50:24.172;0;0;0;0;
29/01/2026 13:50:42.899;0;1;0;0;
29/01/2026 13:50:44.523;0;0;0;0;
29/01/2026 13:51:22.890;0;1;0;0;
29/01/2026 13:51:24.664;0;0;0;0;
29/01/2026 13:51:42.898;0;1;1;0;
29/01/2026 13:51:44.324;0;0;0;0;
29/01/2026 13:52:03.244;0;1;0;0;
29/01/2026 13:52:04.665;0;0;0;0;
29/01/2026 13:52:23.144;0;1;0;0;
29/01/2026 13:52:24.506;0;0;0;0;
29/01/2026 13:53:02.962;0;1;0;0;
29/01/2026 13:53:04.227;0;0;0;0;
29/01/2026 13:53:42.973;0;0;1;0;
29/01/2026 13:53:44.368;0;0;0;0;
29/01/2026 13:54:02.874;0;1;0;0;
29/01/2026 13:54:04.218;0;0;0;0;
29/01/2026 13:54:22.884;0;1;0;0;
29/01/2026 13:54:24.289;0;0;0;0;
29/01/2026 13:54:43.120;0;1;1;0;
29/01/2026 13:54:44.830;0;0;0;0;
29/01/2026 13:55:42.907;0;1;0;0;
29/01/2026 13:55:44.251;0;0;0;0;
29/01/2026 13:56:02.918;0;1;0;0;
29/01/2026 13:56:04.261;0;0;0;0;
29/01/2026 13:56:23.28;0;1;0;0;
29/01/2026 13:56:24.492;0;0;0;0;
29/01/2026 13:57:03.49;0;1;0;0;
29/01/2026 13:57:04.493;0;0;0;0;
29/01/2026 13:57:23.60;0;1;0;0;
29/01/2026 13:57:24.574;0;0;0;0;
29/01/2026 13:57:43.73;0;1;0;0;
29/01/2026 13:57:44.945;0;0;0;0;
29/01/2026 13:58:06.157;0;1;1;0;
29/01/2026 13:58:07.678;0;0;0;0;
29/01/2026 13:59:23.133;0;1;0;0;
29/01/2026 13:59:24.417;0;0;0;0;
29/01/2026 13:59:43.143;0;1;0;0;
29/01/2026 13:59:44.488;0;0;0;0;
29/01/2026 14:00:23.55;0;1;0;0;
29/01/2026 14:00:24.399;0;0;0;0;
29/01/2026 14:00:43.66;0;1;0;0;
29/01/2026 14:00:44.379;0;0;0;0;
29/01/2026 14:01:03.176;0;1;0;0;
29/01/2026 14:01:04.820;0;0;0;0;
29/01/2026 14:01:23.297;0;1;0;0;
29/01/2026 14:01:24.610;0;0;0;0;
29/01/2026 14:01:43.97;0;1;0;0;
29/01/2026 14:01:44.711;0;0;0;0;
29/01/2026 14:02:03.97;0;1;0;0;
29/01/2026 14:02:04.381;0;0;0;0;
29/01/2026 14:02:23.128;0;1;1;0;
29/01/2026 14:02:25.52;0;0;0;0;
29/01/2026 14:02:43.218;0;1;1;0;
29/01/2026 14:02:44.593;0;0;0;0;
29/01/2026 14:03:03.249;0;1;0;0;
29/01/2026 14:03:04.994;0;0;0;0;
29/01/2026 14:03:45.312;0;1;0;0;
29/01/2026 14:03:46.756;0;0;0;0;
29/01/2026 14:04:23.437;0;1;0;0;
29/01/2026 14:04:25.66;0;0;0;0;
29/01/2026 14:04:44.308;0;1;0;0;
29/01/2026 14:04:45.807;0;0;0;0;
29/01/2026 14:05:03.292;0;1;0;0;
29/01/2026 14:05:04.857;0;0;0;0;
29/01/2026 14:05:23.303;0;1;0;0;
29/01/2026 14:05:24.567;0;0;0;0;
29/01/2026 14:05:43.323;0;1;0;0;
29/01/2026 14:05:44.858;0;0;0;0;
29/01/2026 14:06:03.254;0;0;1;0;
29/01/2026 14:06:04.478;0;0;0;0;
29/01/2026 14:06:23.274;0;1;1;0;
29/01/2026 14:06:24.829;0;0;0;0;
29/01/2026 14:06:43.245;0;1;0;0;
29/01/2026 14:06:44.979;0;0;0;0;
29/01/2026 14:07:03.285;0;1;0;0;
29/01/2026 14:07:04.960;0;0;0;0;
29/01/2026 14:07:23.611;0;1;0;0;
29/01/2026 14:07:25.661;0;0;0;0;
29/01/2026 14:07:43.517;0;1;0;0;
29/01/2026 14:07:45.551;0;0;0;0;
29/01/2026 14:08:23.287;0;1;0;0;
29/01/2026 14:08:24.722;0;0;0;0;
29/01/2026 14:08:43.398;0;1;0;0;
29/01/2026 14:08:45.133;0;0;0;0;
29/01/2026 14:09:23.419;0;0;1;0;
29/01/2026 14:09:24.563;0;0;0;0;
29/01/2026 14:09:43.429;0;0;1;0;
29/01/2026 14:09:44.694;0;0;0;0;
29/01/2026 14:10:03.440;0;1;1;0;
29/01/2026 14:10:05.195;0;0;0;0;
29/01/2026 14:10:23.492;0;1;0;0;
29/01/2026 14:10:24.915;0;0;0;0;
29/01/2026 14:10:43.602;0;1;0;0;
29/01/2026 14:10:45.86;0;0;0;0;
29/01/2026 14:11:23.477;0;1;0;0;
29/01/2026 14:11:24.826;0;0;0;0;
29/01/2026 14:11:43.488;0;1;0;0;
29/01/2026 14:11:44.847;0;0;0;0;
29/01/2026 14:12:03.514;0;1;0;0;
29/01/2026 14:12:04.967;0;0;0;0;
29/01/2026 14:12:43.424;0;1;0;0;
29/01/2026 14:12:44.858;0;0;0;0;
29/01/2026 14:13:23.445;0;1;0;0;
29/01/2026 14:13:24.979;0;0;0;0;
29/01/2026 14:14:23.727;0;1;0;0;
29/01/2026 14:14:24.951;0;0;0;0;
29/01/2026 14:14:43.472;0;1;0;0;
29/01/2026 14:14:44.731;0;0;0;0;
29/01/2026 14:15:16.601;0;1;1;0;
29/01/2026 14:15:29.417;0;0;0;0;
29/01/2026 14:18:53.138;1;0;0;0;
29/01/2026 14:18:53.139;1;1;0;0;
29/01/2026 14:18:54.598;1;0;0;0;
29/01/2026 14:19:31.227;1;0;1;0;
29/01/2026 14:19:42.947;1;0;0;0;
29/01/2026 14:20:07.212;0;0;0;0;
29/01/2026 14:20:43.237;0;1;0;0;
29/01/2026 14:20:49.75;0;0;0;0;
29/01/2026 14:21:23.257;0;1;0;0;
29/01/2026 14:21:24.982;0;0;0;0;
29/01/2026 14:21:43.277;0;1;0;0;
29/01/2026 14:21:45.933;0;0;0;0;
29/01/2026 14:22:03.279;0;1;0;0;
29/01/2026 14:22:05.13;0;0;0;0;
29/01/2026 14:22:43.301;0;1;0;0;
29/01/2026 14:22:44.533;0;0;0;0;
29/01/2026 14:24:43.352;0;1;0;0;
29/01/2026 14:24:44.626;0;0;0;0;
29/01/2026 14:27:43.427;0;1;0;0;
29/01/2026 14:27:45.21;0;0;0;0;
29/01/2026 14:28:03.437;0;1;0;0;
29/01/2026 14:28:05.72;0;0;0;0;
29/01/2026 14:28:23.458;0;1;0;0;
29/01/2026 14:28:24.712;0;0;0;0;
29/01/2026 14:28:43.358;0;0;1;0;
29/01/2026 14:28:44.702;0;0;0;0;
29/01/2026 14:30:03.713;0;1;0;0;
29/01/2026 14:30:05.135;0;0;0;0;
29/01/2026 14:30:25.586;0;1;0;0;
29/01/2026 14:30:26.907;0;0;0;0;
29/01/2026 14:30:43.670;0;1;0;0;
29/01/2026 14:30:45.16;0;0;0;0;
29/01/2026 14:31:03.412;0;1;0;0;
29/01/2026 14:31:04.726;0;0;0;0;
29/01/2026 14:31:23.522;0;1;0;0;
29/01/2026 14:31:24.896;0;0;0;0;
29/01/2026 14:31:43.533;0;1;0;0;
29/01/2026 14:31:44.767;0;0;0;0;
29/01/2026 14:32:03.543;0;1;0;0;
29/01/2026 14:32:04.857;0;0;0;0;
29/01/2026 14:32:23.554;0;1;0;0;
29/01/2026 14:32:24.888;0;0;0;0;
29/01/2026 14:32:43.564;0;1;1;0;
29/01/2026 14:32:44.808;0;0;0;0;
29/01/2026 14:35:03.643;0;0;1;0;
29/01/2026 14:35:04.902;0;0;0;0;
29/01/2026 14:35:23.548;0;1;0;0;
29/01/2026 14:35:24.772;0;0;0;0;
29/01/2026 14:36:23.580;0;1;0;0;
29/01/2026 14:36:24.894;0;0;0;0;
29/01/2026 14:37:23.624;0;1;0;0;
29/01/2026 14:37:25.86;0;0;0;0;
29/01/2026 14:37:43.723;0;1;0;0;
29/01/2026 14:37:45.136;0;0;0;0;
29/01/2026 14:38:03.821;0;1;0;0;
29/01/2026 14:38:05.347;0;0;0;0;
29/01/2026 14:38:23.927;0;1;0;0;
29/01/2026 14:38:25.668;0;0;0;0;
29/01/2026 14:38:43.723;0;1;1;0;
29/01/2026 14:38:45.618;0;0;0;0;
29/01/2026 14:39:03.734;0;1;0;0;
29/01/2026 14:39:05.188;0;0;0;0;
29/01/2026 14:41:43.979;0;1;0;0;
29/01/2026 14:41:45.382;0;0;0;0;
29/01/2026 14:42:03.968;0;1;0;0;
29/01/2026 14:42:05.343;0;0;0;0;
29/01/2026 14:42:23.739;0;1;0;0;
29/01/2026 14:42:25.233;0;0;0;0;
29/01/2026 14:42:43.749;0;1;0;0;
29/01/2026 14:42:44.983;0;0;0;0;
29/01/2026 14:44:23.777;0;1;0;0;
29/01/2026 14:44:25.186;0;0;0;0;
29/01/2026 14:44:44.107;0;1;0;0;
29/01/2026 14:44:45.517;0;0;0;0;
29/01/2026 14:45:26.97;0;1;0;0;
29/01/2026 14:45:27.700;0;0;0;0;
29/01/2026 14:47:03.966;0;1;0;0;
29/01/2026 14:47:05.240;0;0;0;0;
29/01/2026 14:47:23.977;0;1;0;0;
29/01/2026 14:47:25.210;0;0;0;0;
29/01/2026 14:47:43.987;0;1;0;0;
29/01/2026 14:47:45.281;0;0;0;0;
29/01/2026 14:48:24.308;0;1;0;0;
29/01/2026 14:48:25.712;0;0;0;0;
29/01/2026 14:49:04.189;0;0;1;0;
29/01/2026 14:49:05.413;0;0;0;0;
29/01/2026 14:49:23.940;0;0;1;0;
29/01/2026 14:49:25.223;0;0;0;0;
29/01/2026 14:50:43.971;0;1;0;0;
29/01/2026 14:50:45.386;0;0;0;0;
29/01/2026 14:53:24.156;0;1;0;0;
29/01/2026 14:53:25.490;0;0;0;0;
29/01/2026 14:53:44.151;0;1;0;0;
29/01/2026 14:53:45.390;0;0;0;0;
29/01/2026 14:54:24.177;0;1;0;0;
29/01/2026 14:54:25.591;0;0;0;0;
29/01/2026 14:55:24.299;0;1;0;0;
29/01/2026 14:55:25.523;0;0;0;0;
29/01/2026 14:56:04.130;0;1;0;0;
29/01/2026 14:56:05.444;0;0;0;0;
29/01/2026 14:56:44.151;0;1;0;0;
29/01/2026 14:56:45.465;0;0;0;0;
29/01/2026 14:59:04.305;0;1;0;0;
29/01/2026 14:59:05.669;0;0;0;0;
29/01/2026 14:59:44.325;0;1;0;0;
29/01/2026 14:59:45.660;0;0;0;0;
29/01/2026 15:00:44.357;0;1;0;0;
29/01/2026 15:00:45.651;0;0;0;0;
29/01/2026 15:01:44.449;0;1;0;0;
29/01/2026 15:01:45.793;0;0;0;0;
29/01/2026 15:06:04.500;0;1;0;0;
29/01/2026 15:06:05.860;0;0;0;0;
29/01/2026 15:06:24.516;0;1;1;0;
29/01/2026 15:06:25.910;0;0;0;0;
29/01/2026 15:11:44.664;0;1;0;0;
29/01/2026 15:11:46.59;0;0;0;0;
29/01/2026 15:12:24.685;0;1;0;0;
29/01/2026 15:12:26.20;0;0;0;0;
29/01/2026 15:13:44.988;0;1;0;0;
29/01/2026 15:13:46.462;0;0;0;0;
29/01/2026 15:14:04.748;0;1;1;0;
29/01/2026 15:14:06.182;0;0;0;0;
29/01/2026 15:16:04.681;0;1;0;0;
29/01/2026 15:16:05.935;0;0;0;0;
29/01/2026 15:29:25.359;0;0;1;0;
29/01/2026 15:29:26.598;0;0;0;0;
29/01/2026 15:33:08.262;1;0;0;0;
29/01/2026 15:33:08.263;1;1;1;0;
29/01/2026 15:33:13.911;1;0;0;0;
29/01/2026 15:33:16.62;1;1;1;0;
29/01/2026 15:33:17.194;1;0;0;0;
29/01/2026 15:33:26.160;1;1;1;0;
29/01/2026 15:33:27.565;1;0;0;0;
29/01/2026 15:33:36.160;1;1;1;0;
29/01/2026 15:33:37.295;1;0;0;0;
29/01/2026 15:33:46.161;1;1;1;0;
29/01/2026 15:33:47.295;1;0;0;0;
29/01/2026 15:33:56.161;1;1;1;0;
29/01/2026 15:33:57.296;1;0;0;0;
29/01/2026 15:34:06.161;1;1;1;0;
29/01/2026 15:34:07.296;1;0;0;0;
29/01/2026 15:34:16.161;1;1;1;0;
29/01/2026 15:34:17.296;1;0;0;0;
29/01/2026 15:34:28.264;1;1;1;0;
29/01/2026 15:34:29.419;1;0;0;0;
29/01/2026 15:34:36.262;1;1;1;0;
29/01/2026 15:34:37.407;1;0;0;0;
29/01/2026 15:34:46.286;0;0;0;0;
29/01/2026 15:35:29.630;0;1;1;0;
29/01/2026 15:35:34.866;0;0;0;0;
29/01/2026 15:35:48.387;0;0;1;0;
29/01/2026 15:35:49.681;0;0;0;0;
29/01/2026 15:36:08.427;0;1;0;0;
29/01/2026 15:36:11.293;0;0;0;0;
29/01/2026 15:36:28.418;0;1;1;0;
29/01/2026 15:36:29.932;0;0;0;0;
29/01/2026 15:36:48.318;0;1;1;0;
29/01/2026 15:36:49.933;0;0;0;0;
29/01/2026 15:37:08.329;0;0;1;0;
29/01/2026 15:37:09.613;0;0;0;0;
29/01/2026 15:37:28.352;0;1;0;0;
29/01/2026 15:37:29.724;0;0;0;0;
29/01/2026 15:38:28.351;0;1;1;0;
29/01/2026 15:38:29.695;0;0;0;0;
29/01/2026 15:39:08.462;0;1;0;0;
29/01/2026 15:39:10.107;0;0;0;0;
29/01/2026 15:39:28.473;0;1;0;0;
29/01/2026 15:39:29.857;0;0;0;0;
29/01/2026 15:40:28.505;0;1;0;0;
29/01/2026 15:40:29.749;0;0;0;0;
29/01/2026 15:42:28.578;0;1;0;0;
29/01/2026 15:42:30.32;0;0;0;0;
29/01/2026 15:43:08.489;0;1;0;0;
29/01/2026 15:43:09.953;0;0;0;0;
29/01/2026 15:43:48.665;0;1;0;0;
29/01/2026 15:43:50.15;0;0;0;0;
29/01/2026 15:44:08.792;0;1;0;0;
29/01/2026 15:44:10.15;0;0;0;0;
29/01/2026 15:44:48.512;0;1;0;0;
29/01/2026 15:44:49.826;0;0;0;0;
29/01/2026 15:45:48.644;0;1;0;0;
29/01/2026 15:45:49.998;0;0;0;0;
29/01/2026 15:46:08.785;0;1;0;0;
29/01/2026 15:46:10.118;0;0;0;0;
29/01/2026 15:46:48.785;0;1;0;0;
29/01/2026 15:46:50.150;0;0;0;0;
29/01/2026 15:47:09.156;0;1;0;0;
29/01/2026 15:47:10.571;0;0;0;0;
29/01/2026 15:47:28.697;0;1;0;0;
29/01/2026 15:47:30.51;0;0;0;0;
29/01/2026 15:48:08.737;0;1;0;0;
29/01/2026 15:48:09.952;0;0;0;0;
29/01/2026 15:48:28.729;0;1;0;0;
29/01/2026 15:48:30.2;0;0;0;0;
29/01/2026 15:48:48.639;0;1;0;0;
29/01/2026 15:48:49.953;0;0;0;0;
29/01/2026 15:49:08.649;0;1;0;0;
29/01/2026 15:49:10.23;0;0;0;0;
29/01/2026 15:49:28.743;0;1;0;0;
29/01/2026 15:49:30.114;0;0;0;0;
29/01/2026 15:49:48.863;0;1;0;0;
29/01/2026 15:49:50.155;0;0;0;0;
29/01/2026 15:50:08.984;0;1;0;0;
29/01/2026 15:50:10.315;0;0;0;0;
29/01/2026 15:51:48.814;0;1;0;0;
29/01/2026 15:51:50.118;0;0;0;0;
29/01/2026 15:52:28.875;0;1;0;0;
29/01/2026 15:52:30.209;0;0;0;0;
29/01/2026 15:52:49.0;0;1;0;0;
29/01/2026 15:52:50.300;0;0;0;0;
29/01/2026 15:53:09.126;0;1;0;0;
29/01/2026 15:53:10.400;0;0;0;0;
29/01/2026 15:53:28.866;0;1;0;0;
29/01/2026 15:53:30.281;0;0;0;0;
29/01/2026 15:53:48.877;0;1;0;0;
29/01/2026 15:53:50.111;0;0;0;0;
29/01/2026 15:54:08.908;0;1;0;0;
29/01/2026 15:54:10.182;0;0;0;0;
29/01/2026 15:55:09.102;0;1;0;0;
29/01/2026 15:55:10.384;0;0;0;0;
29/01/2026 15:55:28.980;0;1;0;0;
29/01/2026 15:55:30.144;0;0;0;0;
29/01/2026 15:55:49.103;0;1;0;0;
29/01/2026 15:55:50.445;0;0;0;0;
29/01/2026 15:56:08.836;0;1;0;0;
29/01/2026 15:56:10.65;0;0;0;0;
29/01/2026 15:57:08.968;0;1;1;0;
29/01/2026 15:57:10.347;0;0;0;0;
29/01/2026 15:57:49.114;0;0;1;0;
29/01/2026 15:57:50.348;0;0;0;0;
29/01/2026 15:58:09.5;0;1;0;0;
29/01/2026 15:58:10.308;0;0;0;0;
29/01/2026 15:58:29.126;0;1;0;0;
29/01/2026 15:58:30.519;0;0;0;0;
29/01/2026 15:59:09.36;0;1;0;0;
29/01/2026 15:59:10.310;0;0;0;0;
29/01/2026 15:59:29.46;0;1;0;0;
29/01/2026 15:59:30.401;0;0;0;0;
29/01/2026 15:59:49.57;0;1;0;0;
29/01/2026 15:59:50.541;0;0;0;0;
29/01/2026 16:00:09.78;0;1;0;0;
29/01/2026 16:00:10.312;0;0;0;0;
29/01/2026 16:00:29.78;0;1;0;0;
29/01/2026 16:00:30.392;0;0;0;0;
29/01/2026 16:00:48.989;0;1;0;0;
29/01/2026 16:00:50.453;0;0;0;0;
29/01/2026 16:01:29.214;0;1;0;0;
29/01/2026 16:01:30.614;0;0;0;0;
29/01/2026 16:01:49.30;0;1;0;0;
29/01/2026 16:01:50.304;0;0;0;0;
29/01/2026 16:02:09.21;0;1;0;0;
29/01/2026 16:02:10.425;0;0;0;0;
29/01/2026 16:02:29.21;0;1;0;0;
29/01/2026 16:02:30.276;0;0;0;0;
29/01/2026 16:02:49.132;0;1;0;0;
29/01/2026 16:02:50.536;0;0;0;0;
29/01/2026 16:03:09.143;0;1;0;0;
29/01/2026 16:03:10.487;0;0;0;0;
29/01/2026 16:03:29.153;0;1;0;0;
29/01/2026 16:03:30.407;0;0;0;0;
29/01/2026 16:03:49.159;0;1;0;0;
29/01/2026 16:03:50.578;0;0;0;0;
29/01/2026 16:04:09.254;0;1;0;0;
29/01/2026 16:04:10.569;0;0;0;0;
29/01/2026 16:06:29.148;0;1;0;0;
29/01/2026 16:06:30.582;0;0;0;0;
29/01/2026 16:06:49.243;0;1;0;0;
29/01/2026 16:06:50.563;0;0;0;0;
29/01/2026 16:07:29.453;0;1;0;0;
29/01/2026 16:07:30.924;0;0;0;0;
29/01/2026 16:07:49.195;0;1;0;0;
29/01/2026 16:07:50.545;0;0;0;0;
29/01/2026 16:08:29.191;0;1;0;0;
29/01/2026 16:08:30.506;0;0;0;0;
29/01/2026 16:09:09.313;0;0;1;0;
29/01/2026 16:09:10.447;0;0;0;0;
29/01/2026 16:09:29.323;0;1;1;0;
29/01/2026 16:09:30.737;0;0;0;0;
29/01/2026 16:09:49.334;0;1;0;0;
29/01/2026 16:09:50.718;0;0;0;0;
29/01/2026 16:10:29.665;0;1;0;0;
29/01/2026 16:10:31.450;0;0;0;0;
29/01/2026 16:10:49.366;0;1;0;0;
29/01/2026 16:10:50.760;0;0;0;0;
29/01/2026 16:11:29.387;0;1;0;0;
29/01/2026 16:11:30.681;0;0;0;0;
29/01/2026 16:11:49.407;0;1;0;0;
29/01/2026 16:11:50.821;0;0;0;0;
29/01/2026 16:12:29.418;0;1;0;0;
29/01/2026 16:12:30.762;0;0;0;0;
29/01/2026 16:13:09.552;0;1;0;0;
29/01/2026 16:13:10.954;0;0;0;0;
29/01/2026 16:13:29.360;0;1;0;0;
29/01/2026 16:13:30.674;0;0;0;0;
29/01/2026 16:14:09.361;0;1;0;0;
29/01/2026 16:14:10.615;0;0;0;0;
29/01/2026 16:14:29.361;0;1;0;0;
29/01/2026 16:14:30.826;0;0;0;0;
29/01/2026 16:15:09.483;0;1;0;0;
29/01/2026 16:15:10.887;0;0;0;0;
29/01/2026 16:15:29.493;0;1;1;0;
29/01/2026 16:15:31.148;0;0;0;0;
29/01/2026 16:15:49.534;0;1;0;0;
29/01/2026 16:15:51.108;0;0;0;0;
29/01/2026 16:16:09.655;0;1;0;0;
29/01/2026 16:16:10.918;0;0;0;0;
29/01/2026 16:17:29.556;0;1;1;0;
29/01/2026 16:17:30.941;0;0;0;0;
29/01/2026 16:17:49.567;0;1;1;0;
29/01/2026 16:17:50.861;0;0;0;0;
29/01/2026 16:18:09.597;0;1;0;0;
29/01/2026 16:18:11.452;0;0;0;0;
29/01/2026 16:18:29.628;0;1;0;0;
29/01/2026 16:18:31.483;0;0;0;0;
29/01/2026 16:18:49.593;0;1;0;0;
29/01/2026 16:18:51.173;0;0;0;0;
29/01/2026 16:19:09.709;0;1;0;0;
29/01/2026 16:19:11.264;0;0;0;0;
29/01/2026 16:19:29.520;0;1;0;0;
29/01/2026 16:19:31.344;0;0;0;0;
29/01/2026 16:19:49.530;0;1;0;0;
29/01/2026 16:19:51.144;0;0;0;0;
29/01/2026 16:20:09.551;0;1;0;0;
29/01/2026 16:20:10.895;0;0;0;0;
29/01/2026 16:20:29.541;0;1;0;0;
29/01/2026 16:20:30.945;0;0;0;0;
29/01/2026 16:20:49.542;0;1;0;0;
29/01/2026 16:20:50.916;0;0;0;0;
29/01/2026 16:21:09.652;0;1;0;0;
29/01/2026 16:21:11.147;0;0;0;0;
29/01/2026 16:21:29.663;0;0;1;0;
29/01/2026 16:21:30.797;0;0;0;0;
29/01/2026 16:22:09.814;0;0;1;0;
29/01/2026 16:22:11.88;0;0;0;0;
29/01/2026 16:22:29.885;0;1;0;0;
29/01/2026 16:22:31.569;0;0;0;0;
29/01/2026 16:22:52.7;0;1;0;0;
29/01/2026 16:22:53.451;0;0;0;0;
29/01/2026 16:23:49.746;0;1;0;0;
29/01/2026 16:23:51.10;0;0;0;0;
29/01/2026 16:25:09.761;0;1;0;0;
29/01/2026 16:25:11.133;0;0;0;0;
29/01/2026 16:25:29.872;0;1;0;0;
29/01/2026 16:25:31.213;0;0;0;0;
29/01/2026 16:27:46.739;0;1;1;0;
29/01/2026 16:27:59.625;0;0;0;0;
29/01/2026 16:34:53.689;0;1;0;0;
29/01/2026 16:34:53.690;1;1;0;0;
29/01/2026 16:34:55.320;1;0;0;0;
29/01/2026 16:35:31.704;1;0;1;0;
29/01/2026 16:35:43.509;1;0;0;0;
29/01/2026 16:36:06.733;0;0;0;0;
29/01/2026 16:36:43.880;0;1;0;0;
29/01/2026 16:36:48.426;0;0;0;0;
29/01/2026 16:37:03.889;0;0;1;0;
29/01/2026 16:37:05.533;0;0;0;0;
29/01/2026 16:37:23.899;0;0;1;0;
29/01/2026 16:37:25.284;0;0;0;0;
29/01/2026 16:37:43.910;0;0;1;0;
29/01/2026 16:37:45.144;0;0;0;0;
29/01/2026 16:38:43.942;0;1;0;0;
29/01/2026 16:38:46.317;0;0;0;0;
29/01/2026 16:39:03.952;0;1;0;0;
29/01/2026 16:39:06.237;0;0;0;0;
29/01/2026 16:39:24.86;0;1;1;0;
29/01/2026 16:39:26.358;0;0;0;0;
29/01/2026 16:39:44.145;0;1;1;0;
29/01/2026 16:39:46.38;0;0;0;0;
29/01/2026 16:40:04.237;0;1;1;0;
29/01/2026 16:40:05.608;0;0;0;0;
29/01/2026 16:40:24.0;0;0;1;0;
29/01/2026 16:40:25.298;0;0;0;0;
29/01/2026 16:43:04.79;0;1;0;0;
29/01/2026 16:43:05.382;0;0;0;0;
29/01/2026 16:43:24.229;0;1;0;0;
29/01/2026 16:43:25.933;0;0;0;0;
29/01/2026 16:43:44.315;0;1;0;0;
29/01/2026 16:43:45.794;0;0;0;0;
29/01/2026 16:44:24.111;0;0;1;0;
29/01/2026 16:44:25.474;0;0;0;0;
29/01/2026 16:44:44.121;0;1;0;0;
29/01/2026 16:44:45.455;0;0;0;0;
29/01/2026 16:45:24.142;0;1;0;0;
29/01/2026 16:45:25.386;0;0;0;0;
29/01/2026 16:45:44.173;0;1;0;0;
29/01/2026 16:45:45.606;0;0;0;0;
29/01/2026 16:46:04.163;0;1;0;0;
29/01/2026 16:46:05.487;0;0;0;0;
29/01/2026 16:47:24.5;0;1;1;0;
29/01/2026 16:47:25.228;0;0;0;0;
29/01/2026 16:49:24.143;0;1;0;0;
29/01/2026 16:49:25.552;0;0;0;0;
29/01/2026 16:49:44.259;0;1;0;0;
29/01/2026 16:49:45.732;0;0;0;0;
29/01/2026 16:50:04.269;0;1;0;0;
29/01/2026 16:50:05.643;0;0;0;0;
29/01/2026 16:50:24.280;0;1;0;0;
29/01/2026 16:50:25.663;0;0;0;0;
29/01/2026 16:51:04.461;0;0;1;0;
29/01/2026 16:51:05.704;0;0;0;0;
29/01/2026 16:52:24.343;0;0;1;0;
29/01/2026 16:52:25.676;0;0;0;0;
29/01/2026 16:52:44.353;0;1;0;0;
29/01/2026 16:52:45.707;0;0;0;0;
29/01/2026 16:53:24.385;0;1;0;0;
29/01/2026 16:53:25.738;0;0;0;0;
29/01/2026 16:54:44.529;0;1;1;0;
29/01/2026 16:54:45.960;0;0;0;0;
29/01/2026 16:55:24.372;0;1;0;0;
29/01/2026 16:55:25.961;0;0;0;0;
29/01/2026 16:55:44.333;0;1;0;0;
29/01/2026 16:55:46.12;0;0;0;0;
29/01/2026 16:56:44.469;0;1;0;0;
29/01/2026 16:56:45.703;0;0;0;0;
29/01/2026 17:00:24.585;0;1;0;0;
29/01/2026 17:00:25.928;0;0;0;0;
29/01/2026 17:01:04.526;0;1;0;0;
29/01/2026 17:01:05.859;0;0;0;0;
29/01/2026 17:04:04.670;0;1;0;0;
29/01/2026 17:04:06.34;0;0;0;0;
29/01/2026 17:06:44.765;0;1;0;0;
29/01/2026 17:06:46.78;0;0;0;0;
29/01/2026 17:08:45.5;0;0;1;0;
29/01/2026 17:08:46.231;0;0;0;0;
29/01/2026 17:09:24.703;0;0;1;0;
29/01/2026 17:09:26.22;0;0;0;0;
29/01/2026 17:18:05.117;0;1;1;0;
29/01/2026 17:18:06.536;0;0;0;0;
29/01/2026 17:18:45.353;0;1;0;0;
29/01/2026 17:18:46.737;0;0;0;0;
29/01/2026 17:21:25.300;0;1;1;0;
29/01/2026 17:21:26.701;0;0;0;0;
29/01/2026 17:22:45.140;0;1;0;0;
29/01/2026 17:22:46.553;0;0;0;0;
29/01/2026 17:27:47.453;0;1;0;0;
29/01/2026 17:27:48.653;0;0;0;0;
29/01/2026 17:28:25.298;0;1;0;0;
29/01/2026 17:28:26.582;0;0;0;0;
29/01/2026 17:29:45.421;0;1;0;0;
29/01/2026 17:29:46.814;0;0;0;0;
29/01/2026 17:31:25.754;0;1;0;0;
29/01/2026 17:31:27.107;0;0;0;0;
29/01/2026 17:31:45.484;0;1;0;0;
29/01/2026 17:31:46.837;0;0;0;0;
29/01/2026 17:32:58.417;1;0;0;0;
29/01/2026 17:32:58.418;1;1;1;0;
29/01/2026 17:33:02.485;1;0;0;0;
29/01/2026 17:33:56.420;0;0;0;0;
29/01/2026 17:34:38.602;0;1;1;0;
29/01/2026 17:34:38.603;1;1;1;0;
29/01/2026 17:34:40.596;1;0;0;0;
29/01/2026 17:34:47.983;0;0;0;0;
29/01/2026 17:34:58.611;0;1;1;0;
29/01/2026 17:34:58.612;1;1;1;0;
29/01/2026 17:35:00.6;1;0;0;0;
29/01/2026 17:35:06.402;0;0;0;0;
29/01/2026 17:35:18.621;0;1;1;0;
29/01/2026 17:35:18.622;1;1;1;0;
29/01/2026 17:35:19.896;1;0;0;0;
29/01/2026 17:35:26.623;0;0;0;0;
29/01/2026 17:35:38.632;0;1;1;0;
29/01/2026 17:35:38.633;1;1;1;0;
29/01/2026 17:35:39.896;1;0;0;0;
29/01/2026 17:35:47.54;0;0;0;0;
29/01/2026 17:35:58.642;0;0;1;0;
29/01/2026 17:35:58.643;1;0;1;0;
29/01/2026 17:35:59.847;1;0;0;0;
29/01/2026 17:36:06.444;0;0;0;0;
29/01/2026 17:36:18.673;0;0;1;0;
29/01/2026 17:36:18.674;1;0;1;0;
29/01/2026 17:36:20.48;1;0;0;0;
29/01/2026 17:36:27.105;0;0;0;0;
29/01/2026 17:36:38.674;0;0;1;0;
29/01/2026 17:36:38.675;1;0;1;0;
29/01/2026 17:36:40.108;1;0;0;0;
29/01/2026 17:36:46.725;0;0;0;0;
29/01/2026 17:36:58.757;1;0;0;0;
29/01/2026 17:36:58.759;1;0;1;0;
29/01/2026 17:36:59.989;1;0;0;0;
29/01/2026 17:37:07.216;0;0;0;0;
29/01/2026 17:37:18.928;0;0;1;0;
29/01/2026 17:37:18.929;1;0;1;0;
29/01/2026 17:37:20.280;1;0;0;0;
29/01/2026 17:37:27.377;0;0;0;0;
29/01/2026 17:37:38.596;0;0;1;0;
29/01/2026 17:37:38.597;1;0;1;0;
29/01/2026 17:37:39.800;1;0;0;0;
29/01/2026 17:37:46.396;0;0;0;0;
29/01/2026 17:37:58.616;0;0;1;0;
29/01/2026 17:37:58.617;1;0;1;0;
29/01/2026 17:37:59.940;1;0;0;0;
29/01/2026 17:38:06.827;0;0;0;0;
29/01/2026 17:38:18.617;0;0;1;0;
29/01/2026 17:38:18.618;1;0;1;0;
29/01/2026 17:38:19.881;1;0;0;0;
29/01/2026 17:38:27.459;0;0;0;0;
29/01/2026 17:38:38.617;0;0;1;0;
29/01/2026 17:38:38.618;1;0;1;0;
29/01/2026 17:38:39.861;1;0;0;0;
29/01/2026 17:38:46.418;0;0;0;0;
29/01/2026 17:38:58.617;0;0;1;0;
29/01/2026 17:38:58.618;1;0;1;0;
29/01/2026 17:38:59.972;1;0;0;0;
29/01/2026 17:39:07.79;0;0;0;0;
29/01/2026 17:39:18.728;0;0;1;0;
29/01/2026 17:39:18.729;1;0;1;0;
29/01/2026 17:39:20.23;1;0;0;0;
29/01/2026 17:39:26.529;0;0;0;0;
29/01/2026 17:39:38.738;0;0;1;0;
29/01/2026 17:39:38.739;1;0;1;0;
29/01/2026 17:39:40.33;1;0;0;0;
29/01/2026 17:39:47.170;0;0;0;0;
29/01/2026 17:39:58.899;0;0;1;0;
29/01/2026 17:39:58.900;1;0;1;0;
29/01/2026 17:40:00.204;1;0;0;0;
29/01/2026 17:40:06.700;0;0;0;0;
29/01/2026 17:40:19.0;0;0;1;0;
29/01/2026 17:40:19.1;1;0;1;0;
29/01/2026 17:40:20.304;1;0;0;0;
29/01/2026 17:40:27.632;0;0;0;0;
29/01/2026 17:40:38.770;0;0;1;0;
29/01/2026 17:40:38.771;1;0;1;0;
29/01/2026 17:40:40.55;1;0;0;0;
29/01/2026 17:40:47.202;0;0;0;0;
29/01/2026 17:40:58.781;0;1;1;0;
29/01/2026 17:40:58.782;1;1;1;0;
29/01/2026 17:41:00.85;1;0;0;0;
29/01/2026 17:41:07.213;0;0;0;0;
29/01/2026 17:41:18.791;0;1;1;0;
29/01/2026 17:41:18.792;1;1;1;0;
29/01/2026 17:41:20.126;1;0;0;0;
29/01/2026 17:41:27.213;0;0;0;0;
29/01/2026 17:41:38.802;0;1;1;0;
29/01/2026 17:41:38.803;1;1;1;0;
29/01/2026 17:41:40.106;1;0;0;0;
29/01/2026 17:41:47.224;0;0;0;0;
29/01/2026 17:41:58.812;0;0;1;0;
29/01/2026 17:41:58.813;1;0;1;0;
29/01/2026 17:42:00.107;1;0;0;0;
29/01/2026 17:42:07.454;0;0;0;0;
29/01/2026 17:42:18.823;0;1;1;0;
29/01/2026 17:42:18.824;1;1;1;0;
29/01/2026 17:42:20.167;1;0;0;0;
29/01/2026 17:42:27.505;0;0;0;0;
29/01/2026 17:42:38.844;0;1;1;0;
29/01/2026 17:42:38.845;1;1;1;0;
29/01/2026 17:42:40.118;1;0;0;0;
29/01/2026 17:42:47.265;0;0;0;0;
29/01/2026 17:42:58.904;0;1;1;0;
29/01/2026 17:42:58.905;1;1;1;0;
29/01/2026 17:43:00.229;1;0;0;0;
29/01/2026 17:43:07.546;0;0;0;0;
29/01/2026 17:43:19.18;0;1;1;0;
29/01/2026 17:43:19.19;1;1;1;0;
29/01/2026 17:43:20.429;1;0;0;0;
29/01/2026 17:43:27.467;0;0;0;0;
29/01/2026 17:43:38.765;0;1;1;0;
29/01/2026 17:43:38.766;1;1;1;0;
29/01/2026 17:43:40.210;1;0;0;0;
29/01/2026 17:43:47.427;0;0;0;0;
29/01/2026 17:43:58.775;0;1;1;0;
29/01/2026 17:43:58.776;1;1;1;0;
29/01/2026 17:44:00.70;1;0;0;0;
29/01/2026 17:44:07.408;0;0;0;0;
29/01/2026 17:44:18.796;0;0;1;0;
29/01/2026 17:44:18.797;1;0;1;0;
29/01/2026 17:44:19.940;1;0;0;0;
29/01/2026 17:44:27.428;0;0;0;0;
29/01/2026 17:44:38.781;0;1;1;0;
29/01/2026 17:44:38.782;1;1;1;0;
29/01/2026 17:44:40.81;1;0;0;0;
29/01/2026 17:44:47.419;0;0;0;0;
29/01/2026 17:44:58.797;0;0;1;0;
29/01/2026 17:44:58.798;1;0;1;0;
29/01/2026 17:45:00.122;1;0;0;0;
29/01/2026 17:45:07.439;0;0;0;0;
29/01/2026 17:45:18.908;0;0;1;0;
29/01/2026 17:45:18.909;1;0;1;0;
29/01/2026 17:45:20.232;1;0;0;0;
29/01/2026 17:45:27.550;0;0;0;0;
29/01/2026 17:45:38.918;0;0;1;0;
29/01/2026 17:45:38.919;1;0;1;0;
29/01/2026 17:45:40.333;1;0;0;0;
29/01/2026 17:45:47.590;0;0;0;0;
29/01/2026 17:45:58.994;0;0;1;0;
29/01/2026 17:45:58.995;1;0;1;0;
29/01/2026 17:46:00.133;1;0;0;0;
29/01/2026 17:46:07.841;0;0;0;0;
29/01/2026 17:46:19.120;0;0;1;0;
29/01/2026 17:46:19.120;1;0;1;0;
29/01/2026 17:46:20.304;1;0;0;0;
29/01/2026 17:46:27.552;0;0;0;0;
29/01/2026 17:46:39.240;0;0;1;0;
29/01/2026 17:46:39.241;1;0;1;0;
29/01/2026 17:46:40.545;1;0;0;0;
29/01/2026 17:46:47.932;0;0;0;0;
29/01/2026 17:46:58.960;0;0;1;0;
29/01/2026 17:46:58.961;1;0;1;0;
29/01/2026 17:47:00.265;1;0;0;0;
29/01/2026 17:47:07.593;0;0;0;0;
29/01/2026 17:47:18.972;0;0;1;0;
29/01/2026 17:47:18.972;1;0;1;0;
29/01/2026 17:47:20.366;1;0;0;0;
29/01/2026 17:47:27.433;0;0;0;0;
29/01/2026 17:47:38.982;0;0;1;0;
29/01/2026 17:47:38.983;1;0;1;0;
29/01/2026 17:47:40.136;1;0;0;0;
29/01/2026 17:47:47.414;0;0;0;0;
29/01/2026 17:47:58.992;0;0;1;0;
29/01/2026 17:47:58.993;1;0;1;0;
29/01/2026 17:48:00.307;1;0;0;0;
29/01/2026 17:48:07.434;0;0;0;0;
29/01/2026 17:48:19.3;0;0;1;0;
29/01/2026 17:48:19.4;1;0;1;0;
29/01/2026 17:48:20.157;1;0;0;0;
29/01/2026 17:48:27.455;0;0;0;0;
29/01/2026 17:48:39.33;0;0;1;0;
29/01/2026 17:48:39.34;1;0;1;0;
29/01/2026 17:48:40.308;1;0;0;0;
29/01/2026 17:48:47.495;0;0;0;0;
29/01/2026 17:48:59.118;0;0;1;0;
29/01/2026 17:48:59.119;1;0;1;0;
29/01/2026 17:49:00.348;1;0;0;0;
29/01/2026 17:49:06.915;0;0;0;0;
29/01/2026 17:49:21.177;0;0;1;0;
29/01/2026 17:49:21.178;1;0;1;0;
29/01/2026 17:49:22.321;1;0;0;0;
29/01/2026 17:49:29.809;0;0;0;0;
29/01/2026 17:49:38.940;0;0;1;0;
29/01/2026 17:49:38.941;1;0;1;0;
29/01/2026 17:49:40.199;1;0;0;0;
29/01/2026 17:49:47.737;0;0;0;0;
29/01/2026 17:49:58.955;0;0;1;0;
29/01/2026 17:49:58.956;1;0;1;0;
29/01/2026 17:50:00.160;1;0;0;0;
29/01/2026 17:50:06.747;0;0;0;0;
29/01/2026 17:50:18.976;0;0;1;0;
29/01/2026 17:50:18.977;1;0;1;0;
29/01/2026 17:50:20.270;1;0;0;0;
29/01/2026 17:50:27.398;0;0;0;0;
29/01/2026 17:50:38.967;0;0;1;0;
29/01/2026 17:50:38.968;1;0;1;0;
29/01/2026 17:50:40.111;1;0;0;0;
29/01/2026 17:50:47.769;0;0;0;0;
29/01/2026 17:50:58.962;0;0;1;0;
29/01/2026 17:50:58.963;1;0;1;0;
29/01/2026 17:51:00.262;1;0;0;0;
29/01/2026 17:51:06.758;0;0;0;0;
29/01/2026 17:51:19.78;0;0;1;0;
29/01/2026 17:51:19.78;1;0;1;0;
29/01/2026 17:51:20.432;1;0;0;0;
29/01/2026 17:51:27.540;0;0;0;0;
29/01/2026 17:51:38.983;0;0;1;0;
29/01/2026 17:51:40.283;0;0;0;0;
29/01/2026 17:51:59.134;1;0;0;0;
29/01/2026 17:51:59.135;1;0;1;0;
29/01/2026 17:52:00.393;1;0;0;0;
29/01/2026 17:52:07.941;0;0;0;0;
29/01/2026 17:52:19.254;0;0;1;0;
29/01/2026 17:52:20.554;0;0;0;0;
29/01/2026 17:52:39.445;0;0;1;0;
29/01/2026 17:52:40.595;0;0;0;0;
29/01/2026 17:52:59.130;1;0;0;0;
29/01/2026 17:52:59.131;1;0;1;0;
29/01/2026 17:53:00.415;1;0;0;0;
29/01/2026 17:53:07.943;0;0;0;0;
29/01/2026 17:53:19.141;0;0;1;0;
29/01/2026 17:53:20.295;0;0;0;0;
29/01/2026 17:53:39.151;1;0;0;0;
29/01/2026 17:53:39.152;1;0;1;0;
29/01/2026 17:53:40.456;1;0;0;0;
29/01/2026 17:53:58.755;0;0;0;0;
29/01/2026 17:53:59.162;0;0;1;0;
29/01/2026 17:54:00.487;0;0;0;0;
29/01/2026 17:54:19.173;1;0;0;0;
29/01/2026 17:54:19.174;1;0;1;0;
29/01/2026 17:54:20.317;1;0;0;0;
29/01/2026 17:54:26.974;0;0;0;0;
29/01/2026 17:54:39.203;0;0;1;0;
29/01/2026 17:54:40.338;0;0;0;0;
29/01/2026 17:54:59.198;1;0;0;0;
29/01/2026 17:54:59.199;1;0;1;0;
29/01/2026 17:55:00.338;1;0;0;0;
29/01/2026 17:55:08.457;0;0;0;0;
29/01/2026 17:55:21.325;0;0;1;0;
29/01/2026 17:55:21.326;1;0;1;0;
29/01/2026 17:55:22.471;1;0;0;0;
29/01/2026 17:55:39.110;1;0;1;0;
29/01/2026 17:55:40.239;1;0;0;0;
29/01/2026 17:55:40.700;0;0;0;0;
29/01/2026 17:55:59.125;0;0;1;0;
29/01/2026 17:55:59.126;1;0;1;0;
29/01/2026 17:56:00.360;1;0;0;0;
29/01/2026 17:56:08.388;0;0;0;0;
29/01/2026 17:56:19.146;0;0;1;0;
29/01/2026 17:56:19.147;1;0;1;0;
29/01/2026 17:56:20.440;1;0;0;0;
29/01/2026 17:56:27.948;0;0;0;0;
29/01/2026 17:56:39.136;0;0;1;0;
29/01/2026 17:56:39.137;1;0;1;0;
29/01/2026 17:56:40.281;1;0;0;0;
29/01/2026 17:56:58.720;0;0;0;0;
29/01/2026 17:56:59.147;0;0;1;0;
29/01/2026 17:56:59.148;1;0;1;0;
29/01/2026 17:57:00.502;1;0;0;0;
29/01/2026 17:57:08.450;0;0;0;0;
29/01/2026 17:57:19.157;0;0;1;0;
29/01/2026 17:57:19.158;1;0;1;0;
29/01/2026 17:57:20.302;1;0;0;0;
29/01/2026 17:57:38.340;0;0;0;0;
29/01/2026 17:57:39.268;0;0;1;0;
29/01/2026 17:57:39.269;1;0;1;0;
29/01/2026 17:57:40.413;1;0;0;0;
29/01/2026 17:57:48.331;0;0;0;0;
29/01/2026 17:57:59.299;0;0;1;0;
29/01/2026 17:57:59.300;1;0;1;0;
29/01/2026 17:58:00.503;1;0;0;0;
29/01/2026 17:58:18.672;0;0;0;0;
29/01/2026 17:58:19.414;0;0;1;0;
29/01/2026 17:58:19.415;1;0;1;0;
29/01/2026 17:58:20.654;1;0;0;0;
29/01/2026 17:58:28.672;0;0;0;0;
29/01/2026 17:58:39.545;0;0;1;0;
29/01/2026 17:58:39.546;1;0;1;0;
29/01/2026 17:58:40.795;1;0;0;0;
29/01/2026 17:58:58.923;0;0;0;0;
29/01/2026 17:58:59.310;0;0;1;0;
29/01/2026 17:58:59.311;1;0;1;0;
29/01/2026 17:59:00.645;1;0;0;0;
29/01/2026 17:59:08.363;0;0;0;0;
29/01/2026 17:59:19.321;0;0;1;0;
29/01/2026 17:59:19.322;1;0;1;0;
29/01/2026 17:59:20.475;1;0;0;0;
29/01/2026 17:59:38.484;0;0;0;0;
29/01/2026 17:59:39.331;0;0;1;0;
29/01/2026 17:59:39.333;1;0;1;0;
29/01/2026 17:59:40.756;1;0;0;0;
29/01/2026 17:59:48.464;0;0;0;0;
29/01/2026 17:59:59.352;0;0;1;0;
29/01/2026 17:59:59.353;1;0;1;0;
29/01/2026 18:00:00.497;1;0;0;0;
29/01/2026 18:00:18.515;0;0;0;0;
29/01/2026 18:00:19.353;0;0;1;0;
29/01/2026 18:00:19.353;1;0;1;0;
29/01/2026 18:00:20.677;1;0;0;0;
29/01/2026 18:00:28.425;0;0;0;0;
29/01/2026 18:00:39.394;0;0;1;0;
29/01/2026 18:00:39.395;1;0;1;0;
29/01/2026 18:00:40.528;1;0;0;0;
29/01/2026 18:00:58.576;0;0;0;0;
29/01/2026 18:00:59.377;0;0;1;0;
29/01/2026 18:00:59.378;1;0;1;0;
29/01/2026 18:01:00.698;1;0;0;0;
29/01/2026 18:01:08.637;0;0;0;0;
29/01/2026 18:01:19.498;0;0;1;0;
29/01/2026 18:01:19.499;1;0;1;0;
29/01/2026 18:01:20.639;1;0;0;0;
29/01/2026 18:01:28.297;0;0;0;0;
29/01/2026 18:01:39.295;0;0;1;0;
29/01/2026 18:01:39.296;1;0;1;0;
29/01/2026 18:01:40.459;1;0;0;0;
29/01/2026 18:01:58.658;0;0;0;0;
29/01/2026 18:01:59.305;0;0;1;0;
29/01/2026 18:01:59.306;1;0;1;0;
29/01/2026 18:02:00.470;1;0;0;0;
29/01/2026 18:02:08.558;0;0;0;0;
29/01/2026 18:02:19.326;0;0;1;0;
29/01/2026 18:02:19.327;1;0;1;0;
29/01/2026 18:02:20.460;1;0;0;0;
29/01/2026 18:02:38.689;0;0;0;0;
29/01/2026 18:02:39.316;0;1;1;0;
29/01/2026 18:02:39.317;1;1;1;0;
29/01/2026 18:02:40.571;1;0;0;0;
29/01/2026 18:02:48.569;0;0;0;0;
29/01/2026 18:02:59.327;0;1;1;0;
29/01/2026 18:02:59.328;1;1;1;0;
29/01/2026 18:03:00.622;1;0;0;0;
29/01/2026 18:03:08.139;0;0;0;0;
29/01/2026 18:03:19.337;0;1;1;0;
29/01/2026 18:03:19.338;1;1;1;0;
29/01/2026 18:03:20.662;1;0;0;0;
29/01/2026 18:03:38.721;0;0;0;0;
29/01/2026 18:03:39.448;0;0;1;0;
29/01/2026 18:03:39.449;1;0;1;0;
29/01/2026 18:03:40.833;1;0;0;0;
29/01/2026 18:03:48.751;0;0;0;0;
29/01/2026 18:03:59.509;0;1;1;0;
29/01/2026 18:03:59.510;1;1;1;0;
29/01/2026 18:04:00.813;1;0;0;0;
29/01/2026 18:04:18.662;0;0;0;0;
29/01/2026 18:04:19.690;0;1;1;0;
29/01/2026 18:04:19.691;1;1;1;0;
29/01/2026 18:04:21.84;1;0;0;0;
29/01/2026 18:04:28.782;0;0;0;0;
29/01/2026 18:04:39.760;0;1;1;0;
29/01/2026 18:04:39.761;1;1;1;0;
29/01/2026 18:04:44.98;1;0;0;0;
29/01/2026 18:04:49.492;1;1;1;0;
29/01/2026 18:04:50.885;1;0;0;0;
29/01/2026 18:04:57.389;1;1;1;0;
29/01/2026 18:04:58.523;1;0;0;0;
29/01/2026 18:05:07.388;1;1;1;0;
29/01/2026 18:05:08.523;1;0;0;0;
29/01/2026 18:05:17.388;1;1;1;0;
29/01/2026 18:05:18.533;1;0;0;0;
29/01/2026 18:05:27.389;1;1;1;0;
29/01/2026 18:05:28.533;1;0;0;0;
29/01/2026 18:05:37.389;1;1;1;0;
29/01/2026 18:05:38.534;1;0;0;0;
29/01/2026 18:05:47.389;1;1;1;0;
29/01/2026 18:05:48.534;1;0;0;0;
29/01/2026 18:05:56.342;0;0;0;0;
29/01/2026 18:06:39.595;0;1;1;0;
29/01/2026 18:06:44.401;0;0;0;0;
29/01/2026 18:06:59.617;0;1;1;0;
29/01/2026 18:07:01.799;0;0;0;0;
29/01/2026 18:07:19.738;0;1;0;0;
29/01/2026 18:07:21.620;0;0;0;0;
29/01/2026 18:07:39.515;0;0;1;0;
29/01/2026 18:07:40.980;0;0;0;0;
29/01/2026 18:07:59.526;0;0;1;0;
29/01/2026 18:08:00.840;0;0;0;0;
29/01/2026 18:08:19.547;0;1;1;0;
29/01/2026 18:08:20.921;0;0;0;0;
29/01/2026 18:08:59.537;0;1;0;0;
29/01/2026 18:09:00.942;0;0;0;0;
29/01/2026 18:09:19.549;0;0;1;0;
29/01/2026 18:09:20.922;0;0;0;0;
29/01/2026 18:11:39.722;0;1;0;0;
29/01/2026 18:11:41.116;0;0;0;0;
29/01/2026 18:13:39.680;0;1;0;0;
29/01/2026 18:13:40.999;0;0;0;0;
29/01/2026 18:15:19.818;0;1;0;0;
29/01/2026 18:15:21.192;0;0;0;0;
29/01/2026 18:15:39.829;0;1;0;0;
29/01/2026 18:15:41.113;0;0;0;0;
29/01/2026 18:16:00.19;0;1;0;0;
29/01/2026 18:16:01.274;0;0;0;0;
29/01/2026 18:16:20.70;0;1;0;0;
29/01/2026 18:16:21.464;0;0;0;0;
29/01/2026 18:16:59.891;0;1;0;0;
29/01/2026 18:17:01.145;0;0;0;0;
29/01/2026 18:17:39.887;0;1;0;0;
29/01/2026 18:17:41.226;0;0;0;0;
29/01/2026 18:17:59.903;0;1;0;0;
29/01/2026 18:18:01.167;0;0;0;0;
29/01/2026 18:18:39.944;0;1;0;0;
29/01/2026 18:18:41.198;0;0;0;0;
29/01/2026 18:19:20.138;0;1;0;0;
29/01/2026 18:19:21.489;0;0;0;0;
29/01/2026 18:19:39.855;0;1;0;0;
29/01/2026 18:19:41.169;0;0;0;0;
29/01/2026 18:20:39.877;0;1;0;0;
29/01/2026 18:20:41.281;0;0;0;0;
29/01/2026 18:20:59.878;0;1;0;0;
29/01/2026 18:21:01.162;0;0;0;0;
29/01/2026 18:23:20.47;0;0;1;0;
29/01/2026 18:23:21.286;0;0;0;0;
29/01/2026 18:23:40.63;0;0;1;0;
29/01/2026 18:23:41.396;0;0;0;0;
29/01/2026 18:24:20.83;0;1;0;0;
29/01/2026 18:24:21.347;0;0;0;0;
29/01/2026 18:26:00.36;0;1;0;0;
29/01/2026 18:26:01.500;0;0;0;0;
29/01/2026 18:26:40.57;0;1;0;0;
29/01/2026 18:26:41.401;0;0;0;0;
29/01/2026 18:27:00.48;0;1;0;0;
29/01/2026 18:27:01.452;0;0;0;0;
29/01/2026 18:27:20.158;0;1;0;0;
29/01/2026 18:27:21.412;0;0;0;0;
29/01/2026 18:28:20.440;0;1;0;0;
29/01/2026 18:28:21.894;0;0;0;0;
29/01/2026 18:28:40.200;0;1;0;0;
29/01/2026 18:28:41.535;0;0;0;0;
29/01/2026 18:29:40.233;0;1;0;0;
29/01/2026 18:29:41.706;0;0;0;0;
29/01/2026 18:30:00.253;0;1;0;0;
29/01/2026 18:30:01.637;0;0;0;0;
29/01/2026 18:31:20.180;0;1;0;0;
29/01/2026 18:31:21.409;0;0;0;0;
29/01/2026 18:32:20.226;0;0;1;0;
29/01/2026 18:32:21.481;0;0;0;0;
29/01/2026 18:32:40.217;0;0;1;0;
29/01/2026 18:32:41.531;0;0;0;0;
29/01/2026 18:34:00.479;0;1;0;0;
29/01/2026 18:34:01.874;0;0;0;0;
29/01/2026 18:34:40.370;0;1;0;0;
29/01/2026 18:34:41.644;0;0;0;0;
29/01/2026 18:36:20.424;0;1;1;0;
29/01/2026 18:36:21.757;0;0;0;0;
29/01/2026 18:36:40.497;0;1;0;0;
29/01/2026 18:36:41.788;0;0;0;0;
29/01/2026 18:37:20.648;0;0;1;0;
29/01/2026 18:37:21.889;0;0;0;0;
29/01/2026 18:38:00.376;0;1;0;0;
29/01/2026 18:38:01.660;0;0;0;0;
29/01/2026 18:38:20.396;0;1;0;0;
29/01/2026 18:38:21.650;0;0;0;0;
29/01/2026 18:40:20.800;0;0;1;0;
29/01/2026 18:40:22.14;0;0;0;0;
29/01/2026 18:40:40.830;0;1;0;0;
29/01/2026 18:40:42.104;0;0;0;0;
29/01/2026 18:41:00.551;0;0;1;0;
29/01/2026 18:41:01.705;0;0;0;0;
29/01/2026 18:41:20.551;0;0;1;0;
29/01/2026 18:41:21.795;0;0;0;0;
29/01/2026 18:41:40.557;0;0;1;0;
29/01/2026 18:41:41.706;0;0;0;0;
29/01/2026 18:42:20.583;0;1;0;0;
29/01/2026 18:42:21.967;0;0;0;0;
29/01/2026 18:42:40.594;0;1;0;0;
29/01/2026 18:42:42.218;0;0;0;0;
29/01/2026 18:43:00.614;0;1;0;0;
29/01/2026 18:43:02.28;0;0;0;0;
29/01/2026 18:43:20.707;0;1;0;0;
29/01/2026 18:43:22.48;0;0;0;0;
29/01/2026 18:46:00.678;0;1;0;0;
29/01/2026 18:46:02.113;0;0;0;0;
29/01/2026 18:46:40.824;0;1;0;0;
29/01/2026 18:46:42.174;0;0;0;0;
29/01/2026 18:47:00.965;0;1;0;0;
29/01/2026 18:47:02.204;0;0;0;0;
29/01/2026 18:47:52.743;0;1;1;0;
29/01/2026 18:48:05.459;0;0;0;0;
29/01/2026 19:47:14.167;1;0;0;0;
29/01/2026 19:47:14.168;1;1;0;0;
29/01/2026 19:47:15.789;1;0;0;0;
29/01/2026 19:47:52.158;1;0;1;0;
29/01/2026 19:48:04.699;1;0;0;0;
29/01/2026 19:48:25.280;0;0;0;0;
29/01/2026 19:49:07.233;0;1;1;0;
29/01/2026 19:49:13.189;0;0;0;0;
29/01/2026 19:49:25.665;0;0;1;0;
29/01/2026 19:49:26.873;0;0;0;0;
29/01/2026 19:50:04.309;0;0;1;0;
29/01/2026 19:50:05.503;0;0;0;0;
29/01/2026 19:51:04.340;0;1;0;0;
29/01/2026 19:51:06.125;0;0;0;0;
29/01/2026 19:51:24.361;0;1;0;0;
29/01/2026 19:51:26.676;0;0;0;0;
29/01/2026 19:51:44.361;0;1;1;0;
29/01/2026 19:51:46.226;0;0;0;0;
29/01/2026 19:52:24.413;0;1;0;0;
29/01/2026 19:52:25.887;0;0;0;0;
29/01/2026 19:55:24.357;0;1;0;0;
29/01/2026 19:55:26.32;0;0;0;0;
29/01/2026 19:57:04.553;0;1;0;0;
29/01/2026 19:57:06.175;0;0;0;0;
29/01/2026 19:58:04.820;0;0;1;0;
29/01/2026 19:58:06.206;0;0;0;0;
29/01/2026 20:00:04.505;0;1;0;0;
29/01/2026 20:00:06.59;0;0;0;0;
29/01/2026 20:02:24.659;0;0;1;0;
29/01/2026 20:02:25.913;0;0;0;0;
29/01/2026 20:02:44.669;0;0;1;0;
29/01/2026 20:02:46.23;0;0;0;0;
29/01/2026 20:03:44.701;0;1;0;0;
29/01/2026 20:03:46.245;0;0;0;0;
29/01/2026 20:05:44.897;0;1;0;0;
29/01/2026 20:05:46.468;0;0;0;0;
29/01/2026 20:08:04.717;0;0;1;0;
29/01/2026 20:08:05.851;0;0;0;0;
29/01/2026 20:08:24.828;0;0;1;0;
29/01/2026 20:08:26.112;0;0;0;0;
29/01/2026 20:08:44.758;0;1;0;0;
29/01/2026 20:08:46.323;0;0;0;0;
29/01/2026 20:10:44.902;0;1;0;0;
29/01/2026 20:10:46.476;0;0;0;0;
29/01/2026 20:13:25.107;0;1;0;0;
29/01/2026 20:13:26.720;0;0;0;0;
29/01/2026 20:13:45.199;0;1;0;0;
29/01/2026 20:13:46.841;0;0;0;0;
29/01/2026 20:14:04.897;0;1;1;0;
29/01/2026 20:14:06.691;0;0;0;0;
29/01/2026 20:16:05.40;0;1;0;0;
29/01/2026 20:16:06.604;0;0;0;0;
29/01/2026 20:26:46.277;0;1;0;0;
29/01/2026 20:26:48.11;0;0;0;0;
29/01/2026 20:27:25.455;0;0;1;0;
29/01/2026 20:27:26.591;0;0;0;0;
29/01/2026 20:27:45.257;0;0;1;0;
29/01/2026 20:27:46.511;0;0;0;0;
29/01/2026 20:28:45.379;0;1;0;0;
29/01/2026 20:28:46.933;0;0;0;0;
29/01/2026 20:31:25.463;0;0;1;0;
29/01/2026 20:31:26.937;0;0;0;0;
29/01/2026 20:32:05.504;0;0;1;0;
29/01/2026 20:32:07.18;0;0;0;0;
29/01/2026 20:32:25.394;0;1;1;0;
29/01/2026 20:32:27.39;0;0;0;0;
29/01/2026 20:32:45.405;0;1;1;0;
29/01/2026 20:32:48.310;0;0;0;0;
29/01/2026 20:33:05.415;0;1;1;0;
29/01/2026 20:33:07.180;0;0;0;0;
29/01/2026 20:33:25.426;0;1;1;0;
29/01/2026 20:33:29.22;0;0;0;0;
29/01/2026 20:33:45.519;0;1;1;0;
29/01/2026 20:33:48.933;0;0;0;0;
29/01/2026 20:34:05.627;0;1;1;0;
29/01/2026 20:34:08.192;0;0;0;0;
29/01/2026 20:34:25.432;0;1;1;0;
29/01/2026 20:34:27.712;0;0;0;0;
29/01/2026 20:34:45.448;0;1;1;0;
29/01/2026 20:34:47.973;0;0;0;0;
29/01/2026 20:35:05.558;0;1;1;0;
29/01/2026 20:35:07.653;0;0;0;0;
29/01/2026 20:35:25.569;0;1;1;0;
29/01/2026 20:35:27.584;0;0;0;0;
29/01/2026 20:35:45.579;0;1;0;0;
29/01/2026 20:35:47.774;0;0;0;0;
29/01/2026 20:36:05.590;0;1;1;0;
29/01/2026 20:36:07.424;0;0;0;0;
29/01/2026 20:36:25.600;0;0;1;0;
29/01/2026 20:36:26.874;0;0;0;0;
29/01/2026 20:36:45.611;0;1;0;0;
29/01/2026 20:36:47.155;0;0;0;0;
29/01/2026 20:56:06.182;0;1;0;0;
29/01/2026 20:56:07.815;0;0;0;0;
29/01/2026 20:56:46.397;0;1;0;0;
29/01/2026 20:56:47.987;0;0;0;0;
29/01/2026 20:58:26.155;0;1;0;0;
29/01/2026 20:58:27.739;0;0;0;0;
29/01/2026 20:59:46.308;0;1;0;0;
29/01/2026 20:59:47.831;0;0;0;0;
29/01/2026 21:04:06.434;0;1;0;0;
29/01/2026 21:04:08.78;0;0;0;0;
29/01/2026 21:05:26.356;0;1;0;0;
29/01/2026 21:05:27.880;0;0;0;0;
29/01/2026 21:10:26.594;0;0;1;0;
29/01/2026 21:10:27.938;0;0;0;0;
29/01/2026 21:28:12.341;1;0;0;0;
29/01/2026 21:28:12.342;1;1;1;0;
29/01/2026 21:28:17.306;1;0;0;0;
29/01/2026 21:28:20.17;1;1;1;0;
29/01/2026 21:28:21.160;1;0;0;0;
29/01/2026 21:28:30.16;1;1;1;0;
29/01/2026 21:28:31.421;1;0;0;0;
29/01/2026 21:28:40.16;1;1;1;0;
29/01/2026 21:28:41.151;1;0;0;0;
29/01/2026 21:28:50.16;1;1;1;0;
29/01/2026 21:28:51.151;1;0;0;0;
29/01/2026 21:29:00.17;1;1;1;0;
29/01/2026 21:29:01.151;1;0;0;0;
29/01/2026 21:29:10.17;1;1;1;0;
29/01/2026 21:29:11.151;1;0;0;0;
29/01/2026 21:29:22.814;0;0;0;0;
29/01/2026 21:30:02.233;0;1;1;0;
29/01/2026 21:30:06.428;0;0;0;0;
29/01/2026 21:30:22.282;0;1;1;0;
29/01/2026 21:30:23.996;0;0;0;0;
29/01/2026 21:30:42.282;0;1;1;0;
29/01/2026 21:30:43.817;0;0;0;0;
29/01/2026 21:32:02.175;0;1;1;0;
29/01/2026 21:32:03.639;0;0;0;0;
29/01/2026 21:33:02.216;0;1;0;0;
29/01/2026 21:33:03.650;0;0;0;0;
29/01/2026 21:34:02.461;0;0;1;0;
29/01/2026 21:34:03.602;0;0;0;0;
29/01/2026 21:34:22.577;0;0;1;0;
29/01/2026 21:34:23.863;0;0;0;0;
29/01/2026 21:35:02.349;0;1;0;0;
29/01/2026 21:35:03.954;0;0;0;0;
29/01/2026 21:35:42.371;0;0;1;0;
29/01/2026 21:35:43.825;0;0;0;0;
29/01/2026 21:36:22.392;0;0;1;0;
29/01/2026 21:36:23.726;0;0;0;0;
29/01/2026 21:36:42.433;0;1;0;0;
29/01/2026 21:36:43.937;0;0;0;0;
29/01/2026 21:37:22.694;0;0;1;0;
29/01/2026 21:37:23.908;0;0;0;0;
29/01/2026 21:39:02.386;0;1;0;0;
29/01/2026 21:39:03.940;0;0;0;0;
29/01/2026 21:40:02.625;0;1;0;0;
29/01/2026 21:40:04.122;0;0;0;0;
29/01/2026 21:41:22.540;0;1;0;0;
29/01/2026 21:41:24.144;0;0;0;0;
29/01/2026 21:42:42.623;0;0;1;0;
29/01/2026 21:42:44.37;0;0;0;0;
29/01/2026 21:43:02.893;0;1;0;0;
29/01/2026 21:43:04.407;0;0;0;0;
29/01/2026 21:43:22.874;0;0;1;0;
29/01/2026 21:43:24.238;0;0;0;0;
29/01/2026 21:47:42.721;0;1;0;0;
29/01/2026 21:47:44.295;0;0;0;0;
29/01/2026 21:49:42.784;0;1;0;0;
29/01/2026 21:49:44.278;0;0;0;0;
29/01/2026 21:52:42.860;0;1;0;0;
29/01/2026 21:52:44.423;0;0;0;0;
29/01/2026 21:56:02.865;0;1;0;0;
29/01/2026 21:56:04.509;0;0;0;0;
29/01/2026 21:56:42.886;0;1;0;0;
29/01/2026 21:56:44.470;0;0;0;0;
29/01/2026 21:57:43.130;0;1;0;0;
29/01/2026 21:57:44.662;0;0;0;0;
29/01/2026 21:58:03.252;0;1;0;0;
29/01/2026 21:58:04.843;0;0;0;0;
29/01/2026 22:02:02.945;0;1;0;0;
29/01/2026 22:02:04.559;0;0;0;0;
29/01/2026 22:02:23.55;0;0;1;0;
29/01/2026 22:02:24.249;0;0;0;0;
29/01/2026 22:02:43.109;0;1;1;0;
29/01/2026 22:02:44.660;0;0;0;0;
29/01/2026 22:04:23.249;0;0;1;0;
29/01/2026 22:04:24.653;0;0;0;0;
29/01/2026 22:05:03.230;0;1;0;0;
29/01/2026 22:05:04.954;0;0;0;0;
29/01/2026 22:05:23.240;0;1;1;0;
29/01/2026 22:05:24.905;0;0;0;0;
29/01/2026 22:07:03.303;0;1;0;0;
29/01/2026 22:07:04.778;0;0;0;0;
29/01/2026 22:08:43.287;0;1;0;0;
29/01/2026 22:08:45.21;0;0;0;0;
29/01/2026 22:09:03.318;0;1;0;0;
29/01/2026 22:09:04.881;0;0;0;0;
29/01/2026 22:13:23.484;0;1;0;0;
29/01/2026 22:13:25.88;0;0;0;0;
29/01/2026 22:17:03.590;0;1;0;0;
29/01/2026 22:17:05.194;0;0;0;0;
29/01/2026 22:19:03.663;0;0;1;0;
29/01/2026 22:19:04.797;0;0;0;0;
29/01/2026 22:19:23.644;0;0;1;0;
29/01/2026 22:19:24.888;0;0;0;0;
29/01/2026 22:20:43.597;0;0;1;0;
29/01/2026 22:20:44.970;0;0;0;0;
29/01/2026 22:21:43.593;0;0;1;0;
29/01/2026 22:21:44.912;0;0;0;0;
29/01/2026 22:23:23.751;0;1;0;0;
29/01/2026 22:23:25.355;0;0;0;0;
29/01/2026 22:27:23.960;0;1;0;0;
29/01/2026 22:27:25.462;0;0;0;0;
29/01/2026 22:30:03.932;0;1;0;0;
29/01/2026 22:30:05.506;0;0;0;0;
29/01/2026 22:32:43.926;0;1;0;0;
29/01/2026 22:32:45.420;0;0;0;0;
29/01/2026 22:33:04.121;0;0;1;0;
29/01/2026 22:33:05.331;0;0;0;0;
29/01/2026 22:33:24.99;0;0;1;0;
29/01/2026 22:33:25.421;0;0;0;0;
29/01/2026 22:35:44.91;0;1;0;0;
29/01/2026 22:35:45.745;0;0;0;0;
29/01/2026 22:36:04.97;0;0;1;0;
29/01/2026 22:36:05.516;0;0;0;0;
29/01/2026 22:37:04.413;0;0;1;0;
29/01/2026 22:37:05.748;0;0;0;0;
29/01/2026 22:39:04.106;0;1;0;0;
29/01/2026 22:39:05.841;0;0;0;0;
29/01/2026 22:39:44.320;0;0;1;0;
29/01/2026 22:39:45.462;0;0;0;0;
29/01/2026 22:40:04.433;0;0;1;0;
29/01/2026 22:40:05.692;0;0;0;0;
29/01/2026 22:40:44.239;0;1;0;0;
29/01/2026 22:40:45.934;0;0;0;0;
29/01/2026 22:44:44.265;0;0;1;0;
29/01/2026 22:44:45.610;0;0;0;0;
29/01/2026 22:51:24.466;0;1;0;0;
29/01/2026 22:51:26.50;0;0;0;0;
29/01/2026 22:51:44.487;0;0;1;0;
29/01/2026 22:51:45.740;0;0;0;0;
29/01/2026 22:52:04.481;0;0;1;0;
29/01/2026 22:52:05.771;0;0;0;0;
29/01/2026 22:52:26.599;0;0;1;0;
29/01/2026 22:52:27.954;0;0;0;0;
29/01/2026 22:52:44.701;0;1;0;0;
29/01/2026 22:52:46.322;0;0;0;0;
29/01/2026 22:53:24.609;0;0;1;0;
29/01/2026 22:53:25.983;0;0;0;0;
29/01/2026 22:58:24.676;0;0;1;0;
29/01/2026 22:58:26.21;0;0;0;0;
29/01/2026 22:58:44.667;0;1;0;0;
29/01/2026 22:58:46.221;0;0;0;0;
29/01/2026 22:59:44.899;0;1;0;0;
29/01/2026 22:59:46.543;0;0;0;0;
29/01/2026 23:02:04.862;0;1;0;0;
29/01/2026 23:02:06.366;0;0;0;0;
29/01/2026 23:02:36.784;1;0;0;0;
29/01/2026 23:02:36.785;1;1;1;0;
29/01/2026 23:02:48.850;1;0;0;0;
29/01/2026 23:03:19.381;0;0;0;0;
29/01/2026 23:35:03.646;1;0;0;0;
29/01/2026 23:35:41.502;1;0;1;0;
29/01/2026 23:35:54.418;1;0;0;0;
29/01/2026 23:36:16.121;0;0;0;0;
29/01/2026 23:36:53.818;0;1;1;0;
29/01/2026 23:36:59.245;0;0;0;0;
29/01/2026 23:37:13.586;0;0;1;0;
29/01/2026 23:37:15.111;0;0;0;0;
29/01/2026 23:37:33.607;0;0;1;0;
29/01/2026 23:37:34.891;0;0;0;0;
29/01/2026 23:38:33.609;0;0;1;0;
29/01/2026 23:38:35.73;0;0;0;0;
29/01/2026 23:39:13.730;0;1;0;0;
29/01/2026 23:39:16.175;0;0;0;0;
29/01/2026 23:39:33.740;0;1;0;0;
29/01/2026 23:39:35.966;0;0;0;0;
29/01/2026 23:39:53.751;0;1;0;0;
29/01/2026 23:39:55.235;0;0;0;0;
29/01/2026 23:41:14.66;0;0;1;0;
29/01/2026 23:41:15.337;0;0;0;0;
29/01/2026 23:42:33.835;0;1;1;0;
29/01/2026 23:42:35.299;0;0;0;0;
29/01/2026 23:42:53.746;0;0;1;0;
29/01/2026 23:42:54.970;0;0;0;0;
29/01/2026 23:44:13.798;0;0;1;0;
29/01/2026 23:44:15.52;0;0;0;0;
29/01/2026 23:44:33.888;0;1;0;0;
29/01/2026 23:44:35.503;0;0;0;0;
29/01/2026 23:45:33.900;0;0;1;0;
29/01/2026 23:45:35.214;0;0;0;0;
29/01/2026 23:46:53.942;0;1;0;0;
29/01/2026 23:46:55.626;0;0;0;0;
29/01/2026 23:48:34.67;0;1;0;0;
29/01/2026 23:48:35.619;0;0;0;0;
29/01/2026 23:48:54.166;0;1;1;0;
29/01/2026 23:48:55.870;0;0;0;0;
29/01/2026 23:49:13.910;0;0;1;0;
29/01/2026 23:49:15.49;0;0;0;0;
29/01/2026 23:49:33.926;0;1;0;0;
29/01/2026 23:49:35.360;0;0;0;0;
29/01/2026 23:50:13.947;0;1;0;0;
29/01/2026 23:50:15.501;0;0;0;0;
29/01/2026 23:50:53.958;0;1;0;0;
29/01/2026 23:50:55.573;0;0;0;0;
29/01/2026 23:51:54.225;0;1;0;0;
29/01/2026 23:51:56.205;0;0;0;0;
29/01/2026 23:52:34.246;0;1;1;0;
29/01/2026 23:52:35.845;0;0;0;0;
29/01/2026 23:52:54.522;0;1;0;0;
29/01/2026 23:52:56.126;0;0;0;0;
29/01/2026 23:53:14.122;0;0;1;0;
29/01/2026 23:53:15.276;0;0;0;0;
29/01/2026 23:53:34.132;0;1;1;0;
29/01/2026 23:53:35.977;0;0;0;0;
29/01/2026 23:55:14.195;0;0;1;0;
29/01/2026 23:55:15.589;0;0;0;0;
29/01/2026 23:56:34.421;0;0;1;0;
29/01/2026 23:56:35.731;0;0;0;0;
30/01/2026 00:00:54.333;0;1;0;0;
30/01/2026 00:00:56.138;0;0;0;0;
30/01/2026 00:02:34.289;0;0;1;0;
30/01/2026 00:02:35.450;0;0;0;0;
30/01/2026 00:02:54.567;0;1;0;0;
30/01/2026 00:02:56.331;0;0;0;0;
30/01/2026 00:07:34.513;0;1;0;0;
30/01/2026 00:07:36.18;0;0;0;0;
30/01/2026 00:09:54.710;0;1;0;0;
30/01/2026 00:09:56.392;0;0;0;0;
30/01/2026 00:10:54.498;0;0;1;0;
30/01/2026 00:10:55.722;0;0;0;0;
30/01/2026 00:12:34.651;0;1;0;0;
30/01/2026 00:12:36.436;0;0;0;0;
30/01/2026 00:13:14.842;0;1;0;0;
30/01/2026 00:13:16.567;0;0;0;0;
30/01/2026 00:13:34.958;0;0;1;0;
30/01/2026 00:13:36.107;0;0;0;0;
30/01/2026 00:13:54.694;0;1;0;0;
30/01/2026 00:13:56.318;0;0;0;0;
30/01/2026 00:15:34.790;0;1;0;0;
30/01/2026 00:15:36.340;0;0;0;0;
30/01/2026 00:17:14.689;0;1;0;0;
30/01/2026 00:17:16.303;0;0;0;0;
30/01/2026 00:20:54.904;0;1;0;0;
30/01/2026 00:20:56.498;0;0;0;0;
30/01/2026 00:22:35.90;0;1;0;0;
30/01/2026 00:22:36.671;0;0;0;0;
30/01/2026 00:24:55.10;0;1;0;0;
30/01/2026 00:24:56.575;0;0;0;0;
30/01/2026 00:25:15.61;0;0;1;0;
30/01/2026 00:25:16.335;0;0;0;0;
30/01/2026 00:26:15.52;0;1;0;0;
30/01/2026 00:26:16.657;0;0;0;0;
30/01/2026 00:27:15.85;0;1;0;0;
30/01/2026 00:27:16.658;0;0;0;0;
30/01/2026 00:30:55.250;0;1;0;0;
30/01/2026 00:30:56.834;0;0;0;0;
30/01/2026 00:31:55.607;0;1;0;0;
30/01/2026 00:31:57.236;0;0;0;0;
30/01/2026 00:32:55.243;0;1;0;0;
30/01/2026 00:32:56.807;0;0;0;0;
30/01/2026 00:34:21.303;1;0;0;0;
30/01/2026 00:34:21.304;1;1;1;0;
30/01/2026 00:34:27.390;1;0;0;0;
30/01/2026 00:34:29.533;1;1;1;0;
30/01/2026 00:34:30.674;1;0;0;0;
30/01/2026 00:34:39.413;1;1;1;0;
30/01/2026 00:34:40.794;1;0;0;0;
30/01/2026 00:34:49.476;1;1;1;0;
30/01/2026 00:34:50.614;1;0;0;0;
30/01/2026 00:34:59.190;1;1;1;0;
30/01/2026 00:35:00.324;1;0;0;0;
30/01/2026 00:35:09.190;1;1;1;0;
30/01/2026 00:35:10.324;1;0;0;0;
30/01/2026 00:35:19.190;1;1;1;0;
30/01/2026 00:35:20.335;1;0;0;0;
30/01/2026 00:35:29.190;1;1;1;0;
30/01/2026 00:35:30.335;1;0;0;0;
30/01/2026 00:35:39.291;1;1;1;0;
30/01/2026 00:35:40.435;1;0;0;0;
30/01/2026 00:35:49.291;1;1;1;0;
30/01/2026 00:35:50.446;1;0;0;0;
30/01/2026 00:35:59.805;0;0;0;0;
30/01/2026 00:36:41.417;0;1;1;0;
30/01/2026 00:36:46.303;0;0;0;0;
30/01/2026 00:37:01.325;0;1;1;0;
30/01/2026 00:37:03.60;0;0;0;0;
30/01/2026 00:37:21.526;0;1;0;0;
30/01/2026 00:37:23.801;0;0;0;0;
30/01/2026 00:37:41.452;0;0;1;0;
30/01/2026 00:37:42.921;0;0;0;0;
30/01/2026 00:38:01.582;0;0;1;0;
30/01/2026 00:38:02.902;0;0;0;0;
30/01/2026 00:38:21.358;0;0;1;0;
30/01/2026 00:38:22.612;0;0;0;0;
30/01/2026 00:44:21.548;0;0;1;0;
30/01/2026 00:44:22.832;0;0;0;0;
30/01/2026 00:47:01.937;0;1;0;0;
30/01/2026 00:47:03.507;0;0;0;0;
30/01/2026 00:48:01.764;0;1;0;0;
30/01/2026 00:48:03.388;0;0;0;0;
30/01/2026 00:49:01.765;0;1;0;0;
30/01/2026 00:49:03.500;0;0;0;0;
30/01/2026 00:50:02.122;0;1;0;0;
30/01/2026 00:50:03.622;0;0;0;0;
30/01/2026 00:51:21.709;0;1;0;0;
30/01/2026 00:51:23.173;0;0;0;0;
30/01/2026 00:53:21.882;0;1;0;0;
30/01/2026 00:53:23.537;0;0;0;0;
30/01/2026 00:56:41.868;0;1;0;0;
30/01/2026 00:56:43.362;0;0;0;0;
30/01/2026 00:57:41.979;0;1;0;0;
30/01/2026 00:57:43.684;0;0;0;0;
30/01/2026 00:58:22.73;0;0;1;0;
30/01/2026 00:58:23.285;0;0;0;0;
30/01/2026 01:02:02.16;0;1;0;0;
30/01/2026 01:02:03.721;0;0;0;0;
30/01/2026 01:03:02.39;0;1;0;0;
30/01/2026 01:03:03.653;0;0;0;0;
30/01/2026 01:04:22.273;0;1;0;0;
30/01/2026 01:04:24.385;0;0;0;0;
30/01/2026 01:05:02.206;0;1;0;0;
30/01/2026 01:05:04.226;0;0;0;0;
30/01/2026 01:05:22.212;0;0;1;0;
30/01/2026 01:05:23.416;0;0;0;0;
30/01/2026 01:05:42.222;0;0;1;0;
30/01/2026 01:05:43.527;0;0;0;0;
30/01/2026 01:06:02.233;0;0;1;0;
30/01/2026 01:06:03.447;0;0;0;0;
30/01/2026 01:07:02.275;0;1;0;0;
30/01/2026 01:07:03.909;0;0;0;0;
30/01/2026 01:07:42.576;0;0;1;0;
30/01/2026 01:07:43.830;0;0;0;0;
30/01/2026 01:08:22.207;0;1;1;0;
30/01/2026 01:08:23.821;0;0;0;0;
30/01/2026 01:09:22.218;0;1;0;0;
30/01/2026 01:09:23.863;0;0;0;0;
30/01/2026 01:09:42.219;0;0;1;0;
30/01/2026 01:09:43.353;0;0;0;0;
30/01/2026 01:10:02.329;0;0;1;0;
30/01/2026 01:10:03.584;0;0;0;0;
30/01/2026 01:10:23.401;0;1;0;0;
30/01/2026 01:10:24.975;0;0;0;0;
30/01/2026 01:10:42.534;0;1;0;0;
30/01/2026 01:10:44.75;0;0;0;0;
30/01/2026 01:11:42.377;0;1;0;0;
30/01/2026 01:11:44.427;0;0;0;0;
30/01/2026 01:12:02.388;0;1;0;0;
30/01/2026 01:12:04.77;0;0;0;0;
30/01/2026 01:12:22.403;0;1;0;0;
30/01/2026 01:12:24.28;0;0;0;0;
30/01/2026 01:13:02.424;0;0;1;0;
30/01/2026 01:13:03.658;0;0;0;0;
30/01/2026 01:13:22.485;0;1;1;0;
30/01/2026 01:13:24.269;0;0;0;0;
30/01/2026 01:14:02.596;0;1;0;0;
30/01/2026 01:14:04.220;0;0;0;0;
30/01/2026 01:15:42.412;0;1;0;0;
30/01/2026 01:15:44.93;0;0;0;0;
30/01/2026 01:16:22.509;0;1;0;0;
30/01/2026 01:16:24.184;0;0;0;0;
30/01/2026 01:16:42.743;0;0;1;0;
30/01/2026 01:16:44.64;0;0;0;0;
30/01/2026 01:18:16.475;0;1;1;0;
30/01/2026 01:18:29.673;0;0;0;0;
30/01/2026 01:27:00.845;1;0;0;0;
30/01/2026 01:27:00.846;1;1;0;0;
30/01/2026 01:27:02.516;1;0;0;0;
30/01/2026 01:27:38.759;1;0;1;0;
30/01/2026 01:27:49.844;1;0;0;0;
30/01/2026 01:28:14.39;0;0;0;0;
30/01/2026 01:28:51.145;0;1;0;0;
30/01/2026 01:28:57.263;0;0;0;0;
30/01/2026 01:29:11.885;0;0;1;0;
30/01/2026 01:29:13.139;0;0;0;0;
30/01/2026 01:31:51.29;0;1;0;0;
30/01/2026 01:31:53.153;0;0;0;0;
30/01/2026 01:32:11.102;0;1;0;0;
30/01/2026 01:32:13.394;0;0;0;0;
30/01/2026 01:32:31.193;0;1;0;0;
30/01/2026 01:32:32.704;0;0;0;0;
30/01/2026 01:32:51.295;0;1;0;0;
30/01/2026 01:32:52.624;0;0;0;0;
30/01/2026 01:33:11.71;0;1;0;0;
30/01/2026 01:33:12.405;0;0;0;0;
30/01/2026 01:33:51.92;0;1;0;0;
30/01/2026 01:33:52.516;0;0;0;0;
30/01/2026 01:34:31.113;0;1;0;0;
30/01/2026 01:34:32.557;0;0;0;0;
30/01/2026 01:35:11.144;0;0;1;0;
30/01/2026 01:35:12.478;0;0;0;0;
30/01/2026 01:35:31.145;0;0;1;0;
30/01/2026 01:35:32.278;0;0;0;0;
30/01/2026 01:35:51.65;0;1;0;0;
30/01/2026 01:35:52.379;0;0;0;0;
30/01/2026 01:36:31.256;0;1;0;0;
30/01/2026 01:36:32.570;0;0;0;0;
30/01/2026 01:36:51.366;0;1;0;0;
30/01/2026 01:36:52.710;0;0;0;0;
30/01/2026 01:37:11.116;0;0;1;0;
30/01/2026 01:37:12.361;0;0;0;0;
30/01/2026 01:37:31.97;0;1;0;0;
30/01/2026 01:37:32.711;0;0;0;0;
30/01/2026 01:37:51.98;0;1;1;0;
30/01/2026 01:37:52.562;0;0;0;0;
30/01/2026 01:38:11.108;0;1;0;0;
30/01/2026 01:38:12.452;0;0;0;0;
30/01/2026 01:38:31.219;0;0;1;0;
30/01/2026 01:38:32.563;0;0;0;0;
30/01/2026 01:40:31.475;0;0;1;0;
30/01/2026 01:40:32.656;0;0;0;0;
30/01/2026 01:41:11.303;0;0;1;0;
30/01/2026 01:41:12.567;0;0;0;0;
30/01/2026 01:42:51.286;0;1;0;0;
30/01/2026 01:42:52.569;0;0;0;0;
30/01/2026 01:43:11.266;0;1;0;0;
30/01/2026 01:43:12.670;0;0;0;0;
30/01/2026 01:43:31.287;0;1;0;0;
30/01/2026 01:43:33.181;0;0;0;0;
30/01/2026 01:43:51.587;0;1;1;0;
30/01/2026 01:43:53.742;0;0;0;0;
30/01/2026 01:44:11.488;0;1;0;0;
30/01/2026 01:44:12.832;0;0;0;0;
30/01/2026 01:45:51.430;0;1;0;0;
30/01/2026 01:45:52.874;0;0;0;0;
30/01/2026 01:46:31.471;0;1;0;0;
30/01/2026 01:46:32.955;0;0;0;0;
30/01/2026 01:47:51.696;0;1;0;0;
30/01/2026 01:47:53.17;0;0;0;0;
30/01/2026 01:48:12.544;0;1;0;0;
30/01/2026 01:48:13.858;0;0;0;0;
30/01/2026 01:49:51.456;0;1;0;0;
30/01/2026 01:49:52.980;0;0;0;0;
30/01/2026 01:50:11.486;0;1;0;0;
30/01/2026 01:50:12.890;0;0;0;0;
30/01/2026 01:50:31.467;0;1;0;0;
30/01/2026 01:50:32.751;0;0;0;0;
30/01/2026 01:51:51.599;0;1;0;0;
30/01/2026 01:51:52.913;0;0;0;0;
30/01/2026 01:52:11.610;0;1;0;0;
30/01/2026 01:52:13.24;0;0;0;0;
30/01/2026 01:52:31.620;0;1;0;0;
30/01/2026 01:52:33.4;0;0;0;0;
30/01/2026 01:52:51.630;0;1;1;0;
30/01/2026 01:52:53.55;0;0;0;0;
30/01/2026 01:53:11.641;0;1;0;0;
30/01/2026 01:53:13.125;0;0;0;0;
30/01/2026 01:53:51.775;0;1;0;0;
30/01/2026 01:53:53.76;0;0;0;0;
30/01/2026 01:54:11.685;0;1;1;0;
30/01/2026 01:54:12.976;0;0;0;0;
30/01/2026 01:56:11.635;0;1;0;0;
30/01/2026 01:56:12.949;0;0;0;0;
30/01/2026 01:57:31.887;0;1;0;0;
30/01/2026 01:57:33.202;0;0;0;0;
30/01/2026 02:00:11.871;0;1;0;0;
30/01/2026 02:00:13.116;0;0;0;0;
30/01/2026 02:00:51.875;0;1;0;0;
30/01/2026 02:00:53.167;0;0;0;0;
30/01/2026 02:01:11.986;0;1;0;0;
30/01/2026 02:01:13.457;0;0;0;0;
30/01/2026 02:01:32.105;0;1;0;0;
30/01/2026 02:01:33.338;0;0;0;0;
30/01/2026 02:01:51.895;0;0;1;0;
30/01/2026 02:01:53.98;0;0;0;0;
30/01/2026 02:02:11.805;0;1;0;0;
30/01/2026 02:02:13.179;0;0;0;0;
30/01/2026 02:02:31.815;0;1;0;0;
30/01/2026 02:02:33.129;0;0;0;0;
30/01/2026 02:02:51.825;0;1;0;0;
30/01/2026 02:02:53.140;0;0;0;0;
30/01/2026 02:03:31.867;0;1;0;0;
30/01/2026 02:03:33.361;0;0;0;0;
30/01/2026 02:03:51.848;0;1;0;0;
30/01/2026 02:03:53.101;0;0;0;0;
30/01/2026 02:05:32.0;0;1;0;0;
30/01/2026 02:05:33.334;0;0;0;0;
30/01/2026 02:06:12.21;0;1;0;0;
30/01/2026 02:06:13.355;0;0;0;0;
30/01/2026 02:13:52.306;0;1;0;0;
30/01/2026 02:13:53.627;0;0;0;0;
30/01/2026 02:14:32.537;0;1;0;0;
30/01/2026 02:14:33.888;0;0;0;0;
30/01/2026 02:17:32.609;0;1;0;0;
30/01/2026 02:17:34.13;0;0;0;0;
30/01/2026 02:17:52.389;0;1;0;0;
30/01/2026 02:17:53.714;0;0;0;0;
30/01/2026 02:19:12.401;0;1;0;0;
30/01/2026 02:19:13.736;0;0;0;0;
30/01/2026 02:20:12.736;0;1;0;0;
30/01/2026 02:20:14.48;0;0;0;0;
30/01/2026 02:23:12.618;0;1;0;0;
30/01/2026 02:23:14.2;0;0;0;0;
30/01/2026 02:24:12.540;0;1;0;0;
30/01/2026 02:24:13.944;0;0;0;0;
30/01/2026 02:25:35.574;1;0;0;0;
30/01/2026 02:25:35.575;1;1;1;0;
30/01/2026 02:25:42.645;1;0;0;0;
30/01/2026 02:25:43.574;1;1;1;0;
30/01/2026 02:25:44.717;1;0;0;0;
30/01/2026 02:25:53.587;1;1;1;0;
30/01/2026 02:25:54.997;1;0;0;0;
30/01/2026 02:26:03.783;1;1;1;0;
30/01/2026 02:26:04.918;1;0;0;0;
30/01/2026 02:26:13.693;1;1;1;0;
30/01/2026 02:26:14.828;1;0;0;0;
30/01/2026 02:26:23.684;1;1;1;0;
30/01/2026 02:26:24.818;1;0;0;0;
30/01/2026 02:26:33.684;1;1;1;0;
30/01/2026 02:26:34.818;1;0;0;0;
30/01/2026 02:26:43.784;1;1;1;0;
30/01/2026 02:26:44.919;1;0;0;0;
30/01/2026 02:26:53.785;1;1;1;0;
30/01/2026 02:26:54.919;1;0;0;0;
30/01/2026 02:27:03.584;1;1;1;0;
30/01/2026 02:27:04.719;1;0;0;0;
30/01/2026 02:27:13.618;0;0;0;0;
30/01/2026 02:27:55.771;0;1;0;0;
30/01/2026 02:28:00.727;0;0;0;0;
30/01/2026 02:28:15.780;0;0;1;0;
30/01/2026 02:28:17.133;0;0;0;0;
30/01/2026 02:28:35.820;0;1;1;0;
30/01/2026 02:28:37.775;0;0;0;0;
30/01/2026 02:28:55.801;0;1;1;0;
30/01/2026 02:28:57.795;0;0;0;0;
30/01/2026 02:29:16.22;0;1;0;0;
30/01/2026 02:29:17.475;0;0;0;0;
30/01/2026 02:29:35.935;0;1;0;0;
30/01/2026 02:29:37.326;0;0;0;0;
30/01/2026 02:30:35.848;0;1;0;0;
30/01/2026 02:30:37.77;0;0;0;0;
30/01/2026 02:32:15.806;0;1;0;0;
30/01/2026 02:32:17.240;0;0;0;0;
30/01/2026 02:32:56.257;0;1;0;0;
30/01/2026 02:32:57.752;0;0;0;0;
30/01/2026 02:33:35.938;0;0;1;0;
30/01/2026 02:33:37.262;0;0;0;0;
30/01/2026 02:34:15.954;0;1;0;0;
30/01/2026 02:34:17.423;0;0;0;0;
30/01/2026 02:34:55.980;0;1;0;0;
30/01/2026 02:34:57.284;0;0;0;0;
30/01/2026 02:35:36.94;0;1;0;0;
30/01/2026 02:35:37.576;0;0;0;0;
30/01/2026 02:35:56.215;0;1;0;0;
30/01/2026 02:35:57.626;0;0;0;0;
30/01/2026 02:39:35.998;0;1;0;0;
30/01/2026 02:39:37.522;0;0;0;0;
30/01/2026 02:39:56.108;0;1;0;0;
30/01/2026 02:39:57.483;0;0;0;0;
30/01/2026 02:40:36.130;0;1;0;0;
30/01/2026 02:40:37.574;0;0;0;0;
30/01/2026 02:41:16.151;0;1;0;0;
30/01/2026 02:41:17.455;0;0;0;0;
30/01/2026 02:41:56.585;0;1;0;0;
30/01/2026 02:41:57.826;0;0;0;0;
30/01/2026 02:42:16.177;0;1;0;0;
30/01/2026 02:42:17.506;0;0;0;0;
30/01/2026 02:42:56.223;0;1;0;0;
30/01/2026 02:42:57.458;0;0;0;0;
30/01/2026 02:45:56.268;0;1;0;0;
30/01/2026 02:45:57.613;0;0;0;0;
30/01/2026 02:46:56.301;0;1;0;0;
30/01/2026 02:46:57.604;0;0;0;0;
30/01/2026 02:47:16.311;0;1;0;0;
30/01/2026 02:47:17.615;0;0;0;0;
30/01/2026 02:47:56.545;0;1;0;0;
30/01/2026 02:47:57.816;0;0;0;0;
30/01/2026 02:48:16.342;0;1;0;0;
30/01/2026 02:48:17.636;0;0;0;0;
30/01/2026 02:48:56.373;0;1;0;0;
30/01/2026 02:48:57.637;0;0;0;0;
30/01/2026 02:49:36.284;0;1;0;0;
30/01/2026 02:49:37.538;0;0;0;0;
30/01/2026 02:49:56.295;0;0;1;0;
30/01/2026 02:49:57.429;0;0;0;0;
30/01/2026 02:50:16.315;0;1;1;0;
30/01/2026 02:50:17.570;0;0;0;0;
30/01/2026 02:54:16.507;0;1;0;0;
30/01/2026 02:54:17.856;0;0;0;0;
30/01/2026 02:55:16.554;0;1;0;0;
30/01/2026 02:55:17.878;0;0;0;0;
30/01/2026 02:55:36.454;0;1;0;0;
30/01/2026 02:55:37.738;0;0;0;0;
30/01/2026 02:56:16.716;0;1;0;0;
30/01/2026 02:56:17.970;0;0;0;0;
30/01/2026 02:56:36.626;0;0;1;0;
30/01/2026 02:56:37.850;0;0;0;0;
30/01/2026 02:59:16.663;0;1;0;0;
30/01/2026 02:59:17.994;0;0;0;0;
30/01/2026 02:59:36.781;0;1;0;0;
30/01/2026 02:59:38.85;0;0;0;0;
30/01/2026 03:00:36.692;0;0;1;0;
30/01/2026 03:00:37.896;0;0;0;0;
30/01/2026 03:00:56.703;0;0;1;0;
30/01/2026 03:00:58.27;0;0;0;0;
30/01/2026 03:01:16.734;0;1;0;0;
30/01/2026 03:01:18.188;0;0;0;0;
30/01/2026 03:01:36.724;0;1;0;0;
30/01/2026 03:01:38.38;0;0;0;0;
30/01/2026 03:02:36.736;0;1;0;0;
30/01/2026 03:02:38.891;0;0;0;0;
30/01/2026 03:02:56.846;0;1;0;0;
30/01/2026 03:02:58.791;0;0;0;0;
30/01/2026 03:03:16.957;0;1;0;0;
30/01/2026 03:03:18.211;0;0;0;0;
30/01/2026 03:03:36.667;0;0;1;0;
30/01/2026 03:03:37.801;0;0;0;0;
30/01/2026 03:03:56.668;0;1;1;0;
30/01/2026 03:03:58.12;0;0;0;0;
30/01/2026 03:04:36.789;0;1;0;0;
30/01/2026 03:04:38.43;0;0;0;0;
30/01/2026 03:08:57.25;0;0;1;0;
30/01/2026 03:08:58.280;0;0;0;0;
30/01/2026 03:09:00.108;0;1;1;0;
30/01/2026 03:09:13.215;0;0;0;0;
30/01/2026 03:20:16.31;1;0;0;0;
30/01/2026 03:20:16.32;1;1;0;0;
30/01/2026 03:20:17.801;1;0;0;0;
30/01/2026 03:20:53.765;1;0;1;0;
30/01/2026 03:21:04.839;1;0;0;0;
30/01/2026 03:21:28.294;0;0;0;0;
30/01/2026 03:22:05.926;0;1;0;0;
30/01/2026 03:22:12.239;0;0;0;0;
30/01/2026 03:22:46.82;0;0;1;0;
30/01/2026 03:22:47.314;0;0;0;0;
30/01/2026 03:24:26.33;0;1;0;0;
30/01/2026 03:24:27.787;0;0;0;0;
30/01/2026 03:24:46.13;0;1;1;0;
30/01/2026 03:24:47.968;0;0;0;0;
30/01/2026 03:25:06.24;0;1;0;0;
30/01/2026 03:25:07.738;0;0;0;0;
30/01/2026 03:25:26.44;0;1;0;0;
30/01/2026 03:25:27.749;0;0;0;0;
30/01/2026 03:25:46.55;0;1;0;0;
30/01/2026 03:25:47.509;0;0;0;0;
30/01/2026 03:26:06.55;0;1;0;0;
30/01/2026 03:26:07.430;0;0;0;0;
30/01/2026 03:26:26.56;0;1;0;0;
30/01/2026 03:26:27.400;0;0;0;0;
30/01/2026 03:26:46.77;0;1;0;0;
30/01/2026 03:26:47.361;0;0;0;0;
30/01/2026 03:27:06.37;0;1;0;0;
30/01/2026 03:27:07.561;0;0;0;0;
30/01/2026 03:27:26.348;0;1;0;0;
30/01/2026 03:27:27.752;0;0;0;0;
30/01/2026 03:27:46.228;0;1;0;0;
30/01/2026 03:27:47.422;0;0;0;0;
30/01/2026 03:28:26.9;0;0;1;0;
30/01/2026 03:28:27.413;0;0;0;0;
30/01/2026 03:28:46.120;0;1;1;0;
30/01/2026 03:28:47.404;0;0;0;0;
30/01/2026 03:29:26.141;0;1;1;0;
30/01/2026 03:29:27.585;0;0;0;0;
30/01/2026 03:29:46.151;0;1;0;0;
30/01/2026 03:29:47.635;0;0;0;0;
30/01/2026 03:30:06.161;0;0;1;0;
30/01/2026 03:30:07.556;0;0;0;0;
30/01/2026 03:30:26.172;0;1;0;0;
30/01/2026 03:30:27.656;0;0;0;0;
30/01/2026 03:30:46.182;0;1;0;0;
30/01/2026 03:30:47.757;0;0;0;0;
30/01/2026 03:31:06.266;0;1;1;0;
30/01/2026 03:31:07.717;0;0;0;0;
30/01/2026 03:31:26.357;0;1;0;0;
30/01/2026 03:31:27.708;0;0;0;0;
30/01/2026 03:31:46.457;0;1;0;0;
30/01/2026 03:31:48.59;0;0;0;0;
30/01/2026 03:32:06.234;0;1;0;0;
30/01/2026 03:32:07.489;0;0;0;0;
30/01/2026 03:32:26.245;0;0;1;0;
30/01/2026 03:32:27.579;0;0;0;0;
30/01/2026 03:32:46.145;0;1;0;0;
30/01/2026 03:32:47.490;0;0;0;0;
30/01/2026 03:33:06.157;0;1;0;0;
30/01/2026 03:33:07.710;0;0;0;0;
30/01/2026 03:33:26.166;0;1;0;0;
30/01/2026 03:33:27.631;0;0;0;0;
30/01/2026 03:33:46.197;0;1;0;0;
30/01/2026 03:33:47.541;0;0;0;0;
30/01/2026 03:34:26.189;0;0;1;0;
30/01/2026 03:34:27.392;0;0;0;0;
30/01/2026 03:34:46.248;0;0;1;0;
30/01/2026 03:34:47.382;0;0;0;0;
30/01/2026 03:35:06.339;0;1;0;0;
30/01/2026 03:35:07.844;0;0;0;0;
30/01/2026 03:35:26.540;0;1;0;0;
30/01/2026 03:35:28.4;0;0;0;0;
30/01/2026 03:36:26.331;0;1;0;0;
30/01/2026 03:36:27.665;0;0;0;0;
30/01/2026 03:36:46.342;0;1;0;0;
30/01/2026 03:36:47.676;0;0;0;0;
30/01/2026 03:37:06.353;0;1;0;0;
30/01/2026 03:37:07.746;0;0;0;0;
30/01/2026 03:37:26.373;0;1;1;0;
30/01/2026 03:37:27.797;0;0;0;0;
30/01/2026 03:38:46.508;0;1;0;0;
30/01/2026 03:38:47.799;0;0;0;0;
30/01/2026 03:39:08.620;0;1;0;0;
30/01/2026 03:39:09.942;0;0;0;0;
30/01/2026 03:42:26.650;0;1;0;0;
30/01/2026 03:42:27.944;0;0;0;0;
30/01/2026 03:43:06.531;0;1;0;0;
30/01/2026 03:43:07.865;0;0;0;0;
30/01/2026 03:43:46.537;0;1;0;0;
30/01/2026 03:43:47.866;0;0;0;0;
30/01/2026 03:44:26.564;0;1;0;0;
30/01/2026 03:44:27.927;0;0;0;0;
30/01/2026 03:44:46.574;0;1;0;0;
30/01/2026 03:44:47.838;0;0;0;0;
30/01/2026 03:45:06.584;0;1;1;0;
30/01/2026 03:45:07.998;0;0;0;0;
30/01/2026 03:45:26.615;0;1;0;0;
30/01/2026 03:45:27.969;0;0;0;0;
30/01/2026 03:46:46.537;0;1;0;0;
30/01/2026 03:46:47.791;0;0;0;0;
30/01/2026 03:48:46.680;0;1;0;0;
30/01/2026 03:48:47.944;0;0;0;0;
30/01/2026 03:49:26.891;0;1;0;0;
30/01/2026 03:49:28.225;0;0;0;0;
30/01/2026 03:53:26.722;0;1;0;0;
30/01/2026 03:53:28.41;0;0;0;0;
30/01/2026 03:53:46.747;0;1;0;0;
30/01/2026 03:53:48.152;0;0;0;0;
30/01/2026 03:54:06.758;0;0;1;0;
30/01/2026 03:54:07.952;0;0;0;0;
30/01/2026 03:54:26.748;0;1;1;0;
30/01/2026 03:54:28.123;0;0;0;0;
30/01/2026 03:55:06.879;0;1;0;0;
30/01/2026 03:55:08.134;0;0;0;0;
30/01/2026 03:56:46.907;0;1;0;0;
30/01/2026 03:56:48.176;0;0;0;0;
30/01/2026 03:58:06.954;0;1;0;0;
30/01/2026 03:58:08.218;0;0;0;0;
30/01/2026 03:58:26.985;0;1;0;0;
30/01/2026 03:58:28.289;0;0;0;0;
30/01/2026 03:59:07.917;0;1;0;0;
30/01/2026 03:59:09.321;0;0;0;0;
30/01/2026 04:04:47.299;0;1;0;0;
30/01/2026 04:04:48.609;0;0;0;0;
30/01/2026 04:07:07.108;0;1;0;0;
30/01/2026 04:07:08.422;0;0;0;0;
30/01/2026 04:19:07.477;0;0;1;0;
30/01/2026 04:19:08.612;0;0;0;0;
30/01/2026 04:19:17.487;1;0;0;0;
30/01/2026 04:19:17.488;1;1;1;0;
30/01/2026 04:19:24.518;1;0;0;0;
30/01/2026 04:19:25.487;1;1;1;0;
30/01/2026 04:19:26.640;1;0;0;0;
30/01/2026 04:19:35.385;1;1;1;0;
30/01/2026 04:19:36.790;1;0;0;0;
30/01/2026 04:19:45.386;1;1;1;0;
30/01/2026 04:19:46.530;1;0;0;0;
30/01/2026 04:19:55.487;1;1;1;0;
30/01/2026 04:19:56.621;1;0;0;0;
30/01/2026 04:20:05.587;1;1;1;0;
30/01/2026 04:20:06.721;1;0;0;0;
30/01/2026 04:20:15.487;1;1;1;0;
30/01/2026 04:20:16.621;1;0;0;0;
30/01/2026 04:20:25.482;1;1;1;0;
30/01/2026 04:20:26.622;1;0;0;0;
30/01/2026 04:20:35.587;1;1;1;0;
30/01/2026 04:20:36.722;1;0;0;0;
30/01/2026 04:20:45.687;1;1;1;0;
30/01/2026 04:20:46.822;1;0;0;0;
30/01/2026 04:20:55.221;0;0;0;0;
30/01/2026 04:21:37.683;0;1;0;0;
30/01/2026 04:21:42.580;0;0;0;0;
30/01/2026 04:21:57.692;0;0;1;0;
30/01/2026 04:21:59.57;0;0;0;0;
30/01/2026 04:22:17.703;0;1;1;0;
30/01/2026 04:22:20.18;0;0;0;0;
30/01/2026 04:22:37.724;0;1;1;0;
30/01/2026 04:22:39.458;0;0;0;0;
30/01/2026 04:23:17.928;0;1;0;0;
30/01/2026 04:23:19.279;0;0;0;0;
30/01/2026 04:24:37.672;0;1;0;0;
30/01/2026 04:24:38.961;0;0;0;0;
30/01/2026 04:27:17.851;0;1;0;0;
30/01/2026 04:27:19.175;0;0;0;0;
30/01/2026 04:27:57.862;0;1;0;0;
30/01/2026 04:27:59.226;0;0;0;0;
30/01/2026 04:29:37.985;0;1;0;0;
30/01/2026 04:29:39.319;0;0;0;0;
30/01/2026 04:30:37.847;0;1;0;0;
30/01/2026 04:30:39.101;0;0;0;0;
30/01/2026 04:31:17.908;0;1;0;0;
30/01/2026 04:31:19.262;0;0;0;0;
30/01/2026 04:32:38.100;0;0;1;0;
30/01/2026 04:32:39.384;0;0;0;0;
30/01/2026 04:33:58.32;0;1;0;0;
30/01/2026 04:33:59.276;0;0;0;0;
30/01/2026 04:34:18.43;0;1;0;0;
30/01/2026 04:34:19.377;0;0;0;0;
30/01/2026 04:34:58.167;0;1;0;0;
30/01/2026 04:34:59.488;0;0;0;0;
30/01/2026 04:35:18.75;0;1;0;0;
30/01/2026 04:35:19.338;0;0;0;0;
30/01/2026 04:35:58.539;0;1;0;0;
30/01/2026 04:35:59.880;0;0;0;0;
30/01/2026 04:36:38.16;0;1;0;0;
30/01/2026 04:36:39.240;0;0;0;0;
30/01/2026 04:37:58.49;0;1;0;0;
30/01/2026 04:37:59.273;0;0;0;0;
30/01/2026 04:41:58.487;0;1;0;0;
30/01/2026 04:41:59.800;0;0;0;0;
30/01/2026 04:44:38.470;0;1;0;0;
30/01/2026 04:44:39.754;0;0;0;0;
30/01/2026 04:44:58.590;0;0;1;0;
30/01/2026 04:44:59.745;0;0;0;0;
30/01/2026 04:45:18.351;0;0;1;0;
30/01/2026 04:45:19.615;0;0;0;0;
30/01/2026 04:45:58.372;0;1;0;0;
30/01/2026 04:45:59.646;0;0;0;0;
30/01/2026 04:48:38.356;0;1;0;0;
30/01/2026 04:48:39.700;0;0;0;0;
30/01/2026 04:50:38.630;0;0;1;0;
30/01/2026 04:50:39.774;0;0;0;0;
30/01/2026 04:50:58.750;0;1;1;0;
30/01/2026 04:51:00.135;0;0;0;0;
30/01/2026 04:51:18.511;0;1;0;0;
30/01/2026 04:51:19.945;0;0;0;0;
30/01/2026 04:52:18.543;0;1;1;0;
30/01/2026 04:52:19.937;0;0;0;0;
30/01/2026 04:52:58.563;0;1;1;0;
30/01/2026 04:52:59.928;0;0;0;0;
30/01/2026 04:53:38.679;0;0;1;0;
30/01/2026 04:53:39.909;0;0;0;0;
30/01/2026 04:53:58.799;0;1;0;0;
30/01/2026 04:54:00.270;0;0;0;0;
30/01/2026 04:54:18.505;0;1;0;0;
30/01/2026 04:54:19.880;0;0;0;0;
30/01/2026 04:54:58.526;0;1;0;0;
30/01/2026 04:54:59.841;0;0;0;0;
30/01/2026 04:56:38.750;0;1;0;0;
30/01/2026 04:56:40.94;0;0;0;0;
30/01/2026 04:56:58.855;0;1;0;0;
30/01/2026 04:57:00.224;0;0;0;0;
30/01/2026 04:57:18.976;0;0;1;0;
30/01/2026 04:57:20.215;0;0;0;0;
30/01/2026 04:57:58.711;0;0;1;0;
30/01/2026 04:58:00.106;0;0;0;0;
30/01/2026 05:01:58.747;0;1;0;0;
30/01/2026 05:02:00.122;0;0;0;0;
30/01/2026 05:02:13.842;0;1;1;0;
30/01/2026 05:02:27.19;0;0;0;0;
30/01/2026 05:14:22.521;1;0;0;0;
30/01/2026 05:14:22.522;1;1;0;0;
30/01/2026 05:14:24.337;1;0;0;0;
30/01/2026 05:15:00.431;1;0;1;0;
30/01/2026 05:15:11.495;1;0;0;0;
30/01/2026 05:15:34.259;0;0;0;0;
30/01/2026 05:16:12.667;0;1;0;0;
30/01/2026 05:16:19.25;0;0;0;0;
30/01/2026 05:16:32.776;0;0;1;0;
30/01/2026 05:16:34.30;0;0;0;0;
30/01/2026 05:16:52.856;0;0;1;0;
30/01/2026 05:16:54.111;0;0;0;0;
30/01/2026 05:17:32.557;0;0;1;0;
30/01/2026 05:17:33.871;0;0;0;0;
30/01/2026 05:17:52.568;0;0;1;0;
30/01/2026 05:17:53.792;0;0;0;0;
30/01/2026 05:18:32.629;0;1;0;0;
30/01/2026 05:18:34.373;0;0;0;0;
30/01/2026 05:18:52.589;0;1;0;0;
30/01/2026 05:18:55.45;0;0;0;0;
30/01/2026 05:19:12.752;0;1;0;0;
30/01/2026 05:19:14.875;0;0;0;0;
30/01/2026 05:19:32.601;0;1;1;0;
30/01/2026 05:19:33.974;0;0;0;0;
30/01/2026 05:20:13.36;0;1;0;0;
30/01/2026 05:20:14.936;0;0;0;0;
30/01/2026 05:20:32.885;0;1;0;0;
30/01/2026 05:20:34.637;0;0;0;0;
30/01/2026 05:21:32.763;0;0;1;0;
30/01/2026 05:21:34.98;0;0;0;0;
30/01/2026 05:21:52.774;0;1;1;0;
30/01/2026 05:21:54.228;0;0;0;0;
30/01/2026 05:22:32.805;0;1;0;0;
30/01/2026 05:22:34.239;0;0;0;0;
30/01/2026 05:23:53.7;0;1;0;0;
30/01/2026 05:23:54.622;0;0;0;0;
30/01/2026 05:24:12.857;0;1;0;0;
30/01/2026 05:24:14.172;0;0;0;0;
30/01/2026 05:24:32.943;0;1;0;0;
30/01/2026 05:24:34.262;0;0;0;0;
30/01/2026 05:24:53.809;0;1;0;0;
30/01/2026 05:24:55.304;0;0;0;0;
30/01/2026 05:26:12.791;0;1;0;0;
30/01/2026 05:26:14.105;0;0;0;0;
30/01/2026 05:27:12.922;0;1;0;0;
30/01/2026 05:27:14.246;0;0;0;0;
30/01/2026 05:27:32.928;0;0;1;0;
30/01/2026 05:27:34.77;0;0;0;0;
30/01/2026 05:27:52.997;0;0;1;0;
30/01/2026 05:27:54.267;0;0;0;0;
30/01/2026 05:30:32.927;0;1;0;0;
30/01/2026 05:30:34.301;0;0;0;0;
30/01/2026 05:30:52.937;0;1;0;0;
30/01/2026 05:30:54.192;0;0;0;0;
30/01/2026 05:31:12.943;0;1;0;0;
30/01/2026 05:31:14.372;0;0;0;0;
30/01/2026 05:32:32.960;0;1;0;0;
30/01/2026 05:32:34.394;0;0;0;0;
30/01/2026 05:33:33.92;0;1;0;0;
30/01/2026 05:33:34.446;0;0;0;0;
30/01/2026 05:34:33.123;0;0;1;0;
30/01/2026 05:34:34.267;0;0;0;0;
30/01/2026 05:34:53.337;0;0;1;0;
30/01/2026 05:34:54.578;0;0;0;0;
30/01/2026 05:35:13.187;0;1;0;0;
30/01/2026 05:35:14.518;0;0;0;0;
30/01/2026 05:35:54.196;0;1;0;0;
30/01/2026 05:35:55.500;0;0;0;0;
30/01/2026 05:37:13.108;0;1;0;0;
30/01/2026 05:37:14.521;0;0;0;0;
30/01/2026 05:38:13.148;0;1;0;0;
30/01/2026 05:38:14.523;0;0;0;0;
30/01/2026 05:38:53.250;0;1;0;0;
30/01/2026 05:38:54.864;0;0;0;0;
30/01/2026 05:39:13.355;0;1;0;0;
30/01/2026 05:39:14.945;0;0;0;0;
30/01/2026 05:39:53.261;0;1;0;0;
30/01/2026 05:39:54.605;0;0;0;0;
30/01/2026 05:40:13.267;0;0;1;0;
30/01/2026 05:40:14.406;0;0;0;0;
30/01/2026 05:40:33.282;0;1;1;0;
30/01/2026 05:40:34.756;0;0;0;0;
30/01/2026 05:45:53.595;0;1;0;0;
30/01/2026 05:45:54.975;0;0;0;0;
30/01/2026 05:47:53.493;0;1;0;0;
30/01/2026 05:47:54.727;0;0;0;0;
30/01/2026 05:48:33.515;0;1;0;0;
30/01/2026 05:48:34.849;0;0;0;0;
30/01/2026 05:49:13.697;0;1;0;0;
30/01/2026 05:49:14.960;0;0;0;0;
30/01/2026 05:51:13.500;0;1;0;0;
30/01/2026 05:51:14.753;0;0;0;0;
30/01/2026 05:52:13.655;0;1;0;0;
30/01/2026 05:52:14.914;0;0;0;0;
30/01/2026 05:52:33.831;0;1;0;0;
30/01/2026 05:52:35.145;0;0;0;0;
30/01/2026 05:58:53.996;0;1;0;0;
30/01/2026 05:58:55.435;0;0;0;0;
30/01/2026 05:59:53.833;0;1;0;0;
30/01/2026 05:59:55.276;0;0;0;0;
30/01/2026 06:03:13.858;0;0;1;0;
30/01/2026 06:03:15.81;0;0;0;0;
30/01/2026 06:03:33.848;0;0;1;0;
30/01/2026 06:03:35.132;0;0;0;0;
30/01/2026 06:05:14.216;0;1;0;0;
30/01/2026 06:05:15.445;0;0;0;0;
30/01/2026 06:07:54.139;0;1;0;0;
30/01/2026 06:07:55.489;0;0;0;0;
30/01/2026 06:11:34.461;0;1;0;0;
30/01/2026 06:11:35.845;0;0;0;0;
30/01/2026 06:13:34.219;0;1;0;0;
30/01/2026 06:13:35.548;0;0;0;0;
30/01/2026 06:14:24.460;1;0;0;0;
30/01/2026 06:14:24.461;1;1;1;0;
30/01/2026 06:14:31.506;1;0;0;0;
30/01/2026 06:14:32.154;1;1;1;0;
30/01/2026 06:14:33.328;1;0;0;0;
30/01/2026 06:14:42.153;1;1;1;0;
30/01/2026 06:14:43.548;1;0;0;0;
30/01/2026 06:14:52.154;1;1;1;0;
30/01/2026 06:14:53.308;1;0;0;0;
30/01/2026 06:15:02.154;1;1;1;0;
30/01/2026 06:15:03.308;1;0;0;0;
30/01/2026 06:15:12.154;1;1;1;0;
30/01/2026 06:15:13.309;1;0;0;0;
30/01/2026 06:15:22.149;1;1;1;0;
30/01/2026 06:15:23.289;1;0;0;0;
30/01/2026 06:15:32.255;1;1;1;0;
30/01/2026 06:15:33.399;1;0;0;0;
30/01/2026 06:15:42.255;1;1;1;0;
30/01/2026 06:15:43.400;1;0;0;0;
30/01/2026 06:15:52.295;1;1;1;0;
30/01/2026 06:15:53.430;1;0;0;0;
30/01/2026 06:16:02.59;0;0;0;0;
30/01/2026 06:16:44.271;0;1;0;0;
30/01/2026 06:16:49.77;0;0;0;0;
30/01/2026 06:17:04.365;0;0;1;0;
30/01/2026 06:17:05.714;0;0;0;0;
30/01/2026 06:17:24.595;0;1;1;0;
30/01/2026 06:17:26.245;0;0;0;0;
30/01/2026 06:17:44.391;0;1;1;0;
30/01/2026 06:17:46.496;0;0;0;0;
30/01/2026 06:18:04.402;0;1;0;0;
30/01/2026 06:18:05.746;0;0;0;0;
30/01/2026 06:18:44.423;0;1;0;0;
30/01/2026 06:18:45.667;0;0;0;0;
30/01/2026 06:19:24.444;0;1;0;0;
30/01/2026 06:19:25.838;0;0;0;0;
30/01/2026 06:20:26.671;0;1;0;0;
30/01/2026 06:20:27.922;0;0;0;0;
30/01/2026 06:21:44.418;0;1;0;0;
30/01/2026 06:21:45.702;0;0;0;0;
30/01/2026 06:23:24.711;0;0;1;0;
30/01/2026 06:23:26.25;0;0;0;0;
30/01/2026 06:26:04.729;0;1;0;0;
30/01/2026 06:26:06.109;0;0;0;0;
30/01/2026 06:28:44.609;0;0;1;0;
30/01/2026 06:28:45.983;0;0;0;0;
30/01/2026 06:30:44.762;0;0;1;0;
30/01/2026 06:30:46.97;0;0;0;0;
30/01/2026 06:31:04.773;0;1;0;0;
30/01/2026 06:31:06.47;0;0;0;0;
30/01/2026 06:33:24.747;0;1;0;0;
30/01/2026 06:33:26.31;0;0;0;0;
30/01/2026 06:34:24.788;0;1;0;0;
30/01/2026 06:34:26.13;0;0;0;0;
30/01/2026 06:34:44.789;0;1;1;0;
30/01/2026 06:34:46.103;0;0;0;0;
30/01/2026 06:35:25.131;0;1;0;0;
30/01/2026 06:35:26.425;0;0;0;0;
30/01/2026 06:36:04.911;0;1;0;0;
30/01/2026 06:36:06.286;0;0;0;0;
30/01/2026 06:39:24.917;0;0;1;0;
30/01/2026 06:39:26.171;0;0;0;0;
30/01/2026 06:43:25.114;0;1;0;0;
30/01/2026 06:43:26.388;0;0;0;0;
30/01/2026 06:43:45.124;0;1;0;0;
30/01/2026 06:43:46.428;0;0;0;0;
30/01/2026 06:45:25.77;0;1;0;0;
30/01/2026 06:45:26.481;0;0;0;0;
30/01/2026 06:45:45.87;0;0;1;0;
30/01/2026 06:45:46.311;0;0;0;0;
30/01/2026 06:46:05.98;0;1;0;0;
30/01/2026 06:46:06.562;0;0;0;0;
30/01/2026 06:47:25.355;0;1;0;0;
30/01/2026 06:47:26.614;0;0;0;0;
30/01/2026 06:48:05.251;0;1;0;0;
30/01/2026 06:48:06.545;0;0;0;0;
30/01/2026 06:48:45.272;0;1;0;0;
30/01/2026 06:48:46.687;0;0;0;0;
30/01/2026 06:51:25.357;0;0;1;0;
30/01/2026 06:51:26.581;0;0;0;0;
30/01/2026 06:51:45.267;0;0;1;0;
30/01/2026 06:51:46.641;0;0;0;0;
30/01/2026 06:53:05.349;0;1;0;0;
30/01/2026 06:53:06.633;0;0;0;0;
30/01/2026 06:54:05.321;0;0;1;0;
30/01/2026 06:54:06.545;0;0;0;0;
30/01/2026 06:54:45.442;0;1;0;0;
30/01/2026 06:54:46.886;0;0;0;0;
30/01/2026 06:55:25.463;0;1;0;0;
30/01/2026 06:55:26.797;0;0;0;0;
30/01/2026 06:56:25.559;0;1;0;0;
30/01/2026 06:56:26.919;0;0;0;0;
30/01/2026 06:56:45.727;0;1;0;0;
30/01/2026 06:56:47.49;0;0;0;0;
30/01/2026 06:57:25.556;0;1;0;0;
30/01/2026 06:57:27.110;0;0;0;0;
30/01/2026 06:57:45.536;0;1;0;0;
30/01/2026 06:57:46.901;0;0;0;0;
30/01/2026 06:58:03.544;0;1;1;0;
30/01/2026 06:58:16.681;0;0;0;0;
30/01/2026 07:09:58.465;1;0;0;0;
30/01/2026 07:09:58.466;1;1;0;0;
30/01/2026 07:10:00.331;1;0;0;0;
30/01/2026 07:10:36.469;1;0;1;0;
30/01/2026 07:10:47.589;1;0;0;0;
30/01/2026 07:11:10.273;0;0;0;0;
30/01/2026 07:11:48.660;0;1;0;0;
30/01/2026 07:11:55.109;0;0;0;0;
30/01/2026 07:13:28.722;0;1;0;0;
30/01/2026 07:13:30.757;0;0;0;0;
30/01/2026 07:13:48.752;0;1;0;0;
30/01/2026 07:13:51.37;0;0;0;0;
30/01/2026 07:14:08.733;0;1;1;0;
30/01/2026 07:14:10.377;0;0;0;0;
30/01/2026 07:14:29.675;0;1;1;0;
30/01/2026 07:14:31.158;0;0;0;0;
30/01/2026 07:14:48.846;0;1;0;0;
30/01/2026 07:14:50.68;0;0;0;0;
30/01/2026 07:15:08.935;0;1;1;0;
30/01/2026 07:15:10.819;0;0;0;0;
30/01/2026 07:15:28.584;0;1;0;0;
30/01/2026 07:15:30.229;0;0;0;0;
30/01/2026 07:15:48.675;0;1;0;0;
30/01/2026 07:15:50.350;0;0;0;0;
30/01/2026 07:16:08.676;0;1;0;0;
30/01/2026 07:16:09.960;0;0;0;0;
30/01/2026 07:16:28.676;0;1;0;0;
30/01/2026 07:16:30.230;0;0;0;0;
30/01/2026 07:16:48.787;0;1;0;0;
30/01/2026 07:16:50.792;0;0;0;0;
30/01/2026 07:17:08.797;0;1;1;0;
30/01/2026 07:17:10.61;0;0;0;0;
30/01/2026 07:17:28.808;0;0;1;0;
30/01/2026 07:17:29.982;0;0;0;0;
30/01/2026 07:17:48.818;0;0;1;0;
30/01/2026 07:17:50.82;0;0;0;0;
30/01/2026 07:18:28.899;0;0;1;0;
30/01/2026 07:18:30.354;0;0;0;0;
30/01/2026 07:19:09.90;0;0;1;0;
30/01/2026 07:19:10.455;0;0;0;0;
30/01/2026 07:19:28.871;0;0;1;0;
30/01/2026 07:19:30.85;0;0;0;0;
30/01/2026 07:19:48.881;0;1;0;0;
30/01/2026 07:19:50.386;0;0;0;0;
30/01/2026 07:20:08.902;0;1;0;0;
30/01/2026 07:20:10.336;0;0;0;0;
30/01/2026 07:22:08.928;0;1;0;0;
30/01/2026 07:22:10.729;0;0;0;0;
30/01/2026 07:22:31.31;0;1;0;0;
30/01/2026 07:22:32.562;0;0;0;0;
30/01/2026 07:22:49.120;0;1;0;0;
30/01/2026 07:22:50.500;0;0;0;0;
30/01/2026 07:23:08.856;0;0;1;0;
30/01/2026 07:23:09.990;0;0;0;0;
30/01/2026 07:23:28.967;0;0;1;0;
30/01/2026 07:23:30.231;0;0;0;0;
30/01/2026 07:24:08.988;0;1;0;0;
30/01/2026 07:24:10.352;0;0;0;0;
30/01/2026 07:26:09.202;0;1;0;0;
30/01/2026 07:26:10.495;0;0;0;0;
30/01/2026 07:27:28.993;0;0;1;0;
30/01/2026 07:27:30.217;0;0;0;0;
30/01/2026 07:28:09.14;0;1;0;0;
30/01/2026 07:28:10.358;0;0;0;0;
30/01/2026 07:29:09.37;0;1;0;0;
30/01/2026 07:29:10.349;0;0;0;0;
30/01/2026 07:30:49.178;0;1;0;0;
30/01/2026 07:30:50.412;0;0;0;0;
30/01/2026 07:31:29.199;0;1;0;0;
30/01/2026 07:31:30.533;0;0;0;0;
30/01/2026 07:32:49.241;0;1;0;0;
30/01/2026 07:32:50.655;0;0;0;0;
30/01/2026 07:34:49.199;0;1;0;0;
30/01/2026 07:34:50.548;0;0;0;0;
30/01/2026 07:35:09.209;0;1;0;0;
30/01/2026 07:35:10.438;0;0;0;0;
30/01/2026 07:35:49.235;0;1;0;0;
30/01/2026 07:35:50.580;0;0;0;0;
30/01/2026 07:36:09.328;0;0;1;0;
30/01/2026 07:36:10.590;0;0;0;0;
30/01/2026 07:37:49.378;0;1;1;0;
30/01/2026 07:37:50.773;0;0;0;0;
30/01/2026 07:39:09.420;0;1;0;0;
30/01/2026 07:39:10.635;0;0;0;0;
30/01/2026 07:39:49.532;0;1;0;0;
30/01/2026 07:39:50.856;0;0;0;0;
30/01/2026 07:44:29.569;0;1;0;0;
30/01/2026 07:44:30.903;0;0;0;0;
30/01/2026 07:45:29.601;0;1;0;0;
30/01/2026 07:45:30.934;0;0;0;0;
30/01/2026 07:49:49.784;0;1;0;0;
30/01/2026 07:49:51.71;0;0;0;0;
30/01/2026 07:50:49.749;0;1;0;0;
30/01/2026 07:50:51.83;0;0;0;0;
30/01/2026 07:51:49.780;0;0;1;0;
30/01/2026 07:51:50.994;0;0;0;0;
30/01/2026 07:53:09.972;0;0;1;0;
30/01/2026 07:53:11.226;0;0;0;0;
30/01/2026 07:56:50.292;0;1;0;0;
30/01/2026 07:56:51.623;0;0;0;0;
30/01/2026 07:58:49.981;0;1;0;0;
30/01/2026 07:58:51.305;0;0;0;0;
30/01/2026 08:07:50.148;0;0;1;0;
30/01/2026 08:07:51.290;0;0;0;0;
30/01/2026 08:08:30.469;0;1;0;0;
30/01/2026 08:08:31.731;0;0;0;0;
30/01/2026 08:10:10.289;0;1;0;0;
30/01/2026 08:10:11.624;0;0;0;0;
30/01/2026 08:10:23.202;1;0;0;0;
30/01/2026 08:10:23.203;1;1;1;0;
30/01/2026 08:10:30.213;1;0;0;0;
30/01/2026 08:10:31.205;1;1;1;0;
30/01/2026 08:10:32.345;1;0;0;0;
30/01/2026 08:10:41.201;1;1;1;0;
30/01/2026 08:10:42.616;1;0;0;0;
30/01/2026 08:10:51.265;1;1;1;0;
30/01/2026 08:10:52.406;1;0;0;0;
30/01/2026 08:11:01.325;1;1;1;0;
30/01/2026 08:11:02.456;1;0;0;0;
30/01/2026 08:11:11.390;1;1;1;0;
30/01/2026 08:11:12.526;1;0;0;0;
30/01/2026 08:11:21.455;1;1;1;0;
30/01/2026 08:11:22.587;1;0;0;0;
30/01/2026 08:11:31.202;1;1;1;0;
30/01/2026 08:11:32.337;1;0;0;0;
30/01/2026 08:11:41.196;1;1;1;0;
30/01/2026 08:11:42.347;1;0;0;0;
30/01/2026 08:11:51.198;1;1;1;0;
30/01/2026 08:11:52.327;1;0;0;0;
30/01/2026 08:12:00.826;0;0;0;0;
30/01/2026 08:12:43.408;0;1;0;0;
30/01/2026 08:12:48.215;0;0;0;0;
30/01/2026 08:13:03.417;0;0;1;0;
30/01/2026 08:13:04.762;0;0;0;0;
30/01/2026 08:13:23.428;0;1;1;0;
30/01/2026 08:13:25.503;0;0;0;0;
30/01/2026 08:13:43.433;0;1;1;0;
30/01/2026 08:13:45.243;0;0;0;0;
30/01/2026 08:14:03.469;0;1;0;0;
30/01/2026 08:14:04.713;0;0;0;0;
30/01/2026 08:14:43.710;0;1;0;0;
30/01/2026 08:14:44.964;0;0;0;0;
30/01/2026 08:17:03.528;0;1;0;0;
30/01/2026 08:17:04.848;0;0;0;0;
30/01/2026 08:17:43.768;0;1;0;0;
30/01/2026 08:17:45.59;0;0;0;0;
30/01/2026 08:18:43.597;0;1;0;0;
30/01/2026 08:18:44.911;0;0;0;0;
30/01/2026 08:20:23.755;0;1;0;0;
30/01/2026 08:20:25.54;0;0;0;0;
30/01/2026 08:29:24.37;0;0;1;0;
30/01/2026 08:29:25.349;0;0;0;0;
30/01/2026 08:37:04.107;0;0;1;0;
30/01/2026 08:37:05.241;0;0;0;0;
30/01/2026 08:37:24.118;0;0;1;0;
30/01/2026 08:37:25.362;0;0;0;0;
30/01/2026 08:38:04.229;0;1;0;0;
30/01/2026 08:38:05.503;0;0;0;0;
30/01/2026 08:38:44.160;0;1;0;0;
30/01/2026 08:38:45.554;0;0;0;0;
30/01/2026 08:40:04.223;0;0;1;0;
30/01/2026 08:40:05.576;0;0;0;0;
30/01/2026 08:40:24.113;0;1;0;0;
30/01/2026 08:40:25.427;0;0;0;0;
30/01/2026 08:40:44.186;0;1;1;0;
30/01/2026 08:40:45.678;0;0;0;0;
30/01/2026 08:41:06.408;0;1;1;0;
30/01/2026 08:41:07.690;0;0;0;0;
30/01/2026 08:41:26.439;0;1;1;0;
30/01/2026 08:41:28.321;0;0;0;0;
30/01/2026 08:42:44.266;0;1;0;0;
30/01/2026 08:42:45.491;0;0;0;0;
30/01/2026 08:43:04.277;0;1;1;0;
30/01/2026 08:43:05.591;0;0;0;0;
30/01/2026 08:43:24.288;0;1;0;0;
30/01/2026 08:43:25.572;0;0;0;0;
30/01/2026 08:44:04.419;0;0;1;0;
30/01/2026 08:44:05.713;0;0;0;0;
30/01/2026 08:44:24.524;0;0;1;0;
30/01/2026 08:44:25.733;0;0;0;0;
30/01/2026 08:45:44.361;0;1;0;0;
30/01/2026 08:45:45.656;0;0;0;0;
30/01/2026 08:46:44.426;0;1;0;0;
30/01/2026 08:46:45.797;0;0;0;0;
30/01/2026 08:47:04.457;0;0;1;0;
30/01/2026 08:47:05.708;0;0;0;0;
30/01/2026 08:48:24.336;0;1;0;0;
30/01/2026 08:48:25.620;0;0;0;0;
30/01/2026 08:48:44.336;0;1;0;0;
30/01/2026 08:48:45.590;0;0;0;0;
30/01/2026 08:49:04.447;0;1;1;0;
30/01/2026 08:49:05.851;0;0;0;0;
30/01/2026 08:49:24.477;0;0;1;0;
30/01/2026 08:49:25.771;0;0;0;0;
30/01/2026 08:50:04.519;0;1;0;0;
30/01/2026 08:50:06.63;0;0;0;0;
30/01/2026 08:50:24.720;0;1;0;0;
30/01/2026 08:50:26.83;0;0;0;0;
30/01/2026 08:50:44.735;0;1;0;0;
30/01/2026 08:50:45.974;0;0;0;0;
30/01/2026 08:52:04.541;0;1;0;0;
30/01/2026 08:52:06.46;0;0;0;0;
30/01/2026 08:52:24.572;0;1;0;0;
30/01/2026 08:52:26.6;0;0;0;0;
30/01/2026 08:52:44.572;0;1;0;0;
30/01/2026 08:52:45.987;0;0;0;0;
30/01/2026 08:53:04.506;0;1;0;0;
30/01/2026 08:53:05.837;0;0;0;0;
30/01/2026 08:53:24.617;0;1;0;0;
30/01/2026 08:53:26.258;0;0;0;0;
30/01/2026 08:53:37.797;0;1;1;0;
30/01/2026 08:53:50.933;0;0;0;0;
30/01/2026 09:04:26.985;1;0;0;0;
30/01/2026 09:04:26.986;1;1;0;0;
30/01/2026 09:04:28.846;1;0;0;0;
30/01/2026 09:05:04.889;1;0;1;0;
30/01/2026 09:05:16.135;1;0;0;0;
30/01/2026 09:05:39.388;0;0;0;0;
30/01/2026 09:06:16.975;0;1;0;0;
30/01/2026 09:06:23.393;0;0;0;0;
30/01/2026 09:06:36.979;0;0;1;0;
30/01/2026 09:06:38.199;0;0;0;0;
30/01/2026 09:08:17.12;0;1;0;0;
30/01/2026 09:08:19.52;0;0;0;0;
30/01/2026 09:08:37.51;0;1;0;0;
30/01/2026 09:08:39.333;0;0;0;0;
30/01/2026 09:08:57.151;0;1;1;0;
30/01/2026 09:08:58.863;0;0;0;0;
30/01/2026 09:09:17.243;0;1;1;0;
30/01/2026 09:09:18.593;0;0;0;0;
30/01/2026 09:09:37.341;0;1;0;0;
30/01/2026 09:09:38.824;0;0;0;0;
30/01/2026 09:09:57.442;0;1;1;0;
30/01/2026 09:09:58.894;0;0;0;0;
30/01/2026 09:10:17.170;0;1;0;0;
30/01/2026 09:10:18.745;0;0;0;0;
30/01/2026 09:10:37.181;0;1;0;0;
30/01/2026 09:10:38.625;0;0;0;0;
30/01/2026 09:10:57.191;0;1;0;0;
30/01/2026 09:10:58.976;0;0;0;0;
30/01/2026 09:11:17.202;0;1;0;0;
30/01/2026 09:11:18.536;0;0;0;0;
30/01/2026 09:11:37.212;0;1;0;0;
30/01/2026 09:11:38.807;0;0;0;0;
30/01/2026 09:11:57.253;0;0;1;0;
30/01/2026 09:11:58.487;0;0;0;0;
30/01/2026 09:12:37.254;0;1;1;0;
30/01/2026 09:12:38.478;0;0;0;0;
30/01/2026 09:13:37.435;0;1;0;0;
30/01/2026 09:13:39.560;0;0;0;0;
30/01/2026 09:14:17.206;0;1;0;0;
30/01/2026 09:14:18.881;0;0;0;0;
30/01/2026 09:14:37.197;0;0;1;0;
30/01/2026 09:14:38.421;0;0;0;0;
30/01/2026 09:14:57.197;0;1;0;0;
30/01/2026 09:14:58.421;0;0;0;0;
30/01/2026 09:15:17.308;0;1;0;0;
30/01/2026 09:15:18.652;0;0;0;0;
30/01/2026 09:16:17.393;0;0;1;0;
30/01/2026 09:16:18.533;0;0;0;0;
30/01/2026 09:16:37.393;0;0;1;0;
30/01/2026 09:16:38.634;0;0;0;0;
30/01/2026 09:17:18.403;0;1;0;0;
30/01/2026 09:17:19.816;0;0;0;0;
30/01/2026 09:17:37.382;0;1;0;0;
30/01/2026 09:17:38.806;0;0;0;0;
30/01/2026 09:17:57.392;0;1;0;0;
30/01/2026 09:17:58.926;0;0;0;0;
30/01/2026 09:18:17.402;0;1;0;0;
30/01/2026 09:18:18.636;0;0;0;0;
30/01/2026 09:18:57.433;0;1;1;0;
30/01/2026 09:18:58.667;0;0;0;0;
30/01/2026 09:19:17.434;0;1;1;0;
30/01/2026 09:19:18.758;0;0;0;0;
30/01/2026 09:19:57.425;0;1;0;0;
30/01/2026 09:19:58.899;0;0;0;0;
30/01/2026 09:20:17.406;0;1;0;0;
30/01/2026 09:20:18.719;0;0;0;0;
30/01/2026 09:20:37.501;0;1;0;0;
30/01/2026 09:20:38.880;0;0;0;0;
30/01/2026 09:20:57.707;0;1;0;0;
30/01/2026 09:20:59.351;0;0;0;0;
30/01/2026 09:21:17.387;0;1;0;0;
30/01/2026 09:21:18.611;0;0;0;0;
30/01/2026 09:21:37.397;0;1;0;0;
30/01/2026 09:21:38.681;0;0;0;0;
30/01/2026 09:23:17.550;0;0;1;0;
30/01/2026 09:23:18.704;0;0;0;0;
30/01/2026 09:28:17.587;0;1;0;0;
30/01/2026 09:28:18.962;0;0;0;0;
30/01/2026 09:29:37.730;0;1;0;0;
30/01/2026 09:29:39.64;0;0;0;0;
30/01/2026 09:30:17.750;0;1;0;0;
30/01/2026 09:30:19.115;0;0;0;0;
30/01/2026 09:30:57.963;0;1;0;0;
30/01/2026 09:30:59.296;0;0;0;0;
30/01/2026 09:31:57.803;0;0;1;0;
30/01/2026 09:31:59.37;0;0;0;0;
30/01/2026 09:32:37.724;0;1;0;0;
30/01/2026 09:32:39.8;0;0;0;0;
30/01/2026 09:33:57.776;0;1;0;0;
30/01/2026 09:33:59.90;0;0;0;0;
30/01/2026 09:38:17.983;0;1;0;0;
30/01/2026 09:38:19.247;0;0;0;0;
30/01/2026 09:38:58.14;0;1;0;0;
30/01/2026 09:38:59.298;0;0;0;0;
30/01/2026 09:41:38.68;0;0;1;0;
30/01/2026 09:41:39.292;0;0;0;0;
30/01/2026 09:45:18.194;0;1;0;0;
30/01/2026 09:45:19.488;0;0;0;0;
30/01/2026 09:45:38.94;0;1;0;0;
30/01/2026 09:45:39.378;0;0;0;0;
30/01/2026 09:46:18.115;0;1;0;0;
30/01/2026 09:46:19.519;0;0;0;0;
30/01/2026 09:47:58.248;0;1;0;0;
30/01/2026 09:47:59.472;0;0;0;0;
30/01/2026 09:56:38.745;0;0;1;0;
30/01/2026 09:56:40.26;0;0;0;0;
30/01/2026 09:56:58.512;0;0;1;0;
30/01/2026 09:56:59.806;0;0;0;0;
30/01/2026 10:00:18.487;0;1;0;0;
30/01/2026 10:00:19.772;0;0;0;0;
30/01/2026 10:01:18.620;0;1;0;0;
30/01/2026 10:01:19.853;0;0;0;0;
30/01/2026 10:01:38.630;0;1;0;0;
30/01/2026 10:01:39.954;0;0;0;0;
30/01/2026 10:05:07.828;1;0;0;0;
30/01/2026 10:05:07.829;1;1;1;0;
30/01/2026 10:05:14.864;1;0;0;0;
30/01/2026 10:05:15.883;1;1;1;0;
30/01/2026 10:05:17.27;1;0;0;0;
30/01/2026 10:05:25.642;1;1;1;0;
30/01/2026 10:05:27.27;1;0;0;0;
30/01/2026 10:05:35.653;1;1;1;0;
30/01/2026 10:05:36.797;1;0;0;0;
30/01/2026 10:05:45.663;1;1;1;0;
30/01/2026 10:05:46.797;1;0;0;0;
30/01/2026 10:05:55.753;1;1;1;0;
30/01/2026 10:05:56.888;1;0;0;0;
30/01/2026 10:06:05.743;1;1;1;0;
30/01/2026 10:06:06.908;1;0;0;0;
30/01/2026 10:06:15.644;1;1;1;0;
30/01/2026 10:06:16.778;1;0;0;0;
30/01/2026 10:06:25.639;1;1;1;0;
30/01/2026 10:06:26.778;1;0;0;0;
30/01/2026 10:06:35.644;1;1;1;0;
30/01/2026 10:06:36.779;1;0;0;0;
30/01/2026 10:06:45.488;0;0;0;0;
30/01/2026 10:07:27.840;0;1;0;0;
30/01/2026 10:07:32.646;0;0;0;0;
30/01/2026 10:07:47.859;0;0;1;0;
30/01/2026 10:07:49.173;0;0;0;0;
30/01/2026 10:08:07.979;0;1;1;0;
30/01/2026 10:08:09.874;0;0;0;0;
30/01/2026 10:08:28.110;0;1;1;0;
30/01/2026 10:08:29.985;0;0;0;0;
30/01/2026 10:08:47.910;0;1;0;0;
30/01/2026 10:08:49.275;0;0;0;0;
30/01/2026 10:09:47.912;0;1;0;0;
30/01/2026 10:09:49.146;0;0;0;0;
30/01/2026 10:11:47.869;0;1;0;0;
30/01/2026 10:11:49.220;0;0;0;0;
30/01/2026 10:13:07.897;0;1;0;0;
30/01/2026 10:13:09.182;0;0;0;0;
30/01/2026 10:14:08.209;0;0;1;0;
30/01/2026 10:14:09.534;0;0;0;0;
30/01/2026 10:17:48.46;0;1;0;0;
30/01/2026 10:17:49.359;0;0;0;0;
30/01/2026 10:20:28.220;0;1;0;0;
30/01/2026 10:20:29.494;0;0;0;0;
30/01/2026 10:25:28.388;0;1;0;0;
30/01/2026 10:25:29.672;0;0;0;0;
30/01/2026 10:25:48.509;0;1;0;0;
30/01/2026 10:25:49.733;0;0;0;0;
30/01/2026 10:26:28.390;0;1;0;0;
30/01/2026 10:26:29.814;0;0;0;0;
30/01/2026 10:28:08.443;0;1;0;0;
30/01/2026 10:28:09.917;0;0;0;0;
30/01/2026 10:28:28.477;0;1;0;0;
30/01/2026 10:28:29.987;0;0;0;0;
30/01/2026 10:30:08.406;0;0;1;0;
30/01/2026 10:30:09.630;0;0;0;0;
30/01/2026 10:35:08.539;0;0;1;0;
30/01/2026 10:35:09.768;0;0;0;0;
30/01/2026 10:35:28.555;0;1;0;0;
30/01/2026 10:35:29.929;0;0;0;0;
30/01/2026 10:36:08.576;0;1;0;0;
30/01/2026 10:36:09.920;0;0;0;0;
30/01/2026 10:36:28.596;0;0;1;0;
30/01/2026 10:36:29.940;0;0;0;0;
30/01/2026 10:37:28.708;0;1;1;0;
30/01/2026 10:37:30.112;0;0;0;0;
30/01/2026 10:38:08.719;0;1;0;0;
30/01/2026 10:38:10.283;0;0;0;0;
30/01/2026 10:38:28.729;0;1;1;0;
30/01/2026 10:38:30.154;0;0;0;0;
30/01/2026 10:38:48.740;0;0;1;0;
30/01/2026 10:38:49.954;0;0;0;0;
30/01/2026 10:39:08.751;0;1;0;0;
30/01/2026 10:39:10.85;0;0;0;0;
30/01/2026 10:41:09.217;0;1;0;0;
30/01/2026 10:41:10.588;0;0;0;0;
30/01/2026 10:41:48.735;0;1;0;0;
30/01/2026 10:41:50.169;0;0;0;0;
30/01/2026 10:42:48.766;0;1;1;0;
30/01/2026 10:42:50.81;0;0;0;0;
30/01/2026 10:43:08.787;0;1;1;0;
30/01/2026 10:43:10.261;0;0;0;0;
30/01/2026 10:43:28.838;0;1;1;0;
30/01/2026 10:43:30.572;0;0;0;0;
30/01/2026 10:44:28.899;0;0;1;0;
30/01/2026 10:44:30.313;0;0;0;0;
30/01/2026 10:44:48.925;0;1;0;0;
30/01/2026 10:44:50.384;0;0;0;0;
30/01/2026 10:45:08.960;0;1;1;0;
30/01/2026 10:45:10.354;0;0;0;0;
30/01/2026 10:45:28.931;0;1;0;0;
30/01/2026 10:45:30.295;0;0;0;0;
30/01/2026 10:45:48.941;0;1;0;0;
30/01/2026 10:45:50.275;0;0;0;0;
30/01/2026 10:46:08.952;0;1;0;0;
30/01/2026 10:46:10.406;0;0;0;0;
30/01/2026 10:49:01.37;0;1;1;0;
30/01/2026 10:49:13.924;0;0;0;0;
30/01/2026 10:59:02.171;1;0;0;0;
30/01/2026 10:59:02.172;1;1;0;0;
30/01/2026 10:59:04.47;1;0;0;0;
30/01/2026 10:59:40.81;1;0;1;0;
30/01/2026 10:59:51.75;1;0;0;0;
30/01/2026 11:00:14.499;0;0;0;0;
30/01/2026 11:00:52.417;0;1;0;0;
30/01/2026 11:00:56.722;0;0;0;0;
30/01/2026 11:01:12.405;0;0;1;0;
30/01/2026 11:01:13.900;0;0;0;0;
30/01/2026 11:01:32.185;0;0;1;0;
30/01/2026 11:01:33.500;0;0;0;0;
30/01/2026 11:01:52.196;0;0;1;0;
30/01/2026 11:01:53.420;0;0;0;0;
30/01/2026 11:03:12.218;0;1;0;0;
30/01/2026 11:03:13.622;0;0;0;0;
30/01/2026 11:03:32.214;0;1;0;0;
30/01/2026 11:03:34.404;0;0;0;0;
30/01/2026 11:03:52.380;0;1;0;0;
30/01/2026 11:03:54.424;0;0;0;0;
30/01/2026 11:04:12.354;0;1;1;0;
30/01/2026 11:04:14.945;0;0;0;0;
30/01/2026 11:04:32.452;0;1;1;0;
30/01/2026 11:04:34.145;0;0;0;0;
30/01/2026 11:04:52.675;0;1;1;0;
30/01/2026 11:04:54.65;0;0;0;0;
30/01/2026 11:05:12.646;0;1;0;0;
30/01/2026 11:05:13.916;0;0;0;0;
30/01/2026 11:07:32.495;0;1;0;0;
30/01/2026 11:07:33.869;0;0;0;0;
30/01/2026 11:08:32.667;0;1;1;0;
30/01/2026 11:08:34.41;0;0;0;0;
30/01/2026 11:08:52.637;0;0;1;0;
30/01/2026 11:08:53.771;0;0;0;0;
30/01/2026 11:10:32.509;0;1;0;0;
30/01/2026 11:10:33.774;0;0;0;0;
30/01/2026 11:11:52.604;0;1;0;0;
30/01/2026 11:11:53.936;0;0;0;0;
30/01/2026 11:12:34.808;0;1;0;0;
30/01/2026 11:12:36.119;0;0;0;0;
30/01/2026 11:12:52.584;0;1;0;0;
30/01/2026 11:12:53.917;0;0;0;0;
30/01/2026 11:13:12.588;0;1;0;0;
30/01/2026 11:13:14.58;0;0;0;0;
30/01/2026 11:13:52.634;0;1;1;0;
30/01/2026 11:13:54.189;0;0;0;0;
30/01/2026 11:14:12.646;0;1;1;0;
30/01/2026 11:14:14.159;0;0;0;0;
30/01/2026 11:14:32.536;0;1;0;0;
30/01/2026 11:14:33.850;0;0;0;0;
30/01/2026 11:15:32.622;0;1;0;0;
30/01/2026 11:15:33.941;0;0;0;0;
30/01/2026 11:15:52.723;0;1;0;0;
30/01/2026 11:15:54.102;0;0;0;0;
30/01/2026 11:17:32.710;0;1;0;0;
30/01/2026 11:17:34.84;0;0;0;0;
30/01/2026 11:17:52.721;0;1;0;0;
30/01/2026 11:17:54.75;0;0;0;0;
30/01/2026 11:18:52.747;0;1;0;0;
30/01/2026 11:18:54.16;0;0;0;0;
30/01/2026 11:20:52.825;0;1;0;0;
30/01/2026 11:20:54.129;0;0;0;0;
30/01/2026 11:21:32.736;0;1;0;0;
30/01/2026 11:21:34.50;0;0;0;0;
30/01/2026 11:23:52.890;0;1;0;0;
30/01/2026 11:23:54.484;0;0;0;0;
30/01/2026 11:24:32.911;0;1;0;0;
30/01/2026 11:24:34.305;0;0;0;0;
30/01/2026 11:25:12.932;0;1;0;0;
30/01/2026 11:25:14.526;0;0;0;0;
30/01/2026 11:25:32.942;0;1;0;0;
30/01/2026 11:25:34.306;0;0;0;0;
30/01/2026 11:25:55.19;0;1;0;0;
30/01/2026 11:25:56.409;0;0;0;0;
30/01/2026 11:26:33.236;0;1;0;0;
30/01/2026 11:26:34.498;0;0;0;0;
30/01/2026 11:27:13.25;0;0;1;0;
30/01/2026 11:27:14.159;0;0;0;0;
30/01/2026 11:27:33.5;0;0;1;0;
30/01/2026 11:27:34.259;0;0;0;0;
30/01/2026 11:28:32.937;0;1;0;0;
30/01/2026 11:28:34.281;0;0;0;0;
30/01/2026 11:30:13.80;0;1;0;0;
30/01/2026 11:30:14.413;0;0;0;0;
30/01/2026 11:39:33.359;0;0;1;0;
30/01/2026 11:39:34.558;0;0;0;0;
30/01/2026 11:40:13.400;0;1;0;0;
30/01/2026 11:40:14.789;0;0;0;0;
30/01/2026 11:41:13.311;0;1;0;0;
30/01/2026 11:41:14.660;0;0;0;0;
30/01/2026 11:48:13.647;0;1;0;0;
30/01/2026 11:48:15.22;0;0;0;0;
30/01/2026 11:49:13.509;0;1;0;0;
30/01/2026 11:49:14.853;0;0;0;0;
30/01/2026 11:51:53.688;0;0;1;0;
30/01/2026 11:51:54.837;0;0;0;0;
30/01/2026 11:53:13.635;0;0;1;0;
30/01/2026 11:53:14.859;0;0;0;0;
30/01/2026 11:56:13.821;0;1;0;0;
30/01/2026 11:56:15.54;0;0;0;0;
30/01/2026 11:57:13.986;0;1;0;0;
30/01/2026 11:57:15.346;0;0;0;0;
30/01/2026 11:59:09.910;1;0;0;0;
30/01/2026 11:59:09.911;1;1;1;0;
30/01/2026 11:59:16.961;1;0;0;0;
30/01/2026 11:59:17.811;1;1;1;0;
30/01/2026 11:59:18.943;1;0;0;0;
30/01/2026 11:59:27.804;1;1;1;0;
30/01/2026 11:59:29.214;1;0;0;0;
30/01/2026 11:59:37.809;1;1;1;0;
30/01/2026 11:59:38.944;1;0;0;0;
30/01/2026 11:59:48.10;1;1;1;0;
30/01/2026 11:59:49.154;1;0;0;0;
30/01/2026 11:59:57.910;1;1;1;0;
30/01/2026 11:59:59.44;1;0;0;0;
30/01/2026 12:00:08.10;1;1;1;0;
30/01/2026 12:00:09.145;1;0;0;0;
30/01/2026 12:00:18.10;1;1;1;0;
30/01/2026 12:00:19.155;1;0;0;0;
30/01/2026 12:00:28.106;1;1;1;0;
30/01/2026 12:00:29.255;1;0;0;0;
30/01/2026 12:00:37.906;1;1;1;0;
30/01/2026 12:00:39.55;1;0;0;0;
30/01/2026 12:00:47.404;0;0;0;0;
30/01/2026 12:01:30.56;0;1;0;0;
30/01/2026 12:01:35.53;0;0;0;0;
30/01/2026 12:01:49.945;0;0;1;0;
30/01/2026 12:01:51.199;0;0;0;0;
30/01/2026 12:02:09.956;0;0;1;0;
30/01/2026 12:02:11.210;0;0;0;0;
30/01/2026 12:02:29.968;0;1;0;0;
30/01/2026 12:02:32.332;0;0;0;0;
30/01/2026 12:02:50.92;0;1;1;0;
30/01/2026 12:02:51.652;0;0;0;0;
30/01/2026 12:03:29.983;0;1;0;0;
30/01/2026 12:03:31.212;0;0;0;0;
30/01/2026 12:04:30.105;0;1;0;0;
30/01/2026 12:04:31.544;0;0;0;0;
30/01/2026 12:05:10.131;0;1;0;0;
30/01/2026 12:05:11.465;0;0;0;0;
30/01/2026 12:06:50.184;0;1;0;0;
30/01/2026 12:06:51.448;0;0;0;0;
30/01/2026 12:08:50.450;0;1;0;0;
30/01/2026 12:08:51.882;0;0;0;0;
30/01/2026 12:09:10.442;0;1;0;0;
30/01/2026 12:09:11.762;0;0;0;0;
30/01/2026 12:19:10.534;0;1;0;0;
30/01/2026 12:19:11.858;0;0;0;0;
30/01/2026 12:20:10.489;0;1;0;0;
30/01/2026 12:20:11.890;0;0;0;0;
30/01/2026 12:21:10.507;0;1;0;0;
30/01/2026 12:21:11.912;0;0;0;0;
30/01/2026 12:21:50.508;0;1;0;0;
30/01/2026 12:21:51.773;0;0;0;0;
30/01/2026 12:22:10.619;0;1;0;0;
30/01/2026 12:22:11.963;0;0;0;0;
30/01/2026 12:22:50.640;0;1;0;0;
30/01/2026 12:22:51.964;0;0;0;0;
30/01/2026 12:23:30.742;0;1;0;0;
30/01/2026 12:23:32.46;0;0;0;0;
30/01/2026 12:24:10.682;0;1;0;0;
30/01/2026 12:24:12.17;0;0;0;0;
30/01/2026 12:24:30.694;0;0;1;0;
30/01/2026 12:24:31.997;0;0;0;0;
30/01/2026 12:25:10.714;0;1;0;0;
30/01/2026 12:25:12.128;0;0;0;0;
30/01/2026 12:25:50.765;0;1;0;0;
30/01/2026 12:25:52.189;0;0;0;0;
30/01/2026 12:28:10.679;0;0;1;0;
30/01/2026 12:28:11.903;0;0;0;0;
30/01/2026 12:28:30.790;0;1;0;0;
30/01/2026 12:28:32.114;0;0;0;0;
30/01/2026 12:28:50.801;0;1;0;0;
30/01/2026 12:28:52.84;0;0;0;0;
30/01/2026 12:29:30.936;0;1;1;0;
30/01/2026 12:29:32.356;0;0;0;0;
30/01/2026 12:29:51.57;0;1;0;0;
30/01/2026 12:29:52.326;0;0;0;0;
30/01/2026 12:30:30.883;0;1;0;0;
30/01/2026 12:30:32.427;0;0;0;0;
30/01/2026 12:30:50.864;0;1;1;0;
30/01/2026 12:30:52.258;0;0;0;0;
30/01/2026 12:31:10.874;0;1;1;0;
30/01/2026 12:31:12.639;0;0;0;0;
30/01/2026 12:31:50.905;0;1;0;0;
30/01/2026 12:31:52.179;0;0;0;0;
30/01/2026 12:33:10.837;0;0;1;0;
30/01/2026 12:33:12.61;0;0;0;0;
30/01/2026 12:34:10.849;0;0;1;0;
30/01/2026 12:34:12.223;0;0;0;0;
30/01/2026 12:34:51.20;0;0;1;0;
30/01/2026 12:34:52.404;0;0;0;0;
30/01/2026 12:35:10.981;0;1;1;0;
30/01/2026 12:35:12.294;0;0;0;0;
30/01/2026 12:35:31.86;0;1;1;0;
30/01/2026 12:35:32.445;0;0;0;0;
30/01/2026 12:36:11.12;0;1;0;0;
30/01/2026 12:36:12.316;0;0;0;0;
30/01/2026 12:36:31.22;0;1;0;0;
30/01/2026 12:36:32.327;0;0;0;0;
30/01/2026 12:37:11.43;0;1;0;0;
30/01/2026 12:37:12.428;0;0;0;0;
30/01/2026 12:38:52.27;0;1;0;0;
30/01/2026 12:38:53.311;0;0;0;0;
30/01/2026 12:39:51.37;0;1;0;0;
30/01/2026 12:39:52.532;0;0;0;0;
30/01/2026 12:40:31.28;0;1;0;0;
30/01/2026 12:40:32.373;0;0;0;0;
30/01/2026 12:41:31.160;0;0;1;0;
30/01/2026 12:41:32.304;0;0;0;0;
30/01/2026 12:41:58.261;0;1;1;0;
30/01/2026 12:42:11.274;0;0;0;0;
30/01/2026 12:55:13.772;1;0;0;0;
30/01/2026 12:55:13.773;1;1;0;0;
30/01/2026 12:55:15.542;1;0;0;0;
30/01/2026 12:55:51.766;1;0;1;0;
30/01/2026 12:56:02.531;1;0;0;0;
30/01/2026 12:56:25.634;0;0;0;0;
30/01/2026 12:57:03.952;0;1;0;0;
30/01/2026 12:57:10.330;0;0;0;0;
30/01/2026 12:57:23.961;0;0;1;0;
30/01/2026 12:57:25.265;0;0;0;0;
30/01/2026 12:57:44.92;0;0;1;0;
30/01/2026 12:57:45.426;0;0;0;0;
30/01/2026 12:58:24.133;0;0;1;0;
30/01/2026 12:58:25.497;0;0;0;0;
30/01/2026 12:59:04.14;0;1;0;0;
30/01/2026 12:59:05.548;0;0;0;0;
30/01/2026 12:59:24.19;0;1;0;0;
30/01/2026 12:59:26.570;0;0;0;0;
30/01/2026 12:59:44.55;0;1;0;0;
30/01/2026 12:59:46.280;0;0;0;0;
30/01/2026 13:00:04.85;0;1;0;0;
30/01/2026 13:00:05.379;0;0;0;0;
30/01/2026 13:00:23.956;0;1;0;0;
30/01/2026 13:00:25.300;0;0;0;0;
30/01/2026 13:01:03.977;0;1;0;0;
30/01/2026 13:01:05.231;0;0;0;0;
30/01/2026 13:01:23.990;0;1;0;0;
30/01/2026 13:01:25.311;0;0;0;0;
30/01/2026 13:02:44.9;0;1;0;0;
30/01/2026 13:02:45.263;0;0;0;0;
30/01/2026 13:03:24.131;0;1;0;0;
30/01/2026 13:03:25.445;0;0;0;0;
30/01/2026 13:03:44.141;0;1;0;0;
30/01/2026 13:03:45.585;0;0;0;0;
30/01/2026 13:04:44.173;0;1;0;0;
30/01/2026 13:04:45.567;0;0;0;0;
30/01/2026 13:05:04.183;0;1;1;0;
30/01/2026 13:05:05.577;0;0;0;0;
30/01/2026 13:05:24.193;0;1;1;0;
30/01/2026 13:05:25.788;0;0;0;0;
30/01/2026 13:05:44.274;0;0;1;0;
30/01/2026 13:05:45.418;0;0;0;0;
30/01/2026 13:06:04.375;0;1;0;0;
30/01/2026 13:06:05.679;0;0;0;0;
30/01/2026 13:07:44.167;0;1;1;0;
30/01/2026 13:07:45.511;0;0;0;0;
30/01/2026 13:09:24.328;0;0;1;0;
30/01/2026 13:09:25.764;0;0;0;0;
30/01/2026 13:10:04.534;0;1;1;0;
30/01/2026 13:10:05.945;0;0;0;0;
30/01/2026 13:10:24.332;0;0;1;0;
30/01/2026 13:10:25.535;0;0;0;0;
30/01/2026 13:10:44.342;0;1;0;0;
30/01/2026 13:10:45.676;0;0;0;0;
30/01/2026 13:11:04.352;0;1;0;0;
30/01/2026 13:11:05.616;0;0;0;0;
30/01/2026 13:12:04.384;0;1;0;0;
30/01/2026 13:12:05.708;0;0;0;0;
30/01/2026 13:13:04.466;0;1;0;0;
30/01/2026 13:13:05.859;0;0;0;0;
30/01/2026 13:13:26.488;0;1;0;0;
30/01/2026 13:13:27.902;0;0;0;0;
30/01/2026 13:13:44.566;0;1;1;0;
30/01/2026 13:13:46.271;0;0;0;0;
30/01/2026 13:14:04.347;0;1;0;0;
30/01/2026 13:14:05.571;0;0;0;0;
30/01/2026 13:14:44.377;0;1;0;0;
30/01/2026 13:14:46.412;0;0;0;0;
30/01/2026 13:15:04.368;0;1;1;0;
30/01/2026 13:15:06.193;0;0;0;0;
30/01/2026 13:15:24.368;0;1;0;0;
30/01/2026 13:15:25.853;0;0;0;0;
30/01/2026 13:16:44.574;0;0;1;0;
30/01/2026 13:16:45.955;0;0;0;0;
30/01/2026 13:19:04.574;0;0;1;0;
30/01/2026 13:19:05.898;0;0;0;0;
30/01/2026 13:20:24.657;0;1;0;0;
30/01/2026 13:20:25.910;0;0;0;0;
30/01/2026 13:22:04.549;0;1;0;0;
30/01/2026 13:22:05.863;0;0;0;0;
30/01/2026 13:23:24.895;0;1;0;0;
30/01/2026 13:23:26.275;0;0;0;0;
30/01/2026 13:23:46.847;0;1;0;0;
30/01/2026 13:23:48.87;0;0;0;0;
30/01/2026 13:24:04.955;0;1;0;0;
30/01/2026 13:24:06.436;0;0;0;0;
30/01/2026 13:24:24.712;0;1;0;0;
30/01/2026 13:24:25.946;0;0;0;0;
30/01/2026 13:27:05.57;0;1;0;0;
30/01/2026 13:27:06.371;0;0;0;0;
30/01/2026 13:28:04.738;0;1;0;0;
30/01/2026 13:28:06.82;0;0;0;0;
30/01/2026 13:29:04.729;0;1;0;0;
30/01/2026 13:29:06.43;0;0;0;0;
30/01/2026 13:29:44.882;0;1;0;0;
30/01/2026 13:29:46.194;0;0;0;0;
30/01/2026 13:31:04.892;0;1;0;0;
30/01/2026 13:31:06.216;0;0;0;0;
30/01/2026 13:31:24.903;0;0;1;0;
30/01/2026 13:31:26.57;0;0;0;0;
30/01/2026 13:32:24.934;0;1;1;0;
30/01/2026 13:32:26.289;0;0;0;0;
30/01/2026 13:47:05.278;0;1;1;0;
30/01/2026 13:47:06.592;0;0;0;0;
30/01/2026 13:47:25.268;0;0;1;0;
30/01/2026 13:47:26.542;0;0;0;0;
30/01/2026 13:49:05.401;0;1;0;0;
30/01/2026 13:49:06.725;0;0;0;0;
30/01/2026 13:49:25.411;0;1;0;0;
30/01/2026 13:49:26.765;0;0;0;0;
30/01/2026 13:54:05.597;0;1;0;0;
30/01/2026 13:54:06.853;0;0;0;0;
30/01/2026 13:56:58.667;1;0;0;0;
30/01/2026 13:56:58.668;1;1;1;0;
30/01/2026 13:57:05.797;1;0;0;0;
30/01/2026 13:57:06.718;1;1;1;0;
30/01/2026 13:57:07.849;1;0;0;0;
30/01/2026 13:57:16.778;1;1;1;0;
30/01/2026 13:57:18.189;1;0;0;0;
30/01/2026 13:57:26.534;1;1;1;0;
30/01/2026 13:57:27.669;1;0;0;0;
30/01/2026 13:57:37.79;1;1;1;0;
30/01/2026 13:57:38.210;1;0;0;0;
30/01/2026 13:57:46.520;1;1;1;0;
30/01/2026 13:57:47.650;1;0;0;0;
30/01/2026 13:57:56.525;1;1;1;0;
30/01/2026 13:57:57.660;1;0;0;0;
30/01/2026 13:58:06.525;1;1;1;0;
30/01/2026 13:58:07.660;1;0;0;0;
30/01/2026 13:58:16.526;1;1;1;0;
30/01/2026 13:58:17.660;1;0;0;0;
30/01/2026 13:58:26.526;1;1;1;0;
30/01/2026 13:58:27.661;1;0;0;0;
30/01/2026 13:58:36.19;0;0;0;0;
30/01/2026 13:59:18.722;0;1;0;0;
30/01/2026 13:59:23.548;0;0;0;0;
30/01/2026 13:59:38.731;0;0;1;0;
30/01/2026 13:59:40.25;0;0;0;0;
30/01/2026 13:59:58.831;0;1;1;0;
30/01/2026 14:00:00.306;0;0;0;0;
30/01/2026 14:00:18.962;0;1;1;0;
30/01/2026 14:00:21.47;0;0;0;0;
30/01/2026 14:00:38.762;0;1;0;0;
30/01/2026 14:00:40.217;0;0;0;0;
30/01/2026 14:00:58.773;0;1;0;0;
30/01/2026 14:01:00.107;0;0;0;0;
30/01/2026 14:02:58.936;0;1;0;0;
30/01/2026 14:03:00.160;0;0;0;0;
30/01/2026 14:05:38.951;0;1;0;0;
30/01/2026 14:05:40.335;0;0;0;0;
30/01/2026 14:06:58.943;0;1;0;0;
30/01/2026 14:07:00.247;0;0;0;0;
30/01/2026 14:09:38.927;0;1;0;0;
30/01/2026 14:09:40.261;0;0;0;0;
30/01/2026 14:14:39.294;0;1;0;0;
30/01/2026 14:14:40.580;0;0;0;0;
30/01/2026 14:16:39.119;0;0;1;0;
30/01/2026 14:16:40.433;0;0;0;0;
30/01/2026 14:16:59.360;0;1;0;0;
30/01/2026 14:17:00.644;0;0;0;0;
30/01/2026 14:17:19.310;0;1;0;0;
30/01/2026 14:17:20.684;0;0;0;0;
30/01/2026 14:18:19.272;0;1;0;0;
30/01/2026 14:18:20.606;0;0;0;0;
30/01/2026 14:18:59.293;0;1;0;0;
30/01/2026 14:19:00.657;0;0;0;0;
30/01/2026 14:20:19.406;0;1;0;0;
30/01/2026 14:20:20.719;0;0;0;0;
30/01/2026 14:21:19.277;0;1;0;0;
30/01/2026 14:21:20.621;0;0;0;0;
30/01/2026 14:23:39.646;0;0;1;0;
30/01/2026 14:23:40.785;0;0;0;0;
30/01/2026 14:26:59.421;0;0;1;0;
30/01/2026 14:27:00.680;0;0;0;0;
30/01/2026 14:27:19.436;0;1;0;0;
30/01/2026 14:27:20.751;0;0;0;0;
30/01/2026 14:28:19.458;0;1;0;0;
30/01/2026 14:28:20.802;0;0;0;0;
30/01/2026 14:28:59.510;0;1;0;0;
30/01/2026 14:29:01.104;0;0;0;0;
30/01/2026 14:29:19.730;0;1;0;0;
30/01/2026 14:29:21.104;0;0;0;0;
30/01/2026 14:29:40.26;0;0;1;0;
30/01/2026 14:29:41.255;0;0;0;0;
30/01/2026 14:29:59.591;0;1;0;0;
30/01/2026 14:30:01.35;0;0;0;0;
30/01/2026 14:33:19.591;0;1;0;0;
30/01/2026 14:33:21.150;0;0;0;0;
30/01/2026 14:33:39.607;0;1;1;0;
30/01/2026 14:33:41.41;0;0;0;0;
30/01/2026 14:33:59.612;0;1;1;0;
30/01/2026 14:34:01.712;0;0;0;0;
30/01/2026 14:34:19.538;0;1;1;0;
30/01/2026 14:34:21.933;0;0;0;0;
30/01/2026 14:34:39.628;0;0;1;0;
30/01/2026 14:34:40.822;0;0;0;0;
30/01/2026 14:35:19.854;0;1;1;0;
30/01/2026 14:35:21.564;0;0;0;0;
30/01/2026 14:35:59.760;0;1;0;0;
30/01/2026 14:36:01.475;0;0;0;0;
30/01/2026 14:36:59.792;0;1;0;0;
30/01/2026 14:37:01.36;0;0;0;0;
30/01/2026 14:37:39.836;0;1;0;0;
30/01/2026 14:37:41.167;0;0;0;0;
30/01/2026 14:38:19.885;0;1;0;0;
30/01/2026 14:38:21.208;0;0;0;0;
30/01/2026 14:39:00.108;0;1;0;0;
30/01/2026 14:39:01.499;0;0;0;0;
30/01/2026 14:39:39.776;0;1;0;0;
30/01/2026 14:39:41.210;0;0;0;0;
30/01/2026 14:40:05.892;0;1;1;0;
30/01/2026 14:40:18.869;0;0;0;0;
30/01/2026 14:43:16.449;1;0;0;0;
30/01/2026 14:43:16.450;1;1;0;0;
30/01/2026 14:43:18.300;1;0;0;0;
30/01/2026 14:43:54.703;1;0;1;0;
30/01/2026 14:44:05.728;1;0;0;0;
30/01/2026 14:44:30.714;0;0;0;0;
30/01/2026 14:45:06.449;0;1;0;0;
30/01/2026 14:45:12.867;0;0;0;0;
30/01/2026 14:45:26.358;0;0;1;0;
30/01/2026 14:45:27.642;0;0;0;0;
30/01/2026 14:45:46.388;0;0;1;0;
30/01/2026 14:45:47.683;0;0;0;0;
30/01/2026 14:46:46.554;0;1;0;0;
30/01/2026 14:46:47.964;0;0;0;0;
30/01/2026 14:47:06.845;0;1;1;0;
30/01/2026 14:47:09.336;0;0;0;0;
30/01/2026 14:47:26.401;0;1;0;0;
30/01/2026 14:47:28.496;0;0;0;0;
30/01/2026 14:47:46.512;0;1;0;0;
30/01/2026 14:47:47.746;0;0;0;0;
30/01/2026 14:48:06.522;0;1;1;0;
30/01/2026 14:48:07.926;0;0;0;0;
30/01/2026 14:48:46.538;0;1;0;0;
30/01/2026 14:48:47.867;0;0;0;0;
30/01/2026 14:49:26.574;0;0;1;0;
30/01/2026 14:49:27.938;0;0;0;0;
30/01/2026 14:49:46.685;0;1;0;0;
30/01/2026 14:49:48.19;0;0;0;0;
30/01/2026 14:51:46.638;0;1;0;0;
30/01/2026 14:51:47.922;0;0;0;0;
30/01/2026 14:52:06.548;0;1;1;0;
30/01/2026 14:52:07.832;0;0;0;0;
30/01/2026 14:52:26.559;0;1;1;0;
30/01/2026 14:52:27.873;0;0;0;0;
30/01/2026 14:52:46.469;0;1;1;0;
30/01/2026 14:52:48.143;0;0;0;0;
30/01/2026 14:53:06.590;0;1;0;0;
30/01/2026 14:53:07.814;0;0;0;0;
30/01/2026 14:53:46.704;0;1;0;0;
30/01/2026 14:53:48.145;0;0;0;0;
30/01/2026 14:54:26.908;0;1;0;0;
30/01/2026 14:54:28.316;0;0;0;0;
30/01/2026 14:54:46.702;0;1;0;0;
30/01/2026 14:54:48.106;0;0;0;0;
30/01/2026 14:55:06.713;0;1;0;0;
30/01/2026 14:55:08.157;0;0;0;0;
30/01/2026 14:56:46.845;0;1;0;0;
30/01/2026 14:56:48.89;0;0;0;0;
30/01/2026 14:57:46.967;0;0;1;0;
30/01/2026 14:57:48.231;0;0;0;0;
30/01/2026 14:58:07.52;0;1;0;0;
30/01/2026 14:58:08.352;0;0;0;0;
30/01/2026 14:58:46.728;0;1;0;0;
30/01/2026 14:58:47.982;0;0;0;0;
30/01/2026 14:59:26.749;0;1;0;0;
30/01/2026 14:59:28.153;0;0;0;0;
30/01/2026 15:00:47.15;0;1;0;0;
30/01/2026 15:00:48.756;0;0;0;0;
30/01/2026 15:01:06.933;0;1;0;0;
30/01/2026 15:01:08.676;0;0;0;0;
30/01/2026 15:02:06.933;0;0;1;0;
30/01/2026 15:02:08.167;0;0;0;0;
30/01/2026 15:03:06.935;0;0;1;0;
30/01/2026 15:03:08.269;0;0;0;0;
30/01/2026 15:05:07.93;0;1;0;0;
30/01/2026 15:05:08.292;0;0;0;0;
30/01/2026 15:05:26.908;0;1;0;0;
30/01/2026 15:05:28.252;0;0;0;0;
30/01/2026 15:05:46.914;0;1;0;0;
30/01/2026 15:05:48.293;0;0;0;0;
30/01/2026 15:08:07.135;0;1;0;0;
30/01/2026 15:08:08.486;0;0;0;0;
30/01/2026 15:08:27.246;0;1;0;0;
30/01/2026 15:08:28.507;0;0;0;0;
30/01/2026 15:09:07.94;0;1;0;0;
30/01/2026 15:09:08.518;0;0;0;0;
30/01/2026 15:09:47.115;0;1;1;0;
30/01/2026 15:09:48.809;0;0;0;0;
30/01/2026 15:10:27.136;0;1;0;0;
30/01/2026 15:10:28.640;0;0;0;0;
30/01/2026 15:10:47.146;0;1;0;0;
30/01/2026 15:10:48.440;0;0;0;0;
30/01/2026 15:12:47.109;0;0;1;0;
30/01/2026 15:12:48.363;0;0;0;0;
30/01/2026 15:16:47.305;0;1;0;0;
30/01/2026 15:16:48.559;0;0;0;0;
30/01/2026 15:17:07.326;0;1;0;0;
30/01/2026 15:17:08.650;0;0;0;0;
30/01/2026 15:18:47.269;0;1;0;0;
30/01/2026 15:18:48.613;0;0;0;0;
30/01/2026 15:19:47.311;0;1;0;0;
30/01/2026 15:19:48.564;0;0;0;0;
30/01/2026 15:22:47.475;0;1;0;0;
30/01/2026 15:22:48.749;0;0;0;0;
30/01/2026 15:24:27.657;0;1;0;0;
30/01/2026 15:24:28.962;0;0;0;0;
30/01/2026 15:24:47.648;0;1;0;0;
30/01/2026 15:24:48.962;0;0;0;0;
30/01/2026 15:28:08.87;0;1;0;0;
30/01/2026 15:28:09.358;0;0;0;0;
30/01/2026 15:29:47.686;0;1;1;0;
30/01/2026 15:29:49.70;0;0;0;0;
30/01/2026 15:30:07.696;0;1;0;0;
30/01/2026 15:30:09.51;0;0;0;0;
30/01/2026 15:31:27.648;0;0;1;0;
30/01/2026 15:31:28.933;0;0;0;0;
30/01/2026 15:32:27.660;0;1;0;0;
30/01/2026 15:32:29.4;0;0;0;0;
30/01/2026 15:33:27.775;0;1;0;0;
30/01/2026 15:33:29.126;0;0;0;0;
30/01/2026 15:33:47.895;0;1;0;0;
30/01/2026 15:33:49.307;0;0;0;0;
30/01/2026 15:34:08.16;0;1;0;0;
30/01/2026 15:34:09.277;0;0;0;0;
30/01/2026 15:37:08.8;0;1;0;0;
30/01/2026 15:37:09.232;0;0;0;0;
30/01/2026 15:39:50.76;0;1;0;0;
30/01/2026 15:39:51.438;0;0;0;0;
30/01/2026 15:44:36.18;1;0;0;0;
30/01/2026 15:44:36.19;1;1;1;0;
30/01/2026 15:44:43.48;1;0;0;0;
30/01/2026 15:44:44.17;1;1;1;0;
30/01/2026 15:44:45.160;1;0;0;0;
30/01/2026 15:44:54.15;1;1;1;0;
30/01/2026 15:44:55.431;1;0;0;0;
30/01/2026 15:45:04.16;1;1;1;0;
30/01/2026 15:45:05.161;1;0;0;0;
30/01/2026 15:45:14.238;1;1;1;0;
30/01/2026 15:45:15.371;1;0;0;0;
30/01/2026 15:45:24.126;1;1;1;0;
30/01/2026 15:45:25.261;1;0;0;0;
30/01/2026 15:45:36.182;1;1;1;0;
30/01/2026 15:45:37.334;1;0;0;0;
30/01/2026 15:45:44.240;1;1;1;0;
30/01/2026 15:45:45.372;1;0;0;0;
30/01/2026 15:45:54.301;1;1;1;0;
30/01/2026 15:45:55.432;1;0;0;0;
30/01/2026 15:46:04.12;1;1;1;0;
30/01/2026 15:46:05.152;1;0;0;0;
30/01/2026 15:46:13.961;0;0;0;0;
30/01/2026 15:46:56.213;0;1;0;0;
30/01/2026 15:47:01.120;0;0;0;0;
30/01/2026 15:47:16.222;0;0;1;0;
30/01/2026 15:47:17.476;0;0;0;0;
30/01/2026 15:47:36.233;0;1;1;0;
30/01/2026 15:47:37.717;0;0;0;0;
30/01/2026 15:47:56.243;0;1;1;0;
30/01/2026 15:47:58.408;0;0;0;0;
30/01/2026 15:48:16.254;0;1;0;0;
30/01/2026 15:48:17.588;0;0;0;0;
30/01/2026 15:48:36.310;0;1;0;0;
30/01/2026 15:48:37.549;0;0;0;0;
30/01/2026 15:48:56.445;0;0;1;0;
30/01/2026 15:48:57.719;0;0;0;0;
30/01/2026 15:49:16.556;0;1;0;0;
30/01/2026 15:49:17.790;0;0;0;0;
30/01/2026 15:51:16.470;0;1;0;0;
30/01/2026 15:51:17.693;0;0;0;0;
30/01/2026 15:53:16.393;0;0;1;0;
30/01/2026 15:53:17.706;0;0;0;0;
30/01/2026 15:53:56.453;0;1;0;0;
30/01/2026 15:53:57.818;0;0;0;0;
30/01/2026 15:54:16.419;0;1;0;0;
30/01/2026 15:54:17.748;0;0;0;0;
30/01/2026 15:56:56.409;0;1;0;0;
30/01/2026 15:56:57.752;0;0;0;0;
30/01/2026 15:58:56.552;0;1;0;0;
30/01/2026 15:58:57.876;0;0;0;0;
30/01/2026 15:59:56.584;0;1;0;0;
30/01/2026 15:59:57.948;0;0;0;0;
30/01/2026 16:02:36.568;0;1;0;0;
30/01/2026 16:02:37.852;0;0;0;0;
30/01/2026 16:05:36.743;0;1;0;0;
30/01/2026 16:05:37.997;0;0;0;0;
30/01/2026 16:06:37.90;0;1;0;0;
30/01/2026 16:06:38.449;0;0;0;0;
30/01/2026 16:07:36.806;0;1;0;0;
30/01/2026 16:07:38.190;0;0;0;0;
30/01/2026 16:08:56.742;0;1;0;0;
30/01/2026 16:08:58.152;0;0;0;0;
30/01/2026 16:09:56.785;0;0;1;0;
30/01/2026 16:09:57.924;0;0;0;0;
30/01/2026 16:10:16.781;0;0;1;0;
30/01/2026 16:10:18.35;0;0;0;0;
30/01/2026 16:11:16.902;0;1;0;0;
30/01/2026 16:11:18.216;0;0;0;0;
30/01/2026 16:11:36.923;0;1;0;0;
30/01/2026 16:11:38.277;0;0;0;0;
30/01/2026 16:16:57.72;0;1;1;0;
30/01/2026 16:16:58.376;0;0;0;0;
30/01/2026 16:17:37.93;0;1;0;0;
30/01/2026 16:17:38.427;0;0;0;0;
30/01/2026 16:18:37.244;0;0;1;0;
30/01/2026 16:18:38.478;0;0;0;0;
30/01/2026 16:19:17.145;0;1;0;0;
30/01/2026 16:19:18.660;0;0;0;0;
30/01/2026 16:19:37.156;0;1;0;0;
30/01/2026 16:19:38.660;0;0;0;0;
30/01/2026 16:20:37.197;0;1;1;0;
30/01/2026 16:20:38.502;0;0;0;0;
30/01/2026 16:20:57.98;0;1;0;0;
30/01/2026 16:20:58.352;0;0;0;0;
30/01/2026 16:21:17.152;0;1;1;0;
30/01/2026 16:21:18.593;0;0;0;0;
30/01/2026 16:21:39.274;0;1;1;0;
30/01/2026 16:21:40.685;0;0;0;0;
30/01/2026 16:21:57.382;0;1;1;0;
30/01/2026 16:21:59.54;0;0;0;0;
30/01/2026 16:22:17.135;0;1;1;0;
30/01/2026 16:22:19.295;0;0;0;0;
30/01/2026 16:22:57.136;0;1;1;0;
30/01/2026 16:22:58.515;0;0;0;0;
30/01/2026 16:23:17.252;0;1;0;0;
30/01/2026 16:23:18.536;0;0;0;0;
30/01/2026 16:23:37.262;0;1;0;0;
30/01/2026 16:23:38.767;0;0;0;0;
30/01/2026 16:25:57.336;0;1;0;0;
30/01/2026 16:25:58.600;0;0;0;0;
30/01/2026 16:26:17.346;0;1;0;0;
30/01/2026 16:26:18.640;0;0;0;0;
30/01/2026 16:27:11.372;0;1;1;0;
30/01/2026 16:27:24.418;0;0;0;0;
30/01/2026 16:39:45.923;1;0;0;0;
30/01/2026 16:39:45.924;1;1;0;0;
30/01/2026 16:39:47.733;1;0;0;0;
30/01/2026 16:40:23.817;1;0;1;0;
30/01/2026 16:40:35.72;1;0;0;0;
30/01/2026 16:40:57.945;0;0;0;0;
30/01/2026 16:41:35.923;0;1;0;0;
30/01/2026 16:41:42.321;0;0;0;0;
30/01/2026 16:42:15.822;0;0;1;0;
30/01/2026 16:42:17.106;0;0;0;0;
30/01/2026 16:42:35.853;0;0;1;0;
30/01/2026 16:42:37.257;0;0;0;0;
30/01/2026 16:43:15.854;0;1;0;0;
30/01/2026 16:43:17.949;0;0;0;0;
30/01/2026 16:43:35.874;0;1;0;0;
30/01/2026 16:43:38.89;0;0;0;0;
30/01/2026 16:43:56.156;0;1;0;0;
30/01/2026 16:43:57.920;0;0;0;0;
30/01/2026 16:44:16.48;0;1;0;0;
30/01/2026 16:44:17.330;0;0;0;0;
30/01/2026 16:44:56.450;0;1;1;0;
30/01/2026 16:44:57.801;0;0;0;0;
30/01/2026 16:45:15.997;0;0;1;0;
30/01/2026 16:45:17.151;0;0;0;0;
30/01/2026 16:45:36.8;0;1;0;0;
30/01/2026 16:45:37.352;0;0;0;0;
30/01/2026 16:45:56.18;0;1;1;0;
30/01/2026 16:45:57.592;0;0;0;0;
30/01/2026 16:46:16.28;0;1;0;0;
30/01/2026 16:46:17.293;0;0;0;0;
30/01/2026 16:46:36.39;0;1;0;0;
30/01/2026 16:46:37.403;0;0;0;0;
30/01/2026 16:47:36.251;0;1;0;0;
30/01/2026 16:47:38.286;0;0;0;0;
30/01/2026 16:47:56.126;0;1;1;0;
30/01/2026 16:47:57.655;0;0;0;0;
30/01/2026 16:48:16.242;0;1;1;0;
30/01/2026 16:48:17.786;0;0;0;0;
30/01/2026 16:48:56.13;0;1;0;0;
30/01/2026 16:48:57.717;0;0;0;0;
30/01/2026 16:49:16.23;0;1;0;0;
30/01/2026 16:49:17.457;0;0;0;0;
30/01/2026 16:49:36.33;0;1;0;0;
30/01/2026 16:49:37.468;0;0;0;0;
30/01/2026 16:49:56.64;0;1;0;0;
30/01/2026 16:49:57.408;0;0;0;0;
30/01/2026 16:54:16.261;0;1;0;0;
30/01/2026 16:54:17.915;0;0;0;0;
30/01/2026 16:55:16.322;0;1;1;0;
30/01/2026 16:55:17.666;0;0;0;0;
30/01/2026 16:55:36.343;0;1;1;0;
30/01/2026 16:55:37.697;0;0;0;0;
30/01/2026 16:55:56.423;0;1;0;0;
30/01/2026 16:55:57.677;0;0;0;0;
30/01/2026 16:56:56.245;0;1;0;0;
30/01/2026 16:56:57.649;0;0;0;0;
30/01/2026 16:57:36.245;0;1;0;0;
30/01/2026 16:57:37.650;0;0;0;0;
30/01/2026 16:58:16.367;0;1;0;0;
30/01/2026 16:58:17.621;0;0;0;0;
30/01/2026 16:59:56.419;0;1;0;0;
30/01/2026 16:59:57.783;0;0;0;0;
30/01/2026 17:01:16.461;0;1;0;0;
30/01/2026 17:01:17.785;0;0;0;0;
30/01/2026 17:04:36.536;0;1;1;0;
30/01/2026 17:04:37.850;0;0;0;0;
30/01/2026 17:05:16.557;0;1;0;0;
30/01/2026 17:05:17.821;0;0;0;0;
30/01/2026 17:06:16.790;0;1;0;0;
30/01/2026 17:06:18.123;0;0;0;0;
30/01/2026 17:07:56.651;0;0;1;0;
30/01/2026 17:07:57.885;0;0;0;0;
30/01/2026 17:13:16.784;0;1;0;0;
30/01/2026 17:13:18.23;0;0;0;0;
30/01/2026 17:14:56.917;0;1;0;0;
30/01/2026 17:14:58.286;0;0;0;0;
30/01/2026 17:15:16.747;0;1;0;0;
30/01/2026 17:15:18.56;0;0;0;0;
30/01/2026 17:20:16.991;0;1;0;0;
30/01/2026 17:20:18.344;0;0;0;0;
30/01/2026 17:21:57.43;0;0;1;0;
30/01/2026 17:21:58.267;0;0;0;0;
30/01/2026 17:23:57.86;0;1;0;0;
30/01/2026 17:23:58.400;0;0;0;0;
30/01/2026 17:24:37.107;0;1;0;0;
30/01/2026 17:24:38.441;0;0;0;0;
30/01/2026 17:24:57.402;0;1;0;0;
30/01/2026 17:24:58.762;0;0;0;0;
30/01/2026 17:33:17.361;0;1;0;0;
30/01/2026 17:33:18.685;0;0;0;0;
30/01/2026 17:34:37.633;0;1;0;0;
30/01/2026 17:34:38.947;0;0;0;0;
30/01/2026 17:38:57.510;0;0;1;0;
30/01/2026 17:38:58.784;0;0;0;0;
30/01/2026 17:39:17.631;0;0;1;0;
30/01/2026 17:39:18.955;0;0;0;0;
30/01/2026 17:41:37.504;0;1;0;0;
30/01/2026 17:41:38.819;0;0;0;0;
30/01/2026 17:41:57.495;0;1;0;0;
30/01/2026 17:41:58.749;0;0;0;0;
30/01/2026 17:42:17.498;0;1;0;0;
30/01/2026 17:42:19.60;0;0;0;0;
30/01/2026 17:42:30.833;1;0;0;0;
30/01/2026 17:42:30.834;1;1;1;0;
30/01/2026 17:42:37.999;1;0;0;0;
30/01/2026 17:42:38.538;1;1;1;0;
30/01/2026 17:42:39.671;1;0;0;0;
30/01/2026 17:42:48.637;1;1;1;0;
30/01/2026 17:42:50.32;1;0;0;0;
30/01/2026 17:42:58.637;1;1;1;0;
30/01/2026 17:42:59.782;1;0;0;0;
30/01/2026 17:43:08.732;1;1;1;0;
30/01/2026 17:43:09.882;1;0;0;0;
30/01/2026 17:43:18.838;1;1;1;0;
30/01/2026 17:43:19.982;1;0;0;0;
30/01/2026 17:43:28.538;1;1;1;0;
30/01/2026 17:43:29.692;1;0;0;0;
30/01/2026 17:43:38.538;1;1;1;0;
30/01/2026 17:43:39.683;1;0;0;0;
30/01/2026 17:43:48.538;1;1;1;0;
30/01/2026 17:43:49.693;1;0;0;0;
30/01/2026 17:43:58.538;1;1;1;0;
30/01/2026 17:43:59.693;1;0;0;0;
30/01/2026 17:44:08.632;0;0;0;0;
30/01/2026 17:44:50.634;0;1;0;0;
30/01/2026 17:44:55.520;0;0;0;0;
30/01/2026 17:45:10.653;0;0;1;0;
30/01/2026 17:45:11.937;0;0;0;0;
30/01/2026 17:45:30.734;0;1;1;0;
30/01/2026 17:45:32.709;0;0;0;0;
30/01/2026 17:45:50.857;0;1;1;0;
30/01/2026 17:45:52.629;0;0;0;0;
30/01/2026 17:46:10.665;0;1;0;0;
30/01/2026 17:46:11.949;0;0;0;0;
30/01/2026 17:46:50.786;0;1;0;0;
30/01/2026 17:46:52.10;0;0;0;0;
30/01/2026 17:48:50.974;0;1;0;0;
30/01/2026 17:48:52.214;0;0;0;0;
30/01/2026 17:52:12.221;0;1;0;0;
30/01/2026 17:52:13.600;0;0;0;0;
30/01/2026 17:52:50.956;0;1;0;0;
30/01/2026 17:52:52.310;0;0;0;0;
30/01/2026 17:54:11.218;0;1;0;0;
30/01/2026 17:54:12.633;0;0;0;0;
30/01/2026 17:54:31.79;0;1;0;0;
30/01/2026 17:54:32.383;0;0;0;0;
30/01/2026 18:00:51.450;0;0;1;0;
30/01/2026 18:00:52.784;0;0;0;0;
30/01/2026 18:08:51.375;0;0;1;0;
30/01/2026 18:08:52.516;0;0;0;0;
30/01/2026 18:09:13.749;0;0;1;0;
30/01/2026 18:09:15.10;0;0;0;0;
30/01/2026 18:13:11.560;0;1;0;0;
30/01/2026 18:13:13.194;0;0;0;0;
30/01/2026 18:13:31.540;0;1;0;0;
30/01/2026 18:13:32.984;0;0;0;0;
30/01/2026 18:13:51.551;0;1;0;0;
30/01/2026 18:13:52.785;0;0;0;0;
30/01/2026 18:16:51.526;0;0;1;0;
30/01/2026 18:16:52.659;0;0;0;0;
30/01/2026 18:17:11.636;0;1;0;0;
30/01/2026 18:17:13.281;0;0;0;0;
30/01/2026 18:17:31.787;0;1;0;0;
30/01/2026 18:17:33.231;0;0;0;0;
30/01/2026 18:17:51.708;0;0;1;0;
30/01/2026 18:17:52.941;0;0;0;0;
30/01/2026 18:18:32.149;0;1;0;0;
30/01/2026 18:18:33.393;0;0;0;0;
30/01/2026 18:19:51.720;0;0;1;0;
30/01/2026 18:19:52.924;0;0;0;0;
30/01/2026 18:20:11.731;0;1;1;0;
30/01/2026 18:20:12.995;0;0;0;0;
30/01/2026 18:20:51.752;0;1;0;0;
30/01/2026 18:20:52.976;0;0;0;0;
30/01/2026 18:21:51.683;0;0;1;0;
30/01/2026 18:21:52.817;0;0;0;0;
30/01/2026 18:22:11.694;0;1;0;0;
30/01/2026 18:22:13.8;0;0;0;0;
30/01/2026 18:22:31.714;0;1;0;0;
30/01/2026 18:22:33.29;0;0;0;0;
30/01/2026 18:22:51.705;0;1;1;0;
30/01/2026 18:22:53.49;0;0;0;0;
30/01/2026 18:24:31.988;0;1;0;0;
30/01/2026 18:24:33.292;0;0;0;0;
30/01/2026 18:24:52.98;0;1;0;0;
30/01/2026 18:24:53.433;0;0;0;0;
30/01/2026 18:25:23.880;0;1;1;0;
30/01/2026 18:25:36.977;0;0;0;0;
30/01/2026 18:33:32.102;1;0;0;0;
30/01/2026 18:33:32.103;1;1;0;0;
30/01/2026 18:33:33.947;1;0;0;0;
30/01/2026 18:34:10.135;1;0;1;0;
30/01/2026 18:34:21.376;1;0;0;0;
30/01/2026 18:34:45.281;0;0;0;0;
30/01/2026 18:35:22.510;0;1;0;0;
30/01/2026 18:35:26.863;0;0;0;0;
30/01/2026 18:35:42.361;0;0;1;0;
30/01/2026 18:35:43.841;0;0;0;0;
30/01/2026 18:36:02.467;0;0;1;0;
30/01/2026 18:36:03.761;0;0;0;0;
30/01/2026 18:36:22.237;0;0;1;0;
30/01/2026 18:36:23.501;0;0;0;0;
30/01/2026 18:38:22.180;0;1;0;0;
30/01/2026 18:38:24.275;0;0;0;0;
30/01/2026 18:38:42.180;0;1;0;0;
30/01/2026 18:38:44.456;0;0;0;0;
30/01/2026 18:39:02.521;0;1;1;0;
30/01/2026 18:39:04.146;0;0;0;0;
30/01/2026 18:39:22.372;0;1;1;0;
30/01/2026 18:39:24.306;0;0;0;0;
30/01/2026 18:40:02.323;0;1;0;0;
30/01/2026 18:40:04.47;0;0;0;0;
30/01/2026 18:40:22.333;0;0;1;0;
30/01/2026 18:40:23.657;0;0;0;0;
30/01/2026 18:40:42.344;0;1;1;0;
30/01/2026 18:40:44.819;0;0;0;0;
30/01/2026 18:41:02.354;0;1;1;0;
30/01/2026 18:41:04.109;0;0;0;0;
30/01/2026 18:41:22.365;0;1;1;0;
30/01/2026 18:41:24.149;0;0;0;0;
30/01/2026 18:41:42.376;0;1;0;0;
30/01/2026 18:41:43.910;0;0;0;0;
30/01/2026 18:42:22.396;0;1;0;0;
30/01/2026 18:42:23.690;0;0;0;0;
30/01/2026 18:43:02.540;0;0;1;0;
30/01/2026 18:43:03.942;0;0;0;0;
30/01/2026 18:43:42.338;0;0;1;0;
30/01/2026 18:43:43.682;0;0;0;0;
30/01/2026 18:44:02.349;0;1;0;0;
30/01/2026 18:44:03.723;0;0;0;0;
30/01/2026 18:44:42.380;0;1;0;0;
30/01/2026 18:44:43.634;0;0;0;0;
30/01/2026 18:45:42.491;0;1;0;0;
30/01/2026 18:45:43.865;0;0;0;0;
30/01/2026 18:46:02.502;0;1;0;0;
30/01/2026 18:46:03.726;0;0;0;0;
30/01/2026 18:46:22.593;0;1;0;0;
30/01/2026 18:46:23.967;0;0;0;0;
30/01/2026 18:46:42.673;0;1;0;0;
30/01/2026 18:46:43.947;0;0;0;0;
30/01/2026 18:47:02.774;0;1;0;0;
30/01/2026 18:47:04.198;0;0;0;0;
30/01/2026 18:47:22.544;0;1;0;0;
30/01/2026 18:47:23.968;0;0;0;0;
30/01/2026 18:47:42.554;0;1;0;0;
30/01/2026 18:47:43.858;0;0;0;0;
30/01/2026 18:48:02.565;0;1;0;0;
30/01/2026 18:48:03.809;0;0;0;0;
30/01/2026 18:48:42.586;0;1;0;0;
30/01/2026 18:48:43.850;0;0;0;0;
30/01/2026 18:49:02.618;0;0;1;0;
30/01/2026 18:49:03.760;0;0;0;0;
30/01/2026 18:49:22.637;0;1;0;0;
30/01/2026 18:49:23.971;0;0;0;0;
30/01/2026 18:49:42.618;0;1;1;0;
30/01/2026 18:49:44.232;0;0;0;0;
30/01/2026 18:50:22.785;0;1;0;0;
30/01/2026 18:50:24.373;0;0;0;0;
30/01/2026 18:50:42.549;0;1;0;0;
30/01/2026 18:50:43.773;0;0;0;0;
30/01/2026 18:55:22.776;0;1;0;0;
30/01/2026 18:55:24.130;0;0;0;0;
30/01/2026 18:55:42.786;0;1;0;0;
30/01/2026 18:55:44.170;0;0;0;0;
30/01/2026 18:56:02.807;0;1;0;0;
30/01/2026 18:56:04.121;0;0;0;0;
30/01/2026 18:56:42.811;0;1;0;0;
30/01/2026 18:56:44.62;0;0;0;0;
30/01/2026 18:59:22.882;0;1;0;0;
30/01/2026 18:59:24.116;0;0;0;0;
30/01/2026 19:00:23.53;0;1;1;0;
30/01/2026 19:00:24.408;0;0;0;0;
30/01/2026 19:00:43.165;0;1;0;0;
30/01/2026 19:00:44.438;0;0;0;0;
30/01/2026 19:01:02.934;0;1;0;0;
30/01/2026 19:01:04.269;0;0;0;0;
30/01/2026 19:02:22.986;0;1;0;0;
30/01/2026 19:02:24.240;0;0;0;0;
30/01/2026 19:03:43.949;0;0;1;0;
30/01/2026 19:03:45.173;0;0;0;0;
30/01/2026 19:06:23.363;0;1;0;0;
30/01/2026 19:06:24.687;0;0;0;0;
30/01/2026 19:09:23.178;0;1;0;0;
30/01/2026 19:09:24.471;0;0;0;0;
30/01/2026 19:12:43.347;0;1;0;0;
30/01/2026 19:12:44.707;0;0;0;0;
30/01/2026 19:13:23.273;0;1;0;0;
30/01/2026 19:13:24.668;0;0;0;0;
30/01/2026 19:14:23.305;0;1;0;0;
30/01/2026 19:14:24.729;0;0;0;0;
30/01/2026 19:14:43.315;0;0;1;0;
30/01/2026 19:14:44.459;0;0;0;0;
30/01/2026 19:15:03.327;0;1;1;0;
30/01/2026 19:15:04.740;0;0;0;0;
30/01/2026 19:17:43.300;0;1;0;0;
30/01/2026 19:17:44.494;0;0;0;0;
30/01/2026 19:23:43.480;0;1;0;0;
30/01/2026 19:23:44.914;0;0;0;0;
30/01/2026 19:24:03.480;0;1;0;0;
30/01/2026 19:24:04.794;0;0;0;0;
30/01/2026 19:24:43.632;0;1;0;0;
30/01/2026 19:24:44.886;0;0;0;0;
30/01/2026 19:25:23.873;0;1;0;0;
30/01/2026 19:25:25.267;0;0;0;0;
30/01/2026 19:25:43.613;0;1;0;0;
30/01/2026 19:25:44.877;0;0;0;0;
30/01/2026 19:26:43.645;0;1;0;0;
30/01/2026 19:26:44.979;0;0;0;0;
30/01/2026 19:27:43.719;0;1;0;0;
30/01/2026 19:27:44.980;0;0;0;0;
30/01/2026 19:30:43.771;0;1;0;0;
30/01/2026 19:30:45.115;0;0;0;0;
30/01/2026 19:33:23.836;0;1;0;0;
30/01/2026 19:33:25.100;0;0;0;0;
30/01/2026 19:33:43.928;0;1;0;0;
30/01/2026 19:33:45.250;0;0;0;0;
30/01/2026 19:33:58.13;1;0;0;0;
30/01/2026 19:33:58.14;1;1;1;0;
30/01/2026 19:34:05.131;1;0;0;0;
30/01/2026 19:34:05.749;1;1;1;0;
30/01/2026 19:34:06.883;1;0;0;0;
30/01/2026 19:34:15.748;1;1;1;0;
30/01/2026 19:34:17.123;1;0;0;0;
30/01/2026 19:34:25.748;1;1;1;0;
30/01/2026 19:34:26.883;1;0;0;0;
30/01/2026 19:34:35.749;1;1;1;0;
30/01/2026 19:34:36.883;1;0;0;0;
30/01/2026 19:34:45.749;1;1;1;0;
30/01/2026 19:34:46.884;1;0;0;0;
30/01/2026 19:34:55.749;1;1;1;0;
30/01/2026 19:34:56.884;1;0;0;0;
30/01/2026 19:35:05.749;1;1;1;0;
30/01/2026 19:35:06.884;1;0;0;0;
30/01/2026 19:35:15.750;1;1;1;0;
30/01/2026 19:35:16.884;1;0;0;0;
30/01/2026 19:35:25.750;1;1;1;0;
30/01/2026 19:35:26.885;1;0;0;0;
30/01/2026 19:35:35.774;0;0;0;0;
30/01/2026 19:36:17.976;0;1;0;0;
30/01/2026 19:36:22.952;0;0;0;0;
30/01/2026 19:36:38.65;0;0;1;0;
30/01/2026 19:36:39.399;0;0;0;0;
30/01/2026 19:36:58.246;0;1;1;0;
30/01/2026 19:37:00.50;0;0;0;0;
30/01/2026 19:37:18.1;0;1;1;0;
30/01/2026 19:37:19.951;0;0;0;0;
30/01/2026 19:37:38.36;0;1;0;0;
30/01/2026 19:37:39.331;0;0;0;0;
30/01/2026 19:38:17.938;0;1;0;0;
30/01/2026 19:38:19.162;0;0;0;0;
30/01/2026 19:47:38.333;0;1;0;0;
30/01/2026 19:47:39.577;0;0;0;0;
30/01/2026 19:48:58.325;0;0;1;0;
30/01/2026 19:48:59.619;0;0;0;0;
30/01/2026 19:50:58.437;0;1;0;0;
30/01/2026 19:50:59.783;0;0;0;0;
30/01/2026 19:52:18.311;0;1;0;0;
30/01/2026 19:52:19.685;0;0;0;0;
30/01/2026 20:00:18.654;0;0;1;0;
30/01/2026 20:00:19.808;0;0;0;0;
30/01/2026 20:00:38.665;0;0;1;0;
30/01/2026 20:00:39.939;0;0;0;0;
30/01/2026 20:03:38.670;0;1;0;0;
30/01/2026 20:03:39.924;0;0;0;0;
30/01/2026 20:06:38.835;0;1;0;0;
30/01/2026 20:06:40.169;0;0;0;0;
30/01/2026 20:06:58.845;0;1;0;0;
30/01/2026 20:07:00.209;0;0;0;0;
30/01/2026 20:07:18.856;0;0;1;0;
30/01/2026 20:07:20.0;0;0;0;0;
30/01/2026 20:07:58.887;0;1;0;0;
30/01/2026 20:08:00.221;0;0;0;0;
30/01/2026 20:08:18.949;0;0;1;0;
30/01/2026 20:08:20.201;0;0;0;0;
30/01/2026 20:08:58.808;0;1;0;0;
30/01/2026 20:09:00.62;0;0;0;0;
30/01/2026 20:09:18.819;0;0;1;0;
30/01/2026 20:09:19.983;0;0;0;0;
30/01/2026 20:09:38.839;0;1;0;0;
30/01/2026 20:09:40.184;0;0;0;0;
30/01/2026 20:10:18.850;0;1;1;0;
30/01/2026 20:10:20.245;0;0;0;0;
30/01/2026 20:10:38.841;0;0;1;0;
30/01/2026 20:10:40.95;0;0;0;0;
30/01/2026 20:10:58.952;0;0;1;0;
30/01/2026 20:11:00.86;0;0;0;0;
30/01/2026 20:11:39.113;0;1;0;0;
30/01/2026 20:11:40.367;0;0;0;0;
30/01/2026 20:11:59.268;0;1;0;0;
30/01/2026 20:12:00.718;0;0;0;0;
30/01/2026 20:12:18.994;0;1;0;0;
30/01/2026 20:12:20.718;0;0;0;0;
30/01/2026 20:12:59.15;0;1;0;0;
30/01/2026 20:13:00.349;0;0;0;0;
30/01/2026 20:14:39.139;0;1;0;0;
30/01/2026 20:14:40.482;0;0;0;0;
30/01/2026 20:15:38.999;0;1;0;0;
30/01/2026 20:15:40.283;0;0;0;0;
30/01/2026 20:16:27.17;0;1;1;0;
30/01/2026 20:16:40.274;0;0;0;0;
30/01/2026 20:31:30.437;0;1;0;0;
30/01/2026 20:31:30.438;1;1;0;0;
30/01/2026 20:31:32.273;1;0;0;0;
30/01/2026 20:32:08.446;1;0;1;0;
30/01/2026 20:32:19.732;1;0;0;0;
30/01/2026 20:32:41.964;0;0;0;0;
30/01/2026 20:33:20.705;0;1;0;0;
30/01/2026 20:33:22.85;0;0;0;0;
30/01/2026 20:33:40.812;0;1;0;0;
30/01/2026 20:33:42.987;0;0;0;0;
30/01/2026 20:34:00.895;0;1;0;0;
30/01/2026 20:34:02.137;0;0;0;0;
30/01/2026 20:34:20.986;0;1;1;0;
30/01/2026 20:34:22.377;0;0;0;0;
30/01/2026 20:34:41.87;0;0;1;0;
30/01/2026 20:34:42.388;0;0;0;0;
30/01/2026 20:35:00.854;0;1;0;0;
30/01/2026 20:35:02.188;0;0;0;0;
30/01/2026 20:35:40.875;0;1;0;0;
30/01/2026 20:35:42.139;0;0;0;0;
30/01/2026 20:37:20.978;0;1;0;0;
30/01/2026 20:37:22.412;0;0;0;0;
30/01/2026 20:37:41.168;0;1;0;0;
30/01/2026 20:37:42.633;0;0;0;0;
30/01/2026 20:38:20.969;0;1;1;0;
30/01/2026 20:38:22.614;0;0;0;0;
30/01/2026 20:38:40.960;0;1;1;0;
30/01/2026 20:38:42.304;0;0;0;0;
30/01/2026 20:39:00.970;0;1;0;0;
30/01/2026 20:39:02.314;0;0;0;0;
30/01/2026 20:39:40.992;0;1;0;0;
30/01/2026 20:39:42.455;0;0;0;0;
30/01/2026 20:40:41.23;0;1;1;0;
30/01/2026 20:40:42.627;0;0;0;0;
30/01/2026 20:43:41.118;0;0;1;0;
30/01/2026 20:43:42.251;0;0;0;0;
30/01/2026 20:44:01.128;0;0;1;0;
30/01/2026 20:44:02.382;0;0;0;0;
30/01/2026 20:44:41.229;0;1;0;0;
30/01/2026 20:44:42.513;0;0;0;0;
30/01/2026 20:46:21.191;0;1;0;0;
30/01/2026 20:46:22.445;0;0;0;0;
30/01/2026 20:46:41.202;0;1;0;0;
30/01/2026 20:46:42.926;0;0;0;0;
30/01/2026 20:47:01.212;0;1;0;0;
30/01/2026 20:47:02.687;0;0;0;0;
30/01/2026 20:47:21.223;0;1;0;0;
30/01/2026 20:47:22.647;0;0;0;0;
30/01/2026 20:48:01.244;0;1;0;0;
30/01/2026 20:48:02.488;0;0;0;0;
30/01/2026 20:48:41.265;0;1;0;0;
30/01/2026 20:48:42.589;0;0;0;0;
30/01/2026 20:49:01.285;0;0;1;0;
30/01/2026 20:49:02.429;0;0;0;0;
30/01/2026 20:49:21.379;0;1;1;0;
30/01/2026 20:49:22.760;0;0;0;0;
30/01/2026 20:50:01.581;0;1;0;0;
30/01/2026 20:50:02.891;0;0;0;0;
30/01/2026 20:53:01.391;0;1;0;0;
30/01/2026 20:53:02.705;0;0;0;0;
30/01/2026 20:53:41.442;0;1;0;0;
30/01/2026 20:53:42.777;0;0;0;0;
30/01/2026 20:56:41.688;0;1;0;0;
30/01/2026 20:56:43.31;0;0;0;0;
30/01/2026 20:58:41.560;0;1;0;0;
30/01/2026 20:58:42.904;0;0;0;0;
30/01/2026 20:59:01.711;0;1;0;0;
30/01/2026 20:59:03.55;0;0;0;0;
30/01/2026 20:59:21.771;0;1;0;0;
30/01/2026 20:59:23.205;0;0;0;0;
30/01/2026 20:59:41.902;0;0;1;0;
30/01/2026 20:59:43.106;0;0;0;0;
30/01/2026 21:00:25.626;1;0;0;0;
30/01/2026 21:00:25.627;1;1;1;0;
30/01/2026 21:00:31.956;1;0;0;0;
30/01/2026 21:00:33.325;1;1;1;0;
30/01/2026 21:00:34.478;1;0;0;0;
30/01/2026 21:00:43.324;1;1;1;0;
30/01/2026 21:00:44.479;1;0;0;0;
30/01/2026 21:00:53.324;1;1;1;0;
30/01/2026 21:00:54.769;1;0;0;0;
30/01/2026 21:01:03.324;1;1;1;0;
30/01/2026 21:01:04.469;1;0;0;0;
30/01/2026 21:01:13.325;1;1;1;0;
30/01/2026 21:01:14.469;1;0;0;0;
30/01/2026 21:01:23.435;1;1;1;0;
30/01/2026 21:01:24.580;1;0;0;0;
30/01/2026 21:01:33.445;1;1;1;0;
30/01/2026 21:01:34.580;1;0;0;0;
30/01/2026 21:01:43.436;1;1;1;0;
30/01/2026 21:01:44.570;1;0;0;0;
30/01/2026 21:01:53.423;1;1;1;0;
30/01/2026 21:01:54.560;1;0;0;0;
30/01/2026 21:02:03.399;0;0;0;0;
30/01/2026 21:02:45.720;0;1;1;0;
30/01/2026 21:02:50.498;0;0;0;0;
30/01/2026 21:03:08.606;0;0;1;0;
30/01/2026 21:03:09.878;0;0;0;0;
30/01/2026 21:03:26.592;0;1;0;0;
30/01/2026 21:03:28.907;0;0;0;0;
30/01/2026 21:03:45.571;0;1;1;0;
30/01/2026 21:03:47.46;0;0;0;0;
30/01/2026 21:04:05.582;0;1;1;0;
30/01/2026 21:04:06.896;0;0;0;0;
30/01/2026 21:04:25.592;0;1;0;0;
30/01/2026 21:04:27.17;0;0;0;0;
30/01/2026 21:04:45.633;0;1;0;0;
30/01/2026 21:04:46.987;0;0;0;0;
30/01/2026 21:05:25.634;0;0;1;0;
30/01/2026 21:05:26.968;0;0;0;0;
30/01/2026 21:06:25.656;0;1;0;0;
30/01/2026 21:06:26.890;0;0;0;0;
30/01/2026 21:08:45.751;0;1;0;0;
30/01/2026 21:08:47.123;0;0;0;0;
30/01/2026 21:09:05.863;0;1;0;0;
30/01/2026 21:09:07.114;0;0;0;0;
30/01/2026 21:12:26.16;0;1;0;0;
30/01/2026 21:12:27.309;0;0;0;0;
30/01/2026 21:14:05.767;0;1;1;0;
30/01/2026 21:14:07.21;0;0;0;0;
30/01/2026 21:14:25.778;0;0;1;0;
30/01/2026 21:14:27.62;0;0;0;0;
30/01/2026 21:15:46.134;0;1;0;0;
30/01/2026 21:15:47.454;0;0;0;0;
30/01/2026 21:16:05.821;0;1;1;0;
30/01/2026 21:16:07.104;0;0;0;0;
30/01/2026 21:16:25.931;0;1;1;0;
30/01/2026 21:16:27.305;0;0;0;0;
30/01/2026 21:18:26.39;0;1;0;0;
30/01/2026 21:18:27.278;0;0;0;0;
30/01/2026 21:18:46.160;0;1;0;0;
30/01/2026 21:18:47.689;0;0;0;0;
30/01/2026 21:19:08.177;0;1;0;0;
30/01/2026 21:19:09.642;0;0;0;0;
30/01/2026 21:19:26.26;0;1;0;0;
30/01/2026 21:19:27.380;0;0;0;0;
30/01/2026 21:19:46.76;0;1;0;0;
30/01/2026 21:19:47.580;0;0;0;0;
30/01/2026 21:20:06.47;0;1;0;0;
30/01/2026 21:20:07.321;0;0;0;0;
30/01/2026 21:20:25.957;0;1;0;0;
30/01/2026 21:20:27.331;0;0;0;0;
30/01/2026 21:22:26.0;0;1;1;0;
30/01/2026 21:22:27.284;0;0;0;0;
30/01/2026 21:22:49.473;0;1;1;0;
30/01/2026 21:23:02.160;0;0;0;0;
30/01/2026 21:30:40.213;1;0;0;0;
30/01/2026 21:30:40.214;1;1;0;0;
30/01/2026 21:30:42.44;1;0;0;0;
30/01/2026 21:31:18.127;1;0;1;0;
30/01/2026 21:31:29.372;1;0;0;0;
30/01/2026 21:31:53.7;0;0;0;0;
30/01/2026 21:32:30.314;0;1;0;0;
30/01/2026 21:32:31.736;0;0;0;0;
30/01/2026 21:32:50.573;0;1;0;0;
30/01/2026 21:32:52.257;0;0;0;0;
30/01/2026 21:33:10.733;0;1;0;0;
30/01/2026 21:33:12.88;0;0;0;0;
30/01/2026 21:33:30.794;0;1;1;0;
30/01/2026 21:33:32.88;0;0;0;0;
30/01/2026 21:34:10.565;0;1;0;0;
30/01/2026 21:34:11.879;0;0;0;0;
30/01/2026 21:37:30.673;0;1;0;0;
30/01/2026 21:37:32.124;0;0;0;0;
30/01/2026 21:37:52.776;0;1;0;0;
30/01/2026 21:37:54.257;0;0;0;0;
30/01/2026 21:38:10.864;0;1;0;0;
30/01/2026 21:38:12.315;0;0;0;0;
30/01/2026 21:38:30.964;0;1;0;0;
30/01/2026 21:38:32.336;0;0;0;0;
30/01/2026 21:38:50.692;0;1;0;0;
30/01/2026 21:38:51.996;0;0;0;0;
30/01/2026 21:39:10.702;0;1;1;0;
30/01/2026 21:39:12.67;0;0;0;0;
30/01/2026 21:39:30.713;0;1;0;0;
30/01/2026 21:39:32.97;0;0;0;0;
30/01/2026 21:39:50.724;0;0;1;0;
30/01/2026 21:39:52.48;0;0;0;0;
30/01/2026 21:40:10.754;0;1;0;0;
30/01/2026 21:40:12.68;0;0;0;0;
30/01/2026 21:40:30.765;0;1;1;0;
30/01/2026 21:40:32.229;0;0;0;0;
30/01/2026 21:40:50.856;0;1;0;0;
30/01/2026 21:40:52.380;0;0;0;0;
30/01/2026 21:41:10.956;0;1;0;0;
30/01/2026 21:41:12.180;0;0;0;0;
30/01/2026 21:42:10.807;0;0;1;0;
30/01/2026 21:42:11.941;0;0;0;0;
30/01/2026 21:42:30.798;0;0;1;0;
30/01/2026 21:42:32.52;0;0;0;0;
30/01/2026 21:43:10.809;0;1;0;0;
30/01/2026 21:43:12.193;0;0;0;0;
30/01/2026 21:44:10.840;0;1;0;0;
30/01/2026 21:44:12.224;0;0;0;0;
30/01/2026 21:45:12.934;0;1;0;0;
30/01/2026 21:45:14.398;0;0;0;0;
30/01/2026 21:45:31.13;0;1;0;0;
30/01/2026 21:45:32.286;0;0;0;0;
30/01/2026 21:45:51.113;0;1;0;0;
30/01/2026 21:45:52.527;0;0;0;0;
30/01/2026 21:46:10.903;0;1;0;0;
30/01/2026 21:46:12.558;0;0;0;0;
30/01/2026 21:46:30.914;0;1;0;0;
30/01/2026 21:46:32.178;0;0;0;0;
30/01/2026 21:48:31.132;0;0;1;0;
30/01/2026 21:48:32.271;0;0;0;0;
30/01/2026 21:48:51.192;0;1;0;0;
30/01/2026 21:48:52.632;0;0;0;0;
30/01/2026 21:49:10.988;0;1;1;0;
30/01/2026 21:49:12.422;0;0;0;0;
30/01/2026 21:49:30.988;0;1;0;0;
30/01/2026 21:49:32.282;0;0;0;0;
30/01/2026 21:49:50.999;0;1;0;0;
30/01/2026 21:49:52.343;0;0;0;0;
30/01/2026 21:54:11.136;0;0;1;0;
30/01/2026 21:54:12.269;0;0;0;0;
30/01/2026 21:57:11.220;0;0;1;0;
30/01/2026 21:57:12.474;0;0;0;0;
30/01/2026 21:58:31.262;0;1;0;0;
30/01/2026 21:58:32.566;0;0;0;0;
30/01/2026 21:59:51.607;0;1;0;0;
30/01/2026 21:59:52.898;0;0;0;0;
30/01/2026 21:59:54.897;1;0;0;0;
30/01/2026 21:59:54.898;1;1;1;0;
30/01/2026 22:00:01.537;1;0;0;0;
30/01/2026 22:00:02.496;1;1;1;0;
30/01/2026 22:00:03.629;1;0;0;0;
30/01/2026 22:00:12.595;1;1;1;0;
30/01/2026 22:00:13.990;1;0;0;0;
30/01/2026 22:00:22.596;1;1;1;0;
30/01/2026 22:00:23.730;1;0;0;0;
30/01/2026 22:00:32.595;1;1;1;0;
30/01/2026 22:00:33.730;1;0;0;0;
30/01/2026 22:00:42.691;1;1;1;0;
30/01/2026 22:00:43.820;1;0;0;0;
30/01/2026 22:00:52.891;1;1;1;0;
30/01/2026 22:00:54.31;1;0;0;0;
30/01/2026 22:01:02.796;1;1;1;0;
30/01/2026 22:01:03.931;1;0;0;0;
30/01/2026 22:01:12.892;1;1;1;0;
30/01/2026 22:01:14.31;1;0;0;0;
30/01/2026 22:01:22.597;1;1;1;0;
30/01/2026 22:01:23.731;1;0;0;0;
30/01/2026 22:01:32.891;0;0;0;0;
30/01/2026 22:02:14.802;0;1;1;0;
30/01/2026 22:02:19.508;0;0;0;0;
30/01/2026 22:02:34.811;0;0;1;0;
30/01/2026 22:02:36.55;0;0;0;0;
30/01/2026 22:02:54.822;0;1;0;0;
30/01/2026 22:02:56.937;0;0;0;0;
30/01/2026 22:03:14.832;0;1;1;0;
30/01/2026 22:03:16.497;0;0;0;0;
30/01/2026 22:03:34.843;0;1;1;0;
30/01/2026 22:03:36.197;0;0;0;0;
30/01/2026 22:07:15.119;0;0;1;0;
30/01/2026 22:07:16.503;0;0;0;0;
30/01/2026 22:08:14.970;0;1;0;0;
30/01/2026 22:08:16.194;0;0;0;0;
30/01/2026 22:09:55.116;0;1;0;0;
30/01/2026 22:09:56.387;0;0;0;0;
30/01/2026 22:10:15.147;0;1;0;0;
30/01/2026 22:10:16.377;0;0;0;0;
30/01/2026 22:10:35.264;0;1;0;0;
30/01/2026 22:10:36.668;0;0;0;0;
30/01/2026 22:10:55.459;0;1;0;0;
30/01/2026 22:10:56.759;0;0;0;0;
30/01/2026 22:11:15.65;0;1;0;0;
30/01/2026 22:11:16.349;0;0;0;0;
30/01/2026 22:11:34.975;0;1;0;0;
30/01/2026 22:11:36.239;0;0;0;0;
30/01/2026 22:12:14.996;0;1;0;0;
30/01/2026 22:12:16.250;0;0;0;0;
30/01/2026 22:13:55.129;0;0;1;0;
30/01/2026 22:13:56.333;0;0;0;0;
30/01/2026 22:14:35.150;0;1;1;0;
30/01/2026 22:14:36.484;0;0;0;0;
30/01/2026 22:15:15.171;0;1;0;0;
30/01/2026 22:15:16.475;0;0;0;0;
30/01/2026 22:15:35.181;0;1;0;0;
30/01/2026 22:15:37.26;0;0;0;0;
30/01/2026 22:15:55.192;0;1;0;0;
30/01/2026 22:15:56.736;0;0;0;0;
30/01/2026 22:16:15.215;0;1;1;0;
30/01/2026 22:16:16.486;0;0;0;0;
30/01/2026 22:16:35.326;0;1;1;0;
30/01/2026 22:16:36.587;0;0;0;0;
30/01/2026 22:16:55.446;0;0;1;0;
30/01/2026 22:16:56.648;0;0;0;0;
30/01/2026 22:18:15.165;0;1;0;0;
30/01/2026 22:18:16.389;0;0;0;0;
30/01/2026 22:18:55.186;0;1;0;0;
30/01/2026 22:18:56.470;0;0;0;0;
30/01/2026 22:19:15.207;0;1;0;0;
30/01/2026 22:19:16.551;0;0;0;0;
30/01/2026 22:19:35.247;0;1;0;0;
30/01/2026 22:19:36.742;0;0;0;0;
30/01/2026 22:20:15.479;0;1;0;0;
30/01/2026 22:20:16.763;0;0;0;0;
30/01/2026 22:20:35.319;0;1;0;0;
30/01/2026 22:20:36.643;0;0;0;0;
30/01/2026 22:21:15.340;0;1;0;0;
30/01/2026 22:21:16.704;0;0;0;0;
30/01/2026 22:22:28.385;0;1;1;0;
30/01/2026 22:22:41.581;0;0;0;0;
30/01/2026 22:36:20.498;1;0;0;0;
30/01/2026 22:36:20.499;1;1;0;0;
30/01/2026 22:36:22.369;1;0;0;0;
30/01/2026 22:36:58.642;1;0;1;0;
30/01/2026 22:37:09.907;1;0;0;0;
30/01/2026 22:37:32.631;0;0;0;0;
30/01/2026 22:38:10.468;0;1;0;0;
30/01/2026 22:38:13.12;0;0;0;0;
30/01/2026 22:38:30.788;0;0;1;0;
30/01/2026 22:38:32.102;0;0;0;0;
30/01/2026 22:38:50.678;0;1;1;0;
30/01/2026 22:38:51.992;0;0;0;0;
30/01/2026 22:39:10.778;0;1;0;0;
30/01/2026 22:39:12.123;0;0;0;0;
30/01/2026 22:41:10.892;0;1;0;0;
30/01/2026 22:41:12.106;0;0;0;0;
30/01/2026 22:42:30.874;0;1;0;0;
30/01/2026 22:42:32.138;0;0;0;0;
30/01/2026 22:42:50.884;0;1;1;0;
30/01/2026 22:42:52.208;0;0;0;0;
30/01/2026 22:44:31.57;0;0;1;0;
30/01/2026 22:44:32.251;0;0;0;0;
30/01/2026 22:44:51.148;0;0;1;0;
30/01/2026 22:44:52.432;0;0;0;0;
30/01/2026 22:45:30.858;0;1;0;0;
30/01/2026 22:45:32.293;0;0;0;0;
30/01/2026 22:45:50.959;0;1;0;0;
30/01/2026 22:45:52.573;0;0;0;0;
30/01/2026 22:46:50.990;0;1;0;0;
30/01/2026 22:46:52.565;0;0;0;0;
30/01/2026 22:47:11.1;0;1;0;0;
30/01/2026 22:47:12.385;0;0;0;0;
30/01/2026 22:47:31.6;0;1;0;0;
30/01/2026 22:47:32.546;0;0;0;0;
30/01/2026 22:48:11.32;0;1;1;0;
30/01/2026 22:48:12.697;0;0;0;0;
30/01/2026 22:48:31.66;0;1;0;0;
30/01/2026 22:48:32.667;0;0;0;0;
30/01/2026 22:49:11.157;0;1;1;0;
30/01/2026 22:49:12.418;0;0;0;0;
30/01/2026 22:49:31.349;0;0;1;0;
30/01/2026 22:49:32.489;0;0;0;0;
30/01/2026 22:50:11.96;0;0;1;0;
30/01/2026 22:50:12.320;0;0;0;0;
30/01/2026 22:50:51.116;0;1;0;0;
30/01/2026 22:50:52.461;0;0;0;0;
30/01/2026 22:51:11.158;0;1;0;0;
30/01/2026 22:51:12.591;0;0;0;0;
30/01/2026 22:51:31.148;0;1;0;0;
30/01/2026 22:51:32.522;0;0;0;0;
30/01/2026 22:51:51.138;0;1;0;0;
30/01/2026 22:51:52.512;0;0;0;0;
30/01/2026 22:52:11.239;0;1;0;0;
30/01/2026 22:52:12.553;0;0;0;0;
30/01/2026 22:52:31.339;0;1;0;0;
30/01/2026 22:52:32.653;0;0;0;0;
30/01/2026 22:54:31.212;0;1;0;0;
30/01/2026 22:54:32.456;0;0;0;0;
30/01/2026 22:56:11.295;0;0;1;0;
30/01/2026 22:56:12.429;0;0;0;0;
30/01/2026 22:58:11.333;0;1;0;0;
30/01/2026 22:58:12.712;0;0;0;0;
30/01/2026 22:58:31.228;0;1;0;0;
30/01/2026 22:58:32.602;0;0;0;0;
30/01/2026 22:58:51.329;0;1;0;0;
30/01/2026 22:58:52.653;0;0;0;0;
30/01/2026 22:59:31.430;0;1;0;0;
30/01/2026 22:59:32.664;0;0;0;0;
30/01/2026 23:00:31.381;0;1;0;0;
30/01/2026 23:00:32.615;0;0;0;0;
30/01/2026 23:01:11.402;0;0;1;0;
30/01/2026 23:01:12.676;0;0;0;0;
30/01/2026 23:01:51.423;0;1;0;0;
30/01/2026 23:01:52.697;0;0;0;0;
30/01/2026 23:02:51.475;0;1;0;0;
30/01/2026 23:02:52.809;0;0;0;0;
30/01/2026 23:04:33.803;0;1;0;0;
30/01/2026 23:04:35.64;0;0;0;0;
30/01/2026 23:05:51.539;0;1;0;0;
30/01/2026 23:05:52.863;0;0;0;0;
30/01/2026 23:06:15.678;1;0;0;0;
30/01/2026 23:06:15.679;1;1;1;0;
30/01/2026 23:06:22.173;1;0;0;0;
30/01/2026 23:06:23.278;1;1;1;0;
30/01/2026 23:06:24.426;1;0;0;0;
30/01/2026 23:06:33.481;1;1;1;0;
30/01/2026 23:06:34.876;1;0;0;0;
30/01/2026 23:06:43.382;1;1;1;0;
30/01/2026 23:06:44.536;1;0;0;0;
30/01/2026 23:06:53.482;1;1;1;0;
30/01/2026 23:06:54.637;1;0;0;0;
30/01/2026 23:07:03.582;1;1;1;0;
30/01/2026 23:07:04.737;1;0;0;0;
30/01/2026 23:07:13.282;1;1;1;0;
30/01/2026 23:07:14.437;1;0;0;0;
30/01/2026 23:07:23.283;1;1;1;0;
30/01/2026 23:07:24.477;1;0;0;0;
30/01/2026 23:07:33.283;1;1;1;0;
30/01/2026 23:07:34.437;1;0;0;0;
30/01/2026 23:07:43.278;1;1;1;0;
30/01/2026 23:07:44.418;1;0;0;0;
30/01/2026 23:07:53.817;0;0;0;0;
30/01/2026 23:08:13.404;0;0;1;0;
30/01/2026 23:08:14.979;0;0;0;0;
30/01/2026 23:08:35.373;0;1;1;0;
30/01/2026 23:08:40.145;0;0;0;0;
30/01/2026 23:09:15.392;0;1;1;0;
30/01/2026 23:09:17.193;0;0;0;0;
30/01/2026 23:09:35.502;0;1;1;0;
30/01/2026 23:09:37.333;0;0;0;0;
30/01/2026 23:09:55.612;0;0;1;0;
30/01/2026 23:09:56.903;0;0;0;0;
30/01/2026 23:10:15.723;0;1;0;0;
30/01/2026 23:10:17.164;0;0;0;0;
30/01/2026 23:10:55.541;0;1;0;0;
30/01/2026 23:10:56.785;0;0;0;0;
30/01/2026 23:11:35.562;0;0;1;0;
30/01/2026 23:11:36.926;0;0;0;0;
30/01/2026 23:15:15.587;0;1;0;0;
30/01/2026 23:15:16.931;0;0;0;0;
30/01/2026 23:15:35.598;0;1;0;0;
30/01/2026 23:15:36.862;0;0;0;0;
30/01/2026 23:16:55.967;0;1;1;0;
30/01/2026 23:16:57.254;0;0;0;0;
30/01/2026 23:17:15.721;0;0;1;0;
30/01/2026 23:17:16.955;0;0;0;0;
30/01/2026 23:17:55.741;0;1;0;0;
30/01/2026 23:17:57.96;0;0;0;0;
30/01/2026 23:21:15.747;0;0;1;0;
30/01/2026 23:21:17.1;0;0;0;0;
30/01/2026 23:22:15.768;0;0;1;0;
30/01/2026 23:22:16.962;0;0;0;0;
30/01/2026 23:22:35.861;0;1;0;0;
30/01/2026 23:22:37.123;0;0;0;0;
30/01/2026 23:23:55.901;0;1;1;0;
30/01/2026 23:23:57.165;0;0;0;0;
30/01/2026 23:24:15.912;0;1;1;0;
30/01/2026 23:24:17.235;0;0;0;0;
30/01/2026 23:24:35.923;0;0;1;0;
30/01/2026 23:24:37.76;0;0;0;0;
30/01/2026 23:24:55.932;0;1;0;0;
30/01/2026 23:24:57.406;0;0;0;0;
30/01/2026 23:26:16.54;0;1;0;0;
30/01/2026 23:26:17.378;0;0;0;0;
30/01/2026 23:27:55.926;0;1;0;0;
30/01/2026 23:27:57.301;0;0;0;0;
30/01/2026 23:28:35.957;0;0;1;0;
30/01/2026 23:28:37.212;0;0;0;0;
30/01/2026 23:28:39.50;0;1;1;0;
30/01/2026 23:28:52.387;0;0;0;0;
30/01/2026 23:36:21.475;1;0;0;0;
30/01/2026 23:36:21.476;1;1;0;0;
30/01/2026 23:36:23.291;1;0;0;0;
30/01/2026 23:36:59.385;1;0;1;0;
30/01/2026 23:37:10.600;1;0;0;0;
30/01/2026 23:37:35.355;0;0;0;0;
30/01/2026 23:38:11.470;0;1;0;0;
30/01/2026 23:38:13.414;0;0;0;0;
30/01/2026 23:38:31.805;0;1;0;0;
30/01/2026 23:38:33.965;0;0;0;0;
30/01/2026 23:38:51.840;0;1;0;0;
30/01/2026 23:38:53.575;0;0;0;0;
30/01/2026 23:39:12.1;0;1;0;0;
30/01/2026 23:39:13.255;0;0;0;0;
30/01/2026 23:39:32.87;0;0;1;0;
30/01/2026 23:39:33.346;0;0;0;0;
30/01/2026 23:40:11.822;0;1;0;0;
30/01/2026 23:40:13.227;0;0;0;0;
30/01/2026 23:40:51.843;0;1;0;0;
30/01/2026 23:40:53.118;0;0;0;0;
30/01/2026 23:41:11.854;0;1;0;0;
30/01/2026 23:41:13.98;0;0;0;0;
30/01/2026 23:45:52.11;0;0;1;0;
30/01/2026 23:45:53.415;0;0;0;0;
30/01/2026 23:46:32.92;0;0;1;0;
30/01/2026 23:46:33.587;0;0;0;0;
30/01/2026 23:47:32.34;0;0;1;0;
30/01/2026 23:47:33.418;0;0;0;0;
30/01/2026 23:47:52.44;0;0;1;0;
30/01/2026 23:47:53.248;0;0;0;0;
30/01/2026 23:49:52.127;0;1;0;0;
30/01/2026 23:49:53.482;0;0;0;0;
30/01/2026 23:50:32.128;0;1;0;0;
30/01/2026 23:50:33.533;0;0;0;0;
30/01/2026 23:53:52.248;0;1;0;0;
30/01/2026 23:53:53.578;0;0;0;0;
30/01/2026 23:54:12.364;0;0;1;0;
30/01/2026 23:54:13.578;0;0;0;0;
30/01/2026 23:54:32.465;0;1;0;0;
30/01/2026 23:54:33.789;0;0;0;0;
30/01/2026 23:56:12.287;0;1;0;0;
30/01/2026 23:56:13.611;0;0;0;0;
30/01/2026 23:56:52.308;0;1;0;0;
30/01/2026 23:56:53.652;0;0;0;0;
30/01/2026 23:58:32.483;0;1;0;0;
30/01/2026 23:58:33.735;0;0;0;0;
30/01/2026 23:59:12.371;0;1;0;0;
30/01/2026 23:59:13.656;0;0;0;0;
30/01/2026 23:59:32.382;0;1;0;0;
30/01/2026 23:59:33.816;0;0;0;0;
30/01/2026 23:59:52.422;0;0;1;0;
30/01/2026 23:59:53.556;0;0;0;0;
31/01/2026 00:00:52.444;0;0;1;0;
31/01/2026 00:00:53.718;0;0;0;0;
31/01/2026 00:01:12.555;0;0;1;0;
31/01/2026 00:01:13.729;0;0;0;0;
31/01/2026 00:01:52.456;0;1;0;0;
31/01/2026 00:01:53.760;0;0;0;0;
31/01/2026 00:02:32.477;0;1;0;0;
31/01/2026 00:02:33.831;0;0;0;0;
31/01/2026 00:05:30.832;1;0;0;0;
31/01/2026 00:05:30.833;1;1;1;0;
31/01/2026 00:05:37.359;1;0;0;0;
31/01/2026 00:05:38.268;1;1;1;0;
31/01/2026 00:05:39.411;1;0;0;0;
31/01/2026 00:05:48.276;1;1;1;0;
31/01/2026 00:05:49.421;1;0;0;0;
31/01/2026 00:05:58.287;1;1;1;0;
31/01/2026 00:05:59.702;1;0;0;0;
31/01/2026 00:06:08.387;1;1;1;0;
31/01/2026 00:06:09.522;1;0;0;0;
31/01/2026 00:06:18.367;1;1;1;0;
31/01/2026 00:06:19.502;1;0;0;0;
31/01/2026 00:06:28.268;1;1;1;0;
31/01/2026 00:06:29.412;1;0;0;0;
31/01/2026 00:06:38.268;1;1;1;0;
31/01/2026 00:06:39.402;1;0;0;0;
31/01/2026 00:06:48.268;1;1;1;0;
31/01/2026 00:06:49.403;1;0;0;0;
31/01/2026 00:06:58.268;1;1;1;0;
31/01/2026 00:06:59.413;1;0;0;0;
31/01/2026 00:07:08.662;0;0;0;0;
31/01/2026 00:07:28.269;0;0;1;0;
31/01/2026 00:07:30.4;0;0;0;0;
31/01/2026 00:07:50.544;0;1;0;0;
31/01/2026 00:07:55.290;0;0;0;0;
31/01/2026 00:08:10.763;0;1;1;0;
31/01/2026 00:08:12.358;0;0;0;0;
31/01/2026 00:08:30.763;0;1;1;0;
31/01/2026 00:08:32.538;0;0;0;0;
31/01/2026 00:08:50.524;0;1;1;0;
31/01/2026 00:08:52.98;0;0;0;0;
31/01/2026 00:09:30.525;0;1;0;0;
31/01/2026 00:09:31.919;0;0;0;0;
31/01/2026 00:10:50.567;0;0;1;0;
31/01/2026 00:10:51.891;0;0;0;0;
31/01/2026 00:12:50.540;0;1;0;0;
31/01/2026 00:12:52.64;0;0;0;0;
31/01/2026 00:13:10.530;0;1;0;0;
31/01/2026 00:13:11.955;0;0;0;0;
31/01/2026 00:13:50.531;0;1;0;0;
31/01/2026 00:13:51.846;0;0;0;0;
31/01/2026 00:14:30.793;0;1;0;0;
31/01/2026 00:14:32.57;0;0;0;0;
31/01/2026 00:15:30.685;0;1;0;0;
31/01/2026 00:15:31.958;0;0;0;0;
31/01/2026 00:15:50.695;0;0;1;0;
31/01/2026 00:15:51.849;0;0;0;0;
31/01/2026 00:16:10.705;0;0;1;0;
31/01/2026 00:16:12.9;0;0;0;0;
31/01/2026 00:19:30.720;0;1;0;0;
31/01/2026 00:19:31.974;0;0;0;0;
31/01/2026 00:20:10.711;0;1;0;0;
31/01/2026 00:20:11.995;0;0;0;0;
31/01/2026 00:20:30.732;0;0;1;0;
31/01/2026 00:20:31.926;0;0;0;0;
31/01/2026 00:20:51.52;0;0;1;0;
31/01/2026 00:20:52.347;0;0;0;0;
31/01/2026 00:21:11.53;0;1;0;0;
31/01/2026 00:21:12.347;0;0;0;0;
31/01/2026 00:21:50.864;0;0;1;0;
31/01/2026 00:21:52.78;0;0;0;0;
31/01/2026 00:22:10.874;0;0;1;0;
31/01/2026 00:22:12.208;0;0;0;0;
31/01/2026 00:22:50.895;0;1;1;0;
31/01/2026 00:22:52.740;0;0;0;0;
31/01/2026 00:23:10.906;0;1;0;0;
31/01/2026 00:23:12.590;0;0;0;0;
31/01/2026 00:23:50.927;0;0;1;0;
31/01/2026 00:23:52.281;0;0;0;0;
31/01/2026 00:24:50.878;0;1;1;0;
31/01/2026 00:24:52.102;0;0;0;0;
31/01/2026 00:25:30.879;0;0;1;0;
31/01/2026 00:25:32.163;0;0;0;0;
31/01/2026 00:26:50.901;0;0;1;0;
31/01/2026 00:26:52.285;0;0;0;0;
31/01/2026 00:27:10.912;0;0;1;0;
31/01/2026 00:27:12.216;0;0;0;0;
31/01/2026 00:27:30.982;0;0;1;0;
31/01/2026 00:27:32.366;0;0;0;0;
31/01/2026 00:28:11.293;0;0;1;0;
31/01/2026 00:28:12.447;0;0;0;0;
31/01/2026 00:28:25.57;0;1;1;0;
31/01/2026 00:28:37.934;0;0;0;0;
31/01/2026 00:35:27.313;1;0;0;0;
31/01/2026 00:35:27.314;1;1;0;0;
31/01/2026 00:35:29.114;1;0;0;0;
31/01/2026 00:36:05.32;1;0;1;0;
31/01/2026 00:36:16.412;1;0;0;0;
31/01/2026 00:36:40.337;0;0;0;0;
31/01/2026 00:37:17.413;0;1;1;0;
31/01/2026 00:37:21.769;0;0;0;0;
31/01/2026 00:37:37.422;0;0;1;0;
31/01/2026 00:37:38.967;0;0;0;0;
31/01/2026 00:37:57.433;0;0;1;0;
31/01/2026 00:37:58.917;0;0;0;0;
31/01/2026 00:38:17.443;0;1;1;0;
31/01/2026 00:38:19.348;0;0;0;0;
31/01/2026 00:38:37.454;0;1;0;0;
31/01/2026 00:38:39.589;0;0;0;0;
31/01/2026 00:38:57.465;0;1;1;0;
31/01/2026 00:38:59.179;0;0;0;0;
31/01/2026 00:39:17.679;0;1;1;0;
31/01/2026 00:39:19.650;0;0;0;0;
31/01/2026 00:39:37.656;0;1;0;0;
31/01/2026 00:39:39.530;0;0;0;0;
31/01/2026 00:39:57.749;0;1;1;0;
31/01/2026 00:39:59.30;0;0;0;0;
31/01/2026 00:40:37.518;0;1;1;0;
31/01/2026 00:40:39.41;0;0;0;0;
31/01/2026 00:40:57.528;0;0;1;0;
31/01/2026 00:40:58.812;0;0;0;0;
31/01/2026 00:42:57.971;0;1;0;0;
31/01/2026 00:42:59.435;0;0;0;0;
31/01/2026 00:43:17.591;0;1;1;0;
31/01/2026 00:43:19.75;0;0;0;0;
31/01/2026 00:44:17.623;0;0;1;0;
31/01/2026 00:44:18.887;0;0;0;0;
31/01/2026 00:44:37.633;0;1;1;0;
31/01/2026 00:44:38.937;0;0;0;0;
31/01/2026 00:44:57.644;0;1;0;0;
31/01/2026 00:44:59.38;0;0;0;0;
31/01/2026 00:45:37.665;0;1;0;0;
31/01/2026 00:45:39.109;0;0;0;0;
31/01/2026 00:45:57.675;0;1;0;0;
31/01/2026 00:45:59.59;0;0;0;0;
31/01/2026 00:46:17.696;0;0;1;0;
31/01/2026 00:46:19.130;0;0;0;0;
31/01/2026 00:46:37.696;0;1;0;0;
31/01/2026 00:46:38.920;0;0;0;0;
31/01/2026 00:47:57.738;0;0;1;0;
31/01/2026 00:47:59.62;0;0;0;0;
31/01/2026 00:50:17.972;0;1;1;0;
31/01/2026 00:50:19.667;0;0;0;0;
31/01/2026 00:50:38.68;0;1;0;0;
31/01/2026 00:50:39.547;0;0;0;0;
31/01/2026 00:50:57.813;0;1;1;0;
31/01/2026 00:50:59.387;0;0;0;0;
31/01/2026 00:51:17.823;0;1;0;0;
31/01/2026 00:51:19.818;0;0;0;0;
31/01/2026 00:51:37.834;0;1;0;0;
31/01/2026 00:51:39.879;0;0;0;0;
31/01/2026 00:51:57.844;0;1;0;0;
31/01/2026 00:51:59.199;0;0;0;0;
31/01/2026 00:52:57.886;0;1;0;0;
31/01/2026 00:52:59.390;0;0;0;0;
31/01/2026 00:53:17.886;0;1;0;0;
31/01/2026 00:53:19.201;0;0;0;0;
31/01/2026 00:53:37.897;0;1;0;0;
31/01/2026 00:53:39.661;0;0;0;0;
31/01/2026 00:56:17.971;0;1;0;0;
31/01/2026 00:56:19.205;0;0;0;0;
31/01/2026 00:56:58.32;0;0;1;0;
31/01/2026 00:56:59.246;0;0;0;0;
31/01/2026 00:58:18.34;0;0;1;0;
31/01/2026 00:58:19.188;0;0;0;0;
31/01/2026 00:59:38.96;0;1;0;0;
31/01/2026 00:59:39.420;0;0;0;0;
31/01/2026 01:04:21.716;1;0;0;0;
31/01/2026 01:04:21.717;1;1;1;0;
31/01/2026 01:04:28.106;1;0;0;0;
31/01/2026 01:04:29.415;1;1;1;0;
31/01/2026 01:04:30.558;1;0;0;0;
31/01/2026 01:04:39.414;1;1;1;0;
31/01/2026 01:04:40.559;1;0;0;0;
31/01/2026 01:04:49.495;1;1;1;0;
31/01/2026 01:04:50.939;1;0;0;0;
31/01/2026 01:04:59.428;1;1;1;0;
31/01/2026 01:05:00.569;1;0;0;0;
31/01/2026 01:05:09.485;1;1;1;0;
31/01/2026 01:05:10.619;1;0;0;0;
31/01/2026 01:05:19.540;1;1;1;0;
31/01/2026 01:05:20.670;1;0;0;0;
31/01/2026 01:05:29.600;1;1;1;0;
31/01/2026 01:05:30.730;1;0;0;0;
31/01/2026 01:05:39.659;1;1;1;0;
31/01/2026 01:05:40.790;1;0;0;0;
31/01/2026 01:05:49.849;1;1;1;0;
31/01/2026 01:05:50.981;1;0;0;0;
31/01/2026 01:05:59.530;0;0;0;0;
31/01/2026 01:06:19.417;0;0;1;0;
31/01/2026 01:06:21.152;0;0;0;0;
31/01/2026 01:06:41.501;0;1;0;0;
31/01/2026 01:06:46.217;0;0;0;0;
31/01/2026 01:07:01.610;0;0;1;0;
31/01/2026 01:07:02.985;0;0;0;0;
31/01/2026 01:07:21.621;0;1;1;0;
31/01/2026 01:07:23.365;0;0;0;0;
31/01/2026 01:07:41.626;0;1;1;0;
31/01/2026 01:07:43.466;0;0;0;0;
31/01/2026 01:08:01.642;0;1;1;0;
31/01/2026 01:08:03.86;0;0;0;0;
31/01/2026 01:08:41.833;0;1;0;0;
31/01/2026 01:08:43.107;0;0;0;0;
31/01/2026 01:09:21.944;0;1;1;0;
31/01/2026 01:09:23.268;0;0;0;0;
31/01/2026 01:09:41.694;0;1;0;0;
31/01/2026 01:09:42.989;0;0;0;0;
31/01/2026 01:10:01.700;0;1;0;0;
31/01/2026 01:10:03.29;0;0;0;0;
31/01/2026 01:10:41.736;0;1;0;0;
31/01/2026 01:10:42.980;0;0;0;0;
31/01/2026 01:11:41.700;0;0;1;0;
31/01/2026 01:11:42.831;0;0;0;0;
31/01/2026 01:13:01.679;0;0;1;0;
31/01/2026 01:13:02.934;0;0;0;0;
31/01/2026 01:13:21.791;0;1;0;0;
31/01/2026 01:13:23.74;0;0;0;0;
31/01/2026 01:14:01.811;0;1;0;0;
31/01/2026 01:14:03.155;0;0;0;0;
31/01/2026 01:14:41.832;0;1;0;0;
31/01/2026 01:14:43.96;0;0;0;0;
31/01/2026 01:15:01.838;0;1;0;0;
31/01/2026 01:15:03.137;0;0;0;0;
31/01/2026 01:15:42.74;0;1;0;0;
31/01/2026 01:15:43.318;0;0;0;0;
31/01/2026 01:16:41.895;0;1;0;0;
31/01/2026 01:16:43.159;0;0;0;0;
31/01/2026 01:18:01.842;0;0;1;0;
31/01/2026 01:18:03.61;0;0;0;0;
31/01/2026 01:19:01.859;0;0;1;0;
31/01/2026 01:19:03.263;0;0;0;0;
31/01/2026 01:19:41.860;0;1;0;0;
31/01/2026 01:19:43.84;0;0;0;0;
31/01/2026 01:20:01.970;0;1;1;0;
31/01/2026 01:20:03.765;0;0;0;0;
31/01/2026 01:20:21.981;0;1;1;0;
31/01/2026 01:20:23.805;0;0;0;0;
31/01/2026 01:20:41.991;0;1;1;0;
31/01/2026 01:20:43.345;0;0;0;0;
31/01/2026 01:21:02.2;0;1;0;0;
31/01/2026 01:21:03.446;0;0;0;0;
31/01/2026 01:22:02.184;0;1;0;0;
31/01/2026 01:22:03.638;0;0;0;0;
31/01/2026 01:22:42.54;0;1;0;0;
31/01/2026 01:22:43.298;0;0;0;0;
31/01/2026 01:23:02.65;0;1;0;0;
31/01/2026 01:23:03.509;0;0;0;0;
31/01/2026 01:23:22.85;0;1;1;0;
31/01/2026 01:23:23.990;0;0;0;0;
31/01/2026 01:23:42.96;0;1;0;0;
31/01/2026 01:23:44.1;0;0;0;0;
31/01/2026 01:24:01.996;0;1;0;0;
31/01/2026 01:24:03.430;0;0;0;0;
31/01/2026 01:24:22.7;0;1;1;0;
31/01/2026 01:24:23.441;0;0;0;0;
31/01/2026 01:25:22.242;0;0;1;0;
31/01/2026 01:25:23.673;0;0;0;0;
31/01/2026 01:26:02.39;0;0;1;0;
31/01/2026 01:26:03.403;0;0;0;0;
31/01/2026 01:26:22.39;0;0;1;0;
31/01/2026 01:26:23.384;0;0;0;0;
31/01/2026 01:26:28.165;0;1;1;0;
31/01/2026 01:26:40.912;0;0;0;0;
31/01/2026 01:32:13.559;1;0;0;0;
31/01/2026 01:32:13.560;1;1;0;0;
31/01/2026 01:32:15.405;1;0;0;0;
31/01/2026 01:32:51.468;1;0;1;0;
31/01/2026 01:33:02.473;1;0;0;0;
31/01/2026 01:33:25.807;0;0;0;0;
31/01/2026 01:34:04.55;0;1;0;0;
31/01/2026 01:34:08.421;0;0;0;0;
31/01/2026 01:34:26.306;0;0;1;0;
31/01/2026 01:34:27.711;0;0;0;0;
31/01/2026 01:34:43.894;0;0;1;0;
31/01/2026 01:34:45.229;0;0;0;0;
31/01/2026 01:35:23.895;0;0;1;0;
31/01/2026 01:35:25.120;0;0;0;0;
31/01/2026 01:36:03.916;0;1;0;0;
31/01/2026 01:36:05.291;0;0;0;0;
31/01/2026 01:36:23.927;0;1;0;0;
31/01/2026 01:36:25.962;0;0;0;0;
31/01/2026 01:36:43.947;0;1;0;0;
31/01/2026 01:36:45.983;0;0;0;0;
31/01/2026 01:37:03.838;0;1;1;0;
31/01/2026 01:37:06.173;0;0;0;0;
31/01/2026 01:37:23.952;0;1;0;0;
31/01/2026 01:37:25.383;0;0;0;0;
31/01/2026 01:37:43.949;0;1;1;0;
31/01/2026 01:37:45.443;0;0;0;0;
31/01/2026 01:38:06.22;0;1;0;0;
31/01/2026 01:38:07.566;0;0;0;0;
31/01/2026 01:38:24.243;0;1;1;0;
31/01/2026 01:38:26.55;0;0;0;0;
31/01/2026 01:38:44.204;0;1;0;0;
31/01/2026 01:38:45.535;0;0;0;0;
31/01/2026 01:39:24.1;0;1;0;0;
31/01/2026 01:39:25.326;0;0;0;0;
31/01/2026 01:39:44.12;0;1;0;0;
31/01/2026 01:39:45.647;0;0;0;0;
31/01/2026 01:40:04.38;0;1;0;0;
31/01/2026 01:40:05.377;0;0;0;0;
31/01/2026 01:40:24.53;0;1;0;0;
31/01/2026 01:40:25.678;0;0;0;0;
31/01/2026 01:41:24.205;0;1;1;0;
31/01/2026 01:41:25.659;0;0;0;0;
31/01/2026 01:42:04.85;0;1;0;0;
31/01/2026 01:42:05.460;0;0;0;0;
31/01/2026 01:42:44.106;0;1;0;0;
31/01/2026 01:42:45.481;0;0;0;0;
31/01/2026 01:43:04.117;0;1;0;0;
31/01/2026 01:43:05.431;0;0;0;0;
31/01/2026 01:44:24.129;0;1;0;0;
31/01/2026 01:44:25.533;0;0;0;0;
31/01/2026 01:45:04.150;0;1;0;0;
31/01/2026 01:45:05.554;0;0;0;0;
31/01/2026 01:46:44.198;0;0;1;0;
31/01/2026 01:46:45.407;0;0;0;0;
31/01/2026 01:48:44.346;0;1;0;0;
31/01/2026 01:48:45.690;0;0;0;0;
31/01/2026 01:49:04.446;0;1;0;0;
31/01/2026 01:49:05.791;0;0;0;0;
31/01/2026 01:49:24.537;0;1;1;0;
31/01/2026 01:49:26.192;0;0;0;0;
31/01/2026 01:49:44.197;0;1;0;0;
31/01/2026 01:49:45.471;0;0;0;0;
31/01/2026 01:50:24.309;0;1;0;0;
31/01/2026 01:50:25.622;0;0;0;0;
31/01/2026 01:50:44.319;0;1;0;0;
31/01/2026 01:50:45.693;0;0;0;0;
31/01/2026 01:51:04.330;0;1;0;0;
31/01/2026 01:51:05.583;0;0;0;0;
31/01/2026 01:51:24.340;0;1;0;0;
31/01/2026 01:51:25.694;0;0;0;0;
31/01/2026 01:51:44.350;0;1;0;0;
31/01/2026 01:51:45.675;0;0;0;0;
31/01/2026 01:52:24.372;0;0;1;0;
31/01/2026 01:52:25.645;0;0;0;0;
31/01/2026 01:53:44.618;0;1;0;0;
31/01/2026 01:53:46.28;0;0;0;0;
31/01/2026 01:54:04.858;0;1;0;0;
31/01/2026 01:54:06.249;0;0;0;0;
31/01/2026 01:55:44.602;0;0;1;0;
31/01/2026 01:55:45.770;0;0;0;0;
31/01/2026 01:58:04.530;0;1;0;0;
31/01/2026 01:58:05.754;0;0;0;0;
31/01/2026 01:58:24.540;0;1;0;0;
31/01/2026 01:58:25.855;0;0;0;0;
31/01/2026 01:58:44.551;0;1;1;0;
31/01/2026 01:58:45.975;0;0;0;0;
31/01/2026 02:02:04.656;0;1;0;0;
31/01/2026 02:02:05.910;0;0;0;0;
31/01/2026 02:02:07.939;1;0;0;0;
31/01/2026 02:02:07.940;1;1;1;0;
31/01/2026 02:02:14.399;1;0;0;0;
31/01/2026 02:02:15.638;1;1;1;0;
31/01/2026 02:02:16.771;1;0;0;0;
31/01/2026 02:02:25.636;1;1;1;0;
31/01/2026 02:02:26.771;1;0;0;0;
31/01/2026 02:02:35.637;1;1;1;0;
31/01/2026 02:02:37.42;1;0;0;0;
31/01/2026 02:02:45.637;1;1;1;0;
31/01/2026 02:02:46.772;1;0;0;0;
31/01/2026 02:02:55.722;1;1;1;0;
31/01/2026 02:02:56.862;1;0;0;0;
31/01/2026 02:03:05.635;1;1;1;0;
31/01/2026 02:03:06.772;1;0;0;0;
31/01/2026 02:03:15.698;1;1;1;0;
31/01/2026 02:03:16.833;1;0;0;0;
31/01/2026 02:03:25.752;1;1;1;0;
31/01/2026 02:03:26.893;1;0;0;0;
31/01/2026 02:03:35.813;1;1;1;0;
31/01/2026 02:03:36.953;1;0;0;0;
31/01/2026 02:03:45.172;0;0;0;0;
31/01/2026 02:04:05.984;0;0;1;0;
31/01/2026 02:04:07.725;0;0;0;0;
31/01/2026 02:04:28.107;0;1;1;0;
31/01/2026 02:04:32.861;0;0;0;0;
31/01/2026 02:04:47.873;0;0;1;0;
31/01/2026 02:04:49.237;0;0;0;0;
31/01/2026 02:05:07.883;0;1;1;0;
31/01/2026 02:05:09.939;0;0;0;0;
31/01/2026 02:05:27.894;0;1;1;0;
31/01/2026 02:05:29.338;0;0;0;0;
31/01/2026 02:05:47.924;0;1;1;0;
31/01/2026 02:05:49.459;0;0;0;0;
31/01/2026 02:06:07.915;0;1;0;0;
31/01/2026 02:06:09.179;0;0;0;0;
31/01/2026 02:06:27.825;0;0;1;0;
31/01/2026 02:06:29.110;0;0;0;0;
31/01/2026 02:06:47.936;0;0;1;0;
31/01/2026 02:06:49.130;0;0;0;0;
31/01/2026 02:07:07.916;0;0;1;0;
31/01/2026 02:07:09.51;0;0;0;0;
31/01/2026 02:10:08.26;0;0;1;0;
31/01/2026 02:10:09.295;0;0;0;0;
31/01/2026 02:10:28.116;0;0;1;0;
31/01/2026 02:10:29.326;0;0;0;0;
31/01/2026 02:11:48.84;0;0;1;0;
31/01/2026 02:11:49.498;0;0;0;0;
31/01/2026 02:12:08.104;0;1;0;0;
31/01/2026 02:12:09.679;0;0;0;0;
31/01/2026 02:12:28.125;0;1;0;0;
31/01/2026 02:12:29.459;0;0;0;0;
31/01/2026 02:13:28.37;0;1;1;0;
31/01/2026 02:13:29.351;0;0;0;0;
31/01/2026 02:13:48.157;0;0;1;0;
31/01/2026 02:13:49.291;0;0;0;0;
31/01/2026 02:14:48.68;0;0;1;0;
31/01/2026 02:14:49.322;0;0;0;0;
31/01/2026 02:15:28.190;0;1;0;0;
31/01/2026 02:15:29.544;0;0;0;0;
31/01/2026 02:15:48.200;0;1;0;0;
31/01/2026 02:15:49.604;0;0;0;0;
31/01/2026 02:16:28.221;0;1;0;0;
31/01/2026 02:16:29.976;0;0;0;0;
31/01/2026 02:16:48.370;0;1;1;0;
31/01/2026 02:16:49.726;0;0;0;0;
31/01/2026 02:17:08.327;0;1;0;0;
31/01/2026 02:17:09.716;0;0;0;0;
31/01/2026 02:17:48.696;0;1;0;0;
31/01/2026 02:17:50.168;0;0;0;0;
31/01/2026 02:18:08.273;0;1;1;0;
31/01/2026 02:18:09.568;0;0;0;0;
31/01/2026 02:18:28.284;0;1;0;0;
31/01/2026 02:18:29.758;0;0;0;0;
31/01/2026 02:18:48.314;0;1;0;0;
31/01/2026 02:18:49.629;0;0;0;0;
31/01/2026 02:19:08.315;0;1;0;0;
31/01/2026 02:19:09.609;0;0;0;0;
31/01/2026 02:19:28.215;0;1;0;0;
31/01/2026 02:19:29.500;0;0;0;0;
31/01/2026 02:19:48.226;0;1;1;0;
31/01/2026 02:19:49.600;0;0;0;0;
31/01/2026 02:20:08.236;0;1;0;0;
31/01/2026 02:20:09.551;0;0;0;0;
31/01/2026 02:20:28.477;0;0;1;0;
31/01/2026 02:20:29.821;0;0;0;0;
31/01/2026 02:20:48.427;0;1;1;0;
31/01/2026 02:20:49.772;0;0;0;0;
31/01/2026 02:22:48.410;0;1;0;0;
31/01/2026 02:22:49.645;0;0;0;0;
31/01/2026 02:23:08.421;0;1;1;0;
31/01/2026 02:23:09.875;0;0;0;0;
31/01/2026 02:23:28.431;0;1;0;0;
31/01/2026 02:23:29.636;0;0;0;0;
31/01/2026 02:23:48.445;0;1;1;0;
31/01/2026 02:23:49.816;0;0;0;0;
31/01/2026 02:24:08.553;0;1;0;0;
31/01/2026 02:24:09.887;0;0;0;0;
31/01/2026 02:24:11.545;0;1;1;0;
31/01/2026 02:24:24.582;0;0;0;0;
31/01/2026 02:31:07.778;1;0;0;0;
31/01/2026 02:31:07.779;1;1;0;0;
31/01/2026 02:31:09.598;1;0;0;0;
31/01/2026 02:31:45.691;1;0;1;0;
31/01/2026 02:31:56.967;1;0;0;0;
31/01/2026 02:32:21.462;0;0;0;0;
31/01/2026 02:32:57.627;0;1;1;0;
31/01/2026 02:33:01.943;0;0;0;0;
31/01/2026 02:33:17.936;0;0;1;0;
31/01/2026 02:33:19.191;0;0;0;0;
31/01/2026 02:33:37.958;0;0;1;0;
31/01/2026 02:33:39.632;0;0;0;0;
31/01/2026 02:33:57.948;0;1;1;0;
31/01/2026 02:34:00.13;0;0;0;0;
31/01/2026 02:34:17.858;0;1;0;0;
31/01/2026 02:34:19.563;0;0;0;0;
31/01/2026 02:34:37.959;0;1;0;0;
31/01/2026 02:34:40.304;0;0;0;0;
31/01/2026 02:34:57.969;0;1;1;0;
31/01/2026 02:35:00.34;0;0;0;0;
31/01/2026 02:35:18.23;0;1;1;0;
31/01/2026 02:35:19.775;0;0;0;0;
31/01/2026 02:35:37.990;0;0;1;0;
31/01/2026 02:35:39.325;0;0;0;0;
31/01/2026 02:35:58.61;0;1;1;0;
31/01/2026 02:35:59.425;0;0;0;0;
31/01/2026 02:36:18.312;0;1;0;0;
31/01/2026 02:36:19.796;0;0;0;0;
31/01/2026 02:36:40.259;0;1;1;0;
31/01/2026 02:36:42.99;0;0;0;0;
31/01/2026 02:36:58.32;0;1;0;0;
31/01/2026 02:36:59.337;0;0;0;0;
31/01/2026 02:37:18.43;0;1;0;0;
31/01/2026 02:37:20.128;0;0;0;0;
31/01/2026 02:37:58.64;0;1;1;0;
31/01/2026 02:37:59.328;0;0;0;0;
31/01/2026 02:38:18.84;0;1;0;0;
31/01/2026 02:38:19.339;0;0;0;0;
31/01/2026 02:38:38.85;0;1;0;0;
31/01/2026 02:38:40.631;0;0;0;0;
31/01/2026 02:38:58.316;0;1;0;0;
31/01/2026 02:39:00.441;0;0;0;0;
31/01/2026 02:39:18.246;0;1;0;0;
31/01/2026 02:39:19.801;0;0;0;0;
31/01/2026 02:40:18.47;0;1;1;0;
31/01/2026 02:40:19.362;0;0;0;0;
31/01/2026 02:40:38.138;0;1;0;0;
31/01/2026 02:40:39.663;0;0;0;0;
31/01/2026 02:40:58.139;0;1;0;0;
31/01/2026 02:40:59.583;0;0;0;0;
31/01/2026 02:41:18.149;0;1;0;0;
31/01/2026 02:41:20.184;0;0;0;0;
31/01/2026 02:41:38.159;0;1;0;0;
31/01/2026 02:41:39.414;0;0;0;0;
31/01/2026 02:42:18.180;0;1;0;0;
31/01/2026 02:42:19.535;0;0;0;0;
31/01/2026 02:42:58.202;0;1;0;0;
31/01/2026 02:42:59.536;0;0;0;0;
31/01/2026 02:43:18.212;0;1;0;0;
31/01/2026 02:43:19.546;0;0;0;0;
31/01/2026 02:43:38.286;0;1;0;0;
31/01/2026 02:43:39.677;0;0;0;0;
31/01/2026 02:43:58.385;0;1;0;0;
31/01/2026 02:43:59.708;0;0;0;0;
31/01/2026 02:44:38.264;0;1;0;0;
31/01/2026 02:44:39.628;0;0;0;0;
31/01/2026 02:44:58.285;0;1;0;0;
31/01/2026 02:44:59.539;0;0;0;0;
31/01/2026 02:45:38.286;0;1;0;0;
31/01/2026 02:45:39.560;0;0;0;0;
31/01/2026 02:46:18.307;0;1;1;0;
31/01/2026 02:46:19.651;0;0;0;0;
31/01/2026 02:46:38.387;0;0;1;0;
31/01/2026 02:46:39.732;0;0;0;0;
31/01/2026 02:48:38.360;0;1;0;0;
31/01/2026 02:48:39.735;0;0;0;0;
31/01/2026 02:48:58.371;0;1;0;0;
31/01/2026 02:48:59.825;0;0;0;0;
31/01/2026 02:49:18.381;0;1;0;0;
31/01/2026 02:49:19.826;0;0;0;0;
31/01/2026 02:49:38.392;0;1;0;0;
31/01/2026 02:49:39.696;0;0;0;0;
31/01/2026 02:49:58.432;0;1;0;0;
31/01/2026 02:49:59.857;0;0;0;0;
31/01/2026 02:50:38.423;0;1;0;0;
31/01/2026 02:50:39.808;0;0;0;0;
31/01/2026 02:51:20.580;0;1;0;0;
31/01/2026 02:51:21.921;0;0;0;0;
31/01/2026 02:52:58.497;0;1;0;0;
31/01/2026 02:52:59.811;0;0;0;0;
31/01/2026 02:55:58.571;0;0;1;0;
31/01/2026 02:55:59.725;0;0;0;0;
31/01/2026 02:57:18.614;0;1;0;0;
31/01/2026 02:57:19.877;0;0;0;0;
31/01/2026 02:57:58.688;0;0;1;0;
31/01/2026 02:57:59.898;0;0;0;0;
31/01/2026 02:58:38.907;0;1;0;0;
31/01/2026 02:58:40.100;0;0;0;0;
31/01/2026 02:59:38.687;0;1;0;0;
31/01/2026 02:59:40.151;0;0;0;0;
31/01/2026 02:59:58.717;0;1;0;0;
31/01/2026 03:00:00.82;0;0;0;0;
31/01/2026 03:00:18.698;0;1;0;0;
31/01/2026 03:00:20.12;0;0;0;0;
31/01/2026 03:00:38.678;0;1;0;0;
31/01/2026 03:00:39.932;0;0;0;0;
31/01/2026 03:01:44.745;1;0;0;0;
31/01/2026 03:01:44.746;1;1;1;0;
31/01/2026 03:01:51.175;1;0;0;0;
31/01/2026 03:01:52.445;1;1;1;0;
31/01/2026 03:01:53.588;1;0;0;0;
31/01/2026 03:02:02.453;1;1;1;0;
31/01/2026 03:02:03.618;1;0;0;0;
31/01/2026 03:02:12.469;1;1;1;0;
31/01/2026 03:02:13.919;1;0;0;0;
31/01/2026 03:02:22.549;1;1;1;0;
31/01/2026 03:02:23.689;1;0;0;0;
31/01/2026 03:02:32.544;1;1;1;0;
31/01/2026 03:02:33.689;1;0;0;0;
31/01/2026 03:02:42.444;1;1;1;0;
31/01/2026 03:02:43.579;1;0;0;0;
31/01/2026 03:02:52.444;1;1;1;0;
31/01/2026 03:02:53.580;1;0;0;0;
31/01/2026 03:03:02.548;1;1;1;0;
31/01/2026 03:03:03.680;1;0;0;0;
31/01/2026 03:03:12.445;1;1;1;0;
31/01/2026 03:03:13.580;1;0;0;0;
31/01/2026 03:03:22.950;0;0;0;0;
31/01/2026 03:03:42.616;0;0;1;0;
31/01/2026 03:03:44.351;0;0;0;0;
31/01/2026 03:04:04.743;0;1;1;0;
31/01/2026 03:04:09.467;0;0;0;0;
31/01/2026 03:04:24.853;0;0;1;0;
31/01/2026 03:04:26.174;0;0;0;0;
31/01/2026 03:04:44.964;0;1;1;0;
31/01/2026 03:04:46.745;0;0;0;0;
31/01/2026 03:05:04.761;0;1;1;0;
31/01/2026 03:05:06.716;0;0;0;0;
31/01/2026 03:05:24.691;0;1;0;0;
31/01/2026 03:05:25.936;0;0;0;0;
31/01/2026 03:05:44.702;0;1;0;0;
31/01/2026 03:05:45.966;0;0;0;0;
31/01/2026 03:06:44.733;0;1;0;0;
31/01/2026 03:06:45.968;0;0;0;0;
31/01/2026 03:10:24.890;0;0;1;0;
31/01/2026 03:10:26.283;0;0;0;0;
31/01/2026 03:10:45.3;0;1;0;0;
31/01/2026 03:10:46.354;0;0;0;0;
31/01/2026 03:11:24.870;0;1;0;0;
31/01/2026 03:11:26.145;0;0;0;0;
31/01/2026 03:12:04.892;0;1;0;0;
31/01/2026 03:12:06.226;0;0;0;0;
31/01/2026 03:14:44.875;0;1;0;0;
31/01/2026 03:14:46.160;0;0;0;0;
31/01/2026 03:15:44.927;0;0;1;0;
31/01/2026 03:15:46.91;0;0;0;0;
31/01/2026 03:16:24.919;0;1;0;0;
31/01/2026 03:16:26.292;0;0;0;0;
31/01/2026 03:16:44.992;0;0;1;0;
31/01/2026 03:16:46.283;0;0;0;0;
31/01/2026 03:17:05.102;0;1;0;0;
31/01/2026 03:17:06.724;0;0;0;0;
31/01/2026 03:17:25.213;0;1;0;0;
31/01/2026 03:17:26.594;0;0;0;0;
31/01/2026 03:17:45.315;0;1;0;0;
31/01/2026 03:17:46.675;0;0;0;0;
31/01/2026 03:18:05.71;0;1;0;0;
31/01/2026 03:18:06.315;0;0;0;0;
31/01/2026 03:18:25.81;0;1;0;0;
31/01/2026 03:18:26.466;0;0;0;0;
31/01/2026 03:18:45.92;0;1;1;0;
31/01/2026 03:18:46.636;0;0;0;0;
31/01/2026 03:19:05.112;0;1;1;0;
31/01/2026 03:19:06.927;0;0;0;0;
31/01/2026 03:19:25.113;0;1;0;0;
31/01/2026 03:19:26.387;0;0;0;0;
31/01/2026 03:19:45.123;0;1;0;0;
31/01/2026 03:19:46.928;0;0;0;0;
31/01/2026 03:21:05.305;0;1;0;0;
31/01/2026 03:21:06.730;0;0;0;0;
31/01/2026 03:21:25.76;0;1;0;0;
31/01/2026 03:21:26.360;0;0;0;0;
31/01/2026 03:22:25.117;0;1;0;0;
31/01/2026 03:22:26.341;0;0;0;0;
31/01/2026 03:23:45.390;0;1;1;0;
31/01/2026 03:23:46.704;0;0;0;0;
31/01/2026 03:24:01.307;0;1;1;0;
31/01/2026 03:24:14.582;0;0;0;0;
31/01/2026 03:30:58.513;1;0;0;0;
31/01/2026 03:30:58.513;1;1;0;0;
31/01/2026 03:31:00.359;1;0;0;0;
31/01/2026 03:31:36.522;1;0;1;0;
31/01/2026 03:31:47.837;1;0;0;0;
31/01/2026 03:32:11.562;0;0;0;0;
31/01/2026 03:32:48.858;0;1;0;0;
31/01/2026 03:32:53.204;0;0;0;0;
31/01/2026 03:33:08.617;0;0;1;0;
31/01/2026 03:33:10.61;0;0;0;0;
31/01/2026 03:33:28.627;0;0;1;0;
31/01/2026 03:33:29.892;0;0;0;0;
31/01/2026 03:33:48.648;0;0;1;0;
31/01/2026 03:33:49.922;0;0;0;0;
31/01/2026 03:34:28.559;0;1;0;0;
31/01/2026 03:34:29.963;0;0;0;0;
31/01/2026 03:34:48.602;0;1;0;0;
31/01/2026 03:34:50.274;0;0;0;0;
31/01/2026 03:35:08.580;0;1;0;0;
31/01/2026 03:35:10.555;0;0;0;0;
31/01/2026 03:35:28.625;0;1;1;0;
31/01/2026 03:35:30.575;0;0;0;0;
31/01/2026 03:35:48.885;0;1;1;0;
31/01/2026 03:35:51.157;0;0;0;0;
31/01/2026 03:36:08.822;0;1;1;0;
31/01/2026 03:36:10.717;0;0;0;0;
31/01/2026 03:36:28.607;0;0;1;0;
31/01/2026 03:36:29.956;0;0;0;0;
31/01/2026 03:37:28.764;0;1;0;0;
31/01/2026 03:37:30.268;0;0;0;0;
31/01/2026 03:37:48.749;0;1;0;0;
31/01/2026 03:37:50.259;0;0;0;0;
31/01/2026 03:38:08.765;0;1;0;0;
31/01/2026 03:38:10.99;0;0;0;0;
31/01/2026 03:38:28.775;0;1;0;0;
31/01/2026 03:38:30.350;0;0;0;0;
31/01/2026 03:38:48.786;0;1;1;0;
31/01/2026 03:38:50.210;0;0;0;0;
31/01/2026 03:39:08.796;0;1;0;0;
31/01/2026 03:39:10.191;0;0;0;0;
31/01/2026 03:39:28.967;0;0;1;0;
31/01/2026 03:39:30.411;0;0;0;0;
31/01/2026 03:39:48.903;0;1;0;0;
31/01/2026 03:39:50.131;0;0;0;0;
31/01/2026 03:40:09.18;0;1;0;0;
31/01/2026 03:40:10.472;0;0;0;0;
31/01/2026 03:40:29.259;0;1;1;0;
31/01/2026 03:40:30.843;0;0;0;0;
31/01/2026 03:40:48.749;0;1;1;0;
31/01/2026 03:40:50.33;0;0;0;0;
31/01/2026 03:41:28.765;0;1;0;0;
31/01/2026 03:41:30.114;0;0;0;0;
31/01/2026 03:42:08.801;0;1;0;0;
31/01/2026 03:42:10.175;0;0;0;0;
31/01/2026 03:42:48.802;0;1;0;0;
31/01/2026 03:42:50.146;0;0;0;0;
31/01/2026 03:43:08.835;0;1;0;0;
31/01/2026 03:43:10.277;0;0;0;0;
31/01/2026 03:43:28.936;0;1;1;0;
31/01/2026 03:43:30.617;0;0;0;0;
31/01/2026 03:44:31.240;0;0;1;0;
31/01/2026 03:44:32.591;0;0;0;0;
31/01/2026 03:45:28.976;0;1;0;0;
31/01/2026 03:45:30.250;0;0;0;0;
31/01/2026 03:47:09.54;0;1;0;0;
31/01/2026 03:47:10.263;0;0;0;0;
31/01/2026 03:47:29.49;0;1;1;0;
31/01/2026 03:47:30.303;0;0;0;0;
31/01/2026 03:47:49.149;0;0;1;0;
31/01/2026 03:47:50.404;0;0;0;0;
31/01/2026 03:48:09.250;0;1;0;0;
31/01/2026 03:48:10.714;0;0;0;0;
31/01/2026 03:49:08.982;0;1;0;0;
31/01/2026 03:49:10.316;0;0;0;0;
31/01/2026 03:50:09.103;0;1;0;0;
31/01/2026 03:50:10.417;0;0;0;0;
31/01/2026 03:50:49.148;0;1;0;0;
31/01/2026 03:50:50.498;0;0;0;0;
31/01/2026 03:51:11.258;0;1;0;0;
31/01/2026 03:51:12.591;0;0;0;0;
31/01/2026 03:51:29.520;0;1;0;0;
31/01/2026 03:51:31.30;0;0;0;0;
31/01/2026 03:51:49.449;0;1;0;0;
31/01/2026 03:51:51.20;0;0;0;0;
31/01/2026 03:52:09.176;0;1;0;0;
31/01/2026 03:52:10.580;0;0;0;0;
31/01/2026 03:52:29.172;0;1;0;0;
31/01/2026 03:52:30.821;0;0;0;0;
31/01/2026 03:52:49.187;0;1;0;0;
31/01/2026 03:52:50.481;0;0;0;0;
31/01/2026 03:53:09.197;0;1;0;0;
31/01/2026 03:53:10.612;0;0;0;0;
31/01/2026 03:54:09.269;0;1;0;0;
31/01/2026 03:54:10.493;0;0;0;0;
31/01/2026 03:55:09.581;0;1;0;0;
31/01/2026 03:55:10.925;0;0;0;0;
31/01/2026 03:57:09.313;0;0;1;0;
31/01/2026 03:57:10.447;0;0;0;0;
31/01/2026 03:57:29.324;0;0;1;0;
31/01/2026 03:57:30.628;0;0;0;0;
31/01/2026 04:01:29.440;0;1;0;0;
31/01/2026 04:01:30.964;0;0;0;0;
31/01/2026 04:02:09.701;0;1;0;0;
31/01/2026 04:02:11.136;0;0;0;0;
31/01/2026 04:02:49.382;0;1;0;0;
31/01/2026 04:02:50.666;0;0;0;0;
31/01/2026 04:03:09.492;0;1;0;0;
31/01/2026 04:03:10.807;0;0;0;0;
31/01/2026 04:08:49.561;0;1;0;0;
31/01/2026 04:08:50.965;0;0;0;0;
31/01/2026 04:09:09.562;0;1;0;0;
31/01/2026 04:09:10.936;0;0;0;0;
31/01/2026 04:09:49.683;0;1;0;0;
31/01/2026 04:09:50.877;0;0;0;0;
31/01/2026 04:11:09.768;0;1;0;0;
31/01/2026 04:11:11.219;0;0;0;0;
31/01/2026 04:11:49.997;0;1;0;0;
31/01/2026 04:11:51.300;0;0;0;0;
31/01/2026 04:12:29.767;0;1;0;0;
31/01/2026 04:12:31.151;0;0;0;0;
31/01/2026 04:12:49.807;0;1;0;0;
31/01/2026 04:12:51.102;0;0;0;0;
31/01/2026 04:17:29.969;0;0;1;0;
31/01/2026 04:17:31.119;0;0;0;0;
31/01/2026 04:18:49.957;0;0;1;0;
31/01/2026 04:18:51.191;0;0;0;0;
31/01/2026 04:27:50.131;0;1;0;0;
31/01/2026 04:27:51.415;0;0;0;0;
31/01/2026 04:28:10.131;0;0;1;0;
31/01/2026 04:28:11.446;0;0;0;0;
31/01/2026 04:28:30.142;0;1;0;0;
31/01/2026 04:28:31.637;0;0;0;0;
31/01/2026 04:28:50.253;0;1;0;0;
31/01/2026 04:28:51.837;0;0;0;0;
31/01/2026 04:29:10.263;0;0;1;0;
31/01/2026 04:29:11.738;0;0;0;0;
31/01/2026 04:29:30.407;0;0;1;0;
31/01/2026 04:29:31.768;0;0;0;0;
31/01/2026 04:29:50.347;0;1;0;0;
31/01/2026 04:29:51.799;0;0;0;0;
31/01/2026 04:30:12.480;0;1;0;0;
31/01/2026 04:30:13.832;0;0;0;0;
31/01/2026 04:30:30.769;0;1;0;0;
31/01/2026 04:30:32.50;0;0;0;0;
31/01/2026 04:32:39.407;1;0;0;0;
31/01/2026 04:32:39.408;1;1;1;0;
31/01/2026 04:32:46.628;1;0;0;0;
31/01/2026 04:32:47.427;1;1;1;0;
31/01/2026 04:32:48.580;1;0;0;0;
31/01/2026 04:32:57.487;1;1;1;0;
31/01/2026 04:32:58.901;1;0;0;0;
31/01/2026 04:33:07.727;1;1;1;0;
31/01/2026 04:33:08.871;1;0;0;0;
31/01/2026 04:33:17.276;1;1;1;0;
31/01/2026 04:33:18.421;1;0;0;0;
31/01/2026 04:33:27.276;1;1;1;0;
31/01/2026 04:33:28.421;1;0;0;0;
31/01/2026 04:33:37.377;1;1;1;0;
31/01/2026 04:33:38.522;1;0;0;0;
31/01/2026 04:33:47.387;1;1;1;0;
31/01/2026 04:33:48.532;1;0;0;0;
31/01/2026 04:33:57.388;1;1;1;0;
31/01/2026 04:33:58.522;1;0;0;0;
31/01/2026 04:34:07.397;1;1;1;0;
31/01/2026 04:34:08.532;1;0;0;0;
31/01/2026 04:34:16.831;0;0;0;0;
31/01/2026 04:34:59.383;0;1;0;0;
31/01/2026 04:35:04.220;0;0;0;0;
31/01/2026 04:35:19.392;0;0;1;0;
31/01/2026 04:35:20.677;0;0;0;0;
31/01/2026 04:35:39.523;0;1;1;0;
31/01/2026 04:35:41.77;0;0;0;0;
31/01/2026 04:35:59.823;0;1;1;0;
31/01/2026 04:36:01.999;0;0;0;0;
31/01/2026 04:36:19.764;0;1;0;0;
31/01/2026 04:36:21.149;0;0;0;0;
31/01/2026 04:36:39.534;0;1;0;0;
31/01/2026 04:36:40.779;0;0;0;0;
31/01/2026 04:42:59.765;0;0;1;0;
31/01/2026 04:43:01.99;0;0;0;0;
31/01/2026 04:57:00.358;0;0;1;0;
31/01/2026 04:57:01.532;0;0;0;0;
31/01/2026 04:57:20.169;0;0;1;0;
31/01/2026 04:57:21.363;0;0;0;0;
31/01/2026 04:58:00.89;0;1;0;0;
31/01/2026 04:58:01.314;0;0;0;0;
31/01/2026 04:59:40.252;0;1;0;0;
31/01/2026 04:59:41.477;0;0;0;0;
31/01/2026 05:00:00.483;0;1;0;0;
31/01/2026 05:00:01.848;0;0;0;0;
31/01/2026 05:01:00.274;0;0;1;0;
31/01/2026 05:01:01.669;0;0;0;0;
31/01/2026 05:02:00.306;0;0;1;0;
31/01/2026 05:02:01.641;0;0;0;0;
31/01/2026 05:02:20.327;0;1;0;0;
31/01/2026 05:02:21.561;0;0;0;0;
31/01/2026 05:03:40.259;0;1;1;0;
31/01/2026 05:03:41.513;0;0;0;0;
31/01/2026 05:04:00.269;0;1;1;0;
31/01/2026 05:04:01.614;0;0;0;0;
31/01/2026 05:04:20.280;0;1;1;0;
31/01/2026 05:04:21.534;0;0;0;0;
31/01/2026 05:04:40.300;0;1;1;0;
31/01/2026 05:04:41.945;0;0;0;0;
31/01/2026 05:05:20.332;0;1;0;0;
31/01/2026 05:05:21.676;0;0;0;0;
31/01/2026 05:05:40.452;0;1;0;0;
31/01/2026 05:05:41.676;0;0;0;0;
31/01/2026 05:06:00.683;0;1;0;0;
31/01/2026 05:06:01.997;0;0;0;0;
31/01/2026 05:06:20.443;0;0;1;0;
31/01/2026 05:06:21.818;0;0;0;0;
31/01/2026 05:06:40.454;0;1;0;0;
31/01/2026 05:06:41.718;0;0;0;0;
31/01/2026 05:07:00.464;0;1;0;0;
31/01/2026 05:07:01.799;0;0;0;0;
31/01/2026 05:07:20.475;0;1;1;0;
31/01/2026 05:07:21.809;0;0;0;0;
31/01/2026 05:08:00.496;0;1;0;0;
31/01/2026 05:08:01.740;0;0;0;0;
31/01/2026 05:08:20.678;0;1;0;0;
31/01/2026 05:08:22.91;0;0;0;0;
31/01/2026 05:08:40.600;0;1;0;0;
31/01/2026 05:08:42.42;0;0;0;0;
31/01/2026 05:09:00.720;0;1;0;0;
31/01/2026 05:09:01.952;0;0;0;0;
31/01/2026 05:09:40.569;0;1;0;0;
31/01/2026 05:09:42.153;0;0;0;0;
31/01/2026 05:10:00.459;0;1;1;0;
31/01/2026 05:10:02.14;0;0;0;0;
31/01/2026 05:10:20.463;0;1;0;0;
31/01/2026 05:10:21.804;0;0;0;0;
31/01/2026 05:11:00.531;0;1;1;0;
31/01/2026 05:11:01.995;0;0;0;0;
31/01/2026 05:11:20.491;0;1;0;0;
31/01/2026 05:11:21.956;0;0;0;0;
31/01/2026 05:11:40.562;0;1;1;0;
31/01/2026 05:11:42.236;0;0;0;0;
31/01/2026 05:12:00.973;0;0;1;0;
31/01/2026 05:12:02.197;0;0;0;0;
31/01/2026 05:14:57.773;0;1;1;0;
31/01/2026 05:15:11.40;0;0;0;0;
31/01/2026 05:22:27.72;1;0;0;0;
31/01/2026 05:22:27.73;1;1;0;0;
31/01/2026 05:22:28.902;1;0;0;0;
31/01/2026 05:23:03.186;1;0;1;0;
31/01/2026 05:23:14.469;1;0;0;0;
31/01/2026 05:23:40.486;0;0;0;0;
31/01/2026 05:24:25.10;0;1;1;0;
31/01/2026 05:24:29.326;0;0;0;0;
31/01/2026 05:24:45.19;0;0;1;0;
31/01/2026 05:24:46.513;0;0;0;0;
31/01/2026 05:25:05.29;0;0;1;0;
31/01/2026 05:25:06.344;0;0;0;0;
31/01/2026 05:25:25.40;0;0;1;0;
31/01/2026 05:25:26.264;0;0;0;0;
31/01/2026 05:25:45.60;0;1;0;0;
31/01/2026 05:25:46.465;0;0;0;0;
31/01/2026 05:26:05.241;0;1;0;0;
31/01/2026 05:26:07.216;0;0;0;0;
31/01/2026 05:26:25.151;0;1;0;0;
31/01/2026 05:26:27.6;0;0;0;0;
31/01/2026 05:26:45.352;0;1;1;0;
31/01/2026 05:26:47.307;0;0;0;0;
31/01/2026 05:27:05.643;0;1;0;0;
31/01/2026 05:27:07.468;0;0;0;0;
31/01/2026 05:27:25.183;0;1;1;0;
31/01/2026 05:27:26.928;0;0;0;0;
31/01/2026 05:27:45.194;0;1;1;0;
31/01/2026 05:27:46.578;0;0;0;0;
31/01/2026 05:28:05.204;0;0;1;0;
31/01/2026 05:28:06.568;0;0;0;0;
31/01/2026 05:28:25.214;0;0;1;0;
31/01/2026 05:28:26.479;0;0;0;0;
31/01/2026 05:28:45.255;0;1;0;0;
31/01/2026 05:28:46.619;0;0;0;0;
31/01/2026 05:29:05.235;0;0;1;0;
31/01/2026 05:29:06.630;0;0;0;0;
31/01/2026 05:29:25.246;0;1;1;0;
31/01/2026 05:29:26.550;0;0;0;0;
31/01/2026 05:29:45.267;0;1;0;0;
31/01/2026 05:29:47.392;0;0;0;0;
31/01/2026 05:30:05.320;0;1;1;0;
31/01/2026 05:30:07.352;0;0;0;0;
31/01/2026 05:30:25.422;0;1;0;0;
31/01/2026 05:30:26.712;0;0;0;0;
31/01/2026 05:31:25.209;0;1;0;0;
31/01/2026 05:31:26.463;0;0;0;0;
31/01/2026 05:31:45.219;0;1;1;0;
31/01/2026 05:31:46.594;0;0;0;0;
31/01/2026 05:32:05.230;0;0;1;0;
31/01/2026 05:32:06.424;0;0;0;0;
31/01/2026 05:32:45.241;0;1;0;0;
31/01/2026 05:32:46.735;0;0;0;0;
31/01/2026 05:33:05.251;0;1;0;0;
31/01/2026 05:33:06.896;0;0;0;0;
31/01/2026 05:33:25.262;0;1;0;0;
31/01/2026 05:33:26.787;0;0;0;0;
31/01/2026 05:33:45.313;0;1;0;0;
31/01/2026 05:33:46.747;0;0;0;0;
31/01/2026 05:34:05.519;0;1;0;0;
31/01/2026 05:34:06.808;0;0;0;0;
31/01/2026 05:35:05.415;0;1;0;0;
31/01/2026 05:35:07.19;0;0;0;0;
31/01/2026 05:35:25.425;0;1;0;0;
31/01/2026 05:35:27.80;0;0;0;0;
31/01/2026 05:36:05.446;0;1;0;0;
31/01/2026 05:36:06.780;0;0;0;0;
31/01/2026 05:36:45.467;0;1;0;0;
31/01/2026 05:36:46.791;0;0;0;0;
31/01/2026 05:38:05.409;0;1;0;0;
31/01/2026 05:38:07.84;0;0;0;0;
31/01/2026 05:38:25.419;0;1;1;0;
31/01/2026 05:38:27.94;0;0;0;0;
31/01/2026 05:38:45.430;0;1;0;0;
31/01/2026 05:38:46.684;0;0;0;0;
31/01/2026 05:39:25.441;0;1;0;0;
31/01/2026 05:39:26.815;0;0;0;0;
31/01/2026 05:40:25.503;0;1;0;0;
31/01/2026 05:40:26.817;0;0;0;0;
31/01/2026 05:40:45.764;0;1;0;0;
31/01/2026 05:40:47.18;0;0;0;0;
31/01/2026 05:41:25.764;0;0;1;0;
31/01/2026 05:41:26.908;0;0;0;0;
31/01/2026 05:42:25.635;0;1;0;0;
31/01/2026 05:42:27.90;0;0;0;0;
31/01/2026 05:42:45.646;0;1;0;0;
31/01/2026 05:42:46.950;0;0;0;0;
31/01/2026 05:44:25.693;0;1;0;0;
31/01/2026 05:44:26.943;0;0;0;0;
31/01/2026 05:45:05.904;0;1;0;0;
31/01/2026 05:45:07.254;0;0;0;0;
31/01/2026 05:45:45.660;0;1;0;0;
31/01/2026 05:45:47.5;0;0;0;0;
31/01/2026 05:47:05.773;0;0;1;0;
31/01/2026 05:47:07.27;0;0;0;0;
31/01/2026 05:49:05.836;0;1;0;0;
31/01/2026 05:49:07.260;0;0;0;0;
31/01/2026 05:50:05.867;0;1;0;0;
31/01/2026 05:50:07.362;0;0;0;0;
31/01/2026 05:50:45.941;0;1;0;0;
31/01/2026 05:50:47.403;0;0;0;0;
31/01/2026 05:51:05.850;0;1;0;0;
31/01/2026 05:51:07.73;0;0;0;0;
31/01/2026 05:53:05.862;0;1;0;0;
31/01/2026 05:53:07.116;0;0;0;0;
31/01/2026 05:55:06.205;0;1;0;0;
31/01/2026 05:55:07.559;0;0;0;0;
31/01/2026 05:57:46.99;0;0;1;0;
31/01/2026 05:57:47.233;0;0;0;0;
31/01/2026 05:58:06.209;0;0;1;0;
31/01/2026 05:58:07.434;0;0;0;0;
31/01/2026 06:00:06.173;0;1;0;0;
31/01/2026 06:00:07.487;0;0;0;0;
31/01/2026 06:01:06.240;0;1;0;0;
31/01/2026 06:01:07.629;0;0;0;0;
31/01/2026 06:01:46.505;0;1;0;0;
31/01/2026 06:01:47.870;0;0;0;0;
31/01/2026 06:02:06.236;0;1;0;0;
31/01/2026 06:02:07.720;0;0;0;0;
31/01/2026 06:02:46.257;0;1;0;0;
31/01/2026 06:02:47.821;0;0;0;0;
31/01/2026 06:03:26.288;0;1;0;0;
31/01/2026 06:03:27.532;0;0;0;0;
31/01/2026 06:04:46.503;0;1;0;0;
31/01/2026 06:04:47.845;0;0;0;0;
31/01/2026 06:05:26.231;0;1;0;0;
31/01/2026 06:05:27.635;0;0;0;0;
31/01/2026 06:05:46.242;0;1;1;0;
31/01/2026 06:05:47.706;0;0;0;0;
31/01/2026 06:06:06.252;0;1;0;0;
31/01/2026 06:06:07.536;0;0;0;0;
31/01/2026 06:07:46.565;0;0;1;0;
31/01/2026 06:07:47.839;0;0;0;0;
31/01/2026 06:16:46.721;0;1;0;0;
31/01/2026 06:16:47.974;0;0;0;0;
31/01/2026 06:17:07.52;0;1;0;0;
31/01/2026 06:17:08.364;0;0;0;0;
31/01/2026 06:17:26.610;0;1;0;0;
31/01/2026 06:17:27.925;0;0;0;0;
31/01/2026 06:19:06.733;0;1;0;0;
31/01/2026 06:19:07.987;0;0;0;0;
31/01/2026 06:23:18.762;1;0;0;0;
31/01/2026 06:23:18.763;1;1;1;0;
31/01/2026 06:23:25.892;1;0;0;0;
31/01/2026 06:23:26.761;1;1;1;0;
31/01/2026 06:23:27.894;1;0;0;0;
31/01/2026 06:23:36.759;1;1;1;0;
31/01/2026 06:23:38.135;1;0;0;0;
31/01/2026 06:23:46.760;1;1;1;0;
31/01/2026 06:23:47.895;1;0;0;0;
31/01/2026 06:23:56.760;1;1;1;0;
31/01/2026 06:23:57.895;1;0;0;0;
31/01/2026 06:24:06.760;1;1;1;0;
31/01/2026 06:24:07.895;1;0;0;0;
31/01/2026 06:24:16.756;1;1;1;0;
31/01/2026 06:24:17.895;1;0;0;0;
31/01/2026 06:24:26.761;1;1;1;0;
31/01/2026 06:24:27.896;1;0;0;0;
31/01/2026 06:24:36.761;1;1;1;0;
31/01/2026 06:24:37.896;1;0;0;0;
31/01/2026 06:24:46.862;1;1;1;0;
31/01/2026 06:24:47.996;1;0;0;0;
31/01/2026 06:24:56.795;0;0;0;0;
31/01/2026 06:25:38.997;0;1;0;0;
31/01/2026 06:25:43.804;0;0;0;0;
31/01/2026 06:26:19.237;0;1;1;0;
31/01/2026 06:26:21.212;0;0;0;0;
31/01/2026 06:26:39.38;0;1;1;0;
31/01/2026 06:26:40.842;0;0;0;0;
31/01/2026 06:26:59.38;0;1;1;0;
31/01/2026 06:27:00.322;0;0;0;0;
31/01/2026 06:27:38.949;0;1;0;0;
31/01/2026 06:27:40.203;0;0;0;0;
31/01/2026 06:31:19.155;0;0;1;0;
31/01/2026 06:31:20.459;0;0;0;0;
31/01/2026 06:35:59.288;0;1;0;0;
31/01/2026 06:36:00.517;0;0;0;0;
31/01/2026 06:38:19.617;0;1;0;0;
31/01/2026 06:38:20.881;0;0;0;0;
31/01/2026 06:38:59.398;0;1;0;0;
31/01/2026 06:39:00.732;0;0;0;0;
31/01/2026 06:39:19.318;0;1;0;0;
31/01/2026 06:39:20.783;0;0;0;0;
31/01/2026 06:40:19.338;0;1;0;0;
31/01/2026 06:40:20.835;0;0;0;0;
31/01/2026 06:40:39.676;0;1;1;0;
31/01/2026 06:40:41.266;0;0;0;0;
31/01/2026 06:41:59.473;0;1;0;0;
31/01/2026 06:42:00.727;0;0;0;0;
31/01/2026 06:42:39.494;0;0;1;0;
31/01/2026 06:42:40.758;0;0;0;0;
31/01/2026 06:44:20.820;0;1;0;0;
31/01/2026 06:44:22.102;0;0;0;0;
31/01/2026 06:45:59.499;0;1;0;0;
31/01/2026 06:46:00.844;0;0;0;0;
31/01/2026 06:49:39.866;0;1;0;0;
31/01/2026 06:49:41.350;0;0;0;0;
31/01/2026 06:50:59.758;0;1;0;0;
31/01/2026 06:51:01.212;0;0;0;0;
31/01/2026 06:55:19.906;0;0;1;0;
31/01/2026 06:55:21.149;0;0;0;0;
31/01/2026 06:55:40.26;0;0;1;0;
31/01/2026 06:55:41.390;0;0;0;0;
31/01/2026 06:56:01.142;0;1;1;0;
31/01/2026 06:56:02.652;0;0;0;0;
31/01/2026 06:56:19.897;0;1;0;0;
31/01/2026 06:56:21.401;0;0;0;0;
31/01/2026 06:56:39.907;0;1;0;0;
31/01/2026 06:56:41.171;0;0;0;0;
31/01/2026 06:57:59.870;0;1;0;0;
31/01/2026 06:58:01.304;0;0;0;0;
31/01/2026 06:58:40.106;0;1;0;0;
31/01/2026 06:58:41.485;0;0;0;0;
31/01/2026 06:59:19.871;0;1;0;0;
31/01/2026 06:59:21.126;0;0;0;0;
31/01/2026 06:59:59.993;0;1;1;0;
31/01/2026 07:00:01.277;0;0;0;0;
31/01/2026 07:00:20.3;0;1;0;0;
31/01/2026 07:00:21.257;0;0;0;0;
31/01/2026 07:01:00.24;0;1;1;0;
31/01/2026 07:01:01.479;0;0;0;0;
31/01/2026 07:04:00.182;0;0;1;0;
31/01/2026 07:04:01.463;0;0;0;0;
31/01/2026 07:04:20.74;0;1;0;0;
31/01/2026 07:04:21.454;0;0;0;0;
31/01/2026 07:04:40.193;0;1;0;0;
31/01/2026 07:04:41.504;0;0;0;0;
31/01/2026 07:05:20.56;0;1;0;0;
31/01/2026 07:05:21.545;0;0;0;0;
31/01/2026 07:06:00.62;0;1;0;0;
31/01/2026 07:06:01.346;0;0;0;0;
31/01/2026 07:06:20.172;0;0;1;0;
31/01/2026 07:06:21.397;0;0;0;0;
31/01/2026 07:06:45.208;0;1;1;0;
31/01/2026 07:06:58.515;0;0;0;0;
31/01/2026 07:15:26.937;1;0;0;0;
31/01/2026 07:15:26.938;1;1;0;0;
31/01/2026 07:15:28.719;1;0;0;0;
31/01/2026 07:16:04.782;1;0;1;0;
31/01/2026 07:16:17.879;1;0;0;0;
31/01/2026 07:16:33.625;0;0;0;0;
31/01/2026 07:17:16.888;0;1;1;0;
31/01/2026 07:17:21.174;0;0;0;0;
31/01/2026 07:17:36.987;0;0;1;0;
31/01/2026 07:17:38.312;0;0;0;0;
31/01/2026 07:17:57.87;0;0;1;0;
31/01/2026 07:17:58.372;0;0;0;0;
31/01/2026 07:19:37.30;0;1;0;0;
31/01/2026 07:19:38.595;0;0;0;0;
31/01/2026 07:19:57.41;0;1;1;0;
31/01/2026 07:19:58.906;0;0;0;0;
31/01/2026 07:20:17.83;0;1;0;0;
31/01/2026 07:20:18.896;0;0;0;0;
31/01/2026 07:20:37.62;0;1;1;0;
31/01/2026 07:20:39.417;0;0;0;0;
31/01/2026 07:20:57.72;0;1;1;0;
31/01/2026 07:20:58.917;0;0;0;0;
31/01/2026 07:21:17.376;0;1;1;0;
31/01/2026 07:21:18.888;0;0;0;0;
31/01/2026 07:21:57.332;0;1;0;0;
31/01/2026 07:21:58.748;0;0;0;0;
31/01/2026 07:22:37.125;0;1;0;0;
31/01/2026 07:22:38.809;0;0;0;0;
31/01/2026 07:25:57.210;0;1;0;0;
31/01/2026 07:25:58.584;0;0;0;0;
31/01/2026 07:26:17.220;0;1;0;0;
31/01/2026 07:26:18.715;0;0;0;0;
31/01/2026 07:26:37.231;0;1;0;0;
31/01/2026 07:26:38.635;0;0;0;0;
31/01/2026 07:27:17.252;0;1;0;0;
31/01/2026 07:27:18.546;0;0;0;0;
31/01/2026 07:27:37.262;0;1;0;0;
31/01/2026 07:27:38.537;0;0;0;0;
31/01/2026 07:27:57.273;0;0;1;0;
31/01/2026 07:27:58.607;0;0;0;0;
31/01/2026 07:29:17.455;0;1;0;0;
31/01/2026 07:29:19.470;0;0;0;0;
31/01/2026 07:29:37.549;0;1;0;0;
31/01/2026 07:29:39.160;0;0;0;0;
31/01/2026 07:29:57.331;0;1;0;0;
31/01/2026 07:29:58.900;0;0;0;0;
31/01/2026 07:30:17.246;0;1;0;0;
31/01/2026 07:30:18.561;0;0;0;0;
31/01/2026 07:30:37.257;0;1;0;0;
31/01/2026 07:30:38.541;0;0;0;0;
31/01/2026 07:31:37.298;0;1;0;0;
31/01/2026 07:31:38.763;0;0;0;0;
31/01/2026 07:31:57.289;0;1;0;0;
31/01/2026 07:31:58.663;0;0;0;0;
31/01/2026 07:32:17.299;0;1;0;0;
31/01/2026 07:32:18.924;0;0;0;0;
31/01/2026 07:32:37.435;0;1;0;0;
31/01/2026 07:32:39.205;0;0;0;0;
31/01/2026 07:32:57.541;0;1;0;0;
31/01/2026 07:32:59.65;0;0;0;0;
31/01/2026 07:33:17.641;0;1;0;0;
31/01/2026 07:33:19.36;0;0;0;0;
31/01/2026 07:33:37.732;0;1;0;0;
31/01/2026 07:33:39.266;0;0;0;0;
31/01/2026 07:33:57.452;0;1;0;0;
31/01/2026 07:33:58.936;0;0;0;0;
31/01/2026 07:34:17.463;0;1;0;0;
31/01/2026 07:34:19.7;0;0;0;0;
31/01/2026 07:34:37.473;0;1;0;0;
31/01/2026 07:34:38.687;0;0;0;0;
31/01/2026 07:34:57.483;0;1;1;0;
31/01/2026 07:34:58.788;0;0;0;0;
31/01/2026 07:35:17.495;0;0;1;0;
31/01/2026 07:35:18.818;0;0;0;0;
31/01/2026 07:37:57.488;0;1;0;0;
31/01/2026 07:37:58.832;0;0;0;0;
31/01/2026 07:38:17.478;0;1;1;0;
31/01/2026 07:38:19.153;0;0;0;0;
31/01/2026 07:38:37.489;0;1;0;0;
31/01/2026 07:38:38.893;0;0;0;0;
31/01/2026 07:38:57.499;0;1;1;0;
31/01/2026 07:38:59.54;0;0;0;0;
31/01/2026 07:39:17.610;0;1;0;0;
31/01/2026 07:39:18.864;0;0;0;0;
31/01/2026 07:39:57.691;0;1;0;0;
31/01/2026 07:39:59.206;0;0;0;0;
31/01/2026 07:40:17.762;0;1;0;0;
31/01/2026 07:40:19.86;0;0;0;0;
31/01/2026 07:40:38.102;0;1;0;0;
31/01/2026 07:40:39.587;0;0;0;0;
31/01/2026 07:41:37.683;0;1;0;0;
31/01/2026 07:41:39.318;0;0;0;0;
31/01/2026 07:42:17.705;0;1;0;0;
31/01/2026 07:42:19.329;0;0;0;0;
31/01/2026 07:42:57.735;0;0;1;0;
31/01/2026 07:42:58.870;0;0;0;0;
31/01/2026 07:43:37.770;0;1;1;0;
31/01/2026 07:43:39.291;0;0;0;0;
31/01/2026 07:43:57.872;0;1;0;0;
31/01/2026 07:43:59.362;0;0;0;0;
31/01/2026 07:44:17.667;0;1;0;0;
31/01/2026 07:44:19.12;0;0;0;0;
31/01/2026 07:44:57.678;0;1;0;0;
31/01/2026 07:44:58.993;0;0;0;0;
31/01/2026 07:47:17.952;0;1;0;0;
31/01/2026 07:47:19.307;0;0;0;0;
31/01/2026 07:48:17.879;0;1;0;0;
31/01/2026 07:48:19.228;0;0;0;0;
31/01/2026 07:48:57.904;0;1;0;0;
31/01/2026 07:48:59.169;0;0;0;0;
31/01/2026 07:49:17.925;0;1;0;0;
31/01/2026 07:49:19.420;0;0;0;0;
31/01/2026 07:50:58.95;0;1;0;0;
31/01/2026 07:50:59.322;0;0;0;0;
31/01/2026 07:51:37.878;0;1;0;0;
31/01/2026 07:51:39.253;0;0;0;0;
31/01/2026 07:51:57.889;0;1;0;0;
31/01/2026 07:51:59.173;0;0;0;0;
31/01/2026 07:52:17.909;0;1;0;0;
31/01/2026 07:52:19.704;0;0;0;0;
31/01/2026 07:52:38.40;0;1;0;0;
31/01/2026 07:52:39.535;0;0;0;0;
31/01/2026 07:52:58.20;0;1;0;0;
31/01/2026 07:52:59.635;0;0;0;0;
31/01/2026 07:53:18.121;0;1;0;0;
31/01/2026 07:53:19.956;0;0;0;0;
31/01/2026 07:53:38.41;0;1;0;0;
31/01/2026 07:53:39.466;0;0;0;0;
31/01/2026 07:53:58.102;0;1;0;0;
31/01/2026 07:53:59.557;0;0;0;0;
31/01/2026 07:54:18.438;0;1;0;0;
31/01/2026 07:54:20.218;0;0;0;0;
31/01/2026 07:54:38.323;0;1;0;0;
31/01/2026 07:54:39.628;0;0;0;0;
31/01/2026 07:54:58.84;0;1;0;0;
31/01/2026 07:54:59.638;0;0;0;0;
31/01/2026 07:55:18.94;0;1;0;0;
31/01/2026 07:55:19.509;0;0;0;0;
31/01/2026 07:55:38.104;0;1;0;0;
31/01/2026 07:55:39.459;0;0;0;0;
31/01/2026 07:57:40.545;0;1;0;0;
31/01/2026 07:57:42.15;0;0;0;0;
31/01/2026 07:57:58.88;0;0;1;0;
31/01/2026 07:57:59.342;0;0;0;0;
31/01/2026 07:58:18.79;0;1;1;0;
31/01/2026 07:58:19.513;0;0;0;0;
31/01/2026 07:59:58.231;0;1;0;0;
31/01/2026 07:59:59.576;0;0;0;0;
31/01/2026 08:00:18.242;0;1;0;0;
31/01/2026 08:00:19.576;0;0;0;0;
31/01/2026 08:00:58.453;0;1;0;0;
31/01/2026 08:00:59.787;0;0;0;0;
31/01/2026 08:01:18.559;0;1;0;0;
31/01/2026 08:01:19.858;0;0;0;0;
31/01/2026 08:01:58.294;0;1;0;0;
31/01/2026 08:01:59.739;0;0;0;0;
31/01/2026 08:06:58.742;0;1;0;0;
31/01/2026 08:07:00.167;0;0;0;0;
31/01/2026 08:07:18.623;0;1;0;0;
31/01/2026 08:07:19.957;0;0;0;0;
31/01/2026 08:07:38.729;0;1;0;0;
31/01/2026 08:07:40.238;0;0;0;0;
31/01/2026 08:08:18.484;0;1;0;0;
31/01/2026 08:08:19.778;0;0;0;0;
31/01/2026 08:09:18.536;0;1;0;0;
31/01/2026 08:09:19.950;0;0;0;0;
31/01/2026 08:09:38.426;0;1;0;0;
31/01/2026 08:09:39.981;0;0;0;0;
31/01/2026 08:09:58.520;0;1;0;0;
31/01/2026 08:10:00.11;0;0;0;0;
31/01/2026 08:10:18.631;0;1;0;0;
31/01/2026 08:10:19.892;0;0;0;0;
31/01/2026 08:10:40.763;0;1;0;0;
31/01/2026 08:10:41.994;0;0;0;0;
31/01/2026 08:10:58.478;0;1;0;0;
31/01/2026 08:10:59.883;0;0;0;0;
31/01/2026 08:11:18.469;0;1;0;0;
31/01/2026 08:11:19.843;0;0;0;0;
31/01/2026 08:12:38.611;0;1;0;0;
31/01/2026 08:12:39.935;0;0;0;0;
31/01/2026 08:12:58.622;0;1;0;0;
31/01/2026 08:12:59.906;0;0;0;0;
31/01/2026 08:13:18.702;0;1;0;0;
31/01/2026 08:13:20.66;0;0;0;0;
31/01/2026 08:13:38.833;0;1;0;0;
31/01/2026 08:13:40.407;0;0;0;0;
31/01/2026 08:13:58.929;0;1;0;0;
31/01/2026 08:14:00.468;0;0;0;0;
31/01/2026 08:14:18.664;0;1;0;0;
31/01/2026 08:14:20.28;0;0;0;0;
31/01/2026 08:14:38.674;0;1;0;0;
31/01/2026 08:14:40.28;0;0;0;0;
31/01/2026 08:18:18.680;0;0;1;0;
31/01/2026 08:18:19.874;0;0;0;0;
31/01/2026 08:18:58.801;0;1;0;0;
31/01/2026 08:19:00.506;0;0;0;0;
31/01/2026 08:19:39.192;0;1;0;0;
31/01/2026 08:19:40.497;0;0;0;0;
31/01/2026 08:20:01.75;0;1;0;0;
31/01/2026 08:20:02.519;0;0;0;0;
31/01/2026 08:20:18.843;0;0;1;0;
31/01/2026 08:20:20.177;0;0;0;0;
31/01/2026 08:20:58.864;0;1;0;0;
31/01/2026 08:21:00.338;0;0;0;0;
31/01/2026 08:22:38.989;0;1;0;0;
31/01/2026 08:22:40.361;0;0;0;0;
31/01/2026 08:22:59.110;0;1;0;0;
31/01/2026 08:23:00.512;0;0;0;0;
31/01/2026 08:23:18.833;0;1;0;0;
31/01/2026 08:23:20.152;0;0;0;0;
31/01/2026 08:23:38.858;0;1;0;0;
31/01/2026 08:23:40.202;0;0;0;0;
31/01/2026 08:23:58.849;0;1;0;0;
31/01/2026 08:24:00.253;0;0;0;0;
31/01/2026 08:26:39.33;0;1;0;0;
31/01/2026 08:26:40.307;0;0;0;0;
31/01/2026 08:26:59.43;0;1;0;0;
31/01/2026 08:27:00.378;0;0;0;0;
31/01/2026 08:28:19.96;0;1;0;0;
31/01/2026 08:28:20.440;0;0;0;0;
31/01/2026 08:28:59.258;0;1;1;0;
31/01/2026 08:29:00.571;0;0;0;0;
31/01/2026 08:29:19.17;0;1;0;0;
31/01/2026 08:29:20.332;0;0;0;0;
31/01/2026 08:29:39.28;0;1;0;0;
31/01/2026 08:29:40.462;0;0;0;0;
31/01/2026 08:29:59.48;0;1;0;0;
31/01/2026 08:30:00.333;0;0;0;0;
31/01/2026 08:30:19.49;0;1;0;0;
31/01/2026 08:30:20.483;0;0;0;0;
31/01/2026 08:37:19.360;0;1;0;0;
31/01/2026 08:37:20.585;0;0;0;0;
31/01/2026 08:38:39.403;0;1;0;0;
31/01/2026 08:38:40.857;0;0;0;0;
31/01/2026 08:39:39.434;0;1;0;0;
31/01/2026 08:39:40.758;0;0;0;0;
31/01/2026 08:40:21.537;0;1;0;0;
31/01/2026 08:40:22.822;0;0;0;0;
31/01/2026 08:40:39.519;0;1;0;0;
31/01/2026 08:40:41.140;0;0;0;0;
31/01/2026 08:40:59.641;0;1;0;0;
31/01/2026 08:41:01.201;0;0;0;0;
31/01/2026 08:44:39.583;0;1;0;0;
31/01/2026 08:44:40.947;0;0;0;0;
31/01/2026 08:44:59.593;0;1;0;0;
31/01/2026 08:45:00.957;0;0;0;0;
31/01/2026 08:46:59.830;0;1;0;0;
31/01/2026 08:47:01.201;0;0;0;0;
31/01/2026 08:47:39.577;0;1;0;0;
31/01/2026 08:47:40.831;0;0;0;0;
31/01/2026 08:47:59.588;0;1;0;0;
31/01/2026 08:48:00.902;0;0;0;0;
31/01/2026 08:48:19.604;0;1;0;0;
31/01/2026 08:48:20.863;0;0;0;0;
31/01/2026 08:49:19.710;0;1;0;0;
31/01/2026 08:49:21.64;0;0;0;0;
31/01/2026 08:52:19.815;0;1;0;0;
31/01/2026 08:52:21.79;0;0;0;0;
31/01/2026 08:52:39.909;0;1;0;0;
31/01/2026 08:52:41.270;0;0;0;0;
31/01/2026 09:01:20.100;0;1;0;0;
31/01/2026 09:01:21.384;0;0;0;0;
31/01/2026 09:01:40.241;0;1;0;0;
31/01/2026 09:01:41.585;0;0;0;0;
31/01/2026 09:02:00.337;0;1;0;0;
31/01/2026 09:02:01.666;0;0;0;0;
31/01/2026 09:02:20.102;0;1;0;0;
31/01/2026 09:02:21.456;0;0;0;0;
31/01/2026 09:10:43.422;0;1;0;0;
31/01/2026 09:10:44.803;0;0;0;0;
31/01/2026 09:11:01.587;0;1;0;0;
31/01/2026 09:11:02.992;0;0;0;0;
31/01/2026 09:12:40.299;0;1;0;0;
31/01/2026 09:12:41.613;0;0;0;0;
31/01/2026 09:14:20.452;0;1;0;0;
31/01/2026 09:14:21.786;0;0;0;0;
31/01/2026 09:16:20.678;0;1;0;0;
31/01/2026 09:16:21.970;0;0;0;0;
31/01/2026 09:17:40.457;0;0;1;0;
31/01/2026 09:17:41.682;0;0;0;0;
31/01/2026 09:17:44.561;1;0;0;0;
31/01/2026 09:17:44.562;1;1;1;0;
31/01/2026 09:17:49.289;1;0;0;0;
31/01/2026 09:17:52.461;1;1;1;0;
31/01/2026 09:17:53.604;1;0;0;0;
31/01/2026 09:18:02.459;1;1;1;0;
31/01/2026 09:18:03.884;1;0;0;0;
31/01/2026 09:18:12.459;1;1;1;0;
31/01/2026 09:18:13.594;1;0;0;0;
31/01/2026 09:18:22.460;1;1;1;0;
31/01/2026 09:18:23.595;1;0;0;0;
31/01/2026 09:18:38.270;0;0;0;0;
31/01/2026 09:19:14.751;0;1;1;0;
31/01/2026 09:19:17.760;0;0;0;0;
31/01/2026 09:19:34.875;0;1;1;0;
31/01/2026 09:19:36.319;0;0;0;0;
31/01/2026 09:19:54.665;0;0;1;0;
31/01/2026 09:19:55.960;0;0;0;0;
31/01/2026 09:20:14.666;0;1;0;0;
31/01/2026 09:20:15.890;0;0;0;0;
31/01/2026 09:20:34.576;0;0;1;0;
31/01/2026 09:20:35.951;0;0;0;0;
31/01/2026 09:20:54.587;0;0;1;0;
31/01/2026 09:20:55.721;0;0;0;0;
31/01/2026 09:21:34.641;0;1;0;0;
31/01/2026 09:21:35.922;0;0;0;0;
31/01/2026 09:22:14.843;0;1;0;0;
31/01/2026 09:22:16.554;0;0;0;0;
31/01/2026 09:22:35.13;0;1;1;0;
31/01/2026 09:22:36.605;0;0;0;0;
31/01/2026 09:22:54.730;0;1;0;0;
31/01/2026 09:22:56.45;0;0;0;0;
31/01/2026 09:24:14.773;0;1;0;0;
31/01/2026 09:24:16.137;0;0;0;0;
31/01/2026 09:24:55.855;0;1;0;0;
31/01/2026 09:24:57.369;0;0;0;0;
31/01/2026 09:25:15.15;0;1;0;0;
31/01/2026 09:25:16.369;0;0;0;0;
31/01/2026 09:25:35.115;0;1;0;0;
31/01/2026 09:25:36.350;0;0;0;0;
31/01/2026 09:25:54.836;0;1;0;0;
31/01/2026 09:25:56.200;0;0;0;0;
31/01/2026 09:26:14.737;0;1;0;0;
31/01/2026 09:26:16.231;0;0;0;0;
31/01/2026 09:26:34.747;0;1;0;0;
31/01/2026 09:26:36.121;0;0;0;0;
31/01/2026 09:26:54.757;0;1;0;0;
31/01/2026 09:26:56.71;0;0;0;0;
31/01/2026 09:27:14.768;0;1;0;0;
31/01/2026 09:27:16.82;0;0;0;0;
31/01/2026 09:28:54.911;0;1;0;0;
31/01/2026 09:28:56.325;0;0;0;0;
31/01/2026 09:29:54.972;0;1;0;0;
31/01/2026 09:29:56.477;0;0;0;0;
31/01/2026 09:30:14.953;0;1;0;0;
31/01/2026 09:30:16.558;0;0;0;0;
31/01/2026 09:30:34.964;0;1;0;0;
31/01/2026 09:30:36.448;0;0;0;0;
31/01/2026 09:30:55.54;0;1;0;0;
31/01/2026 09:30:56.378;0;0;0;0;
31/01/2026 09:31:55.21;0;1;0;0;
31/01/2026 09:31:56.480;0;0;0;0;
31/01/2026 09:32:14.916;0;1;0;0;
31/01/2026 09:32:16.231;0;0;0;0;
31/01/2026 09:33:14.958;0;1;0;0;
31/01/2026 09:33:16.392;0;0;0;0;
31/01/2026 09:33:35.13;0;1;0;0;
31/01/2026 09:33:36.303;0;0;0;0;
31/01/2026 09:35:35.112;0;1;0;0;
31/01/2026 09:35:36.476;0;0;0;0;
31/01/2026 09:35:55.113;0;1;0;0;
31/01/2026 09:35:56.597;0;0;0;0;
31/01/2026 09:37:35.175;0;1;0;0;
31/01/2026 09:37:36.630;0;0;0;0;
31/01/2026 09:37:55.76;0;1;0;0;
31/01/2026 09:37:56.631;0;0;0;0;
31/01/2026 09:38:35.97;0;1;0;0;
31/01/2026 09:38:36.622;0;0;0;0;
31/01/2026 09:38:55.108;0;1;0;0;
31/01/2026 09:38:56.482;0;0;0;0;
31/01/2026 09:39:35.242;0;1;0;0;
31/01/2026 09:39:36.703;0;0;0;0;
31/01/2026 09:40:35.246;0;1;0;0;
31/01/2026 09:40:36.595;0;0;0;0;
31/01/2026 09:40:55.281;0;1;0;0;
31/01/2026 09:40:56.535;0;0;0;0;
31/01/2026 09:41:15.272;0;1;0;0;
31/01/2026 09:41:16.786;0;0;0;0;
31/01/2026 09:41:35.282;0;1;0;0;
31/01/2026 09:41:36.617;0;0;0;0;
31/01/2026 09:41:55.293;0;1;0;0;
31/01/2026 09:41:56.717;0;0;0;0;
31/01/2026 09:42:35.364;0;1;0;0;
31/01/2026 09:42:36.929;0;0;0;0;
31/01/2026 09:42:55.495;0;1;0;0;
31/01/2026 09:42:56.939;0;0;0;0;
31/01/2026 09:43:35.356;0;1;0;0;
31/01/2026 09:43:36.690;0;0;0;0;
31/01/2026 09:43:55.256;0;1;0;0;
31/01/2026 09:43:56.631;0;0;0;0;
31/01/2026 09:44:15.277;0;1;0;0;
31/01/2026 09:44:16.651;0;0;0;0;
31/01/2026 09:45:55.631;0;1;0;0;
31/01/2026 09:45:56.944;0;0;0;0;
31/01/2026 09:46:55.427;0;1;0;0;
31/01/2026 09:46:56.786;0;0;0;0;
31/01/2026 09:47:55.463;0;1;0;0;
31/01/2026 09:47:56.888;0;0;0;0;
31/01/2026 09:48:15.474;0;1;0;0;
31/01/2026 09:48:16.958;0;0;0;0;
31/01/2026 09:50:15.437;0;1;0;0;
31/01/2026 09:50:16.751;0;0;0;0;
31/01/2026 09:50:35.448;0;1;0;0;
31/01/2026 09:50:36.732;0;0;0;0;
31/01/2026 09:51:15.584;0;0;1;0;
31/01/2026 09:51:16.813;0;0;0;0;
31/01/2026 09:52:15.581;0;1;1;0;
31/01/2026 09:52:16.895;0;0;0;0;
31/01/2026 09:52:35.591;0;1;0;0;
31/01/2026 09:52:37.46;0;0;0;0;
31/01/2026 09:52:55.602;0;1;0;0;
31/01/2026 09:52:56.846;0;0;0;0;
31/01/2026 09:53:15.612;0;1;0;0;
31/01/2026 09:53:17.27;0;0;0;0;
31/01/2026 09:53:35.633;0;1;0;0;
31/01/2026 09:53:36.967;0;0;0;0;
31/01/2026 09:53:55.633;0;1;0;0;
31/01/2026 09:53:57.148;0;0;0;0;
31/01/2026 09:54:15.734;0;1;0;0;
31/01/2026 09:54:17.28;0;0;0;0;
31/01/2026 09:54:35.855;0;1;0;0;
31/01/2026 09:54:37.119;0;0;0;0;
31/01/2026 09:55:15.686;0;1;0;0;
31/01/2026 09:55:16.960;0;0;0;0;
31/01/2026 09:55:55.597;0;1;0;0;
31/01/2026 09:55:57.1;0;0;0;0;
31/01/2026 09:56:15.608;0;1;0;0;
31/01/2026 09:56:17.72;0;0;0;0;
31/01/2026 09:56:35.632;0;1;0;0;
31/01/2026 09:56:37.152;0;0;0;0;
31/01/2026 09:56:55.702;0;1;0;0;
31/01/2026 09:56:57.233;0;0;0;0;
31/01/2026 09:57:15.823;0;1;1;0;
31/01/2026 09:57:17.414;0;0;0;0;
31/01/2026 09:57:35.619;0;1;0;0;
31/01/2026 09:57:36.874;0;0;0;0;
31/01/2026 09:57:55.730;0;1;0;0;
31/01/2026 09:57:57.195;0;0;0;0;
31/01/2026 09:58:15.741;0;1;0;0;
31/01/2026 09:58:17.85;0;0;0;0;
31/01/2026 09:58:35.751;0;1;0;0;
31/01/2026 09:58:37.116;0;0;0;0;
31/01/2026 09:58:55.762;0;1;0;0;
31/01/2026 09:58:57.397;0;0;0;0;
31/01/2026 09:59:35.783;0;1;0;0;
31/01/2026 09:59:37.97;0;0;0;0;
31/01/2026 09:59:55.834;0;1;0;0;
31/01/2026 09:59:57.258;0;0;0;0;
31/01/2026 10:00:36.95;0;1;0;0;
31/01/2026 10:00:37.740;0;0;0;0;
31/01/2026 10:00:55.835;0;1;0;0;
31/01/2026 10:00:57.510;0;0;0;0;
31/01/2026 10:01:35.746;0;1;0;0;
31/01/2026 10:01:37.331;0;0;0;0;
31/01/2026 10:01:55.877;0;1;0;0;
31/01/2026 10:01:57.252;0;0;0;0;
31/01/2026 10:04:35.922;0;1;0;0;
31/01/2026 10:04:37.286;0;0;0;0;
31/01/2026 10:04:55.932;0;1;0;0;
31/01/2026 10:04:57.297;0;0;0;0;
31/01/2026 10:05:15.943;0;1;0;0;
31/01/2026 10:05:17.427;0;0;0;0;
31/01/2026 10:07:15.906;0;1;0;0;
31/01/2026 10:07:17.160;0;0;0;0;
31/01/2026 10:07:55.928;0;1;0;0;
31/01/2026 10:07:57.452;0;0;0;0;
31/01/2026 10:08:15.951;0;1;0;0;
31/01/2026 10:08:17.502;0;0;0;0;
31/01/2026 10:08:36.21;0;1;0;0;
31/01/2026 10:08:37.343;0;0;0;0;
31/01/2026 10:08:56.142;0;1;0;0;
31/01/2026 10:08:57.373;0;0;0;0;
31/01/2026 10:09:15.960;0;1;0;0;
31/01/2026 10:09:17.514;0;0;0;0;
31/01/2026 10:09:36.70;0;1;0;0;
31/01/2026 10:09:37.595;0;0;0;0;
31/01/2026 10:10:16.91;0;1;0;0;
31/01/2026 10:10:17.606;0;0;0;0;
31/01/2026 10:11:16.123;0;1;0;0;
31/01/2026 10:11:17.547;0;0;0;0;
31/01/2026 10:12:16.395;0;1;0;0;
31/01/2026 10:12:17.769;0;0;0;0;
31/01/2026 10:13:36.97;0;1;0;0;
31/01/2026 10:13:37.411;0;0;0;0;
31/01/2026 10:14:56.364;0;1;0;0;
31/01/2026 10:14:57.804;0;0;0;0;
31/01/2026 10:15:16.493;0;1;0;0;
31/01/2026 10:15:17.844;0;0;0;0;
31/01/2026 10:15:36.236;0;1;0;0;
31/01/2026 10:15:37.675;0;0;0;0;
31/01/2026 10:15:56.251;0;0;1;0;
31/01/2026 10:15:57.445;0;0;0;0;
31/01/2026 10:16:16.261;0;1;1;0;
31/01/2026 10:16:17.596;0;0;0;0;
31/01/2026 10:16:36.273;0;1;0;0;
31/01/2026 10:16:37.717;0;0;0;0;
31/01/2026 10:16:56.283;0;1;0;0;
31/01/2026 10:16:57.737;0;0;0;0;
31/01/2026 10:17:16.293;0;1;0;0;
31/01/2026 10:17:20.601;0;0;0;0;
31/01/2026 10:17:36.374;0;1;1;0;
31/01/2026 10:17:45.196;0;0;0;0;
31/01/2026 10:17:56.494;0;0;1;0;
31/01/2026 10:17:57.909;0;0;0;0;
31/01/2026 10:18:16.641;0;0;1;0;
31/01/2026 10:18:18.110;0;0;0;0;
31/01/2026 10:18:36.345;0;0;1;0;
31/01/2026 10:18:37.580;0;0;0;0;
31/01/2026 10:19:16.257;0;0;1;0;
31/01/2026 10:19:17.591;0;0;0;0;
31/01/2026 10:21:56.421;0;1;0;0;
31/01/2026 10:21:57.956;0;0;0;0;
31/01/2026 10:22:16.432;0;1;0;0;
31/01/2026 10:22:18.216;0;0;0;0;
31/01/2026 10:23:16.464;0;1;0;0;
31/01/2026 10:23:18.929;0;0;0;0;
31/01/2026 10:23:36.644;0;1;0;0;
31/01/2026 10:23:45.216;0;0;0;0;
31/01/2026 10:23:56.705;0;0;1;0;
31/01/2026 10:23:58.369;0;0;0;0;
31/01/2026 10:24:16.495;0;0;1;0;
31/01/2026 10:24:17.970;0;0;0;0;
31/01/2026 10:24:36.545;0;0;1;0;
31/01/2026 10:24:37.760;0;0;0;0;
31/01/2026 10:26:36.674;0;1;0;0;
31/01/2026 10:26:38.63;0;0;0;0;
31/01/2026 10:26:56.469;0;1;0;0;
31/01/2026 10:26:57.844;0;0;0;0;
31/01/2026 10:27:16.580;0;1;0;0;
31/01/2026 10:27:18.385;0;0;0;0;
31/01/2026 10:27:36.591;0;1;0;0;
31/01/2026 10:27:38.155;0;0;0;0;
31/01/2026 10:27:56.602;0;0;1;0;
31/01/2026 10:27:58.76;0;0;0;0;
31/01/2026 10:28:16.612;0;1;0;0;
31/01/2026 10:28:17.916;0;0;0;0;
31/01/2026 10:28:36.622;0;1;0;0;
31/01/2026 10:28:37.987;0;0;0;0;
31/01/2026 10:28:56.633;0;1;0;0;
31/01/2026 10:28:58.147;0;0;0;0;
31/01/2026 10:29:16.679;0;1;1;0;
31/01/2026 10:29:19.79;0;0;0;0;
31/01/2026 10:29:36.799;0;0;1;0;
31/01/2026 10:29:37.948;0;0;0;0;
31/01/2026 10:29:56.925;0;0;1;0;
31/01/2026 10:29:58.219;0;0;0;0;
31/01/2026 10:34:16.782;0;1;0;0;
31/01/2026 10:34:18.356;0;0;0;0;
31/01/2026 10:34:36.793;0;1;0;0;
31/01/2026 10:34:38.727;0;0;0;0;
31/01/2026 10:34:56.798;0;1;0;0;
31/01/2026 10:34:58.838;0;0;0;0;
31/01/2026 10:35:16.944;0;1;1;0;
31/01/2026 10:35:18.718;0;0;0;0;
31/01/2026 10:35:37.14;0;1;1;0;
31/01/2026 10:35:38.939;0;0;0;0;
31/01/2026 10:35:56.834;0;1;0;0;
31/01/2026 10:35:59.140;0;0;0;0;
31/01/2026 10:36:16.855;0;1;1;0;
31/01/2026 10:36:18.480;0;0;0;0;
31/01/2026 10:36:36.866;0;1;1;0;
31/01/2026 10:36:38.210;0;0;0;0;
31/01/2026 10:36:56.766;0;1;1;0;
31/01/2026 10:36:58.180;0;0;0;0;
31/01/2026 10:37:16.777;0;1;0;0;
31/01/2026 10:37:18.91;0;0;0;0;
31/01/2026 10:37:36.787;0;1;0;0;
31/01/2026 10:37:38.192;0;0;0;0;
31/01/2026 10:37:56.841;0;1;1;0;
31/01/2026 10:37:58.152;0;0;0;0;
31/01/2026 10:38:16.961;0;1;0;0;
31/01/2026 10:38:18.543;0;0;0;0;
31/01/2026 10:38:37.82;0;1;0;0;
31/01/2026 10:38:38.393;0;0;0;0;
31/01/2026 10:39:16.930;0;1;0;0;
31/01/2026 10:39:18.154;0;0;0;0;
31/01/2026 10:40:56.983;0;1;0;0;
31/01/2026 10:40:58.277;0;0;0;0;
31/01/2026 10:41:18.37;0;1;0;0;
31/01/2026 10:41:19.719;0;0;0;0;
31/01/2026 10:41:37.165;0;1;0;0;
31/01/2026 10:41:38.528;0;0;0;0;
31/01/2026 10:41:57.284;0;1;0;0;
31/01/2026 10:41:58.729;0;0;0;0;
31/01/2026 10:42:17.25;0;1;1;0;
31/01/2026 10:42:18.689;0;0;0;0;
31/01/2026 10:42:37.55;0;1;0;0;
31/01/2026 10:42:38.350;0;0;0;0;
31/01/2026 10:42:57.46;0;1;0;0;
31/01/2026 10:42:58.410;0;0;0;0;
31/01/2026 10:43:16.956;0;1;0;0;
31/01/2026 10:43:18.331;0;0;0;0;
31/01/2026 10:44:17.143;0;1;0;0;
31/01/2026 10:44:23.528;0;0;0;0;
31/01/2026 10:44:37.192;0;1;1;0;
31/01/2026 10:44:46.291;0;0;0;0;
31/01/2026 10:44:56.989;0;0;1;0;
31/01/2026 10:44:58.393;0;0;0;0;
31/01/2026 10:45:16.995;0;0;1;0;
31/01/2026 10:45:18.434;0;0;0;0;
31/01/2026 10:48:37.205;0;0;1;0;
31/01/2026 10:48:38.529;0;0;0;0;
31/01/2026 10:53:17.332;0;1;0;0;
31/01/2026 10:53:18.817;0;0;0;0;
31/01/2026 10:53:37.343;0;1;1;0;
31/01/2026 10:53:39.358;0;0;0;0;
31/01/2026 10:53:57.383;0;1;1;0;
31/01/2026 10:53:59.308;0;0;0;0;
31/01/2026 10:54:17.494;0;1;0;0;
31/01/2026 10:54:18.798;0;0;0;0;
31/01/2026 10:55:17.416;0;1;0;0;
31/01/2026 10:55:18.690;0;0;0;0;
31/01/2026 10:55:37.411;0;1;1;0;
31/01/2026 10:55:38.780;0;0;0;0;
31/01/2026 10:55:57.316;0;0;1;0;
31/01/2026 10:55:58.600;0;0;0;0;
31/01/2026 10:56:37.338;0;1;0;0;
31/01/2026 10:56:38.812;0;0;0;0;
31/01/2026 10:56:57.421;0;1;0;0;
31/01/2026 10:56:59.183;0;0;0;0;
31/01/2026 10:57:17.460;0;1;0;0;
31/01/2026 10:57:18.863;0;0;0;0;
31/01/2026 10:57:37.563;0;1;0;0;
31/01/2026 10:57:39.334;0;0;0;0;
31/01/2026 10:57:57.359;0;1;1;0;
31/01/2026 10:57:58.764;0;0;0;0;
31/01/2026 10:58:17.390;0;1;0;0;
31/01/2026 10:58:18.674;0;0;0;0;
31/01/2026 10:58:37.480;0;0;1;0;
31/01/2026 10:58:38.795;0;0;0;0;
31/01/2026 10:58:57.491;0;1;0;0;
31/01/2026 10:58:58.865;0;0;0;0;
31/01/2026 10:59:37.512;0;1;1;0;
31/01/2026 10:59:38.926;0;0;0;0;
31/01/2026 10:59:57.523;0;1;1;0;
31/01/2026 10:59:59.127;0;0;0;0;
31/01/2026 11:00:17.533;0;1;0;0;
31/01/2026 11:00:18.837;0;0;0;0;
31/01/2026 11:00:37.619;0;0;1;0;
31/01/2026 11:00:39.8;0;0;0;0;
31/01/2026 11:01:17.754;0;1;0;0;
31/01/2026 11:01:19.139;0;0;0;0;
31/01/2026 11:02:17.606;0;1;0;0;
31/01/2026 11:02:19.240;0;0;0;0;
31/01/2026 11:02:37.506;0;1;1;0;
31/01/2026 11:02:39.832;0;0;0;0;
31/01/2026 11:02:57.517;0;1;1;0;
31/01/2026 11:03:01.954;0;0;0;0;
31/01/2026 11:03:17.527;0;1;1;0;
31/01/2026 11:03:26.620;0;0;0;0;
31/01/2026 11:03:37.538;0;0;1;0;
31/01/2026 11:03:39.212;0;0;0;0;
31/01/2026 11:03:57.571;0;0;1;0;
31/01/2026 11:03:59.3;0;0;0;0;
31/01/2026 11:04:37.776;0;0;1;0;
31/01/2026 11:04:39.124;0;0;0;0;
31/01/2026 11:11:26.778;1;0;0;0;
31/01/2026 11:11:26.779;1;1;1;0;
31/01/2026 11:11:38.523;1;0;0;0;
31/01/2026 11:12:18.124;0;0;0;0;
31/01/2026 11:20:29.196;0;1;0;0;
31/01/2026 11:20:29.197;1;1;0;0;
31/01/2026 11:20:30.751;1;0;0;0;
31/01/2026 11:21:07.354;1;0;1;0;
31/01/2026 11:21:19.381;1;0;0;0;
31/01/2026 11:21:34.987;0;0;0;0;
31/01/2026 11:22:19.165;0;1;1;0;
31/01/2026 11:22:21.654;0;0;0;0;
31/01/2026 11:22:39.169;0;1;0;0;
31/01/2026 11:22:40.904;0;0;0;0;
31/01/2026 11:22:59.280;0;1;0;0;
31/01/2026 11:23:01.435;0;0;0;0;
31/01/2026 11:23:19.291;0;1;0;0;
31/01/2026 11:23:21.25;0;0;0;0;
31/01/2026 11:23:39.296;0;1;0;0;
31/01/2026 11:23:40.796;0;0;0;0;
31/01/2026 11:23:59.311;0;1;0;0;
31/01/2026 11:24:00.566;0;0;0;0;
31/01/2026 11:24:19.393;0;0;1;0;
31/01/2026 11:24:20.666;0;0;0;0;
31/01/2026 11:25:19.354;0;1;0;0;
31/01/2026 11:25:20.678;0;0;0;0;
31/01/2026 11:25:39.364;0;1;0;0;
31/01/2026 11:25:40.638;0;0;0;0;
31/01/2026 11:27:19.317;0;1;0;0;
31/01/2026 11:27:20.721;0;0;0;0;
31/01/2026 11:28:39.539;0;1;0;0;
31/01/2026 11:28:40.883;0;0;0;0;
31/01/2026 11:29:59.471;0;1;1;0;
31/01/2026 11:30:00.945;0;0;0;0;
31/01/2026 11:31:59.557;0;1;0;0;
31/01/2026 11:32:00.768;0;0;0;0;
31/01/2026 11:33:19.591;0;1;0;0;
31/01/2026 11:33:20.980;0;0;0;0;
31/01/2026 11:34:39.518;0;1;0;0;
31/01/2026 11:34:40.952;0;0;0;0;
31/01/2026 11:34:59.538;0;1;0;0;
31/01/2026 11:35:00.943;0;0;0;0;
31/01/2026 11:35:39.529;0;1;0;0;
31/01/2026 11:35:40.914;0;0;0;0;
31/01/2026 11:35:59.790;0;1;0;0;
31/01/2026 11:36:01.24;0;0;0;0;
31/01/2026 11:36:19.700;0;0;1;0;
31/01/2026 11:36:20.895;0;0;0;0;
31/01/2026 11:36:39.901;0;0;1;0;
31/01/2026 11:36:41.166;0;0;0;0;
31/01/2026 11:36:59.671;0;1;0;0;
31/01/2026 11:37:00.916;0;0;0;0;
31/01/2026 11:37:19.682;0;1;0;0;
31/01/2026 11:37:20.976;0;0;0;0;
31/01/2026 11:37:39.692;0;1;0;0;
31/01/2026 11:37:41.27;0;0;0;0;
31/01/2026 11:37:59.703;0;1;0;0;
31/01/2026 11:38:01.7;0;0;0;0;
31/01/2026 11:38:19.714;0;1;0;0;
31/01/2026 11:38:21.78;0;0;0;0;
31/01/2026 11:38:39.734;0;1;0;0;
31/01/2026 11:38:41.329;0;0;0;0;
31/01/2026 11:39:39.765;0;1;0;0;
31/01/2026 11:39:41.20;0;0;0;0;
31/01/2026 11:40:59.698;0;1;0;0;
31/01/2026 11:41:01.102;0;0;0;0;
31/01/2026 11:41:19.718;0;1;0;0;
31/01/2026 11:41:21.243;0;0;0;0;
31/01/2026 11:41:39.729;0;1;0;0;
31/01/2026 11:41:41.553;0;0;0;0;
31/01/2026 11:41:59.719;0;1;0;0;
31/01/2026 11:42:01.364;0;0;0;0;
31/01/2026 11:42:19.729;0;1;0;0;
31/01/2026 11:42:21.274;0;0;0;0;
31/01/2026 11:42:39.840;0;1;0;0;
31/01/2026 11:42:41.94;0;0;0;0;
31/01/2026 11:44:00.22;0;1;0;0;
31/01/2026 11:44:01.377;0;0;0;0;
31/01/2026 11:45:59.945;0;0;1;0;
31/01/2026 11:46:01.179;0;0;0;0;
31/01/2026 11:46:59.948;0;0;1;0;
31/01/2026 11:47:01.231;0;0;0;0;
31/01/2026 11:48:59.920;0;1;0;0;
31/01/2026 11:49:01.174;0;0;0;0;
31/01/2026 11:49:20.30;0;1;0;0;
31/01/2026 11:49:21.314;0;0;0;0;
31/01/2026 11:49:40.41;0;1;0;0;
31/01/2026 11:49:41.305;0;0;0;0;
31/01/2026 11:50:00.51;0;1;0;0;
31/01/2026 11:50:01.556;0;0;0;0;
31/01/2026 11:50:20.62;0;1;0;0;
31/01/2026 11:50:21.336;0;0;0;0;
31/01/2026 11:51:20.194;0;1;0;0;
31/01/2026 11:51:21.528;0;0;0;0;
31/01/2026 11:52:20.125;0;1;1;0;
31/01/2026 11:52:21.509;0;0;0;0;
31/01/2026 11:53:20.56;0;0;1;0;
31/01/2026 11:53:21.310;0;0;0;0;
31/01/2026 11:54:20.88;0;0;1;0;
31/01/2026 11:54:21.522;0;0;0;0;
31/01/2026 11:55:00.303;0;0;1;0;
31/01/2026 11:55:01.653;0;0;0;0;
31/01/2026 11:56:00.210;0;1;0;0;
31/01/2026 11:56:01.555;0;0;0;0;
31/01/2026 11:56:20.221;0;1;0;0;
31/01/2026 11:56:21.545;0;0;0;0;
31/01/2026 11:56:40.231;0;1;0;0;
31/01/2026 11:56:41.636;0;0;0;0;
31/01/2026 11:57:00.242;0;1;0;0;
31/01/2026 11:57:01.516;0;0;0;0;
31/01/2026 11:57:40.263;0;1;0;0;
31/01/2026 11:57:41.627;0;0;0;0;
31/01/2026 11:58:20.374;0;1;0;0;
31/01/2026 11:58:21.708;0;0;0;0;
31/01/2026 11:59:00.595;0;1;0;0;
31/01/2026 11:59:01.949;0;0;0;0;
31/01/2026 12:00:00.236;0;1;0;0;
31/01/2026 12:00:01.490;0;0;0;0;
31/01/2026 12:01:20.322;0;0;1;0;
31/01/2026 12:01:21.492;0;0;0;0;
31/01/2026 12:03:40.432;0;0;1;0;
31/01/2026 12:03:41.676;0;0;0;0;
31/01/2026 12:04:40.463;0;1;0;0;
31/01/2026 12:04:41.888;0;0;0;0;
31/01/2026 12:05:40.745;0;0;1;0;
31/01/2026 12:05:42.159;0;0;0;0;
31/01/2026 12:06:20.536;0;1;1;0;
31/01/2026 12:06:21.870;0;0;0;0;
31/01/2026 12:15:00.842;0;1;0;0;
31/01/2026 12:15:02.194;0;0;0;0;
31/01/2026 12:15:21.35;0;1;0;0;
31/01/2026 12:15:22.294;0;0;0;0;
31/01/2026 12:15:41.63;0;1;0;0;
31/01/2026 12:15:42.405;0;0;0;0;
31/01/2026 12:16:00.776;0;1;0;0;
31/01/2026 12:16:02.215;0;0;0;0;
31/01/2026 12:16:20.791;0;1;0;0;
31/01/2026 12:16:22.146;0;0;0;0;
31/01/2026 12:16:40.802;0;1;0;0;
31/01/2026 12:16:42.396;0;0;0;0;
31/01/2026 12:17:00.812;0;1;0;0;
31/01/2026 12:17:03.558;0;0;0;0;
31/01/2026 12:17:20.823;0;1;0;0;
31/01/2026 12:17:22.447;0;0;0;0;
31/01/2026 12:23:00.992;0;1;0;0;
31/01/2026 12:23:02.506;0;0;0;0;
31/01/2026 12:23:21.3;0;1;0;0;
31/01/2026 12:23:22.246;0;0;0;0;
31/01/2026 12:23:41.13;0;1;0;0;
31/01/2026 12:23:42.347;0;0;0;0;
31/01/2026 12:24:01.43;0;1;0;0;
31/01/2026 12:24:02.508;0;0;0;0;
31/01/2026 12:24:21.44;0;1;0;0;
31/01/2026 12:24:22.738;0;0;0;0;
31/01/2026 12:28:01.403;0;0;1;0;
31/01/2026 12:28:02.604;0;0;0;0;
31/01/2026 12:28:41.146;0;0;1;0;
31/01/2026 12:28:42.465;0;0;0;0;
31/01/2026 12:30:01.193;0;1;0;0;
31/01/2026 12:30:02.947;0;0;0;0;
31/01/2026 12:30:21.203;0;1;0;0;
31/01/2026 12:30:23.318;0;0;0;0;
31/01/2026 12:30:41.364;0;1;0;0;
31/01/2026 12:30:43.49;0;0;0;0;
31/01/2026 12:31:01.384;0;1;0;0;
31/01/2026 12:31:02.919;0;0;0;0;
31/01/2026 12:32:21.166;0;1;0;0;
31/01/2026 12:32:22.511;0;0;0;0;
31/01/2026 12:33:01.187;0;1;0;0;
31/01/2026 12:33:02.882;0;0;0;0;
31/01/2026 12:33:21.208;0;1;0;0;
31/01/2026 12:33:23.784;0;0;0;0;
31/01/2026 12:33:41.323;0;1;1;0;
31/01/2026 12:33:49.420;0;0;0;0;
31/01/2026 12:34:01.440;0;0;1;0;
31/01/2026 12:34:03.24;0;0;0;0;
31/01/2026 12:34:21.209;0;0;1;0;
31/01/2026 12:34:22.524;0;0;0;0;
31/01/2026 12:43:21.874;0;1;0;0;
31/01/2026 12:43:23.289;0;0;0;0;
31/01/2026 12:43:41.585;0;1;0;0;
31/01/2026 12:43:43.209;0;0;0;0;
31/01/2026 12:44:01.595;0;1;0;0;
31/01/2026 12:44:03.470;0;0;0;0;
31/01/2026 12:44:21.616;0;1;0;0;
31/01/2026 12:44:23.100;0;0;0;0;
31/01/2026 12:44:41.536;0;1;0;0;
31/01/2026 12:44:43.151;0;0;0;0;
31/01/2026 12:45:01.527;0;1;0;0;
31/01/2026 12:45:03.11;0;0;0;0;
31/01/2026 12:45:21.537;0;1;1;0;
31/01/2026 12:45:22.972;0;0;0;0;
31/01/2026 12:45:41.609;0;1;0;0;
31/01/2026 12:45:43.102;0;0;0;0;
31/01/2026 12:46:01.731;0;1;0;0;
31/01/2026 12:46:04.244;0;0;0;0;
31/01/2026 12:46:21.850;0;1;1;0;
31/01/2026 12:46:24.275;0;0;0;0;
31/01/2026 12:50:21.795;0;0;1;0;
31/01/2026 12:50:22.950;0;0;0;0;
31/01/2026 12:52:01.888;0;1;0;0;
31/01/2026 12:52:03.443;0;0;0;0;
31/01/2026 12:52:22.104;0;1;0;0;
31/01/2026 12:52:24.54;0;0;0;0;
31/01/2026 12:52:41.750;0;1;0;0;
31/01/2026 12:52:43.664;0;0;0;0;
31/01/2026 12:53:01.761;0;1;0;0;
31/01/2026 12:53:03.795;0;0;0;0;
31/01/2026 12:53:21.870;0;1;1;0;
31/01/2026 12:53:23.795;0;0;0;0;
31/01/2026 12:53:41.901;0;1;0;0;
31/01/2026 12:53:43.626;0;0;0;0;
31/01/2026 12:54:01.891;0;0;1;0;
31/01/2026 12:54:03.166;0;0;0;0;
31/01/2026 12:54:21.902;0;1;0;0;
31/01/2026 12:54:23.297;0;0;0;0;
31/01/2026 12:55:22.124;0;1;0;0;
31/01/2026 12:55:23.578;0;0;0;0;
31/01/2026 12:55:41.944;0;1;0;0;
31/01/2026 12:55:43.419;0;0;0;0;
31/01/2026 12:56:01.955;0;1;0;0;
31/01/2026 12:56:03.279;0;0;0;0;
31/01/2026 12:56:21.985;0;1;0;0;
31/01/2026 12:56:23.320;0;0;0;0;
31/01/2026 12:56:41.996;0;1;0;0;
31/01/2026 12:56:43.541;0;0;0;0;
31/01/2026 12:57:01.907;0;1;0;0;
31/01/2026 12:57:04.602;0;0;0;0;
31/01/2026 12:57:21.897;0;1;1;0;
31/01/2026 12:57:25.354;0;0;0;0;
31/01/2026 12:57:41.961;0;0;1;0;
31/01/2026 12:57:43.192;0;0;0;0;
31/01/2026 13:04:02.381;0;1;0;0;
31/01/2026 13:04:03.913;0;0;0;0;
31/01/2026 13:04:22.88;0;1;0;0;
31/01/2026 13:04:23.823;0;0;0;0;
31/01/2026 13:04:42.99;0;1;0;0;
31/01/2026 13:04:43.864;0;0;0;0;
31/01/2026 13:05:02.110;0;1;0;0;
31/01/2026 13:05:03.905;0;0;0;0;
31/01/2026 13:05:22.220;0;1;0;0;
31/01/2026 13:05:24.105;0;0;0;0;
31/01/2026 13:05:42.231;0;1;1;0;
31/01/2026 13:05:44.126;0;0;0;0;
31/01/2026 13:06:02.241;0;1;0;0;
31/01/2026 13:06:03.876;0;0;0;0;
31/01/2026 13:07:02.403;0;1;0;0;
31/01/2026 13:07:03.738;0;0;0;0;
31/01/2026 13:07:22.524;0;1;0;0;
31/01/2026 13:07:23.888;0;0;0;0;
31/01/2026 13:08:02.305;0;1;0;0;
31/01/2026 13:08:03.749;0;0;0;0;
31/01/2026 13:08:22.335;0;1;0;0;
31/01/2026 13:08:23.850;0;0;0;0;
31/01/2026 13:08:42.336;0;1;0;0;
31/01/2026 13:08:43.670;0;0;0;0;
31/01/2026 13:09:02.236;0;1;0;0;
31/01/2026 13:09:04.902;0;0;0;0;
31/01/2026 13:09:22.248;0;1;1;0;
31/01/2026 13:09:25.723;0;0;0;0;
31/01/2026 13:09:42.369;0;0;1;0;
31/01/2026 13:09:43.502;0;0;0;0;
31/01/2026 13:10:02.491;0;0;1;0;
31/01/2026 13:10:03.743;0;0;0;0;
31/01/2026 13:15:50.627;1;0;0;0;
31/01/2026 13:15:50.628;1;1;1;0;
31/01/2026 13:15:56.165;1;0;0;0;
31/01/2026 13:15:58.687;1;1;1;0;
31/01/2026 13:15:59.838;1;0;0;0;
31/01/2026 13:16:08.433;1;1;1;0;
31/01/2026 13:16:09.819;1;0;0;0;
31/01/2026 13:16:18.434;1;1;1;0;
31/01/2026 13:16:19.579;1;0;0;0;
31/01/2026 13:16:28.434;1;1;1;0;
31/01/2026 13:16:29.579;1;0;0;0;
31/01/2026 13:16:44.514;0;0;0;0;
31/01/2026 13:17:20.520;0;1;1;0;
31/01/2026 13:17:25.687;0;0;0;0;
31/01/2026 13:17:40.509;0;0;1;0;
31/01/2026 13:17:41.913;0;0;0;0;
31/01/2026 13:18:00.519;0;0;1;0;
31/01/2026 13:18:01.744;0;0;0;0;
31/01/2026 13:19:20.662;0;1;0;0;
31/01/2026 13:19:22.797;0;0;0;0;
31/01/2026 13:19:40.682;0;1;0;0;
31/01/2026 13:19:42.707;0;0;0;0;
31/01/2026 13:20:00.683;0;1;0;0;
31/01/2026 13:20:01.987;0;0;0;0;
31/01/2026 13:20:20.693;0;0;1;0;
31/01/2026 13:20:22.28;0;0;0;0;
31/01/2026 13:21:00.715;0;1;0;0;
31/01/2026 13:21:02.69;0;0;0;0;
31/01/2026 13:21:20.838;0;1;0;0;
31/01/2026 13:21:22.470;0;0;0;0;
31/01/2026 13:21:40.849;0;1;0;0;
31/01/2026 13:21:42.621;0;0;0;0;
31/01/2026 13:22:00.646;0;1;0;0;
31/01/2026 13:22:03.12;0;0;0;0;
31/01/2026 13:22:20.657;0;1;0;0;
31/01/2026 13:22:29.329;0;0;0;0;
31/01/2026 13:22:40.667;0;0;1;0;
31/01/2026 13:22:42.222;0;0;0;0;
31/01/2026 13:23:00.678;0;0;1;0;
31/01/2026 13:23:02.202;0;0;0;0;
31/01/2026 13:23:20.699;0;0;1;0;
31/01/2026 13:23:21.923;0;0;0;0;
31/01/2026 13:31:01.12;0;1;0;0;
31/01/2026 13:31:02.426;0;0;0;0;
31/01/2026 13:31:21.22;0;1;0;0;
31/01/2026 13:31:22.447;0;0;0;0;
31/01/2026 13:31:41.33;0;1;0;0;
31/01/2026 13:31:42.427;0;0;0;0;
31/01/2026 13:32:01.43;0;1;0;0;
31/01/2026 13:32:02.528;0;0;0;0;
31/01/2026 13:32:21.54;0;1;1;0;
31/01/2026 13:32:22.679;0;0;0;0;
31/01/2026 13:32:41.64;0;1;0;0;
31/01/2026 13:32:42.659;0;0;0;0;
31/01/2026 13:33:01.209;0;1;1;0;
31/01/2026 13:33:02.730;0;0;0;0;
31/01/2026 13:33:21.228;0;1;1;0;
31/01/2026 13:33:22.650;0;0;0;0;
31/01/2026 13:33:41.350;0;1;0;0;
31/01/2026 13:33:42.721;0;0;0;0;
31/01/2026 13:34:21.18;0;1;0;0;
31/01/2026 13:34:23.323;0;0;0;0;
31/01/2026 13:34:41.38;0;1;1;0;
31/01/2026 13:34:44.64;0;0;0;0;
31/01/2026 13:35:01.48;0;0;1;0;
31/01/2026 13:35:02.363;0;0;0;0;
31/01/2026 13:35:21.39;0;0;1;0;
31/01/2026 13:35:22.263;0;0;0;0;
31/01/2026 13:40:41.199;0;1;0;0;
31/01/2026 13:40:42.512;0;0;0;0;
31/01/2026 13:41:01.208;0;1;0;0;
31/01/2026 13:41:02.763;0;0;0;0;
31/01/2026 13:41:21.219;0;1;0;0;
31/01/2026 13:41:23.44;0;0;0;0;
31/01/2026 13:41:41.270;0;1;1;0;
31/01/2026 13:41:43.35;0;0;0;0;
31/01/2026 13:42:01.526;0;1;0;0;
31/01/2026 13:42:03.456;0;0;0;0;
31/01/2026 13:42:21.621;0;1;1;0;
31/01/2026 13:42:23.526;0;0;0;0;
31/01/2026 13:42:41.361;0;1;1;0;
31/01/2026 13:42:43.787;0;0;0;0;
31/01/2026 13:43:01.372;0;1;1;0;
31/01/2026 13:43:02.947;0;0;0;0;
31/01/2026 13:43:21.383;0;1;1;0;
31/01/2026 13:43:22.837;0;0;0;0;
31/01/2026 13:44:41.588;0;1;0;0;
31/01/2026 13:44:42.939;0;0;0;0;
31/01/2026 13:45:01.608;0;1;0;0;
31/01/2026 13:45:02.920;0;0;0;0;
31/01/2026 13:45:23.741;0;1;0;0;
31/01/2026 13:45:25.103;0;0;0;0;
31/01/2026 13:45:41.356;0;1;0;0;
31/01/2026 13:45:43.31;0;0;0;0;
31/01/2026 13:46:01.267;0;1;1;0;
31/01/2026 13:46:03.272;0;0;0;0;
31/01/2026 13:46:21.378;0;1;1;0;
31/01/2026 13:46:26.65;0;0;0;0;
31/01/2026 13:46:41.398;0;0;1;0;
31/01/2026 13:46:42.923;0;0;0;0;
31/01/2026 13:47:01.389;0;1;1;0;
31/01/2026 13:47:10.681;0;0;0;0;
31/01/2026 13:47:21.509;0;0;1;0;
31/01/2026 13:47:23.304;0;0;0;0;
31/01/2026 13:47:41.530;0;0;1;0;
31/01/2026 13:47:43.85;0;0;0;0;
31/01/2026 13:48:01.751;0;0;1;0;
31/01/2026 13:48:03.5;0;0;0;0;
31/01/2026 13:48:21.541;0;0;1;0;
31/01/2026 13:48:22.946;0;0;0;0;
31/01/2026 13:58:41.719;0;0;1;0;
31/01/2026 13:58:42.913;0;0;0;0;
31/01/2026 13:59:42.111;0;0;1;0;
31/01/2026 13:59:43.425;0;0;0;0;
31/01/2026 14:05:01.989;0;1;0;0;
31/01/2026 14:05:03.784;0;0;0;0;
31/01/2026 14:05:22.220;0;1;0;0;
31/01/2026 14:05:24.416;0;0;0;0;
31/01/2026 14:05:42.11;0;1;1;0;
31/01/2026 14:05:43.505;0;0;0;0;
31/01/2026 14:06:02.21;0;1;0;0;
31/01/2026 14:06:03.255;0;0;0;0;
31/01/2026 14:07:22.63;0;1;0;0;
31/01/2026 14:07:23.428;0;0;0;0;
31/01/2026 14:07:42.84;0;1;0;0;
31/01/2026 14:07:45.601;0;0;0;0;
31/01/2026 14:08:02.308;0;1;0;0;
31/01/2026 14:08:10.777;0;0;0;0;
31/01/2026 14:08:22.320;0;0;1;0;
31/01/2026 14:08:23.870;0;0;0;0;
31/01/2026 14:08:42.116;0;0;1;0;
31/01/2026 14:08:43.530;0;0;0;0;
31/01/2026 14:09:02.16;0;0;1;0;
31/01/2026 14:09:03.240;0;0;0;0;
31/01/2026 14:17:22.336;0;1;0;0;
31/01/2026 14:17:23.715;0;0;0;0;
31/01/2026 14:17:42.351;0;1;0;0;
31/01/2026 14:17:43.665;0;0;0;0;
31/01/2026 14:18:02.361;0;1;0;0;
31/01/2026 14:18:03.746;0;0;0;0;
31/01/2026 14:18:22.372;0;1;0;0;
31/01/2026 14:18:23.797;0;0;0;0;
31/01/2026 14:18:42.383;0;1;0;0;
31/01/2026 14:18:43.737;0;0;0;0;
31/01/2026 14:19:02.393;0;1;1;0;
31/01/2026 14:19:03.848;0;0;0;0;
31/01/2026 14:19:22.407;0;1;0;0;
31/01/2026 14:19:24.98;0;0;0;0;
31/01/2026 14:19:42.658;0;1;0;0;
31/01/2026 14:19:44.369;0;0;0;0;
31/01/2026 14:20:02.649;0;1;1;0;
31/01/2026 14:20:04.29;0;0;0;0;
31/01/2026 14:20:22.451;0;1;0;0;
31/01/2026 14:20:23.920;0;0;0;0;
31/01/2026 14:20:42.451;0;1;1;0;
31/01/2026 14:20:43.870;0;0;0;0;
31/01/2026 14:21:22.367;0;1;0;0;
31/01/2026 14:21:23.862;0;0;0;0;
31/01/2026 14:21:42.307;0;1;0;0;
31/01/2026 14:21:46.475;0;0;0;0;
31/01/2026 14:22:02.398;0;0;1;0;
31/01/2026 14:22:03.863;0;0;0;0;
31/01/2026 14:22:22.539;0;0;1;0;
31/01/2026 14:22:23.793;0;0;0;0;
31/01/2026 14:28:22.609;0;1;0;0;
31/01/2026 14:28:24.103;0;0;0;0;
31/01/2026 14:28:42.700;0;1;0;0;
31/01/2026 14:28:44.404;0;0;0;0;
31/01/2026 14:29:02.915;0;1;0;0;
31/01/2026 14:29:04.595;0;0;0;0;
31/01/2026 14:29:22.680;0;1;0;0;
31/01/2026 14:29:24.665;0;0;0;0;
31/01/2026 14:29:42.691;0;1;1;0;
31/01/2026 14:29:44.766;0;0;0;0;
31/01/2026 14:30:02.701;0;1;1;0;
31/01/2026 14:30:05.47;0;0;0;0;
31/01/2026 14:30:22.723;0;1;1;0;
31/01/2026 14:30:24.537;0;0;0;0;
31/01/2026 14:30:42.723;0;1;1;0;
31/01/2026 14:30:44.107;0;0;0;0;
31/01/2026 14:31:22.867;0;1;0;0;
31/01/2026 14:31:24.288;0;0;0;0;
31/01/2026 14:32:22.795;0;1;0;0;
31/01/2026 14:32:24.70;0;0;0;0;
31/01/2026 14:33:02.697;0;1;0;0;
31/01/2026 14:33:04.11;0;0;0;0;
31/01/2026 14:33:22.707;0;1;0;0;
31/01/2026 14:33:24.21;0;0;0;0;
31/01/2026 14:34:42.845;0;1;0;0;
31/01/2026 14:34:44.544;0;0;0;0;
31/01/2026 14:35:03.200;0;1;1;0;
31/01/2026 14:35:05.516;0;0;0;0;
31/01/2026 14:35:22.850;0;1;1;0;
31/01/2026 14:35:27.28;0;0;0;0;
31/01/2026 14:35:42.861;0;0;1;0;
31/01/2026 14:35:44.295;0;0;0;0;
31/01/2026 14:36:02.891;0;1;1;0;
31/01/2026 14:36:12.114;0;0;0;0;
31/01/2026 14:36:22.882;0;0;1;0;
31/01/2026 14:36:24.717;0;0;0;0;
31/01/2026 14:36:42.892;0;0;1;0;
31/01/2026 14:36:44.467;0;0;0;0;
31/01/2026 14:37:22.914;0;0;1;0;
31/01/2026 14:37:24.308;0;0;0;0;
31/01/2026 14:43:23.83;0;0;1;0;
31/01/2026 14:43:24.237;0;0;0;0;
31/01/2026 14:43:43.95;0;0;1;0;
31/01/2026 14:43:44.368;0;0;0;0;
31/01/2026 14:48:43.282;0;1;0;0;
31/01/2026 14:48:44.706;0;0;0;0;
31/01/2026 14:49:03.252;0;1;0;0;
31/01/2026 14:49:04.487;0;0;0;0;
31/01/2026 14:49:23.263;0;1;1;0;
31/01/2026 14:49:24.747;0;0;0;0;
31/01/2026 14:50:45.481;0;1;0;0;
31/01/2026 14:50:53.849;0;0;0;0;
31/01/2026 14:51:03.587;0;0;1;0;
31/01/2026 14:51:05.80;0;0;0;0;
31/01/2026 14:51:23.336;0;0;1;0;
31/01/2026 14:51:24.780;0;0;0;0;
31/01/2026 14:51:43.237;0;0;1;0;
31/01/2026 14:51:44.461;0;0;0;0;
31/01/2026 14:52:03.247;0;0;1;0;
31/01/2026 14:52:04.531;0;0;0;0;
31/01/2026 14:56:23.474;0;1;0;0;
31/01/2026 14:56:25.138;0;0;0;0;
31/01/2026 14:56:43.567;0;1;0;0;
31/01/2026 14:56:45.339;0;0;0;0;
31/01/2026 14:57:05.560;0;1;0;0;
31/01/2026 14:57:07.352;0;0;0;0;
31/01/2026 14:57:23.659;0;1;0;0;
31/01/2026 14:57:25.240;0;0;0;0;
31/01/2026 14:57:43.889;0;1;1;0;
31/01/2026 14:57:45.561;0;0;0;0;
31/01/2026 14:58:03.426;0;1;0;0;
31/01/2026 14:58:04.951;0;0;0;0;
31/01/2026 14:58:23.436;0;1;0;0;
31/01/2026 14:58:25.181;0;0;0;0;
31/01/2026 14:58:43.447;0;1;1;0;
31/01/2026 14:58:45.392;0;0;0;0;
31/01/2026 14:59:03.458;0;1;1;0;
31/01/2026 14:59:05.162;0;0;0;0;
31/01/2026 14:59:23.479;0;1;0;0;
31/01/2026 14:59:25.33;0;0;0;0;
31/01/2026 14:59:43.469;0;1;0;0;
31/01/2026 14:59:44.903;0;0;0;0;
31/01/2026 15:00:03.479;0;1;0;0;
31/01/2026 15:00:04.884;0;0;0;0;
31/01/2026 15:00:23.665;0;1;0;0;
31/01/2026 15:00:25.74;0;0;0;0;
31/01/2026 15:00:43.740;0;1;0;0;
31/01/2026 15:00:45.95;0;0;0;0;
31/01/2026 15:01:03.851;0;1;1;0;
31/01/2026 15:01:05.235;0;0;0;0;
31/01/2026 15:01:23.621;0;1;0;0;
31/01/2026 15:01:25.736;0;0;0;0;
31/01/2026 15:01:43.632;0;1;1;0;
31/01/2026 15:01:47.28;0;0;0;0;
31/01/2026 15:02:03.642;0;0;1;0;
31/01/2026 15:02:04.947;0;0;0;0;
31/01/2026 15:02:23.653;0;0;1;0;
31/01/2026 15:02:24.857;0;0;0;0;
31/01/2026 15:09:43.864;0;1;0;0;
31/01/2026 15:09:45.348;0;0;0;0;
31/01/2026 15:10:03.874;0;1;0;0;
31/01/2026 15:10:05.169;0;0;0;0;
31/01/2026 15:10:23.885;0;1;0;0;
31/01/2026 15:10:25.680;0;0;0;0;
31/01/2026 15:10:43.906;0;1;0;0;
31/01/2026 15:10:45.900;0;0;0;0;
31/01/2026 15:11:03.938;0;1;0;0;
31/01/2026 15:11:05.691;0;0;0;0;
31/01/2026 15:11:24.172;0;1;1;0;
31/01/2026 15:11:25.881;0;0;0;0;
31/01/2026 15:11:43.827;0;1;1;0;
31/01/2026 15:11:46.12;0;0;0;0;
31/01/2026 15:12:03.837;0;1;1;0;
31/01/2026 15:12:05.872;0;0;0;0;
31/01/2026 15:12:11.965;1;0;0;0;
31/01/2026 15:12:11.966;1;1;1;0;
31/01/2026 15:12:23.851;1;0;0;0;
31/01/2026 15:13:02.961;0;0;0;0;
31/01/2026 15:21:52.55;0;1;0;0;
31/01/2026 15:21:52.56;1;1;0;0;
31/01/2026 15:21:53.521;1;0;0;0;
31/01/2026 15:22:29.954;1;0;1;0;
31/01/2026 15:22:42.311;1;0;0;0;
31/01/2026 15:22:57.336;0;0;0;0;
31/01/2026 15:23:32.160;0;1;0;0;
31/01/2026 15:23:34.764;0;0;0;0;
31/01/2026 15:23:52.249;0;1;0;0;
31/01/2026 15:23:53.564;0;0;0;0;
31/01/2026 15:24:52.161;0;1;1;0;
31/01/2026 15:24:53.415;0;0;0;0;
31/01/2026 15:25:12.171;0;0;1;0;
31/01/2026 15:25:13.456;0;0;0;0;
31/01/2026 15:26:32.213;0;1;0;0;
31/01/2026 15:26:33.518;0;0;0;0;
31/01/2026 15:26:52.327;0;1;0;0;
31/01/2026 15:26:53.688;0;0;0;0;
31/01/2026 15:27:32.379;0;0;1;0;
31/01/2026 15:27:33.729;0;0;0;0;
31/01/2026 15:28:32.276;0;1;0;0;
31/01/2026 15:28:33.541;0;0;0;0;
31/01/2026 15:28:52.187;0;1;0;0;
31/01/2026 15:28:53.501;0;0;0;0;
31/01/2026 15:30:12.229;0;1;0;0;
31/01/2026 15:30:13.453;0;0;0;0;
31/01/2026 15:30:32.280;0;1;0;0;
31/01/2026 15:30:33.624;0;0;0;0;
31/01/2026 15:31:32.661;0;1;0;0;
31/01/2026 15:31:33.886;0;0;0;0;
31/01/2026 15:33:52.414;0;0;1;0;
31/01/2026 15:33:53.619;0;0;0;0;
31/01/2026 15:34:12.425;0;0;1;0;
31/01/2026 15:34:13.719;0;0;0;0;
31/01/2026 15:35:52.377;0;1;0;0;
31/01/2026 15:35:53.842;0;0;0;0;
31/01/2026 15:36:12.388;0;1;0;0;
31/01/2026 15:36:13.823;0;0;0;0;
31/01/2026 15:36:32.409;0;1;0;0;
31/01/2026 15:36:33.693;0;0;0;0;
31/01/2026 15:36:52.429;0;1;1;0;
31/01/2026 15:36:53.683;0;0;0;0;
31/01/2026 15:37:12.410;0;0;1;0;
31/01/2026 15:37:13.724;0;0;0;0;
31/01/2026 15:37:32.520;0;1;0;0;
31/01/2026 15:37:33.895;0;0;0;0;
31/01/2026 15:37:52.531;0;1;0;0;
31/01/2026 15:37:53.785;0;0;0;0;
31/01/2026 15:38:12.551;0;1;0;0;
31/01/2026 15:38:14.116;0;0;0;0;
31/01/2026 15:38:52.608;0;1;0;0;
31/01/2026 15:38:53.907;0;0;0;0;
31/01/2026 15:39:52.594;0;1;0;0;
31/01/2026 15:39:53.868;0;0;0;0;
31/01/2026 15:42:12.567;0;1;0;0;
31/01/2026 15:42:13.882;0;0;0;0;
31/01/2026 15:44:32.731;0;1;0;0;
31/01/2026 15:44:34.255;0;0;0;0;
31/01/2026 15:45:12.752;0;0;1;0;
31/01/2026 15:45:13.996;0;0;0;0;
31/01/2026 15:45:32.762;0;1;0;0;
31/01/2026 15:45:34.87;0;0;0;0;
31/01/2026 15:45:52.773;0;1;1;0;
31/01/2026 15:45:54.107;0;0;0;0;
31/01/2026 15:49:12.773;0;1;0;0;
31/01/2026 15:49:14.242;0;0;0;0;
31/01/2026 15:49:32.798;0;1;0;0;
31/01/2026 15:49:34.113;0;0;0;0;
31/01/2026 15:49:52.832;0;0;1;0;
31/01/2026 15:49:54.143;0;0;0;0;
31/01/2026 15:50:33.41;0;1;0;0;
31/01/2026 15:50:34.264;0;0;0;0;
31/01/2026 15:53:32.994;0;1;0;0;
31/01/2026 15:53:34.319;0;0;0;0;
31/01/2026 15:58:53.133;0;1;0;0;
31/01/2026 15:58:54.437;0;0;0;0;
31/01/2026 15:59:13.143;0;1;0;0;
31/01/2026 15:59:14.387;0;0;0;0;
31/01/2026 16:00:33.205;0;1;0;0;
31/01/2026 16:00:34.499;0;0;0;0;
31/01/2026 16:00:53.486;0;1;0;0;
31/01/2026 16:00:54.940;0;0;0;0;
31/01/2026 16:01:33.116;0;1;0;0;
31/01/2026 16:01:34.551;0;0;0;0;
31/01/2026 16:01:53.127;0;1;0;0;
31/01/2026 16:01:54.351;0;0;0;0;
31/01/2026 16:02:53.169;0;1;0;0;
31/01/2026 16:02:54.513;0;0;0;0;
31/01/2026 16:03:13.159;0;0;1;0;
31/01/2026 16:03:14.293;0;0;0;0;
31/01/2026 16:03:33.163;0;1;0;0;
31/01/2026 16:03:34.484;0;0;0;0;
31/01/2026 16:03:53.273;0;1;0;0;
31/01/2026 16:03:54.684;0;0;0;0;
31/01/2026 16:04:13.382;0;0;1;0;
31/01/2026 16:04:14.645;0;0;0;0;
31/01/2026 16:05:13.302;0;1;0;0;
31/01/2026 16:05:14.566;0;0;0;0;
31/01/2026 16:05:53.323;0;1;0;0;
31/01/2026 16:05:54.567;0;0;0;0;
31/01/2026 16:06:33.344;0;1;0;0;
31/01/2026 16:06:34.708;0;0;0;0;
31/01/2026 16:07:13.385;0;1;0;0;
31/01/2026 16:07:14.739;0;0;0;0;
31/01/2026 16:08:53.317;0;1;0;0;
31/01/2026 16:08:54.632;0;0;0;0;
31/01/2026 16:09:53.402;0;1;0;0;
31/01/2026 16:09:54.713;0;0;0;0;
31/01/2026 16:10:33.475;0;1;0;0;
31/01/2026 16:10:34.915;0;0;0;0;
31/01/2026 16:10:53.745;0;1;1;0;
31/01/2026 16:10:55.215;0;0;0;0;
31/01/2026 16:11:53.492;0;1;0;0;
31/01/2026 16:11:54.877;0;0;0;0;
31/01/2026 16:12:33.513;0;1;0;0;
31/01/2026 16:12:34.788;0;0;0;0;
31/01/2026 16:12:53.524;0;1;0;0;
31/01/2026 16:12:54.818;0;0;0;0;
31/01/2026 16:13:13.544;0;1;0;0;
31/01/2026 16:13:14.889;0;0;0;0;
31/01/2026 16:13:33.665;0;1;0;0;
31/01/2026 16:13:35.199;0;0;0;0;
31/01/2026 16:13:53.625;0;1;0;0;
31/01/2026 16:13:55.50;0;0;0;0;
31/01/2026 16:14:33.907;0;1;0;0;
31/01/2026 16:14:35.191;0;0;0;0;
31/01/2026 16:14:53.487;0;1;0;0;
31/01/2026 16:14:54.741;0;0;0;0;
31/01/2026 16:15:33.508;0;1;0;0;
31/01/2026 16:15:34.762;0;0;0;0;
31/01/2026 16:19:13.704;0;1;0;0;
31/01/2026 16:19:15.278;0;0;0;0;
31/01/2026 16:19:33.714;0;1;0;0;
31/01/2026 16:19:37.71;0;0;0;0;
31/01/2026 16:19:53.725;0;1;0;0;
31/01/2026 16:19:55.820;0;0;0;0;
31/01/2026 16:28:13.868;0;1;0;0;
31/01/2026 16:28:15.242;0;0;0;0;
31/01/2026 16:29:14.4;0;1;0;0;
31/01/2026 16:29:15.414;0;0;0;0;
31/01/2026 16:37:34.223;0;1;0;0;
31/01/2026 16:37:35.517;0;0;0;0;
31/01/2026 16:37:54.303;0;1;0;0;
31/01/2026 16:37:55.818;0;0;0;0;
31/01/2026 16:38:14.274;0;1;0;0;
31/01/2026 16:38:15.698;0;0;0;0;
31/01/2026 16:38:34.404;0;1;0;0;
31/01/2026 16:38:35.969;0;0;0;0;
31/01/2026 16:38:54.675;0;1;0;0;
31/01/2026 16:38:56.120;0;0;0;0;
31/01/2026 16:39:14.271;0;1;0;0;
31/01/2026 16:39:16.90;0;0;0;0;
31/01/2026 16:39:34.296;0;1;0;0;
31/01/2026 16:39:36.451;0;0;0;0;
31/01/2026 16:39:54.196;0;1;0;0;
31/01/2026 16:39:55.631;0;0;0;0;
31/01/2026 16:47:14.553;0;1;0;0;
31/01/2026 16:47:15.843;0;0;0;0;
31/01/2026 16:47:34.682;0;1;0;0;
31/01/2026 16:47:36.144;0;0;0;0;
31/01/2026 16:47:54.410;0;1;0;0;
31/01/2026 16:47:56.24;0;0;0;0;
31/01/2026 16:48:34.530;0;1;0;0;
31/01/2026 16:48:35.965;0;0;0;0;
31/01/2026 16:48:54.542;0;1;0;0;
31/01/2026 16:48:56.126;0;0;0;0;
31/01/2026 16:49:14.552;0;1;0;0;
31/01/2026 16:49:15.996;0;0;0;0;
31/01/2026 16:49:34.602;0;1;0;0;
31/01/2026 16:49:36.797;0;0;0;0;
31/01/2026 16:49:54.573;0;1;0;0;
31/01/2026 16:49:56.598;0;0;0;0;
31/01/2026 16:57:54.836;0;1;0;0;
31/01/2026 16:57:56.371;0;0;0;0;
31/01/2026 16:58:14.726;0;1;0;0;
31/01/2026 16:58:16.221;0;0;0;0;
31/01/2026 16:58:34.919;0;1;0;0;
31/01/2026 16:58:36.292;0;0;0;0;
31/01/2026 16:58:54.873;0;1;0;0;
31/01/2026 16:58:56.372;0;0;0;0;
31/01/2026 16:59:15.2;0;1;0;0;
31/01/2026 16:59:16.343;0;0;0;0;
31/01/2026 16:59:34.774;0;0;1;0;
31/01/2026 16:59:35.913;0;0;0;0;
31/01/2026 17:00:14.790;0;1;1;0;
31/01/2026 17:00:16.134;0;0;0;0;
31/01/2026 17:00:34.890;0;1;0;0;
31/01/2026 17:00:37.146;0;0;0;0;
31/01/2026 17:00:54.901;0;1;0;0;
31/01/2026 17:00:56.826;0;0;0;0;
31/01/2026 17:08:15.353;0;1;0;0;
31/01/2026 17:08:16.868;0;0;0;0;
31/01/2026 17:08:35.124;0;1;0;0;
31/01/2026 17:08:36.728;0;0;0;0;
31/01/2026 17:08:55.135;0;1;0;0;
31/01/2026 17:08:56.699;0;0;0;0;
31/01/2026 17:09:15.145;0;1;0;0;
31/01/2026 17:09:16.379;0;0;0;0;
31/01/2026 17:09:35.156;0;1;0;0;
31/01/2026 17:09:36.470;0;0;0;0;
31/01/2026 17:10:35.200;0;1;0;0;
31/01/2026 17:10:37.22;0;0;0;0;
31/01/2026 17:10:55.331;0;1;0;0;
31/01/2026 17:10:57.753;0;0;0;0;
31/01/2026 17:18:35.400;0;1;0;0;
31/01/2026 17:18:36.685;0;0;0;0;
31/01/2026 17:18:55.411;0;1;0;0;
31/01/2026 17:18:56.996;0;0;0;0;
31/01/2026 17:19:15.452;0;1;0;0;
31/01/2026 17:19:17.46;0;0;0;0;
31/01/2026 17:19:35.572;0;1;0;0;
31/01/2026 17:19:37.147;0;0;0;0;
31/01/2026 17:19:55.688;0;1;1;0;
31/01/2026 17:19:57.168;0;0;0;0;
31/01/2026 17:20:01.638;1;0;0;0;
31/01/2026 17:20:01.639;1;1;1;0;
31/01/2026 17:20:05.706;1;0;0;0;
31/01/2026 17:20:09.338;1;1;1;0;
31/01/2026 17:20:10.471;1;0;0;0;
31/01/2026 17:20:19.337;1;1;1;0;
31/01/2026 17:20:20.712;1;0;0;0;
31/01/2026 17:20:29.332;1;1;1;0;
31/01/2026 17:20:30.462;1;0;0;0;
31/01/2026 17:20:39.338;1;1;1;0;
31/01/2026 17:20:40.472;1;0;0;0;
31/01/2026 17:20:55.77;0;0;0;0;
31/01/2026 17:21:31.503;0;1;1;0;
31/01/2026 17:21:33.406;0;0;0;0;
31/01/2026 17:21:51.512;0;1;0;0;
31/01/2026 17:21:53.257;0;0;0;0;
31/01/2026 17:22:11.547;0;1;0;0;
31/01/2026 17:22:16.471;0;0;0;0;
31/01/2026 17:22:31.838;0;1;1;0;
31/01/2026 17:22:33.438;0;0;0;0;
31/01/2026 17:22:51.795;0;0;1;0;
31/01/2026 17:22:53.188;0;0;0;0;
31/01/2026 17:23:11.554;0;0;1;0;
31/01/2026 17:23:12.799;0;0;0;0;
31/01/2026 17:28:31.913;0;1;0;0;
31/01/2026 17:28:33.338;0;0;0;0;
31/01/2026 17:28:51.709;0;1;0;0;
31/01/2026 17:28:53.309;0;0;0;0;
31/01/2026 17:29:11.725;0;1;0;0;
31/01/2026 17:29:13.349;0;0;0;0;
31/01/2026 17:29:31.735;0;1;1;0;
31/01/2026 17:29:33.430;0;0;0;0;
31/01/2026 17:29:51.796;0;1;0;0;
31/01/2026 17:29:53.591;0;0;0;0;
31/01/2026 17:30:11.766;0;1;1;0;
31/01/2026 17:30:13.491;0;0;0;0;
31/01/2026 17:30:31.667;0;1;1;0;
31/01/2026 17:30:33.492;0;0;0;0;
31/01/2026 17:30:51.708;0;1;1;0;
31/01/2026 17:30:53.382;0;0;0;0;
31/01/2026 17:31:11.828;0;1;1;0;
31/01/2026 17:31:13.383;0;0;0;0;
31/01/2026 17:31:31.949;0;1;0;0;
31/01/2026 17:31:33.473;0;0;0;0;
31/01/2026 17:32:11.709;0;1;1;0;
31/01/2026 17:32:13.24;0;0;0;0;
31/01/2026 17:32:31.720;0;1;0;0;
31/01/2026 17:32:33.755;0;0;0;0;
31/01/2026 17:32:51.831;0;1;0;0;
31/01/2026 17:32:55.538;0;0;0;0;
31/01/2026 17:33:11.841;0;1;1;0;
31/01/2026 17:33:14.337;0;0;0;0;
31/01/2026 17:33:31.852;0;0;1;0;
31/01/2026 17:33:33.246;0;0;0;0;
31/01/2026 17:33:51.905;0;0;1;0;
31/01/2026 17:33:53.177;0;0;0;0;
31/01/2026 17:39:12.7;0;1;0;0;
31/01/2026 17:39:13.666;0;0;0;0;
31/01/2026 17:39:32.24;0;1;0;0;
31/01/2026 17:39:33.687;0;0;0;0;
31/01/2026 17:39:52.146;0;1;0;0;
31/01/2026 17:39:53.958;0;0;0;0;
31/01/2026 17:40:12.274;0;1;1;0;
31/01/2026 17:40:13.968;0;0;0;0;
31/01/2026 17:40:32.54;0;1;1;0;
31/01/2026 17:40:33.899;0;0;0;0;
31/01/2026 17:40:52.65;0;1;1;0;
31/01/2026 17:40:53.659;0;0;0;0;
31/01/2026 17:41:12.75;0;1;1;0;
31/01/2026 17:41:14.90;0;0;0;0;
31/01/2026 17:41:32.96;0;1;1;0;
31/01/2026 17:41:33.760;0;0;0;0;
31/01/2026 17:41:52.106;0;1;1;0;
31/01/2026 17:41:53.511;0;0;0;0;
31/01/2026 17:42:32.62;0;1;0;0;
31/01/2026 17:42:33.371;0;0;0;0;
31/01/2026 17:42:52.183;0;1;0;0;
31/01/2026 17:42:53.512;0;0;0;0;
31/01/2026 17:43:12.318;0;1;0;0;
31/01/2026 17:43:13.723;0;0;0;0;
31/01/2026 17:43:32.39;0;1;0;0;
31/01/2026 17:43:33.744;0;0;0;0;
31/01/2026 17:43:52.39;0;1;1;0;
31/01/2026 17:43:57.148;0;0;0;0;
31/01/2026 17:44:12.60;0;1;1;0;
31/01/2026 17:44:13.554;0;0;0;0;
31/01/2026 17:44:32.161;0;0;1;0;
31/01/2026 17:44:33.535;0;0;0;0;
31/01/2026 17:49:52.210;0;0;1;0;
31/01/2026 17:49:53.434;0;0;0;0;
31/01/2026 17:50:32.331;0;1;0;0;
31/01/2026 17:50:33.945;0;0;0;0;
31/01/2026 17:50:52.341;0;1;0;0;
31/01/2026 17:50:54.96;0;0;0;0;
31/01/2026 17:51:12.423;0;1;0;0;
31/01/2026 17:51:13.937;0;0;0;0;
31/01/2026 17:51:32.546;0;1;0;0;
31/01/2026 17:51:34.237;0;0;0;0;
31/01/2026 17:51:52.674;0;1;1;0;
31/01/2026 17:51:54.338;0;0;0;0;
31/01/2026 17:52:12.384;0;1;1;0;
31/01/2026 17:52:14.139;0;0;0;0;
31/01/2026 17:52:32.395;0;1;1;0;
31/01/2026 17:52:34.169;0;0;0;0;
31/01/2026 17:52:52.405;0;1;1;0;
31/01/2026 17:52:54.210;0;0;0;0;
31/01/2026 17:53:12.415;0;1;1;0;
31/01/2026 17:53:13.730;0;0;0;0;
31/01/2026 17:53:32.426;0;1;0;0;
31/01/2026 17:53:33.680;0;0;0;0;
31/01/2026 17:54:12.477;0;1;0;0;
31/01/2026 17:54:14.82;0;0;0;0;
31/01/2026 17:54:32.598;0;1;0;0;
31/01/2026 17:54:33.942;0;0;0;0;
31/01/2026 17:54:52.368;0;1;0;0;
31/01/2026 17:54:54.613;0;0;0;0;
31/01/2026 17:55:12.389;0;1;1;0;
31/01/2026 17:55:16.346;0;0;0;0;
31/01/2026 17:55:32.379;0;0;1;0;
31/01/2026 17:55:33.844;0;0;0;0;
31/01/2026 17:55:52.390;0;0;1;0;
31/01/2026 17:55:53.644;0;0;0;0;
31/01/2026 18:01:32.560;0;1;0;0;
31/01/2026 18:01:33.844;0;0;0;0;
31/01/2026 18:01:52.671;0;1;0;0;
31/01/2026 18:01:54.135;0;0;0;0;
31/01/2026 18:02:12.681;0;1;0;0;
31/01/2026 18:02:14.265;0;0;0;0;
31/01/2026 18:02:32.704;0;1;0;0;
31/01/2026 18:02:34.386;0;0;0;0;
31/01/2026 18:02:52.825;0;1;1;0;
31/01/2026 18:02:54.457;0;0;0;0;
31/01/2026 18:03:12.955;0;1;0;0;
31/01/2026 18:03:14.888;0;0;0;0;
31/01/2026 18:03:32.723;0;1;1;0;
31/01/2026 18:03:34.718;0;0;0;0;
31/01/2026 18:03:52.734;0;1;1;0;
31/01/2026 18:03:54.669;0;0;0;0;
31/01/2026 18:04:12.744;0;1;1;0;
31/01/2026 18:04:14.549;0;0;0;0;
31/01/2026 18:04:32.755;0;0;1;0;
31/01/2026 18:04:34.49;0;0;0;0;
31/01/2026 18:04:52.775;0;1;0;0;
31/01/2026 18:04:54.70;0;0;0;0;
31/01/2026 18:05:52.867;0;1;0;0;
31/01/2026 18:05:54.302;0;0;0;0;
31/01/2026 18:06:12.988;0;1;0;0;
31/01/2026 18:06:15.684;0;0;0;0;
31/01/2026 18:06:32.718;0;1;1;0;
31/01/2026 18:06:37.36;0;0;0;0;
31/01/2026 18:06:52.759;0;0;1;0;
31/01/2026 18:06:54.273;0;0;0;0;
31/01/2026 18:07:12.729;0;0;1;0;
31/01/2026 18:07:13.984;0;0;0;0;
31/01/2026 18:07:32.740;0;0;1;0;
31/01/2026 18:07:33.904;0;0;0;0;
31/01/2026 18:13:12.940;0;1;0;0;
31/01/2026 18:13:14.224;0;0;0;0;
31/01/2026 18:13:32.920;0;1;0;0;
31/01/2026 18:13:34.385;0;0;0;0;
31/01/2026 18:13:53.21;0;1;0;0;
31/01/2026 18:13:54.555;0;0;0;0;
31/01/2026 18:14:13.74;0;1;0;0;
31/01/2026 18:14:14.616;0;0;0;0;
31/01/2026 18:14:33.195;0;1;0;0;
31/01/2026 18:14:34.857;0;0;0;0;
31/01/2026 18:14:53.324;0;1;1;0;
31/01/2026 18:14:54.897;0;0;0;0;
31/01/2026 18:15:13.63;0;1;0;0;
31/01/2026 18:15:14.788;0;0;0;0;
31/01/2026 18:15:33.73;0;1;1;0;
31/01/2026 18:15:34.588;0;0;0;0;
31/01/2026 18:15:53.84;0;1;1;0;
31/01/2026 18:15:54.949;0;0;0;0;
31/01/2026 18:16:13.105;0;1;1;0;
31/01/2026 18:16:14.759;0;0;0;0;
31/01/2026 18:16:33.105;0;1;0;0;
31/01/2026 18:16:34.780;0;0;0;0;
31/01/2026 18:16:53.136;0;1;1;0;
31/01/2026 18:16:54.570;0;0;0;0;
31/01/2026 18:17:53.47;0;1;0;0;
31/01/2026 18:17:54.392;0;0;0;0;
31/01/2026 18:18:13.58;0;1;0;0;
31/01/2026 18:18:14.522;0;0;0;0;
31/01/2026 18:18:33.78;0;1;0;0;
31/01/2026 18:18:38.787;0;0;0;0;
31/01/2026 18:18:53.69;0;0;1;0;
31/01/2026 18:18:54.754;0;0;0;0;
31/01/2026 18:19:13.80;0;0;1;0;
31/01/2026 18:19:14.424;0;0;0;0;
31/01/2026 18:25:13.270;0;1;0;0;
31/01/2026 18:25:14.764;0;0;0;0;
31/01/2026 18:25:33.380;0;1;0;0;
31/01/2026 18:25:34.675;0;0;0;0;
31/01/2026 18:25:53.434;0;1;0;0;
31/01/2026 18:25:54.876;0;0;0;0;
31/01/2026 18:26:13.564;0;1;0;0;
31/01/2026 18:26:15.257;0;0;0;0;
31/01/2026 18:26:33.686;0;1;0;0;
31/01/2026 18:26:35.317;0;0;0;0;
31/01/2026 18:26:53.423;0;1;1;0;
31/01/2026 18:26:54.907;0;0;0;0;
31/01/2026 18:27:13.433;0;1;0;0;
31/01/2026 18:27:15.248;0;0;0;0;
31/01/2026 18:27:33.454;0;1;1;0;
31/01/2026 18:27:34.788;0;0;0;0;
31/01/2026 18:27:53.454;0;1;0;0;
31/01/2026 18:27:54.749;0;0;0;0;
31/01/2026 18:28:13.465;0;1;0;0;
31/01/2026 18:28:15.310;0;0;0;0;
31/01/2026 18:28:33.495;0;1;1;0;
31/01/2026 18:28:35.431;0;0;0;0;
31/01/2026 18:28:53.566;0;1;1;0;
31/01/2026 18:28:55.171;0;0;0;0;
31/01/2026 18:29:33.407;0;1;0;0;
31/01/2026 18:29:34.721;0;0;0;0;
31/01/2026 18:29:53.418;0;1;0;0;
31/01/2026 18:29:54.732;0;0;0;0;
31/01/2026 18:30:13.438;0;1;0;0;
31/01/2026 18:30:15.443;0;0;0;0;
31/01/2026 18:30:33.429;0;1;0;0;
31/01/2026 18:30:38.687;0;0;0;0;
31/01/2026 18:30:53.429;0;0;1;0;
31/01/2026 18:30:55.134;0;0;0;0;
31/01/2026 18:31:13.440;0;0;1;0;
31/01/2026 18:31:14.694;0;0;0;0;
31/01/2026 18:38:13.953;0;1;0;0;
31/01/2026 18:38:15.466;0;0;0;0;
31/01/2026 18:38:33.752;0;1;0;0;
31/01/2026 18:38:35.467;0;0;0;0;
31/01/2026 18:38:53.763;0;1;0;0;
31/01/2026 18:38:55.277;0;0;0;0;
31/01/2026 18:39:13.773;0;1;0;0;
31/01/2026 18:39:15.348;0;0;0;0;
31/01/2026 18:39:33.784;0;1;1;0;
31/01/2026 18:39:35.208;0;0;0;0;
31/01/2026 18:39:53.795;0;1;0;0;
31/01/2026 18:39:55.299;0;0;0;0;
31/01/2026 18:40:13.805;0;1;0;0;
31/01/2026 18:40:15.319;0;0;0;0;
31/01/2026 18:40:33.825;0;1;0;0;
31/01/2026 18:40:35.700;0;0;0;0;
31/01/2026 18:40:53.936;0;1;1;0;
31/01/2026 18:40:55.681;0;0;0;0;
31/01/2026 18:41:13.947;0;1;1;0;
31/01/2026 18:41:16.12;0;0;0;0;
31/01/2026 18:41:33.747;0;1;1;0;
31/01/2026 18:41:35.121;0;0;0;0;
31/01/2026 18:41:53.888;0;1;0;0;
31/01/2026 18:41:55.202;0;0;0;0;
31/01/2026 18:43:33.900;0;1;0;0;
31/01/2026 18:43:37.447;0;0;0;0;
31/01/2026 18:43:53.962;0;1;1;0;
31/01/2026 18:43:55.546;0;0;0;0;
31/01/2026 18:44:14.272;0;0;1;0;
31/01/2026 18:44:15.516;0;0;0;0;
31/01/2026 18:53:34.286;0;0;1;0;
31/01/2026 18:53:35.641;0;0;0;0;
31/01/2026 18:58:14.353;0;0;1;0;
31/01/2026 18:58:15.568;0;0;0;0;
31/01/2026 18:58:34.364;0;0;1;0;
31/01/2026 18:58:35.698;0;0;0;0;
31/01/2026 19:03:54.575;0;1;0;0;
31/01/2026 19:03:55.936;0;0;0;0;
31/01/2026 19:04:14.678;0;1;0;0;
31/01/2026 19:04:16.517;0;0;0;0;
31/01/2026 19:04:34.787;0;1;0;0;
31/01/2026 19:04:36.868;0;0;0;0;
31/01/2026 19:04:54.543;0;1;1;0;
31/01/2026 19:04:55.878;0;0;0;0;
31/01/2026 19:05:14.554;0;1;1;0;
31/01/2026 19:05:16.8;0;0;0;0;
31/01/2026 19:05:54.575;0;1;0;0;
31/01/2026 19:05:56.19;0;0;0;0;
31/01/2026 19:06:14.585;0;1;0;0;
31/01/2026 19:06:16.400;0;0;0;0;
31/01/2026 19:06:34.606;0;1;1;0;
31/01/2026 19:06:36.911;0;0;0;0;
31/01/2026 19:06:54.606;0;1;0;0;
31/01/2026 19:06:55.891;0;0;0;0;
31/01/2026 19:16:34.871;0;1;0;0;
31/01/2026 19:16:36.305;0;0;0;0;
31/01/2026 19:16:54.881;0;1;0;0;
31/01/2026 19:16:56.896;0;0;0;0;
31/01/2026 19:17:14.892;0;1;1;0;
31/01/2026 19:17:16.216;0;0;0;0;
31/01/2026 19:17:18.915;1;0;0;0;
31/01/2026 19:17:18.916;1;1;1;0;
31/01/2026 19:17:30.581;1;0;0;0;
31/01/2026 19:18:10.482;0;0;0;0;
31/01/2026 19:27:04.565;0;1;0;0;
31/01/2026 19:27:04.566;1;1;0;0;
31/01/2026 19:27:05.981;1;0;0;0;
31/01/2026 19:27:42.464;1;0;1;0;
31/01/2026 19:27:54.841;1;0;0;0;
31/01/2026 19:28:09.706;0;0;0;0;
31/01/2026 19:28:44.590;0;1;0;0;
31/01/2026 19:28:50.568;0;0;0;0;
31/01/2026 19:30:44.692;0;1;0;0;
31/01/2026 19:30:46.497;0;0;0;0;
31/01/2026 19:31:04.703;0;1;0;0;
31/01/2026 19:31:07.348;0;0;0;0;
31/01/2026 19:31:24.714;0;1;0;0;
31/01/2026 19:31:26.228;0;0;0;0;
31/01/2026 19:31:44.724;0;1;0;0;
31/01/2026 19:31:46.48;0;0;0;0;
31/01/2026 19:32:24.755;0;1;0;0;
31/01/2026 19:32:26.129;0;0;0;0;
31/01/2026 19:32:46.827;0;0;1;0;
31/01/2026 19:32:48.42;0;0;0;0;
31/01/2026 19:33:05.109;0;1;0;0;
31/01/2026 19:33:06.430;0;0;0;0;
31/01/2026 19:33:45.90;0;1;0;0;
31/01/2026 19:33:46.341;0;0;0;0;
31/01/2026 19:35:04.729;0;1;0;0;
31/01/2026 19:35:06.73;0;0;0;0;
31/01/2026 19:35:44.774;0;1;0;0;
31/01/2026 19:35:46.34;0;0;0;0;
31/01/2026 19:36:45.152;0;1;0;0;
31/01/2026 19:36:46.526;0;0;0;0;
31/01/2026 19:38:04.914;0;1;0;0;
31/01/2026 19:38:06.218;0;0;0;0;
31/01/2026 19:38:24.924;0;1;0;0;
31/01/2026 19:38:26.499;0;0;0;0;
31/01/2026 19:38:44.935;0;0;1;0;
31/01/2026 19:38:46.299;0;0;0;0;
31/01/2026 19:39:04.945;0;1;0;0;
31/01/2026 19:39:06.610;0;0;0;0;
31/01/2026 19:39:24.955;0;1;0;0;
31/01/2026 19:39:26.220;0;0;0;0;
31/01/2026 19:40:04.986;0;1;0;0;
31/01/2026 19:40:06.221;0;0;0;0;
31/01/2026 19:41:44.929;0;1;0;0;
31/01/2026 19:41:46.333;0;0;0;0;
31/01/2026 19:42:24.940;0;1;1;0;
31/01/2026 19:42:26.284;0;0;0;0;
31/01/2026 19:42:44.950;0;0;1;0;
31/01/2026 19:42:46.205;0;0;0;0;
31/01/2026 19:43:25.72;0;1;0;0;
31/01/2026 19:43:26.306;0;0;0;0;
31/01/2026 19:44:45.174;0;1;0;0;
31/01/2026 19:44:46.598;0;0;0;0;
31/01/2026 19:45:05.260;0;1;0;0;
31/01/2026 19:45:06.559;0;0;0;0;
31/01/2026 19:46:05.166;0;1;0;0;
31/01/2026 19:46:06.580;0;0;0;0;
31/01/2026 19:46:25.166;0;1;0;0;
31/01/2026 19:46:26.461;0;0;0;0;
31/01/2026 19:50:25.272;0;1;0;0;
31/01/2026 19:50:26.707;0;0;0;0;
31/01/2026 19:50:45.283;0;0;1;0;
31/01/2026 19:50:46.517;0;0;0;0;
31/01/2026 19:51:05.313;0;1;0;0;
31/01/2026 19:51:06.638;0;0;0;0;
31/01/2026 19:51:25.299;0;0;1;0;
31/01/2026 19:51:26.638;0;0;0;0;
31/01/2026 19:51:45.314;0;1;0;0;
31/01/2026 19:51:46.919;0;0;0;0;
31/01/2026 19:52:05.325;0;1;0;0;
31/01/2026 19:52:06.659;0;0;0;0;
31/01/2026 19:52:25.586;0;1;0;0;
31/01/2026 19:52:27.300;0;0;0;0;
31/01/2026 19:52:45.461;0;1;0;0;
31/01/2026 19:52:46.840;0;0;0;0;
31/01/2026 19:54:05.288;0;1;0;0;
31/01/2026 19:54:06.512;0;0;0;0;
31/01/2026 19:55:05.359;0;1;0;0;
31/01/2026 19:55:06.644;0;0;0;0;
31/01/2026 19:55:25.340;0;1;0;0;
31/01/2026 19:55:26.684;0;0;0;0;
31/01/2026 19:56:25.545;0;1;0;0;
31/01/2026 19:56:26.956;0;0;0;0;
31/01/2026 19:56:45.645;0;1;0;0;
31/01/2026 19:56:46.996;0;0;0;0;
31/01/2026 19:57:05.746;0;1;0;0;
31/01/2026 19:57:06.977;0;0;0;0;
31/01/2026 19:57:25.493;0;1;0;0;
31/01/2026 19:57:27.37;0;0;0;0;
31/01/2026 19:57:45.503;0;1;0;0;
31/01/2026 19:57:46.798;0;0;0;0;
31/01/2026 19:58:05.514;0;0;1;0;
31/01/2026 19:58:06.758;0;0;0;0;
31/01/2026 19:58:25.525;0;0;1;0;
31/01/2026 19:58:26.859;0;0;0;0;
31/01/2026 19:59:05.545;0;1;0;0;
31/01/2026 19:59:07.20;0;0;0;0;
31/01/2026 19:59:25.556;0;1;0;0;
31/01/2026 19:59:27.151;0;0;0;0;
31/01/2026 20:00:45.789;0;1;0;0;
31/01/2026 20:00:47.283;0;0;0;0;
31/01/2026 20:01:05.508;0;1;0;0;
31/01/2026 20:01:06.913;0;0;0;0;
31/01/2026 20:03:05.651;0;1;0;0;
31/01/2026 20:03:06.906;0;0;0;0;
31/01/2026 20:03:25.915;0;1;0;0;
31/01/2026 20:03:27.267;0;0;0;0;
31/01/2026 20:04:05.916;0;1;0;0;
31/01/2026 20:04:07.278;0;0;0;0;
31/01/2026 20:04:45.704;0;1;0;0;
31/01/2026 20:04:47.519;0;0;0;0;
31/01/2026 20:06:45.787;0;1;0;0;
31/01/2026 20:06:47.201;0;0;0;0;
31/01/2026 20:07:25.928;0;1;0;0;
31/01/2026 20:07:27.333;0;0;0;0;
31/01/2026 20:12:25.926;0;1;0;0;
31/01/2026 20:12:27.280;0;0;0;0;
31/01/2026 20:12:45.936;0;1;0;0;
31/01/2026 20:12:47.260;0;0;0;0;
31/01/2026 20:17:26.236;0;0;1;0;
31/01/2026 20:17:27.478;0;0;0;0;
31/01/2026 20:17:46.348;0;1;1;0;
31/01/2026 20:17:47.708;0;0;0;0;
31/01/2026 20:18:26.105;0;1;0;0;
31/01/2026 20:18:27.499;0;0;0;0;
31/01/2026 20:19:06.126;0;1;0;0;
31/01/2026 20:19:07.450;0;0;0;0;
31/01/2026 20:19:26.136;0;1;0;0;
31/01/2026 20:19:27.751;0;0;0;0;
31/01/2026 20:19:46.267;0;1;0;0;
31/01/2026 20:19:47.521;0;0;0;0;
31/01/2026 20:21:46.110;0;1;0;0;
31/01/2026 20:21:47.454;0;0;0;0;
31/01/2026 20:25:06.315;0;1;0;0;
31/01/2026 20:25:07.649;0;0;0;0;
31/01/2026 20:31:06.505;0;1;0;0;
31/01/2026 20:31:07.989;0;0;0;0;
31/01/2026 20:31:26.515;0;1;0;0;
31/01/2026 20:31:27.849;0;0;0;0;
31/01/2026 20:32:26.567;0;1;0;0;
31/01/2026 20:32:27.821;0;0;0;0;
31/01/2026 20:34:06.765;0;1;0;0;
31/01/2026 20:34:08.174;0;0;0;0;
31/01/2026 20:36:26.664;0;1;0;0;
31/01/2026 20:36:27.957;0;0;0;0;
31/01/2026 20:36:46.777;0;1;0;0;
31/01/2026 20:36:48.138;0;0;0;0;
31/01/2026 20:37:06.897;0;0;1;0;
31/01/2026 20:37:08.49;0;0;0;0;
31/01/2026 20:37:26.695;0;1;1;0;
31/01/2026 20:37:27.949;0;0;0;0;
31/01/2026 20:39:46.748;0;1;0;0;
31/01/2026 20:39:48.63;0;0;0;0;
31/01/2026 20:40:26.990;0;1;0;0;
31/01/2026 20:40:28.304;0;0;0;0;
31/01/2026 20:43:07.8;0;1;0;0;
31/01/2026 20:43:08.338;0;0;0;0;
31/01/2026 20:43:46.915;0;1;0;0;
31/01/2026 20:43:48.219;0;0;0;0;
31/01/2026 20:46:46.890;0;1;0;0;
31/01/2026 20:46:48.144;0;0;0;0;
31/01/2026 20:51:47.38;0;1;0;0;
31/01/2026 20:51:48.262;0;0;0;0;
31/01/2026 20:53:47.72;0;1;0;0;
31/01/2026 20:53:48.385;0;0;0;0;
31/01/2026 20:58:07.338;0;1;0;0;
31/01/2026 20:58:08.623;0;0;0;0;
31/01/2026 20:58:27.459;0;1;0;0;
31/01/2026 20:58:28.773;0;0;0;0;
31/01/2026 20:59:07.240;0;1;0;0;
31/01/2026 20:59:08.564;0;0;0;0;
31/01/2026 20:59:27.250;0;1;0;0;
31/01/2026 20:59:28.595;0;0;0;0;
31/01/2026 21:07:07.717;0;1;0;0;
31/01/2026 21:07:09.48;0;0;0;0;
31/01/2026 21:07:47.614;0;1;1;0;
31/01/2026 21:07:48.949;0;0;0;0;
31/01/2026 21:08:27.636;0;1;0;0;
31/01/2026 21:08:28.940;0;0;0;0;
31/01/2026 21:09:07.666;0;1;0;0;
31/01/2026 21:09:08.951;0;0;0;0;
31/01/2026 21:10:07.728;0;1;0;0;
31/01/2026 21:10:09.73;0;0;0;0;
31/01/2026 21:10:47.610;0;1;0;0;
31/01/2026 21:10:48.924;0;0;0;0;
31/01/2026 21:11:27.620;0;1;0;0;
31/01/2026 21:11:28.935;0;0;0;0;
31/01/2026 21:12:07.742;0;1;0;0;
31/01/2026 21:12:09.56;0;0;0;0;
31/01/2026 21:13:07.909;0;1;0;0;
31/01/2026 21:13:09.268;0;0;0;0;
31/01/2026 21:13:28.29;0;1;0;0;
31/01/2026 21:13:29.358;0;0;0;0;
31/01/2026 21:13:47.805;0;1;0;0;
31/01/2026 21:13:49.169;0;0;0;0;
31/01/2026 21:15:07.847;0;1;0;0;
31/01/2026 21:15:09.391;0;0;0;0;
31/01/2026 21:15:27.857;0;1;0;0;
31/01/2026 21:15:31.204;0;0;0;0;
31/01/2026 21:15:47.798;0;1;1;0;
31/01/2026 21:15:51.124;0;0;0;0;
31/01/2026 21:16:08.18;0;1;1;0;
31/01/2026 21:16:17.531;0;0;0;0;
31/01/2026 21:16:28.49;0;0;1;0;
31/01/2026 21:16:29.604;0;0;0;0;
31/01/2026 21:16:47.689;0;0;1;0;
31/01/2026 21:16:49.3;0;0;0;0;
31/01/2026 21:17:27.840;0;0;1;0;
31/01/2026 21:17:29.185;0;0;0;0;
31/01/2026 21:21:53.355;1;0;0;0;
31/01/2026 21:21:53.364;1;1;1;0;
31/01/2026 21:21:57.941;1;0;0;0;
31/01/2026 21:22:01.181;1;1;1;0;
31/01/2026 21:22:02.315;1;0;0;0;
31/01/2026 21:22:11.238;1;1;1;0;
31/01/2026 21:22:12.646;1;0;0;0;
31/01/2026 21:22:21.303;1;1;1;0;
31/01/2026 21:22:22.436;1;0;0;0;
31/01/2026 21:22:31.21;1;1;1;0;
31/01/2026 21:22:32.156;1;0;0;0;
31/01/2026 21:22:46.691;0;0;0;0;
31/01/2026 21:23:23.187;0;1;0;0;
31/01/2026 21:23:28.604;0;0;0;0;
31/01/2026 21:23:43.196;0;0;1;0;
31/01/2026 21:23:44.901;0;0;0;0;
31/01/2026 21:24:03.227;0;0;1;0;
31/01/2026 21:24:04.581;0;0;0;0;
31/01/2026 21:26:03.160;0;1;0;0;
31/01/2026 21:26:04.544;0;0;0;0;
31/01/2026 21:26:23.181;0;1;0;0;
31/01/2026 21:26:24.675;0;0;0;0;
31/01/2026 21:26:43.181;0;1;0;0;
31/01/2026 21:26:44.856;0;0;0;0;
31/01/2026 21:27:03.292;0;1;0;0;
31/01/2026 21:27:05.27;0;0;0;0;
31/01/2026 21:27:23.302;0;1;1;0;
31/01/2026 21:27:25.67;0;0;0;0;
31/01/2026 21:27:43.536;0;1;1;0;
31/01/2026 21:27:45.558;0;0;0;0;
31/01/2026 21:28:03.425;0;1;1;0;
31/01/2026 21:28:05.449;0;0;0;0;
31/01/2026 21:28:23.547;0;1;1;0;
31/01/2026 21:28:25.629;0;0;0;0;
31/01/2026 21:28:43.345;0;1;1;0;
31/01/2026 21:28:44.809;0;0;0;0;
31/01/2026 21:29:03.355;0;0;1;0;
31/01/2026 21:29:04.629;0;0;0;0;
31/01/2026 21:29:23.376;0;1;0;0;
31/01/2026 21:29:24.760;0;0;0;0;
31/01/2026 21:29:43.377;0;1;0;0;
31/01/2026 21:29:44.791;0;0;0;0;
31/01/2026 21:30:03.407;0;1;1;0;
31/01/2026 21:30:05.452;0;0;0;0;
31/01/2026 21:30:23.427;0;1;1;0;
31/01/2026 21:30:28.255;0;0;0;0;
31/01/2026 21:30:43.318;0;1;1;0;
31/01/2026 21:30:52.650;0;0;0;0;
31/01/2026 21:31:03.439;0;0;1;0;
31/01/2026 21:31:04.903;0;0;0;0;
31/01/2026 21:31:23.800;0;0;1;0;
31/01/2026 21:31:25.264;0;0;0;0;
31/01/2026 21:31:43.350;0;0;1;0;
31/01/2026 21:31:44.604;0;0;0;0;
31/01/2026 21:32:23.341;0;0;1;0;
31/01/2026 21:32:24.675;0;0;0;0;
31/01/2026 21:41:03.705;0;1;0;0;
31/01/2026 21:41:05.510;0;0;0;0;
31/01/2026 21:41:23.716;0;1;0;0;
31/01/2026 21:41:25.281;0;0;0;0;
31/01/2026 21:41:43.747;0;1;0;0;
31/01/2026 21:41:45.321;0;0;0;0;
31/01/2026 21:42:03.837;0;1;0;0;
31/01/2026 21:42:05.922;0;0;0;0;
31/01/2026 21:42:43.748;0;1;0;0;
31/01/2026 21:42:52.360;0;0;0;0;
31/01/2026 21:43:04.109;0;0;1;0;
31/01/2026 21:43:05.784;0;0;0;0;
31/01/2026 21:43:23.689;0;0;1;0;
31/01/2026 21:43:25.184;0;0;0;0;
31/01/2026 21:43:43.680;0;0;1;0;
31/01/2026 21:43:44.874;0;0;0;0;
31/01/2026 21:53:24.97;0;1;0;0;
31/01/2026 21:53:25.491;0;0;0;0;
31/01/2026 21:53:44.188;0;1;0;0;
31/01/2026 21:53:45.722;0;0;0;0;
31/01/2026 21:54:03.998;0;1;0;0;
31/01/2026 21:54:05.732;0;0;0;0;
31/01/2026 21:54:24.89;0;1;0;0;
31/01/2026 21:54:25.803;0;0;0;0;
31/01/2026 21:54:44.460;0;1;1;0;
31/01/2026 21:54:46.404;0;0;0;0;
31/01/2026 21:55:04.330;0;1;1;0;
31/01/2026 21:55:05.914;0;0;0;0;
31/01/2026 21:55:24.30;0;1;1;0;
31/01/2026 21:55:26.35;0;0;0;0;
31/01/2026 21:55:44.40;0;1;1;0;
31/01/2026 21:55:46.106;0;0;0;0;
31/01/2026 21:56:04.51;0;1;1;0;
31/01/2026 21:56:05.425;0;0;0;0;
31/01/2026 21:56:44.172;0;1;0;0;
31/01/2026 21:56:45.547;0;0;0;0;
31/01/2026 21:57:04.183;0;1;0;0;
31/01/2026 21:57:05.838;0;0;0;0;
31/01/2026 21:57:24.278;0;1;0;0;
31/01/2026 21:57:26.479;0;0;0;0;
31/01/2026 21:57:44.402;0;1;1;0;
31/01/2026 21:57:48.682;0;0;0;0;
31/01/2026 21:58:04.215;0;1;1;0;
31/01/2026 21:58:13.557;0;0;0;0;
31/01/2026 21:58:24.225;0;0;1;0;
31/01/2026 21:58:25.770;0;0;0;0;
31/01/2026 21:58:44.236;0;0;1;0;
31/01/2026 21:58:45.740;0;0;0;0;
31/01/2026 21:59:04.246;0;0;1;0;
31/01/2026 21:59:05.481;0;0;0;0;
31/01/2026 21:59:44.267;0;0;1;0;
31/01/2026 21:59:45.612;0;0;0;0;
31/01/2026 22:08:44.523;0;1;0;0;
31/01/2026 22:08:45.907;0;0;0;0;
31/01/2026 22:09:04.617;0;1;0;0;
31/01/2026 22:09:06.518;0;0;0;0;
31/01/2026 22:09:24.740;0;1;0;0;
31/01/2026 22:09:26.549;0;0;0;0;
31/01/2026 22:09:44.550;0;1;1;0;
31/01/2026 22:09:46.479;0;0;0;0;
31/01/2026 22:10:04.565;0;1;1;0;
31/01/2026 22:10:07.31;0;0;0;0;
31/01/2026 22:10:24.576;0;1;0;0;
31/01/2026 22:10:33.188;0;0;0;0;
31/01/2026 22:10:44.586;0;0;1;0;
31/01/2026 22:10:46.171;0;0;0;0;
31/01/2026 22:11:04.607;0;0;1;0;
31/01/2026 22:11:06.61;0;0;0;0;
31/01/2026 22:11:24.608;0;0;1;0;
31/01/2026 22:11:25.742;0;0;0;0;
31/01/2026 22:11:44.528;0;0;1;0;
31/01/2026 22:11:45.752;0;0;0;0;
31/01/2026 22:21:05.39;0;1;0;0;
31/01/2026 22:21:06.759;0;0;0;0;
31/01/2026 22:21:25.167;0;1;0;0;
31/01/2026 22:21:26.679;0;0;0;0;
31/01/2026 22:21:44.925;0;1;0;0;
31/01/2026 22:21:46.670;0;0;0;0;
31/01/2026 22:22:04.936;0;1;1;0;
31/01/2026 22:22:06.801;0;0;0;0;
31/01/2026 22:22:24.946;0;1;0;0;
31/01/2026 22:22:27.51;0;0;0;0;
31/01/2026 22:22:44.987;0;1;1;0;
31/01/2026 22:22:47.52;0;0;0;0;
31/01/2026 22:23:04.967;0;1;1;0;
31/01/2026 22:23:06.502;0;0;0;0;
31/01/2026 22:23:24.878;0;1;1;0;
31/01/2026 22:23:26.472;0;0;0;0;
31/01/2026 22:23:44.938;0;1;0;0;
31/01/2026 22:23:46.403;0;0;0;0;
31/01/2026 22:24:05.59;0;1;1;0;
31/01/2026 22:24:06.584;0;0;0;0;
31/01/2026 22:24:25.190;0;1;0;0;
31/01/2026 22:24:26.744;0;0;0;0;
31/01/2026 22:25:25.21;0;1;0;0;
31/01/2026 22:25:29.649;0;0;0;0;
31/01/2026 22:25:45.32;0;1;1;0;
31/01/2026 22:25:52.913;0;0;0;0;
31/01/2026 22:26:07.134;0;0;1;0;
31/01/2026 22:26:08.709;0;0;0;0;
31/01/2026 22:26:25.53;0;0;1;0;
31/01/2026 22:26:26.447;0;0;0;0;
31/01/2026 22:27:45.95;0;0;1;0;
31/01/2026 22:27:46.460;0;0;0;0;
31/01/2026 22:35:45.329;0;1;0;0;
31/01/2026 22:35:47.304;0;0;0;0;
31/01/2026 22:36:05.455;0;1;0;0;
31/01/2026 22:36:07.404;0;0;0;0;
31/01/2026 22:36:25.280;0;1;0;0;
31/01/2026 22:36:26.624;0;0;0;0;
31/01/2026 22:36:45.261;0;1;1;0;
31/01/2026 22:36:46.635;0;0;0;0;
31/01/2026 22:37:05.261;0;1;1;0;
31/01/2026 22:37:06.725;0;0;0;0;
31/01/2026 22:38:05.392;0;1;0;0;
31/01/2026 22:38:08.18;0;0;0;0;
31/01/2026 22:38:25.403;0;1;0;0;
31/01/2026 22:38:27.358;0;0;0;0;
31/01/2026 22:38:45.758;0;1;1;0;
31/01/2026 22:38:54.376;0;0;0;0;
31/01/2026 22:39:05.630;0;0;1;0;
31/01/2026 22:39:07.409;0;0;0;0;
31/01/2026 22:39:25.435;0;0;1;0;
31/01/2026 22:39:26.859;0;0;0;0;
31/01/2026 22:39:45.445;0;0;1;0;
31/01/2026 22:39:46.720;0;0;0;0;
31/01/2026 22:48:45.610;0;1;0;0;
31/01/2026 22:48:47.74;0;0;0;0;
31/01/2026 22:49:05.610;0;1;0;0;
31/01/2026 22:49:07.375;0;0;0;0;
31/01/2026 22:49:25.621;0;1;0;0;
31/01/2026 22:49:27.116;0;0;0;0;
31/01/2026 22:49:45.732;0;1;0;0;
31/01/2026 22:49:47.406;0;0;0;0;
31/01/2026 22:50:05.742;0;1;0;0;
31/01/2026 22:50:07.347;0;0;0;0;
31/01/2026 22:50:25.755;0;1;1;0;
31/01/2026 22:50:27.357;0;0;0;0;
31/01/2026 22:50:45.807;0;1;1;0;
31/01/2026 22:50:47.468;0;0;0;0;
31/01/2026 22:51:05.928;0;1;0;0;
31/01/2026 22:51:08.219;0;0;0;0;
31/01/2026 22:51:26.82;0;1;1;0;
31/01/2026 22:51:27.869;0;0;0;0;
31/01/2026 22:51:45.795;0;1;1;0;
31/01/2026 22:51:47.319;0;0;0;0;
31/01/2026 22:53:45.758;0;1;0;0;
31/01/2026 22:53:47.162;0;0;0;0;
31/01/2026 22:54:05.914;0;1;0;0;
31/01/2026 22:54:08.254;0;0;0;0;
31/01/2026 22:54:25.990;0;1;1;0;
31/01/2026 22:54:28.445;0;0;0;0;
31/01/2026 22:54:45.799;0;0;1;0;
31/01/2026 22:54:47.84;0;0;0;0;
31/01/2026 22:55:45.832;0;0;1;0;
31/01/2026 22:55:47.175;0;0;0;0;
31/01/2026 22:59:46.33;0;0;1;0;
31/01/2026 22:59:47.171;0;0;0;0;
31/01/2026 23:00:05.948;0;0;1;0;
31/01/2026 23:00:07.262;0;0;0;0;
31/01/2026 23:00:25.998;0;0;1;0;
31/01/2026 23:00:27.493;0;0;0;0;
31/01/2026 23:01:06.205;0;0;1;0;
31/01/2026 23:01:07.614;0;0;0;0;
31/01/2026 23:04:26.377;0;1;0;0;
31/01/2026 23:04:27.859;0;0;0;0;
31/01/2026 23:04:46.175;0;1;0;0;
31/01/2026 23:04:47.950;0;0;0;0;
31/01/2026 23:05:06.186;0;1;0;0;
31/01/2026 23:05:07.840;0;0;0;0;
31/01/2026 23:05:46.216;0;1;0;0;
31/01/2026 23:05:47.481;0;0;0;0;
31/01/2026 23:06:06.227;0;0;1;0;
31/01/2026 23:06:07.481;0;0;0;0;
31/01/2026 23:06:46.138;0;1;0;0;
31/01/2026 23:06:47.783;0;0;0;0;
31/01/2026 23:07:06.178;0;1;0;0;
31/01/2026 23:07:07.913;0;0;0;0;
31/01/2026 23:07:26.234;0;1;0;0;
31/01/2026 23:07:27.643;0;0;0;0;
31/01/2026 23:07:46.395;0;1;0;0;
31/01/2026 23:07:47.604;0;0;0;0;
31/01/2026 23:09:06.292;0;1;0;0;
31/01/2026 23:09:07.546;0;0;0;0;
31/01/2026 23:09:26.302;0;1;0;0;
31/01/2026 23:09:27.526;0;0;0;0;
31/01/2026 23:09:46.312;0;1;1;0;
31/01/2026 23:09:47.897;0;0;0;0;
31/01/2026 23:10:06.323;0;1;1;0;
31/01/2026 23:10:08.138;0;0;0;0;
31/01/2026 23:10:26.343;0;1;1;0;
31/01/2026 23:10:28.719;0;0;0;0;
31/01/2026 23:10:46.367;0;1;1;0;
31/01/2026 23:10:50.91;0;0;0;0;
31/01/2026 23:11:06.469;0;0;1;0;
31/01/2026 23:11:07.799;0;0;0;0;
31/01/2026 23:11:26.575;0;0;1;0;
31/01/2026 23:11:27.749;0;0;0;0;
31/01/2026 23:11:46.376;0;0;1;0;
31/01/2026 23:11:47.640;0;0;0;0;
31/01/2026 23:21:26.580;0;1;0;0;
31/01/2026 23:21:28.285;0;0;0;0;
31/01/2026 23:21:46.630;0;1;0;0;
31/01/2026 23:21:48.215;0;0;0;0;
31/01/2026 23:22:06.731;0;1;0;0;
31/01/2026 23:22:08.65;0;0;0;0;
31/01/2026 23:22:14.819;1;0;0;0;
31/01/2026 23:22:14.820;1;1;1;0;
31/01/2026 23:22:27.135;1;0;0;0;
31/01/2026 23:23:06.5;0;0;0;0;
31/01/2026 23:43:52.515;0;1;0;0;
31/01/2026 23:43:52.516;1;1;0;0;
31/01/2026 23:43:54.85;1;0;0;0;
31/01/2026 23:44:30.368;1;0;1;0;
31/01/2026 23:44:42.545;1;0;0;0;
31/01/2026 23:44:57.610;0;0;0;0;
31/01/2026 23:45:32.364;0;1;0;0;
31/01/2026 23:45:37.71;0;0;0;0;
31/01/2026 23:45:52.373;0;0;1;0;
31/01/2026 23:45:53.868;0;0;0;0;
31/01/2026 23:46:12.384;0;0;1;0;
31/01/2026 23:46:13.678;0;0;0;0;
31/01/2026 23:47:12.418;0;1;0;0;
31/01/2026 23:47:14.520;0;0;0;0;
31/01/2026 23:47:32.516;0;1;0;0;
31/01/2026 23:47:34.551;0;0;0;0;
31/01/2026 23:47:52.651;0;1;1;0;
31/01/2026 23:47:54.702;0;0;0;0;
31/01/2026 23:48:12.691;0;1;1;0;
31/01/2026 23:48:14.442;0;0;0;0;
31/01/2026 23:48:32.780;0;1;1;0;
31/01/2026 23:48:34.352;0;0;0;0;
31/01/2026 23:48:52.558;0;1;0;0;
31/01/2026 23:48:54.193;0;0;0;0;
31/01/2026 23:49:12.568;0;1;0;0;
31/01/2026 23:49:13.873;0;0;0;0;
31/01/2026 23:52:12.679;0;1;0;0;
31/01/2026 23:52:13.938;0;0;0;0;
31/01/2026 23:52:52.864;0;1;0;0;
31/01/2026 23:52:54.89;0;0;0;0;
31/01/2026 23:56:53.42;0;0;1;0;
31/01/2026 23:56:54.385;0;0;0;0;
31/01/2026 23:57:13.125;0;1;0;0;
31/01/2026 23:57:14.566;0;0;0;0;
31/01/2026 23:57:52.733;0;1;0;0;
31/01/2026 23:57:54.227;0;0;0;0;
01/02/2026 00:03:12.990;0;0;1;0;
01/02/2026 00:03:14.135;0;0;0;0;
01/02/2026 00:03:33.11;0;0;1;0;
01/02/2026 00:03:34.255;0;0;0;0;
01/02/2026 00:03:53.21;0;1;0;0;
01/02/2026 00:03:54.326;0;0;0;0;
01/02/2026 00:04:33.236;0;1;0;0;
01/02/2026 00:04:34.457;0;0;0;0;
01/02/2026 00:05:32.974;0;1;0;0;
01/02/2026 00:05:34.288;0;0;0;0;
01/02/2026 00:06:12.975;0;1;0;0;
01/02/2026 00:06:14.319;0;0;0;0;
01/02/2026 00:07:13.107;0;1;0;0;
01/02/2026 00:07:14.421;0;0;0;0;
01/02/2026 00:07:53.158;0;1;0;0;
01/02/2026 00:07:54.422;0;0;0;0;
01/02/2026 00:09:33.180;0;1;0;0;
01/02/2026 00:09:34.445;0;0;0;0;
01/02/2026 00:10:13.231;0;1;0;0;
01/02/2026 00:10:14.636;0;0;0;0;
01/02/2026 00:10:33.212;0;1;0;0;
01/02/2026 00:10:34.636;0;0;0;0;
01/02/2026 00:10:53.122;0;1;0;0;
01/02/2026 00:10:54.587;0;0;0;0;
01/02/2026 00:11:13.133;0;1;1;0;
01/02/2026 00:11:14.477;0;0;0;0;
01/02/2026 00:11:53.317;0;1;0;0;
01/02/2026 00:11:54.778;0;0;0;0;
01/02/2026 00:12:13.418;0;1;0;0;
01/02/2026 00:12:14.649;0;0;0;0;
01/02/2026 00:14:13.317;0;1;0;0;
01/02/2026 00:14:14.672;0;0;0;0;
01/02/2026 00:14:33.328;0;1;0;0;
01/02/2026 00:14:34.632;0;0;0;0;
01/02/2026 00:15:13.349;0;0;1;0;
01/02/2026 00:15:14.563;0;0;0;0;
01/02/2026 00:15:33.439;0;0;1;0;
01/02/2026 00:15:34.684;0;0;0;0;
01/02/2026 00:15:53.550;0;1;0;0;
01/02/2026 00:15:54.994;0;0;0;0;
01/02/2026 00:16:13.651;0;1;0;0;
01/02/2026 00:16:14.975;0;0;0;0;
01/02/2026 00:16:33.391;0;1;0;0;
01/02/2026 00:16:34.805;0;0;0;0;
01/02/2026 00:16:53.417;0;0;1;0;
01/02/2026 00:16:54.856;0;0;0;0;
01/02/2026 00:17:13.412;0;1;0;0;
01/02/2026 00:17:14.696;0;0;0;0;
01/02/2026 00:17:33.322;0;0;1;0;
01/02/2026 00:17:34.677;0;0;0;0;
01/02/2026 00:22:33.610;0;1;0;0;
01/02/2026 00:22:35.54;0;0;0;0;
01/02/2026 00:22:53.770;0;1;0;0;
01/02/2026 00:22:55.35;0;0;0;0;
01/02/2026 00:23:33.601;0;1;0;0;
01/02/2026 00:23:35.26;0;0;0;0;
01/02/2026 00:24:33.523;0;1;0;0;
01/02/2026 00:24:34.897;0;0;0;0;
01/02/2026 00:25:13.554;0;1;0;0;
01/02/2026 00:25:14.898;0;0;0;0;
01/02/2026 00:25:53.655;0;1;0;0;
01/02/2026 00:25:55.59;0;0;0;0;
01/02/2026 00:26:13.759;0;1;0;0;
01/02/2026 00:26:15.20;0;0;0;0;
01/02/2026 00:29:13.760;0;0;1;0;
01/02/2026 00:29:14.914;0;0;0;0;
01/02/2026 00:29:33.850;0;0;1;0;
01/02/2026 00:29:35.115;0;0;0;0;
01/02/2026 00:30:14.72;0;1;0;0;
01/02/2026 00:30:15.436;0;0;0;0;
01/02/2026 00:30:33.802;0;1;0;0;
01/02/2026 00:30:35.176;0;0;0;0;
01/02/2026 00:30:53.712;0;1;0;0;
01/02/2026 00:30:55.27;0;0;0;0;
01/02/2026 00:31:33.733;0;1;0;0;
01/02/2026 00:31:34.958;0;0;0;0;
01/02/2026 00:35:13.939;0;1;0;0;
01/02/2026 00:35:15.213;0;0;0;0;
01/02/2026 00:35:53.960;0;1;0;0;
01/02/2026 00:35:55.375;0;0;0;0;
01/02/2026 00:36:54.267;0;1;0;0;
01/02/2026 00:36:55.606;0;0;0;0;
01/02/2026 00:37:53.924;0;1;0;0;
01/02/2026 00:37:55.328;0;0;0;0;
01/02/2026 00:38:33.954;0;1;0;0;
01/02/2026 00:38:35.298;0;0;0;0;
01/02/2026 00:38:53.945;0;1;0;0;
01/02/2026 00:38:55.259;0;0;0;0;
01/02/2026 00:39:14.18;0;1;0;0;
01/02/2026 00:39:15.249;0;0;0;0;
01/02/2026 00:39:34.136;0;0;1;0;
01/02/2026 00:39:35.460;0;0;0;0;
01/02/2026 00:39:56.328;0;1;0;0;
01/02/2026 00:39:57.603;0;0;0;0;
01/02/2026 00:41:54.139;0;1;0;0;
01/02/2026 00:41:55.594;0;0;0;0;
01/02/2026 00:43:14.412;0;1;0;0;
01/02/2026 00:43:15.816;0;0;0;0;
01/02/2026 00:43:34.192;0;1;0;0;
01/02/2026 00:43:38.299;0;0;0;0;
01/02/2026 00:43:54.103;0;0;1;0;
01/02/2026 00:43:55.537;0;0;0;0;
01/02/2026 00:44:54.144;0;0;1;0;
01/02/2026 00:44:55.488;0;0;0;0;
01/02/2026 01:12:15.18;0;1;0;0;
01/02/2026 01:12:16.552;0;0;0;0;
01/02/2026 01:12:35.28;0;1;0;0;
01/02/2026 01:12:36.843;0;0;0;0;
01/02/2026 01:12:55.39;0;1;1;0;
01/02/2026 01:12:57.34;0;0;0;0;
01/02/2026 01:13:15.49;0;1;1;0;
01/02/2026 01:13:16.474;0;0;0;0;
01/02/2026 01:13:35.60;0;1;0;0;
01/02/2026 01:13:36.564;0;0;0;0;
01/02/2026 01:13:55.70;0;1;0;0;
01/02/2026 01:13:56.455;0;0;0;0;
01/02/2026 01:14:15.101;0;1;0;0;
01/02/2026 01:14:16.645;0;0;0;0;
01/02/2026 01:14:35.231;0;1;0;0;
01/02/2026 01:14:37.347;0;0;0;0;
01/02/2026 01:14:55.262;0;1;0;0;
01/02/2026 01:14:57.698;0;0;0;0;
01/02/2026 01:22:15.224;0;1;0;0;
01/02/2026 01:22:16.849;0;0;0;0;
01/02/2026 01:22:35.214;0;1;0;0;
01/02/2026 01:22:36.829;0;0;0;0;
01/02/2026 01:22:55.225;0;1;0;0;
01/02/2026 01:22:56.990;0;0;0;0;
01/02/2026 01:23:15.310;0;1;0;0;
01/02/2026 01:23:16.990;0;0;0;0;
01/02/2026 01:23:35.429;0;1;0;0;
01/02/2026 01:23:36.931;0;0;0;0;
01/02/2026 01:24:35.373;0;1;0;0;
01/02/2026 01:24:37.393;0;0;0;0;
01/02/2026 01:24:55.384;0;1;0;0;
01/02/2026 01:24:58.805;0;0;0;0;
01/02/2026 01:25:15.399;0;1;0;0;
01/02/2026 01:25:24.181;0;0;0;0;
01/02/2026 01:25:35.409;0;0;1;0;
01/02/2026 01:25:36.954;0;0;0;0;
01/02/2026 01:25:55.420;0;0;1;0;
01/02/2026 01:25:56.654;0;0;0;0;
01/02/2026 01:32:55.852;0;1;0;0;
01/02/2026 01:32:57.136;0;0;0;0;
01/02/2026 01:33:15.922;0;1;0;0;
01/02/2026 01:33:17.267;0;0;0;0;
01/02/2026 01:33:35.453;0;1;0;0;
01/02/2026 01:33:36.857;0;0;0;0;
01/02/2026 01:33:55.559;0;1;0;0;
01/02/2026 01:33:56.848;0;0;0;0;
01/02/2026 01:34:15.584;0;1;0;0;
01/02/2026 01:34:16.868;0;0;0;0;
01/02/2026 01:34:55.585;0;1;0;0;
01/02/2026 01:34:57.19;0;0;0;0;
01/02/2026 01:35:15.649;0;1;0;0;
01/02/2026 01:35:17.240;0;0;0;0;
01/02/2026 01:35:35.769;0;1;0;0;
01/02/2026 01:35:37.211;0;0;0;0;
01/02/2026 01:41:08.868;1;0;0;0;
01/02/2026 01:41:08.869;1;1;1;0;
01/02/2026 01:41:14.297;1;0;0;0;
01/02/2026 01:41:16.863;1;1;1;0;
01/02/2026 01:41:18.1;1;0;0;0;
01/02/2026 01:41:26.766;1;1;1;0;
01/02/2026 01:41:28.181;1;0;0;0;
01/02/2026 01:41:36.866;1;1;1;0;
01/02/2026 01:41:38.41;1;0;0;0;
01/02/2026 01:41:46.967;1;1;1;0;
01/02/2026 01:41:48.112;1;0;0;0;
01/02/2026 01:42:02.256;0;0;0;0;
01/02/2026 01:42:38.952;0;1;1;0;
01/02/2026 01:42:44.219;0;0;0;0;
01/02/2026 01:42:58.971;0;0;1;0;
01/02/2026 01:43:00.576;0;0;0;0;
01/02/2026 01:43:18.862;0;0;1;0;
01/02/2026 01:43:20.176;0;0;0;0;
01/02/2026 01:43:38.872;0;0;1;0;
01/02/2026 01:43:40.217;0;0;0;0;
01/02/2026 01:43:58.883;0;0;1;0;
01/02/2026 01:44:00.107;0;0;0;0;
01/02/2026 01:45:59.27;0;1;0;0;
01/02/2026 01:46:00.651;0;0;0;0;
01/02/2026 01:46:19.37;0;1;0;0;
01/02/2026 01:46:21.52;0;0;0;0;
01/02/2026 01:46:39.48;0;1;0;0;
01/02/2026 01:46:40.622;0;0;0;0;
01/02/2026 01:46:59.58;0;1;0;0;
01/02/2026 01:47:00.393;0;0;0;0;
01/02/2026 01:47:39.209;0;1;1;0;
01/02/2026 01:47:40.634;0;0;0;0;
01/02/2026 01:47:59.320;0;1;0;0;
01/02/2026 01:48:00.735;0;0;0;0;
01/02/2026 01:48:39.121;0;0;1;0;
01/02/2026 01:48:40.425;0;0;0;0;
01/02/2026 01:49:19.32;0;1;0;0;
01/02/2026 01:49:22.208;0;0;0;0;
01/02/2026 01:49:39.43;0;1;0;0;
01/02/2026 01:49:40.627;0;0;0;0;
01/02/2026 01:49:59.53;0;0;1;0;
01/02/2026 01:50:00.428;0;0;0;0;
01/02/2026 01:56:19.358;0;1;0;0;
01/02/2026 01:56:20.909;0;0;0;0;
01/02/2026 01:56:39.485;0;1;0;0;
01/02/2026 01:56:41.460;0;0;0;0;
01/02/2026 01:56:59.225;0;1;0;0;
01/02/2026 01:57:00.900;0;0;0;0;
01/02/2026 01:57:19.336;0;0;1;0;
01/02/2026 01:57:20.680;0;0;0;0;
01/02/2026 01:57:39.346;0;1;0;0;
01/02/2026 01:57:41.722;0;0;0;0;
01/02/2026 01:57:59.357;0;1;0;0;
01/02/2026 01:58:01.492;0;0;0;0;
01/02/2026 02:05:19.699;0;1;0;0;
01/02/2026 02:05:21.684;0;0;0;0;
01/02/2026 02:05:39.821;0;1;0;0;
01/02/2026 02:05:41.265;0;0;0;0;
01/02/2026 02:05:59.590;0;1;0;0;
01/02/2026 02:06:01.65;0;0;0;0;
01/02/2026 02:06:19.616;0;1;0;0;
01/02/2026 02:06:21.86;0;0;0;0;
01/02/2026 02:06:39.622;0;1;0;0;
01/02/2026 02:06:41.797;0;0;0;0;
01/02/2026 02:06:59.522;0;1;0;0;
01/02/2026 02:07:01.77;0;0;0;0;
01/02/2026 02:14:39.745;0;1;0;0;
01/02/2026 02:14:41.660;0;0;0;0;
01/02/2026 02:14:59.756;0;1;0;0;
01/02/2026 02:15:01.550;0;0;0;0;
01/02/2026 02:15:19.866;0;1;0;0;
01/02/2026 02:15:21.331;0;0;0;0;
01/02/2026 02:15:59.887;0;1;1;0;
01/02/2026 02:16:02.143;0;0;0;0;
01/02/2026 02:16:19.898;0;1;0;0;
01/02/2026 02:16:22.153;0;0;0;0;
01/02/2026 02:23:00.265;0;1;0;0;
01/02/2026 02:23:01.564;0;0;0;0;
01/02/2026 02:23:20.480;0;1;0;0;
01/02/2026 02:23:22.105;0;0;0;0;
01/02/2026 02:23:40.151;0;1;0;0;
01/02/2026 02:23:41.945;0;0;0;0;
01/02/2026 02:24:00.141;0;1;0;0;
01/02/2026 02:24:01.435;0;0;0;0;
01/02/2026 02:24:20.152;0;1;1;0;
01/02/2026 02:24:21.606;0;0;0;0;
01/02/2026 02:25:00.63;0;1;0;0;
01/02/2026 02:25:03.269;0;0;0;0;
01/02/2026 02:25:20.106;0;1;0;0;
01/02/2026 02:25:21.358;0;0;0;0;
01/02/2026 02:33:20.397;0;1;0;0;
01/02/2026 02:33:22.382;0;0;0;0;
01/02/2026 02:33:40.407;0;1;0;0;
01/02/2026 02:33:41.702;0;0;0;0;
01/02/2026 02:34:00.418;0;1;0;0;
01/02/2026 02:34:01.893;0;0;0;0;
01/02/2026 02:34:20.429;0;1;0;0;
01/02/2026 02:34:22.544;0;0;0;0;
01/02/2026 02:41:40.651;0;1;0;0;
01/02/2026 02:41:42.496;0;0;0;0;
01/02/2026 02:42:00.661;0;1;0;0;
01/02/2026 02:42:02.406;0;0;0;0;
01/02/2026 02:42:20.572;0;1;0;0;
01/02/2026 02:42:22.217;0;0;0;0;
01/02/2026 02:42:40.583;0;1;1;0;
01/02/2026 02:42:41.927;0;0;0;0;
01/02/2026 02:43:02.655;0;1;0;0;
01/02/2026 02:43:05.531;0;0;0;0;
01/02/2026 02:43:20.667;0;1;0;0;
01/02/2026 02:43:22.98;0;0;0;0;
01/02/2026 02:50:40.926;0;0;1;0;
01/02/2026 02:50:42.300;0;0;0;0;
01/02/2026 02:51:00.937;0;1;0;0;
01/02/2026 02:51:02.411;0;0;0;0;
01/02/2026 02:51:20.947;0;1;1;0;
01/02/2026 02:51:23.52;0;0;0;0;
01/02/2026 02:51:40.958;0;1;0;0;
01/02/2026 02:51:42.552;0;0;0;0;
01/02/2026 02:52:20.979;0;1;1;0;
01/02/2026 02:52:22.794;0;0;0;0;
01/02/2026 02:52:41.90;0;1;0;0;
01/02/2026 02:52:42.694;0;0;0;0;
01/02/2026 02:53:21.301;0;1;1;0;
01/02/2026 02:53:24.567;0;0;0;0;
01/02/2026 02:54:01.42;0;0;1;0;
01/02/2026 02:54:02.526;0;0;0;0;
01/02/2026 02:54:40.953;0;0;1;0;
01/02/2026 02:54:42.267;0;0;0;0;
01/02/2026 03:00:41.122;0;1;1;0;
01/02/2026 03:00:42.377;0;0;0;0;
01/02/2026 03:01:01.153;0;1;0;0;
01/02/2026 03:01:03.388;0;0;0;0;
01/02/2026 03:01:21.144;0;1;1;0;
01/02/2026 03:01:22.968;0;0;0;0;
01/02/2026 03:01:41.248;0;1;1;0;
01/02/2026 03:01:42.559;0;0;0;0;
01/02/2026 03:02:21.165;0;1;0;0;
01/02/2026 03:02:23.140;0;0;0;0;
01/02/2026 03:02:41.276;0;1;0;0;
01/02/2026 03:02:44.122;0;0;0;0;
01/02/2026 03:03:01.286;0;0;1;0;
01/02/2026 03:03:02.661;0;0;0;0;
01/02/2026 03:06:21.392;0;0;1;0;
01/02/2026 03:06:22.696;0;0;0;0;
01/02/2026 03:10:41.509;0;1;0;0;
01/02/2026 03:10:43.23;0;0;0;0;
01/02/2026 03:11:01.649;0;1;0;0;
01/02/2026 03:11:03.845;0;0;0;0;
01/02/2026 03:11:21.650;0;1;0;0;
01/02/2026 03:11:23.275;0;0;0;0;
01/02/2026 03:11:41.771;0;1;1;0;
01/02/2026 03:11:43.95;0;0;0;0;
01/02/2026 03:12:01.551;0;0;1;0;
01/02/2026 03:12:02.875;0;0;0;0;
01/02/2026 03:12:41.572;0;1;0;0;
01/02/2026 03:12:43.427;0;0;0;0;
01/02/2026 03:13:01.483;0;1;0;0;
01/02/2026 03:13:05.830;0;0;0;0;
01/02/2026 03:13:21.503;0;1;1;0;
01/02/2026 03:13:23.858;0;0;0;0;
01/02/2026 03:13:41.503;0;0;1;0;
01/02/2026 03:13:42.878;0;0;0;0;
01/02/2026 03:14:01.547;0;0;1;0;
01/02/2026 03:14:02.678;0;0;0;0;
01/02/2026 03:14:21.666;0;0;1;0;
01/02/2026 03:14:22.919;0;0;0;0;
01/02/2026 03:24:01.920;0;1;0;0;
01/02/2026 03:24:03.494;0;0;0;0;
01/02/2026 03:24:22.20;0;1;0;0;
01/02/2026 03:24:23.585;0;0;0;0;
01/02/2026 03:24:42.241;0;1;0;0;
01/02/2026 03:24:43.815;0;0;0;0;
01/02/2026 03:25:01.921;0;1;0;0;
01/02/2026 03:25:03.576;0;0;0;0;
01/02/2026 03:25:21.941;0;1;0;0;
01/02/2026 03:25:23.576;0;0;0;0;
01/02/2026 03:25:41.842;0;1;1;0;
01/02/2026 03:25:43.577;0;0;0;0;
01/02/2026 03:26:01.852;0;1;0;0;
01/02/2026 03:26:03.527;0;0;0;0;
01/02/2026 03:26:21.863;0;1;0;0;
01/02/2026 03:26:23.337;0;0;0;0;
01/02/2026 03:26:41.873;0;1;0;0;
01/02/2026 03:26:43.188;0;0;0;0;
01/02/2026 03:27:01.894;0;1;0;0;
01/02/2026 03:27:03.869;0;0;0;0;
01/02/2026 03:27:21.978;0;1;1;0;
01/02/2026 03:27:23.469;0;0;0;0;
01/02/2026 03:28:02.299;0;0;1;0;
01/02/2026 03:28:03.560;0;0;0;0;
01/02/2026 03:28:22.297;0;0;1;0;
01/02/2026 03:28:23.641;0;0;0;0;
01/02/2026 03:29:02.27;0;0;1;0;
01/02/2026 03:29:03.431;0;0;0;0;
01/02/2026 03:29:42.48;0;1;1;0;
01/02/2026 03:29:43.532;0;0;0;0;
01/02/2026 03:30:02.58;0;1;0;0;
01/02/2026 03:30:03.663;0;0;0;0;
01/02/2026 03:30:22.69;0;1;0;0;
01/02/2026 03:30:23.433;0;0;0;0;
01/02/2026 03:30:42.159;0;1;0;0;
01/02/2026 03:30:43.464;0;0;0;0;
01/02/2026 03:31:22.261;0;1;0;0;
01/02/2026 03:31:23.925;0;0;0;0;
01/02/2026 03:31:42.491;0;1;1;0;
01/02/2026 03:31:47.339;0;0;0;0;
01/02/2026 03:32:02.162;0;0;1;0;
01/02/2026 03:32:03.496;0;0;0;0;
01/02/2026 03:32:22.32;0;1;1;0;
01/02/2026 03:32:30.954;0;0;0;0;
01/02/2026 03:32:42.42;0;0;1;0;
01/02/2026 03:32:43.867;0;0;0;0;
01/02/2026 03:33:02.53;0;0;1;0;
01/02/2026 03:33:03.457;0;0;0;0;
01/02/2026 03:33:42.84;0;0;1;0;
01/02/2026 03:33:43.428;0;0;0;0;
01/02/2026 03:39:22.242;0;0;1;0;
01/02/2026 03:39:23.377;0;0;0;0;
01/02/2026 03:40:22.284;0;0;1;0;
01/02/2026 03:40:23.538;0;0;0;0;
01/02/2026 03:40:25.366;1;0;0;0;
01/02/2026 03:40:25.367;1;1;1;0;
01/02/2026 03:40:37.202;1;0;0;0;
01/02/2026 03:41:16.953;0;0;0;0;
01/02/2026 03:48:48.458;0;1;0;0;
01/02/2026 03:48:48.459;1;1;0;0;
01/02/2026 03:48:49.873;1;0;0;0;
01/02/2026 03:49:26.411;1;0;1;0;
01/02/2026 03:49:38.143;1;0;0;0;
01/02/2026 03:49:53.649;0;0;0;0;
01/02/2026 03:50:28.716;0;1;1;0;
01/02/2026 03:50:34.600;0;0;0;0;
01/02/2026 03:50:48.814;0;0;1;0;
01/02/2026 03:50:50.196;0;0;0;0;
01/02/2026 03:51:48.593;0;0;1;0;
01/02/2026 03:51:49.968;0;0;0;0;
01/02/2026 03:53:48.717;0;1;0;0;
01/02/2026 03:53:50.391;0;0;0;0;
01/02/2026 03:54:08.687;0;1;0;0;
01/02/2026 03:54:10.662;0;0;0;0;
01/02/2026 03:54:28.788;0;1;1;0;
01/02/2026 03:54:30.522;0;0;0;0;
01/02/2026 03:54:48.659;0;1;0;0;
01/02/2026 03:54:49.912;0;0;0;0;
01/02/2026 03:55:08.669;0;1;0;0;
01/02/2026 03:55:09.893;0;0;0;0;
01/02/2026 03:55:28.680;0;1;0;0;
01/02/2026 03:55:30.123;0;0;0;0;
01/02/2026 03:55:48.690;0;1;0;0;
01/02/2026 03:55:50.24;0;0;0;0;
01/02/2026 03:56:08.700;0;0;1;0;
01/02/2026 03:56:10.64;0;0;0;0;
01/02/2026 03:56:28.711;0;0;1;0;
01/02/2026 03:56:29.865;0;0;0;0;
01/02/2026 04:00:08.736;0;1;0;0;
01/02/2026 04:00:10.80;0;0;0;0;
01/02/2026 04:00:48.727;0;1;0;0;
01/02/2026 04:00:49.981;0;0;0;0;
01/02/2026 04:01:08.728;0;0;1;0;
01/02/2026 04:01:10.12;0;0;0;0;
01/02/2026 04:01:48.974;0;1;0;0;
01/02/2026 04:01:50.233;0;0;0;0;
01/02/2026 04:02:09.70;0;1;0;0;
01/02/2026 04:02:10.434;0;0;0;0;
01/02/2026 04:02:29.160;0;1;0;0;
01/02/2026 04:02:30.695;0;0;0;0;
01/02/2026 04:02:48.880;0;1;0;0;
01/02/2026 04:02:50.215;0;0;0;0;
01/02/2026 04:03:08.891;0;1;0;0;
01/02/2026 04:03:10.555;0;0;0;0;
01/02/2026 04:05:28.997;0;1;0;0;
01/02/2026 04:05:30.399;0;0;0;0;
01/02/2026 04:05:49.218;0;1;0;0;
01/02/2026 04:05:50.499;0;0;0;0;
01/02/2026 04:06:08.885;0;1;0;0;
01/02/2026 04:06:10.139;0;0;0;0;
01/02/2026 04:06:28.896;0;0;1;0;
01/02/2026 04:06:30.120;0;0;0;0;
01/02/2026 04:06:48.946;0;0;1;0;
01/02/2026 04:06:50.271;0;0;0;0;
01/02/2026 04:07:08.907;0;1;0;0;
01/02/2026 04:07:10.221;0;0;0;0;
01/02/2026 04:07:49.19;0;1;0;0;
01/02/2026 04:07:50.512;0;0;0;0;
01/02/2026 04:08:09.28;0;1;0;0;
01/02/2026 04:08:10.413;0;0;0;0;
01/02/2026 04:08:29.99;0;1;1;0;
01/02/2026 04:08:30.483;0;0;0;0;
01/02/2026 04:08:49.50;0;1;0;0;
01/02/2026 04:08:50.294;0;0;0;0;
01/02/2026 04:09:09.80;0;1;0;0;
01/02/2026 04:09:10.464;0;0;0;0;
01/02/2026 04:09:29.301;0;1;0;0;
01/02/2026 04:09:30.665;0;0;0;0;
01/02/2026 04:10:29.102;0;1;0;0;
01/02/2026 04:10:30.456;0;0;0;0;
01/02/2026 04:10:49.113;0;1;0;0;
01/02/2026 04:10:50.947;0;0;0;0;
01/02/2026 04:11:09.123;0;1;0;0;
01/02/2026 04:11:10.357;0;0;0;0;
01/02/2026 04:14:29.209;0;1;0;0;
01/02/2026 04:14:30.462;0;0;0;0;
01/02/2026 04:14:49.219;0;1;0;0;
01/02/2026 04:14:50.713;0;0;0;0;
01/02/2026 04:15:09.229;0;1;0;0;
01/02/2026 04:15:10.523;0;0;0;0;
01/02/2026 04:15:49.251;0;1;0;0;
01/02/2026 04:15:50.644;0;0;0;0;
01/02/2026 04:16:09.261;0;1;0;0;
01/02/2026 04:16:10.685;0;0;0;0;
01/02/2026 04:16:29.271;0;1;0;0;
01/02/2026 04:16:30.695;0;0;0;0;
01/02/2026 04:17:29.573;0;1;0;0;
01/02/2026 04:17:30.807;0;0;0;0;
01/02/2026 04:17:49.323;0;1;0;0;
01/02/2026 04:17:50.667;0;0;0;0;
01/02/2026 04:21:49.419;0;0;1;0;
01/02/2026 04:21:50.653;0;0;0;0;
01/02/2026 04:22:29.440;0;1;0;0;
01/02/2026 04:22:30.714;0;0;0;0;
01/02/2026 04:22:49.451;0;1;0;0;
01/02/2026 04:22:50.785;0;0;0;0;
01/02/2026 04:23:29.472;0;0;1;0;
01/02/2026 04:23:30.776;0;0;0;0;
01/02/2026 04:26:49.467;0;1;0;0;
01/02/2026 04:26:50.691;0;0;0;0;
01/02/2026 04:28:29.609;0;1;0;0;
01/02/2026 04:28:30.933;0;0;0;0;
01/02/2026 04:32:49.646;0;1;0;0;
01/02/2026 04:32:51.110;0;0;0;0;
01/02/2026 04:33:09.666;0;1;1;0;
01/02/2026 04:33:11.70;0;0;0;0;
01/02/2026 04:34:29.988;0;0;1;0;
01/02/2026 04:34:31.303;0;0;0;0;
01/02/2026 04:35:49.820;0;1;0;0;
01/02/2026 04:35:51.154;0;0;0;0;
01/02/2026 04:36:09.831;0;1;0;0;
01/02/2026 04:36:11.145;0;0;0;0;
01/02/2026 04:36:29.841;0;1;0;0;
01/02/2026 04:36:31.176;0;0;0;0;
01/02/2026 04:36:49.922;0;1;0;0;
01/02/2026 04:36:51.226;0;0;0;0;
01/02/2026 04:37:30.24;0;1;0;0;
01/02/2026 04:37:31.407;0;0;0;0;
01/02/2026 04:38:29.804;0;1;0;0;
01/02/2026 04:38:31.209;0;0;0;0;
01/02/2026 04:38:49.815;0;1;0;0;
01/02/2026 04:38:51.279;0;0;0;0;
01/02/2026 04:39:29.836;0;1;0;0;
01/02/2026 04:39:31.90;0;0;0;0;
01/02/2026 04:48:10.179;0;1;0;0;
01/02/2026 04:48:11.504;0;0;0;0;
01/02/2026 04:48:30.190;0;1;0;0;
01/02/2026 04:48:31.524;0;0;0;0;
01/02/2026 04:56:50.433;0;1;0;0;
01/02/2026 04:56:51.727;0;0;0;0;
01/02/2026 04:57:10.458;0;1;0;0;
01/02/2026 04:57:11.778;0;0;0;0;
01/02/2026 05:01:10.540;0;1;0;0;
01/02/2026 05:01:11.964;0;0;0;0;
01/02/2026 05:02:30.852;0;1;0;0;
01/02/2026 05:02:32.206;0;0;0;0;
01/02/2026 05:08:30.752;0;1;0;0;
01/02/2026 05:08:32.266;0;0;0;0;
01/02/2026 05:08:50.763;0;0;1;0;
01/02/2026 05:08:52.136;0;0;0;0;
01/02/2026 05:14:30.931;0;1;0;0;
01/02/2026 05:14:32.266;0;0;0;0;
01/02/2026 05:16:10.884;0;0;1;0;
01/02/2026 05:16:12.18;0;0;0;0;
01/02/2026 05:16:30.998;0;1;1;0;
01/02/2026 05:16:32.449;0;0;0;0;
01/02/2026 05:17:10.911;0;1;0;0;
01/02/2026 05:17:12.230;0;0;0;0;
01/02/2026 05:20:51.112;0;1;0;0;
01/02/2026 05:20:52.356;0;0;0;0;
01/02/2026 05:28:11.337;0;1;0;0;
01/02/2026 05:28:12.728;0;0;0;0;
01/02/2026 05:29:31.266;0;1;0;0;
01/02/2026 05:29:32.610;0;0;0;0;
01/02/2026 05:50:16.845;1;0;0;0;
01/02/2026 05:50:16.846;1;1;1;0;
01/02/2026 05:50:21.964;1;0;0;0;
01/02/2026 05:50:24.855;1;1;1;0;
01/02/2026 05:50:25.988;1;0;0;0;
01/02/2026 05:50:34.843;1;1;1;0;
01/02/2026 05:50:36.278;1;0;0;0;
01/02/2026 05:50:44.844;1;1;1;0;
01/02/2026 05:50:45.978;1;0;0;0;
01/02/2026 05:50:54.839;1;1;1;0;
01/02/2026 05:50:55.979;1;0;0;0;
01/02/2026 05:51:10.293;0;0;0;0;
01/02/2026 05:51:47.260;0;1;1;0;
01/02/2026 05:51:50.214;0;0;0;0;
01/02/2026 05:52:06.999;0;0;1;0;
01/02/2026 05:52:08.523;0;0;0;0;
01/02/2026 05:52:27.9;0;1;1;0;
01/02/2026 05:52:28.494;0;0;0;0;
01/02/2026 05:53:07.30;0;0;1;0;
01/02/2026 05:53:08.465;0;0;0;0;
01/02/2026 05:53:27.41;0;0;1;0;
01/02/2026 05:53:28.255;0;0;0;0;
01/02/2026 05:53:47.62;0;1;0;0;
01/02/2026 05:53:48.306;0;0;0;0;
01/02/2026 06:06:27.433;0;1;0;0;
01/02/2026 06:06:28.677;0;0;0;0;
01/02/2026 06:06:47.454;0;1;0;0;
01/02/2026 06:06:48.688;0;0;0;0;
01/02/2026 06:07:07.344;0;1;0;0;
01/02/2026 06:07:08.698;0;0;0;0;
01/02/2026 06:07:27.355;0;1;0;0;
01/02/2026 06:07:28.609;0;0;0;0;
01/02/2026 06:09:47.509;0;1;0;0;
01/02/2026 06:09:48.793;0;0;0;0;
01/02/2026 06:11:27.786;0;1;0;0;
01/02/2026 06:11:29.56;0;0;0;0;
01/02/2026 06:12:27.623;0;1;0;0;
01/02/2026 06:12:29.38;0;0;0;0;
01/02/2026 06:14:47.567;0;1;0;0;
01/02/2026 06:14:48.881;0;0;0;0;
01/02/2026 06:15:27.669;0;1;0;0;
01/02/2026 06:15:28.963;0;0;0;0;
01/02/2026 06:15:47.679;0;1;0;0;
01/02/2026 06:15:48.943;0;0;0;0;
01/02/2026 06:16:07.690;0;1;0;0;
01/02/2026 06:16:09.114;0;0;0;0;
01/02/2026 06:16:27.700;0;1;0;0;
01/02/2026 06:16:29.4;0;0;0;0;
01/02/2026 06:21:47.850;0;1;0;0;
01/02/2026 06:21:49.144;0;0;0;0;
01/02/2026 06:22:07.863;0;0;1;0;
01/02/2026 06:22:09.44;0;0;0;0;
01/02/2026 06:22:27.993;0;0;1;0;
01/02/2026 06:22:29.295;0;0;0;0;
01/02/2026 06:23:07.892;0;1;0;0;
01/02/2026 06:23:09.226;0;0;0;0;
01/02/2026 06:27:48.33;0;0;1;0;
01/02/2026 06:27:49.454;0;0;0;0;
01/02/2026 06:28:28.456;0;0;1;0;
01/02/2026 06:28:29.785;0;0;0;0;
01/02/2026 06:28:48.51;0;0;1;0;
01/02/2026 06:28:49.205;0;0;0;0;
01/02/2026 06:36:48.425;0;1;0;0;
01/02/2026 06:36:49.709;0;0;0;0;
01/02/2026 06:37:48.206;0;0;1;0;
01/02/2026 06:37:49.461;0;0;0;0;
01/02/2026 06:38:48.368;0;1;0;0;
01/02/2026 06:38:49.703;0;0;0;0;
01/02/2026 06:43:08.356;0;0;1;0;
01/02/2026 06:43:09.790;0;0;0;0;
01/02/2026 06:43:48.367;0;0;1;0;
01/02/2026 06:43:49.711;0;0;0;0;
01/02/2026 06:45:48.520;0;1;0;0;
01/02/2026 06:45:49.824;0;0;0;0;
01/02/2026 06:46:48.552;0;1;1;0;
01/02/2026 06:46:49.886;0;0;0;0;
01/02/2026 06:48:48.510;0;1;0;0;
01/02/2026 06:48:49.799;0;0;0;0;
01/02/2026 06:49:28.546;0;1;0;0;
01/02/2026 06:49:29.861;0;0;0;0;
01/02/2026 06:49:48.631;0;1;1;0;
01/02/2026 06:49:50.101;0;0;0;0;
01/02/2026 06:55:28.707;0;1;0;0;
01/02/2026 06:55:29.961;0;0;0;0;
01/02/2026 07:08:29.158;0;1;0;0;
01/02/2026 07:08:30.503;0;0;0;0;
01/02/2026 07:09:29.191;0;1;0;0;
01/02/2026 07:09:30.494;0;0;0;0;
01/02/2026 07:09:49.201;0;0;1;0;
01/02/2026 07:09:50.375;0;0;0;0;
01/02/2026 07:10:09.211;0;1;1;0;
01/02/2026 07:10:10.545;0;0;0;0;
01/02/2026 07:10:49.373;0;1;0;0;
01/02/2026 07:10:50.817;0;0;0;0;
01/02/2026 07:11:09.503;0;1;0;0;
01/02/2026 07:11:10.767;0;0;0;0;
01/02/2026 07:12:29.185;0;1;0;0;
01/02/2026 07:12:30.409;0;0;0;0;
01/02/2026 07:15:09.339;0;1;0;0;
01/02/2026 07:15:10.664;0;0;0;0;
01/02/2026 07:17:29.413;0;1;0;0;
01/02/2026 07:17:30.757;0;0;0;0;
01/02/2026 07:20:09.387;0;1;0;0;
01/02/2026 07:20:10.732;0;0;0;0;
01/02/2026 07:20:29.498;0;1;0;0;
01/02/2026 07:20:31.22;0;0;0;0;
01/02/2026 07:20:49.509;0;1;0;0;
01/02/2026 07:20:50.853;0;0;0;0;
01/02/2026 07:21:09.519;0;1;0;0;
01/02/2026 07:21:10.833;0;0;0;0;
01/02/2026 07:21:29.530;0;1;0;0;
01/02/2026 07:21:30.854;0;0;0;0;
01/02/2026 07:21:49.541;0;1;0;0;
01/02/2026 07:21:50.844;0;0;0;0;
01/02/2026 07:22:29.616;0;1;0;0;
01/02/2026 07:22:31.126;0;0;0;0;
01/02/2026 07:23:29.593;0;1;0;0;
01/02/2026 07:23:30.997;0;0;0;0;
01/02/2026 07:24:09.634;0;1;0;0;
01/02/2026 07:24:10.938;0;0;0;0;
01/02/2026 07:24:29.524;0;0;1;0;
01/02/2026 07:24:30.658;0;0;0;0;
01/02/2026 07:24:49.616;0;0;1;0;
01/02/2026 07:24:50.869;0;0;0;0;
01/02/2026 07:28:29.921;0;1;0;0;
01/02/2026 07:28:31.195;0;0;0;0;
01/02/2026 07:28:49.846;0;1;0;0;
01/02/2026 07:28:51.105;0;0;0;0;
01/02/2026 07:30:29.824;0;1;0;0;
01/02/2026 07:30:31.258;0;0;0;0;
01/02/2026 07:31:09.725;0;1;0;0;
01/02/2026 07:31:10.979;0;0;0;0;
01/02/2026 07:31:29.748;0;1;0;0;
01/02/2026 07:31:31.29;0;0;0;0;
01/02/2026 07:34:49.921;0;0;1;0;
01/02/2026 07:34:51.135;0;0;0;0;
01/02/2026 07:35:10.11;0;1;1;0;
01/02/2026 07:35:11.315;0;0;0;0;
01/02/2026 07:35:30.122;0;1;0;0;
01/02/2026 07:35:31.396;0;0;0;0;
01/02/2026 07:36:49.984;0;1;0;0;
01/02/2026 07:36:51.298;0;0;0;0;
01/02/2026 07:37:09.994;0;1;0;0;
01/02/2026 07:37:11.568;0;0;0;0;
01/02/2026 07:37:29.947;0;1;1;0;
01/02/2026 07:37:31.529;0;0;0;0;
01/02/2026 07:37:49.915;0;1;0;0;
01/02/2026 07:37:51.159;0;0;0;0;
01/02/2026 07:38:30.279;0;1;0;0;
01/02/2026 07:38:31.550;0;0;0;0;
01/02/2026 07:38:50.210;0;1;0;0;
01/02/2026 07:38:51.881;0;0;0;0;
01/02/2026 07:39:09.947;0;1;1;0;
01/02/2026 07:39:11.291;0;0;0;0;
01/02/2026 07:39:29.948;0;1;0;0;
01/02/2026 07:39:31.592;0;0;0;0;
01/02/2026 07:39:50.58;0;1;0;0;
01/02/2026 07:39:51.282;0;0;0;0;
01/02/2026 07:40:50.90;0;1;0;0;
01/02/2026 07:40:51.424;0;0;0;0;
01/02/2026 07:41:30.105;0;1;0;0;
01/02/2026 07:41:31.405;0;0;0;0;
01/02/2026 07:42:30.437;0;1;0;0;
01/02/2026 07:42:31.706;0;0;0;0;
01/02/2026 07:43:10.163;0;1;0;0;
01/02/2026 07:43:11.607;0;0;0;0;
01/02/2026 07:43:30.184;0;1;0;0;
01/02/2026 07:43:31.498;0;0;0;0;
01/02/2026 07:44:30.48;0;1;0;0;
01/02/2026 07:44:31.299;0;0;0;0;
01/02/2026 07:46:10.147;0;1;0;0;
01/02/2026 07:46:11.402;0;0;0;0;
01/02/2026 07:46:30.258;0;1;0;0;
01/02/2026 07:46:31.512;0;0;0;0;
01/02/2026 07:46:50.269;0;1;1;0;
01/02/2026 07:46:51.883;0;0;0;0;
01/02/2026 07:47:30.290;0;1;1;0;
01/02/2026 07:47:31.764;0;0;0;0;
01/02/2026 07:47:50.300;0;1;0;0;
01/02/2026 07:47:51.664;0;0;0;0;
01/02/2026 07:49:10.552;0;1;0;0;
01/02/2026 07:49:11.846;0;0;0;0;
01/02/2026 07:49:50.363;0;1;0;0;
01/02/2026 07:49:51.717;0;0;0;0;
01/02/2026 07:50:10.394;0;1;0;0;
01/02/2026 07:50:11.648;0;0;0;0;
01/02/2026 07:50:30.384;0;1;0;0;
01/02/2026 07:50:31.688;0;0;0;0;
01/02/2026 07:51:30.310;0;1;0;0;
01/02/2026 07:51:31.690;0;0;0;0;
01/02/2026 07:51:50.352;0;1;0;0;
01/02/2026 07:51:51.610;0;0;0;0;
01/02/2026 07:52:10.640;0;1;0;0;
01/02/2026 07:52:11.861;0;0;0;0;
01/02/2026 07:52:50.347;0;1;0;0;
01/02/2026 07:52:51.632;0;0;0;0;
01/02/2026 07:53:10.458;0;1;0;0;
01/02/2026 07:53:11.842;0;0;0;0;
01/02/2026 07:53:30.469;0;1;1;0;
01/02/2026 07:53:32.53;0;0;0;0;
01/02/2026 07:53:50.479;0;1;1;0;
01/02/2026 07:53:52.324;0;0;0;0;
01/02/2026 07:54:10.520;0;1;0;0;
01/02/2026 07:54:12.184;0;0;0;0;
01/02/2026 07:54:27.396;1;0;0;0;
01/02/2026 07:54:27.397;1;1;1;0;
01/02/2026 07:54:39.142;1;0;0;0;
01/02/2026 07:55:19.23;0;0;0;0;
01/02/2026 08:05:15.244;0;1;0;0;
01/02/2026 08:05:15.245;1;1;0;0;
01/02/2026 08:05:16.705;1;0;0;0;
01/02/2026 08:05:53.149;1;0;1;0;
01/02/2026 08:06:05.655;1;0;0;0;
01/02/2026 08:06:20.370;0;0;0;0;
01/02/2026 08:06:55.515;0;1;0;0;
01/02/2026 08:06:59.290;0;0;0;0;
01/02/2026 08:07:15.609;0;1;0;0;
01/02/2026 08:07:16.878;0;0;0;0;
01/02/2026 08:07:35.374;0;1;1;0;
01/02/2026 08:07:37.149;0;0;0;0;
01/02/2026 08:07:55.264;0;1;0;0;
01/02/2026 08:07:56.969;0;0;0;0;
01/02/2026 08:08:15.265;0;1;1;0;
01/02/2026 08:08:16.609;0;0;0;0;
01/02/2026 08:14:55.916;0;0;1;0;
01/02/2026 08:14:57.110;0;0;0;0;
01/02/2026 08:15:15.466;0;0;1;0;
01/02/2026 08:15:16.750;0;0;0;0;
01/02/2026 08:16:35.488;0;1;0;0;
01/02/2026 08:16:36.712;0;0;0;0;
01/02/2026 08:17:15.609;0;1;0;0;
01/02/2026 08:17:16.833;0;0;0;0;
01/02/2026 08:17:35.619;0;1;0;0;
01/02/2026 08:17:37.14;0;0;0;0;
01/02/2026 08:17:55.654;0;1;1;0;
01/02/2026 08:17:57.104;0;0;0;0;
01/02/2026 08:18:15.749;0;1;1;0;
01/02/2026 08:18:17.235;0;0;0;0;
01/02/2026 08:18:35.846;0;0;1;0;
01/02/2026 08:18:37.145;0;0;0;0;
01/02/2026 08:19:15.672;0;1;0;0;
01/02/2026 08:19:17.96;0;0;0;0;
01/02/2026 08:19:55.693;0;1;0;0;
01/02/2026 08:19:57.428;0;0;0;0;
01/02/2026 08:21:15.636;0;1;0;0;
01/02/2026 08:21:16.919;0;0;0;0;
01/02/2026 08:21:35.646;0;1;0;0;
01/02/2026 08:21:36.960;0;0;0;0;
01/02/2026 08:21:55.716;0;1;0;0;
01/02/2026 08:21:57.361;0;0;0;0;
01/02/2026 08:22:15.847;0;1;0;0;
01/02/2026 08:22:17.822;0;0;0;0;
01/02/2026 08:22:35.927;0;1;0;0;
01/02/2026 08:22:37.211;0;0;0;0;
01/02/2026 08:23:15.778;0;1;0;0;
01/02/2026 08:23:17.242;0;0;0;0;
01/02/2026 08:23:35.784;0;1;0;0;
01/02/2026 08:23:37.253;0;0;0;0;
01/02/2026 08:24:15.810;0;1;0;0;
01/02/2026 08:24:17.44;0;0;0;0;
01/02/2026 08:24:55.864;0;1;0;0;
01/02/2026 08:24:57.225;0;0;0;0;
01/02/2026 08:25:15.841;0;1;0;0;
01/02/2026 08:25:17.55;0;0;0;0;
01/02/2026 08:25:35.865;0;1;1;0;
01/02/2026 08:25:37.406;0;0;0;0;
01/02/2026 08:25:56.155;0;0;1;0;
01/02/2026 08:25:57.477;0;0;0;0;
01/02/2026 08:28:15.831;0;1;0;0;
01/02/2026 08:28:17.300;0;0;0;0;
01/02/2026 08:28:35.866;0;1;0;0;
01/02/2026 08:28:37.361;0;0;0;0;
01/02/2026 08:29:36.158;0;1;0;0;
01/02/2026 08:29:37.422;0;0;0;0;
01/02/2026 08:29:56.169;0;1;0;0;
01/02/2026 08:29:57.543;0;0;0;0;
01/02/2026 08:30:15.969;0;1;0;0;
01/02/2026 08:30:17.463;0;0;0;0;
01/02/2026 08:30:35.979;0;1;0;0;
01/02/2026 08:30:37.634;0;0;0;0;
01/02/2026 08:30:55.985;0;1;0;0;
01/02/2026 08:30:57.434;0;0;0;0;
01/02/2026 08:31:16.0;0;1;0;0;
01/02/2026 08:31:17.785;0;0;0;0;
01/02/2026 08:31:36.11;0;1;0;0;
01/02/2026 08:31:37.315;0;0;0;0;
01/02/2026 08:33:16.165;0;1;0;0;
01/02/2026 08:33:17.458;0;0;0;0;
01/02/2026 08:33:36.267;0;1;0;0;
01/02/2026 08:33:37.578;0;0;0;0;
01/02/2026 08:33:55.999;0;1;0;0;
01/02/2026 08:33:57.759;0;0;0;0;
01/02/2026 08:34:15.995;0;1;1;0;
01/02/2026 08:34:17.579;0;0;0;0;
01/02/2026 08:34:36.5;0;1;1;0;
01/02/2026 08:34:37.440;0;0;0;0;
01/02/2026 08:34:56.16;0;1;0;0;
01/02/2026 08:34:57.270;0;0;0;0;
01/02/2026 08:35:16.37;0;1;0;0;
01/02/2026 08:35:17.320;0;0;0;0;
01/02/2026 08:37:56.180;0;1;0;0;
01/02/2026 08:37:57.515;0;0;0;0;
01/02/2026 08:39:36.336;0;1;0;0;
01/02/2026 08:39:37.687;0;0;0;0;
01/02/2026 08:43:16.439;0;1;0;0;
01/02/2026 08:43:17.673;0;0;0;0;
01/02/2026 08:46:36.443;0;1;0;0;
01/02/2026 08:46:37.708;0;0;0;0;
01/02/2026 08:47:16.633;0;1;0;0;
01/02/2026 08:47:17.949;0;0;0;0;
01/02/2026 08:50:56.540;0;1;0;0;
01/02/2026 08:50:57.954;0;0;0;0;
01/02/2026 08:51:36.561;0;1;0;0;
01/02/2026 08:51:37.915;0;0;0;0;
01/02/2026 08:53:56.534;0;1;0;0;
01/02/2026 08:53:57.819;0;0;0;0;
01/02/2026 08:55:56.663;0;1;0;0;
01/02/2026 08:55:57.982;0;0;0;0;
01/02/2026 08:57:16.720;0;0;1;0;
01/02/2026 08:57:17.944;0;0;0;0;
01/02/2026 08:57:36.760;0;0;1;0;
01/02/2026 08:57:38.94;0;0;0;0;
01/02/2026 08:59:16.783;0;1;0;0;
01/02/2026 08:59:18.257;0;0;0;0;
01/02/2026 09:00:16.714;0;0;1;0;
01/02/2026 09:00:18.48;0;0;0;0;
01/02/2026 09:00:36.725;0;1;0;0;
01/02/2026 09:00:37.979;0;0;0;0;
01/02/2026 09:01:56.757;0;1;0;0;
01/02/2026 09:01:58.101;0;0;0;0;
01/02/2026 09:02:56.994;0;1;0;0;
01/02/2026 09:02:58.343;0;0;0;0;
01/02/2026 09:03:36.884;0;1;0;0;
01/02/2026 09:03:38.294;0;0;0;0;
01/02/2026 09:05:57.236;0;1;0;0;
01/02/2026 09:05:58.558;0;0;0;0;
01/02/2026 09:06:56.890;0;1;0;0;
01/02/2026 09:06:58.209;0;0;0;0;
01/02/2026 09:11:17.106;0;1;0;0;
01/02/2026 09:11:18.526;0;0;0;0;
01/02/2026 09:12:39.424;0;1;0;0;
01/02/2026 09:12:40.740;0;0;0;0;
01/02/2026 09:12:57.164;0;1;0;0;
01/02/2026 09:12:58.658;0;0;0;0;
01/02/2026 09:14:37.107;0;1;0;0;
01/02/2026 09:14:38.331;0;0;0;0;
01/02/2026 09:14:57.187;0;1;0;0;
01/02/2026 09:14:58.411;0;0;0;0;
01/02/2026 09:16:37.250;0;1;0;0;
01/02/2026 09:16:38.484;0;0;0;0;
01/02/2026 09:16:57.261;0;1;0;0;
01/02/2026 09:16:58.575;0;0;0;0;
01/02/2026 09:17:17.271;0;1;0;0;
01/02/2026 09:17:18.745;0;0;0;0;
01/02/2026 09:18:17.466;0;1;0;0;
01/02/2026 09:18:18.727;0;0;0;0;
01/02/2026 09:20:57.347;0;1;0;0;
01/02/2026 09:20:58.571;0;0;0;0;
01/02/2026 09:26:57.517;0;1;0;0;
01/02/2026 09:26:58.801;0;0;0;0;
01/02/2026 09:27:17.637;0;1;0;0;
01/02/2026 09:27:18.981;0;0;0;0;
01/02/2026 09:27:57.568;0;1;0;0;
01/02/2026 09:27:58.972;0;0;0;0;
01/02/2026 09:29:17.663;0;1;0;0;
01/02/2026 09:29:18.995;0;0;0;0;
01/02/2026 09:30:37.943;0;0;1;0;
01/02/2026 09:30:39.87;0;0;0;0;
01/02/2026 09:30:57.663;0;0;1;0;
01/02/2026 09:30:58.927;0;0;0;0;
01/02/2026 09:34:17.749;0;1;0;0;
01/02/2026 09:34:19.3;0;0;0;0;
01/02/2026 09:47:38.194;0;1;0;0;
01/02/2026 09:47:39.585;0;0;0;0;
01/02/2026 09:52:18.253;0;1;0;0;
01/02/2026 09:52:19.572;0;0;0;0;
01/02/2026 09:58:21.541;1;0;0;0;
01/02/2026 09:58:21.542;1;1;1;0;
01/02/2026 09:58:26.670;1;0;0;0;
01/02/2026 09:58:29.440;1;1;1;0;
01/02/2026 09:58:30.594;1;0;0;0;
01/02/2026 09:58:39.439;1;1;1;0;
01/02/2026 09:58:40.854;1;0;0;0;
01/02/2026 09:58:49.434;1;1;1;0;
01/02/2026 09:58:50.584;1;0;0;0;
01/02/2026 09:58:59.440;1;1;1;0;
01/02/2026 09:59:00.584;1;0;0;0;
01/02/2026 09:59:14.779;0;0;0;0;
01/02/2026 09:59:51.750;0;1;1;0;
01/02/2026 09:59:55.50;0;0;0;0;
01/02/2026 10:00:11.775;0;0;1;0;
01/02/2026 10:00:13.299;0;0;0;0;
01/02/2026 10:00:31.515;0;1;1;0;
01/02/2026 10:00:32.949;0;0;0;0;
01/02/2026 10:00:51.525;0;1;0;0;
01/02/2026 10:00:52.810;0;0;0;0;
01/02/2026 10:01:11.546;0;1;1;0;
01/02/2026 10:01:12.920;0;0;0;0;
01/02/2026 10:01:31.537;0;1;1;0;
01/02/2026 10:01:32.761;0;0;0;0;
01/02/2026 10:05:51.879;0;1;0;0;
01/02/2026 10:05:53.128;0;0;0;0;
01/02/2026 10:08:52.92;0;1;0;0;
01/02/2026 10:08:53.474;0;0;0;0;
01/02/2026 10:13:51.971;0;1;0;0;
01/02/2026 10:13:53.322;0;0;0;0;
01/02/2026 10:17:32.375;0;1;0;0;
01/02/2026 10:17:33.598;0;0;0;0;
01/02/2026 10:18:12.0;0;1;0;0;
01/02/2026 10:18:13.349;0;0;0;0;
01/02/2026 10:21:32.201;0;1;0;0;
01/02/2026 10:21:33.595;0;0;0;0;
01/02/2026 10:23:12.514;0;1;0;0;
01/02/2026 10:23:13.908;0;0;0;0;
01/02/2026 10:24:12.215;0;1;0;0;
01/02/2026 10:24:13.499;0;0;0;0;
01/02/2026 10:24:52.216;0;1;0;0;
01/02/2026 10:24:53.530;0;0;0;0;
01/02/2026 10:28:32.513;0;1;0;0;
01/02/2026 10:28:33.807;0;0;0;0;
01/02/2026 10:29:12.434;0;1;0;0;
01/02/2026 10:29:13.748;0;0;0;0;
01/02/2026 10:30:12.355;0;1;0;0;
01/02/2026 10:30:13.730;0;0;0;0;
01/02/2026 10:31:32.640;0;1;0;0;
01/02/2026 10:31:33.932;0;0;0;0;
01/02/2026 10:34:12.682;0;0;1;0;
01/02/2026 10:34:13.916;0;0;0;0;
01/02/2026 10:35:12.604;0;0;1;0;
01/02/2026 10:35:13.938;0;0;0;0;
01/02/2026 10:45:33.87;0;1;0;0;
01/02/2026 10:45:34.416;0;0;0;0;
01/02/2026 10:47:52.942;0;1;0;0;
01/02/2026 10:47:54.230;0;0;0;0;
01/02/2026 10:50:13.40;0;1;0;0;
01/02/2026 10:50:14.304;0;0;0;0;
01/02/2026 10:50:33.30;0;1;0;0;
01/02/2026 10:50:34.424;0;0;0;0;
01/02/2026 10:51:13.241;0;1;0;0;
01/02/2026 10:51:14.536;0;0;0;0;
01/02/2026 10:51:33.62;0;1;0;0;
01/02/2026 10:51:34.546;0;0;0;0;
01/02/2026 10:51:53.67;0;1;0;0;
01/02/2026 10:51:54.366;0;0;0;0;
01/02/2026 10:52:53.124;0;1;0;0;
01/02/2026 10:52:54.388;0;0;0;0;
01/02/2026 10:57:13.241;0;1;0;0;
01/02/2026 10:57:14.576;0;0;0;0;
01/02/2026 10:57:33.232;0;1;0;0;
01/02/2026 10:57:34.476;0;0;0;0;
01/02/2026 10:58:33.269;0;1;0;0;
01/02/2026 10:58:34.588;0;0;0;0;
01/02/2026 10:59:53.206;0;1;0;0;
01/02/2026 10:59:54.460;0;0;0;0;
01/02/2026 11:02:53.661;0;1;0;0;
01/02/2026 11:02:55.45;0;0;0;0;
01/02/2026 11:03:33.402;0;0;1;0;
01/02/2026 11:03:34.586;0;0;0;0;
01/02/2026 11:03:53.413;0;0;1;0;
01/02/2026 11:03:54.677;0;0;0;0;
01/02/2026 11:04:33.444;0;1;0;0;
01/02/2026 11:04:34.758;0;0;0;0;
01/02/2026 11:06:13.397;0;1;0;0;
01/02/2026 11:06:14.741;0;0;0;0;
01/02/2026 11:06:33.387;0;1;0;0;
01/02/2026 11:06:34.701;0;0;0;0;
01/02/2026 11:06:53.388;0;1;0;0;
01/02/2026 11:06:54.672;0;0;0;0;
01/02/2026 11:07:13.498;0;1;0;0;
01/02/2026 11:07:14.842;0;0;0;0;
01/02/2026 11:07:33.649;0;1;0;0;
01/02/2026 11:07:35.93;0;0;0;0;
01/02/2026 11:08:53.546;0;1;0;0;
01/02/2026 11:08:54.785;0;0;0;0;
01/02/2026 11:10:53.638;0;1;0;0;
01/02/2026 11:10:54.919;0;0;0;0;
01/02/2026 11:11:33.545;0;1;0;0;
01/02/2026 11:11:34.860;0;0;0;0;
01/02/2026 11:12:13.567;0;1;0;0;
01/02/2026 11:12:14.911;0;0;0;0;
01/02/2026 11:13:33.689;0;1;1;0;
01/02/2026 11:13:35.63;0;0;0;0;
01/02/2026 11:16:13.773;0;1;0;0;
01/02/2026 11:16:15.67;0;0;0;0;
01/02/2026 11:18:13.741;0;1;0;0;
01/02/2026 11:18:15.101;0;0;0;0;
01/02/2026 11:19:13.848;0;1;0;0;
01/02/2026 11:19:15.132;0;0;0;0;
01/02/2026 11:19:53.999;0;0;1;0;
01/02/2026 11:19:55.254;0;0;0;0;
01/02/2026 11:20:14.120;0;1;0;0;
01/02/2026 11:20:15.394;0;0;0;0;
01/02/2026 11:20:33.920;0;1;0;0;
01/02/2026 11:20:35.285;0;0;0;0;
01/02/2026 11:20:53.896;0;1;0;0;
01/02/2026 11:20:55.225;0;0;0;0;
01/02/2026 11:21:33.917;0;1;0;0;
01/02/2026 11:21:35.216;0;0;0;0;
01/02/2026 11:21:53.928;0;1;0;0;
01/02/2026 11:21:55.387;0;0;0;0;
01/02/2026 11:22:34.197;0;1;1;0;
01/02/2026 11:22:35.588;0;0;0;0;
01/02/2026 11:23:13.875;0;1;0;0;
01/02/2026 11:23:15.489;0;0;0;0;
01/02/2026 11:23:33.885;0;1;0;0;
01/02/2026 11:23:35.380;0;0;0;0;
01/02/2026 11:23:53.896;0;1;0;0;
01/02/2026 11:23:55.510;0;0;0;0;
01/02/2026 11:24:13.916;0;1;1;0;
01/02/2026 11:24:15.230;0;0;0;0;
01/02/2026 11:24:33.907;0;1;0;0;
01/02/2026 11:24:35.401;0;0;0;0;
01/02/2026 11:25:34.64;0;0;1;0;
01/02/2026 11:25:35.203;0;0;0;0;
01/02/2026 11:25:54.189;0;1;0;0;
01/02/2026 11:25:55.413;0;0;0;0;
01/02/2026 11:26:15.305;0;0;1;0;
01/02/2026 11:26:16.575;0;0;0;0;
01/02/2026 11:27:14.81;0;1;0;0;
01/02/2026 11:27:15.445;0;0;0;0;
01/02/2026 11:28:14.113;0;0;1;0;
01/02/2026 11:28:15.497;0;0;0;0;
01/02/2026 11:28:54.256;0;0;1;0;
01/02/2026 11:28:55.578;0;0;0;0;
01/02/2026 11:32:54.240;0;1;0;0;
01/02/2026 11:32:55.845;0;0;0;0;
01/02/2026 11:33:14.251;0;1;0;0;
01/02/2026 11:33:15.945;0;0;0;0;
01/02/2026 11:33:34.291;0;1;0;0;
01/02/2026 11:33:35.566;0;0;0;0;
01/02/2026 11:33:54.272;0;1;0;0;
01/02/2026 11:33:55.896;0;0;0;0;
01/02/2026 11:34:14.380;0;1;0;0;
01/02/2026 11:34:15.857;0;0;0;0;
01/02/2026 11:34:34.293;0;1;0;0;
01/02/2026 11:34:35.527;0;0;0;0;
01/02/2026 11:34:54.378;0;1;0;0;
01/02/2026 11:34:55.928;0;0;0;0;
01/02/2026 11:35:14.738;0;1;0;0;
01/02/2026 11:35:15.989;0;0;0;0;
01/02/2026 11:35:34.225;0;1;0;0;
01/02/2026 11:35:35.629;0;0;0;0;
01/02/2026 11:36:34.266;0;1;0;0;
01/02/2026 11:36:35.520;0;0;0;0;
01/02/2026 11:36:54.277;0;1;0;0;
01/02/2026 11:36:55.501;0;0;0;0;
01/02/2026 11:37:14.267;0;1;1;0;
01/02/2026 11:37:15.521;0;0;0;0;
01/02/2026 11:37:34.268;0;1;1;0;
01/02/2026 11:37:35.612;0;0;0;0;
01/02/2026 11:38:14.559;0;1;0;0;
01/02/2026 11:38:15.953;0;0;0;0;
01/02/2026 11:39:14.420;0;1;0;0;
01/02/2026 11:39:15.835;0;0;0;0;
01/02/2026 11:39:34.431;0;1;0;0;
01/02/2026 11:39:35.705;0;0;0;0;
01/02/2026 11:40:14.452;0;1;0;0;
01/02/2026 11:40:15.796;0;0;0;0;
01/02/2026 11:40:34.462;0;1;0;0;
01/02/2026 11:40:35.727;0;0;0;0;
01/02/2026 11:40:54.473;0;1;0;0;
01/02/2026 11:40:55.947;0;0;0;0;
01/02/2026 11:41:14.568;0;1;0;0;
01/02/2026 11:41:16.558;0;0;0;0;
01/02/2026 11:41:34.685;0;1;0;0;
01/02/2026 11:41:36.299;0;0;0;0;
01/02/2026 11:41:54.405;0;1;0;0;
01/02/2026 11:41:55.679;0;0;0;0;
01/02/2026 11:42:14.415;0;1;0;0;
01/02/2026 11:42:15.819;0;0;0;0;
01/02/2026 11:42:34.425;0;1;0;0;
01/02/2026 11:42:35.830;0;0;0;0;
01/02/2026 11:42:54.437;0;1;1;0;
01/02/2026 11:42:55.750;0;0;0;0;
01/02/2026 11:43:14.457;0;1;0;0;
01/02/2026 11:43:15.741;0;0;0;0;
01/02/2026 11:43:34.477;0;1;0;0;
01/02/2026 11:43:35.791;0;0;0;0;
01/02/2026 11:43:54.458;0;1;0;0;
01/02/2026 11:43:55.712;0;0;0;0;
01/02/2026 11:44:14.598;0;1;0;0;
01/02/2026 11:44:15.882;0;0;0;0;
01/02/2026 11:44:34.709;0;1;0;0;
01/02/2026 11:44:36.243;0;0;0;0;
01/02/2026 11:44:54.859;0;1;1;0;
01/02/2026 11:44:56.274;0;0;0;0;
01/02/2026 11:45:14.590;0;1;0;0;
01/02/2026 11:45:15.834;0;0;0;0;
01/02/2026 11:45:34.595;0;1;1;0;
01/02/2026 11:45:35.984;0;0;0;0;
01/02/2026 11:47:55.8;0;1;0;0;
01/02/2026 11:47:56.248;0;0;0;0;
01/02/2026 11:48:14.867;0;1;0;0;
01/02/2026 11:48:16.88;0;0;0;0;
01/02/2026 11:48:34.590;0;1;0;0;
01/02/2026 11:48:35.849;0;0;0;0;
01/02/2026 11:48:54.606;0;0;1;0;
01/02/2026 11:48:55.739;0;0;0;0;
01/02/2026 11:49:14.616;0;1;1;0;
01/02/2026 11:49:16.50;0;0;0;0;
01/02/2026 11:56:34.847;0;1;0;0;
01/02/2026 11:56:36.131;0;0;0;0;
01/02/2026 11:57:34.943;0;1;0;0;
01/02/2026 11:57:36.262;0;0;0;0;
01/02/2026 11:59:15.241;0;1;0;0;
01/02/2026 11:59:16.555;0;0;0;0;
01/02/2026 12:03:15.16;0;0;1;0;
01/02/2026 12:03:16.151;0;0;0;0;
01/02/2026 12:03:20.131;1;0;0;0;
01/02/2026 12:03:20.132;1;1;1;0;
01/02/2026 12:03:32.7;1;0;0;0;
01/02/2026 12:04:11.768;0;0;0;0;
01/02/2026 12:15:51.473;1;0;0;0;
01/02/2026 12:16:29.637;1;0;1;0;
01/02/2026 12:16:42.374;1;0;0;0;
01/02/2026 12:16:56.558;0;0;0;0;
01/02/2026 12:17:31.613;0;1;0;0;
01/02/2026 12:17:37.30;0;0;0;0;
01/02/2026 12:19:11.664;0;0;1;0;
01/02/2026 12:19:12.878;0;0;0;0;
01/02/2026 12:19:31.676;0;1;1;0;
01/02/2026 12:19:33.449;0;0;0;0;
01/02/2026 12:19:51.950;0;1;0;0;
01/02/2026 12:19:54.190;0;0;0;0;
01/02/2026 12:20:11.789;0;1;0;0;
01/02/2026 12:20:13.821;0;0;0;0;
01/02/2026 12:31:12.2;0;1;0;0;
01/02/2026 12:31:13.537;0;0;0;0;
01/02/2026 12:31:32.13;0;1;1;0;
01/02/2026 12:31:34.248;0;0;0;0;
01/02/2026 12:32:12.154;0;1;0;0;
01/02/2026 12:32:14.289;0;0;0;0;
01/02/2026 12:32:52.345;0;1;0;0;
01/02/2026 12:32:53.890;0;0;0;0;
01/02/2026 12:34:32.28;0;1;0;0;
01/02/2026 12:34:33.762;0;0;0;0;
01/02/2026 12:35:12.39;0;0;1;0;
01/02/2026 12:35:13.263;0;0;0;0;
01/02/2026 12:35:32.115;0;0;1;0;
01/02/2026 12:35:33.433;0;0;0;0;
01/02/2026 12:35:52.173;0;1;0;0;
01/02/2026 12:35:54.114;0;0;0;0;
01/02/2026 12:36:33.377;0;1;0;0;
01/02/2026 12:36:34.916;0;0;0;0;
01/02/2026 12:37:12.172;0;1;0;0;
01/02/2026 12:37:13.746;0;0;0;0;
01/02/2026 12:40:12.391;0;1;0;0;
01/02/2026 12:40:14.31;0;0;0;0;
01/02/2026 12:43:12.336;0;1;0;0;
01/02/2026 12:43:13.925;0;0;0;0;
01/02/2026 12:45:52.425;0;1;1;0;
01/02/2026 12:45:54.199;0;0;0;0;
01/02/2026 12:46:12.435;0;0;1;0;
01/02/2026 12:46:13.699;0;0;0;0;
01/02/2026 12:46:32.456;0;1;0;0;
01/02/2026 12:46:33.990;0;0;0;0;
01/02/2026 12:47:32.547;0;1;0;0;
01/02/2026 12:47:34.52;0;0;0;0;
01/02/2026 12:54:12.637;0;1;0;0;
01/02/2026 12:54:14.222;0;0;0;0;
01/02/2026 12:54:52.899;0;1;0;0;
01/02/2026 12:54:54.543;0;0;0;0;
01/02/2026 12:58:32.784;0;1;0;0;
01/02/2026 12:58:34.358;0;0;0;0;
01/02/2026 13:00:12.837;0;1;0;0;
01/02/2026 13:00:14.391;0;0;0;0;
01/02/2026 13:05:32.995;0;1;0;0;
01/02/2026 13:05:34.579;0;0;0;0;
01/02/2026 13:06:13.16;0;1;0;0;
01/02/2026 13:06:14.570;0;0;0;0;
01/02/2026 13:08:13.169;0;0;1;0;
01/02/2026 13:08:14.303;0;0;0;0;
01/02/2026 13:08:52.970;0;1;1;0;
01/02/2026 13:08:54.504;0;0;0;0;
01/02/2026 13:09:33.91;0;1;0;0;
01/02/2026 13:09:34.645;0;0;0;0;
01/02/2026 13:13:33.112;0;1;0;0;
01/02/2026 13:13:34.611;0;0;0;0;
01/02/2026 13:16:33.281;0;1;0;0;
01/02/2026 13:16:34.836;0;0;0;0;
01/02/2026 13:24:13.714;0;1;0;0;
01/02/2026 13:24:15.288;0;0;0;0;
01/02/2026 13:28:33.630;0;1;0;0;
01/02/2026 13:28:35.185;0;0;0;0;
01/02/2026 13:31:53.766;0;0;1;0;
01/02/2026 13:31:54.980;0;0;0;0;
01/02/2026 13:33:33.879;0;0;1;0;
01/02/2026 13:33:35.163;0;0;0;0;
01/02/2026 13:38:53.837;0;1;0;0;
01/02/2026 13:38:55.451;0;0;0;0;
01/02/2026 13:41:13.991;0;1;0;0;
01/02/2026 13:41:15.515;0;0;0;0;
01/02/2026 13:45:34.198;0;1;0;0;
01/02/2026 13:45:35.842;0;0;0;0;
01/02/2026 13:49:34.229;0;1;0;0;
01/02/2026 13:49:35.819;0;0;0;0;
01/02/2026 13:53:54.352;0;0;1;0;
01/02/2026 13:53:55.495;0;0;0;0;
01/02/2026 13:54:54.597;0;1;0;0;
01/02/2026 13:54:56.258;0;0;0;0;
01/02/2026 13:58:34.389;0;1;0;0;
01/02/2026 13:58:35.913;0;0;0;0;
01/02/2026 14:04:34.554;0;1;0;0;
01/02/2026 14:04:36.113;0;0;0;0;
01/02/2026 14:07:14.734;0;1;0;0;
01/02/2026 14:07:16.278;0;0;0;0;
01/02/2026 14:07:54.755;0;0;1;0;
01/02/2026 14:07:56.19;0;0;0;0;
01/02/2026 14:16:02.996;1;0;0;0;
01/02/2026 14:16:02.997;1;1;1;0;
01/02/2026 14:16:08.194;1;0;0;0;
01/02/2026 14:16:10.895;1;1;1;0;
01/02/2026 14:16:12.48;1;0;0;0;
01/02/2026 14:16:20.889;1;1;1;0;
01/02/2026 14:16:22.329;1;0;0;0;
01/02/2026 14:16:30.894;1;1;1;0;
01/02/2026 14:16:32.39;1;0;0;0;
01/02/2026 14:16:40.890;1;1;1;0;
01/02/2026 14:16:42.29;1;0;0;0;
01/02/2026 14:16:56.414;0;0;0;0;
01/02/2026 14:17:32.960;0;1;1;0;
01/02/2026 14:17:35.384;0;0;0;0;
01/02/2026 14:17:52.994;0;0;1;0;
01/02/2026 14:17:54.554;0;0;0;0;
01/02/2026 14:18:13.121;0;0;1;0;
01/02/2026 14:18:14.404;0;0;0;0;
01/02/2026 14:18:53.364;0;0;1;0;
01/02/2026 14:18:54.726;0;0;0;0;
01/02/2026 14:19:13.102;0;1;1;0;
01/02/2026 14:19:14.706;0;0;0;0;
01/02/2026 14:20:13.133;0;1;0;0;
01/02/2026 14:20:14.678;0;0;0;0;
01/02/2026 14:20:53.155;0;0;1;0;
01/02/2026 14:20:54.449;0;0;0;0;
01/02/2026 14:32:13.474;0;1;0;0;
01/02/2026 14:32:15.138;0;0;0;0;
01/02/2026 14:32:33.485;0;0;1;0;
01/02/2026 14:32:34.869;0;0;0;0;
01/02/2026 14:33:33.516;0;1;0;0;
01/02/2026 14:33:35.10;0;0;0;0;
01/02/2026 14:33:53.426;0;0;1;0;
01/02/2026 14:33:54.741;0;0;0;0;
01/02/2026 14:51:14.56;0;1;0;0;
01/02/2026 14:51:15.500;0;0;0;0;
01/02/2026 14:51:53.957;0;0;1;0;
01/02/2026 14:51:55.91;0;0;0;0;
01/02/2026 14:52:13.963;0;0;1;0;
01/02/2026 14:52:15.252;0;0;0;0;
01/02/2026 14:56:34.195;0;1;0;0;
01/02/2026 14:56:35.830;0;0;0;0;
01/02/2026 14:57:14.216;0;0;1;0;
01/02/2026 14:57:15.651;0;0;0;0;
01/02/2026 14:57:54.137;0;0;1;0;
01/02/2026 14:57:55.482;0;0;0;0;
01/02/2026 15:03:34.297;0;1;0;0;
01/02/2026 15:03:35.821;0;0;0;0;
01/02/2026 15:05:34.441;0;1;1;0;
01/02/2026 15:05:36.35;0;0;0;0;
01/02/2026 15:08:14.526;0;1;0;0;
01/02/2026 15:08:16.60;0;0;0;0;
01/02/2026 15:09:34.491;0;0;1;0;
01/02/2026 15:09:35.781;0;0;0;0;
01/02/2026 15:12:34.643;0;1;0;0;
01/02/2026 15:12:36.247;0;0;0;0;
01/02/2026 15:14:34.726;0;1;0;0;
01/02/2026 15:14:36.180;0;0;0;0;
01/02/2026 15:14:54.757;0;0;1;0;
01/02/2026 15:14:56.131;0;0;0;0;
01/02/2026 15:15:14.622;0;1;0;0;
01/02/2026 15:15:16.91;0;0;0;0;
01/02/2026 15:15:34.701;0;0;1;0;
01/02/2026 15:15:36.12;0;0;0;0;
01/02/2026 15:17:54.801;0;1;0;0;
01/02/2026 15:17:56.336;0;0;0;0;
01/02/2026 15:19:15.84;0;1;0;0;
01/02/2026 15:19:16.739;0;0;0;0;
01/02/2026 15:29:35.146;0;0;1;0;
01/02/2026 15:29:36.285;0;0;0;0;
01/02/2026 15:30:15.207;0;0;1;0;
01/02/2026 15:30:16.476;0;0;0;0;
01/02/2026 15:34:55.200;0;1;0;0;
01/02/2026 15:34:56.934;0;0;0;0;
01/02/2026 15:35:35.322;0;1;0;0;
01/02/2026 15:35:37.6;0;0;0;0;
01/02/2026 15:38:15.416;0;1;0;0;
01/02/2026 15:38:16.990;0;0;0;0;
01/02/2026 15:38:55.369;0;1;0;0;
01/02/2026 15:38:57.101;0;0;0;0;
01/02/2026 15:39:15.491;0;1;0;0;
01/02/2026 15:39:17.142;0;0;0;0;
01/02/2026 15:39:55.358;0;1;0;0;
01/02/2026 15:39:56.852;0;0;0;0;
01/02/2026 15:48:35.882;0;0;1;0;
01/02/2026 15:48:37.36;0;0;0;0;
01/02/2026 15:48:55.703;0;1;1;0;
01/02/2026 15:48:57.517;0;0;0;0;
01/02/2026 15:49:35.744;0;0;1;0;
01/02/2026 15:49:37.198;0;0;0;0;
01/02/2026 15:50:15.745;0;1;1;0;
01/02/2026 15:50:17.309;0;0;0;0;
01/02/2026 15:51:15.821;0;1;0;0;
01/02/2026 15:51:17.611;0;0;0;0;
01/02/2026 15:51:55.697;0;1;0;0;
01/02/2026 15:51:57.222;0;0;0;0;
01/02/2026 15:53:55.836;0;0;1;0;
01/02/2026 15:53:57.35;0;0;0;0;
01/02/2026 15:54:15.901;0;0;1;0;
01/02/2026 15:54:17.125;0;0;0;0;
01/02/2026 15:55:15.878;0;0;1;0;
01/02/2026 15:55:17.297;0;0;0;0;
01/02/2026 15:55:35.888;0;1;0;0;
01/02/2026 15:55:37.338;0;0;0;0;
01/02/2026 15:55:55.904;0;0;1;0;
01/02/2026 15:55:57.238;0;0;0;0;
01/02/2026 15:56:15.914;0;0;1;0;
01/02/2026 15:56:17.158;0;0;0;0;
01/02/2026 16:01:16.312;0;0;1;0;
01/02/2026 16:01:17.556;0;0;0;0;
01/02/2026 16:01:36.53;0;0;1;0;
01/02/2026 16:01:37.387;0;0;0;0;
01/02/2026 16:06:56.201;0;1;0;0;
01/02/2026 16:06:57.935;0;0;0;0;
01/02/2026 16:08:16.243;0;1;0;0;
01/02/2026 16:08:17.727;0;0;0;0;
01/02/2026 16:09:36.285;0;1;0;0;
01/02/2026 16:09:37.729;0;0;0;0;
01/02/2026 16:11:16.522;0;1;0;0;
01/02/2026 16:11:17.992;0;0;0;0;
01/02/2026 16:11:56.358;0;0;1;0;
01/02/2026 16:11:57.492;0;0;0;0;
01/02/2026 16:12:16.274;0;0;1;0;
01/02/2026 16:12:17.503;0;0;0;0;
01/02/2026 16:13:36.386;0;1;0;0;
01/02/2026 16:13:38.35;0;0;0;0;
01/02/2026 16:14:37.676;0;1;0;0;
01/02/2026 16:14:39.338;0;0;0;0;
01/02/2026 16:15:56.464;0;1;0;0;
01/02/2026 16:15:57.919;0;0;0;0;
01/02/2026 16:16:16.470;0;1;0;0;
01/02/2026 16:16:18.119;0;0;0;0;
01/02/2026 16:16:36.485;0;1;0;0;
01/02/2026 16:16:38.60;0;0;0;0;
01/02/2026 16:19:16.454;0;0;1;0;
01/02/2026 16:19:17.833;0;0;0;0;
01/02/2026 16:19:36.460;0;0;1;0;
01/02/2026 16:19:37.744;0;0;0;0;
01/02/2026 16:20:24.488;1;0;0;0;
01/02/2026 16:20:24.489;1;1;1;0;
01/02/2026 16:20:36.384;1;0;0;0;
01/02/2026 16:21:16.4;0;0;0;0;
01/02/2026 16:34:29.213;1;0;0;0;
01/02/2026 16:35:07.88;1;0;1;0;
01/02/2026 16:35:19.955;1;0;0;0;
01/02/2026 16:35:34.149;0;0;0;0;
01/02/2026 16:36:09.284;0;1;0;0;
01/02/2026 16:36:14.941;0;0;0;0;
01/02/2026 16:36:49.183;0;0;1;0;
01/02/2026 16:36:50.558;0;0;0;0;
01/02/2026 16:37:49.215;0;1;0;0;
01/02/2026 16:37:50.950;0;0;0;0;
01/02/2026 16:38:09.230;0;1;0;0;
01/02/2026 16:38:11.541;0;0;0;0;
01/02/2026 16:38:29.296;0;1;1;0;
01/02/2026 16:38:31.211;0;0;0;0;
01/02/2026 16:39:49.358;0;1;0;0;
01/02/2026 16:39:50.792;0;0;0;0;
01/02/2026 16:40:29.379;0;1;1;0;
01/02/2026 16:40:30.924;0;0;0;0;
01/02/2026 16:41:09.395;0;1;0;0;
01/02/2026 16:41:10.995;0;0;0;0;
01/02/2026 16:48:09.591;0;0;1;0;
01/02/2026 16:48:10.835;0;0;0;0;
01/02/2026 16:48:29.602;0;1;1;0;
01/02/2026 16:48:31.526;0;0;0;0;
01/02/2026 16:48:49.612;0;1;1;0;
01/02/2026 16:48:51.206;0;0;0;0;
01/02/2026 16:50:49.576;0;1;0;0;
01/02/2026 16:50:51.39;0;0;0;0;
01/02/2026 16:52:09.707;0;0;1;0;
01/02/2026 16:52:10.971;0;0;0;0;
01/02/2026 16:54:50.71;0;1;0;0;
01/02/2026 16:54:51.576;0;0;0;0;
01/02/2026 16:57:50.51;0;1;0;0;
01/02/2026 16:57:51.730;0;0;0;0;
01/02/2026 16:58:49.882;0;1;0;0;
01/02/2026 16:58:51.442;0;0;0;0;
01/02/2026 17:03:09.924;0;1;0;0;
01/02/2026 17:03:11.388;0;0;0;0;
01/02/2026 17:06:30.109;0;0;1;0;
01/02/2026 17:06:31.343;0;0;0;0;
01/02/2026 17:06:50.119;0;0;1;0;
01/02/2026 17:06:51.453;0;0;0;0;
01/02/2026 17:08:10.161;0;1;0;0;
01/02/2026 17:08:11.866;0;0;0;0;
01/02/2026 17:10:50.155;0;1;0;0;
01/02/2026 17:10:51.680;0;0;0;0;
01/02/2026 17:14:50.341;0;0;1;0;
01/02/2026 17:14:51.575;0;0;0;0;
01/02/2026 17:17:50.326;0;1;0;0;
01/02/2026 17:17:51.910;0;0;0;0;
01/02/2026 17:18:48.448;1;0;0;0;
01/02/2026 17:18:48.449;1;1;1;0;
01/02/2026 17:18:52.352;1;0;0;0;
01/02/2026 17:18:56.613;1;1;1;0;
01/02/2026 17:18:57.748;1;0;0;0;
01/02/2026 17:19:06.547;1;1;1;0;
01/02/2026 17:19:07.918;1;0;0;0;
01/02/2026 17:19:16.253;1;1;1;0;
01/02/2026 17:19:17.388;1;0;0;0;
01/02/2026 17:19:26.253;1;1;1;0;
01/02/2026 17:19:27.408;1;0;0;0;
01/02/2026 17:19:42.544;0;0;0;0;
01/02/2026 17:20:18.479;0;1;1;0;
01/02/2026 17:20:20.863;0;0;0;0;
01/02/2026 17:21:18.509;0;0;1;0;
01/02/2026 17:21:19.903;0;0;0;0;
01/02/2026 17:23:38.593;0;1;0;0;
01/02/2026 17:23:40.217;0;0;0;0;
01/02/2026 17:24:58.589;0;1;0;0;
01/02/2026 17:25:00.149;0;0;0;0;
01/02/2026 17:26:38.667;0;1;0;0;
01/02/2026 17:26:40.222;0;0;0;0;
01/02/2026 17:27:58.709;0;1;0;0;
01/02/2026 17:28:00.194;0;0;0;0;
01/02/2026 17:29:18.942;0;0;1;0;
01/02/2026 17:29:20.266;0;0;0;0;
01/02/2026 17:41:19.110;0;1;0;0;
01/02/2026 17:41:21.225;0;0;0;0;
01/02/2026 17:41:39.140;0;1;0;0;
01/02/2026 17:41:40.655;0;0;0;0;
01/02/2026 17:42:59.162;0;1;0;0;
01/02/2026 17:43:00.737;0;0;0;0;
01/02/2026 17:43:39.183;0;0;1;0;
01/02/2026 17:43:40.407;0;0;0;0;
01/02/2026 17:44:39.110;0;1;1;0;
01/02/2026 17:44:40.849;0;0;0;0;
01/02/2026 17:45:19.206;0;1;0;0;
01/02/2026 17:45:20.910;0;0;0;0;
01/02/2026 17:45:59.416;0;0;1;0;
01/02/2026 17:46:00.821;0;0;0;0;
01/02/2026 17:46:19.525;0;0;1;0;
01/02/2026 17:46:20.872;0;0;0;0;
01/02/2026 17:47:19.289;0;1;1;0;
01/02/2026 17:47:20.803;0;0;0;0;
01/02/2026 17:49:39.653;0;1;0;0;
01/02/2026 17:49:41.187;0;0;0;0;
01/02/2026 17:49:59.383;0;0;1;0;
01/02/2026 17:50:00.637;0;0;0;0;
01/02/2026 17:53:59.469;0;1;0;0;
01/02/2026 17:54:01.13;0;0;0;0;
01/02/2026 17:56:59.463;0;1;0;0;
01/02/2026 17:57:01.48;0;0;0;0;
01/02/2026 17:57:39.479;0;0;1;0;
01/02/2026 17:57:40.678;0;0;0;0;
01/02/2026 17:57:59.495;0;0;1;0;
01/02/2026 17:58:00.809;0;0;0;0;
01/02/2026 17:59:59.841;0;1;0;0;
01/02/2026 18:00:01.462;0;0;0;0;
01/02/2026 18:01:19.680;0;1;0;0;
01/02/2026 18:01:21.164;0;0;0;0;
01/02/2026 18:02:19.706;0;0;1;0;
01/02/2026 18:02:21.115;0;0;0;0;
01/02/2026 18:02:39.722;0;1;0;0;
01/02/2026 18:02:41.286;0;0;0;0;
01/02/2026 18:02:59.792;0;0;1;0;
01/02/2026 18:03:01.167;0;0;0;0;
01/02/2026 18:06:19.827;0;1;0;0;
01/02/2026 18:06:21.261;0;0;0;0;
01/02/2026 18:07:00.92;0;0;1;0;
01/02/2026 18:07:01.252;0;0;0;0;
01/02/2026 18:07:59.860;0;0;1;0;
01/02/2026 18:08:01.134;0;0;0;0;
01/02/2026 18:11:19.870;0;1;0;0;
01/02/2026 18:11:21.439;0;0;0;0;
01/02/2026 18:11:59.871;0;0;1;0;
01/02/2026 18:12:01.280;0;0;0;0;
01/02/2026 18:12:19.876;0;0;1;0;
01/02/2026 18:12:21.250;0;0;0;0;
01/02/2026 18:12:59.997;0;0;1;0;
01/02/2026 18:13:01.371;0;0;0;0;
01/02/2026 18:13:05.913;1;0;0;0;
01/02/2026 18:13:05.914;1;1;1;0;
01/02/2026 18:13:17.668;1;0;0;0;
01/02/2026 18:13:57.329;0;0;0;0;
01/02/2026 18:36:37.432;1;0;0;0;
01/02/2026 18:37:15.426;1;0;1;0;
01/02/2026 18:37:28.53;1;0;0;0;
01/02/2026 18:37:42.738;0;0;0;0;
01/02/2026 18:38:17.602;0;1;0;0;
01/02/2026 18:38:20.376;0;0;0;0;
01/02/2026 18:38:37.691;0;0;1;0;
01/02/2026 18:38:38.955;0;0;0;0;
01/02/2026 18:38:57.942;0;1;0;0;
01/02/2026 18:38:59.607;0;0;0;0;
01/02/2026 18:44:57.781;0;0;1;0;
01/02/2026 18:44:59.195;0;0;0;0;
01/02/2026 18:46:17.823;0;1;0;0;
01/02/2026 18:46:19.338;0;0;0;0;
01/02/2026 18:48:57.808;0;0;1;0;
01/02/2026 18:48:59.31;0;0;0;0;
01/02/2026 18:49:17.828;0;0;1;0;
01/02/2026 18:49:19.112;0;0;0;0;
01/02/2026 18:49:37.829;0;1;0;0;
01/02/2026 18:49:39.433;0;0;0;0;
01/02/2026 18:51:00.116;0;1;0;0;
01/02/2026 18:51:01.697;0;0;0;0;
01/02/2026 18:51:37.972;0;1;0;0;
01/02/2026 18:51:39.636;0;0;0;0;
01/02/2026 18:53:38.55;0;1;0;0;
01/02/2026 18:53:40.20;0;0;0;0;
01/02/2026 18:53:58.55;0;1;0;0;
01/02/2026 18:53:59.730;0;0;0;0;
01/02/2026 18:54:17.966;0;0;1;0;
01/02/2026 18:54:19.220;0;0;0;0;
01/02/2026 18:54:38.207;0;0;1;0;
01/02/2026 18:54:39.551;0;0;0;0;
01/02/2026 18:54:58.172;0;1;0;0;
01/02/2026 18:54:59.611;0;0;0;0;
01/02/2026 18:58:18.187;0;1;0;0;
01/02/2026 18:58:20.27;0;0;0;0;
01/02/2026 18:59:18.483;0;1;0;0;
01/02/2026 18:59:20.78;0;0;0;0;
01/02/2026 19:00:58.147;0;0;1;0;
01/02/2026 19:00:59.280;0;0;0;0;
01/02/2026 19:01:18.157;0;1;0;0;
01/02/2026 19:01:19.861;0;0;0;0;
01/02/2026 19:01:38.167;0;0;1;0;
01/02/2026 19:01:39.421;0;0;0;0;
01/02/2026 19:01:58.98;0;1;0;0;
01/02/2026 19:01:59.762;0;0;0;0;
01/02/2026 19:07:38.331;0;0;1;0;
01/02/2026 19:07:39.650;0;0;0;0;
01/02/2026 19:08:38.378;0;1;0;0;
01/02/2026 19:08:39.872;0;0;0;0;
01/02/2026 19:12:38.574;0;1;0;0;
01/02/2026 19:12:40.108;0;0;0;0;
01/02/2026 19:14:38.537;0;1;0;0;
01/02/2026 19:14:40.1;0;0;0;0;
01/02/2026 19:15:18.568;0;1;0;0;
01/02/2026 19:15:20.352;0;0;0;0;
01/02/2026 19:15:58.552;0;0;1;0;
01/02/2026 19:15:59.783;0;0;0;0;
01/02/2026 19:20:19.179;0;1;0;0;
01/02/2026 19:20:20.790;0;0;0;0;
01/02/2026 19:20:58.711;0;1;0;0;
01/02/2026 19:21:00.271;0;0;0;0;
01/02/2026 19:24:38.922;0;1;0;0;
01/02/2026 19:24:40.847;0;0;0;0;
01/02/2026 19:25:18.943;0;1;0;0;
01/02/2026 19:25:20.697;0;0;0;0;
01/02/2026 19:44:39.504;0;0;1;0;
01/02/2026 19:44:40.747;0;0;0;0;
01/02/2026 19:44:59.503;0;0;1;0;
01/02/2026 19:45:00.837;0;0;0;0;
01/02/2026 19:51:39.804;0;1;0;0;
01/02/2026 19:51:41.428;0;0;0;0;
01/02/2026 19:52:39.745;0;0;1;0;
01/02/2026 19:52:41.70;0;0;0;0;
01/02/2026 19:53:39.678;0;1;0;0;
01/02/2026 19:53:41.221;0;0;0;0;
01/02/2026 20:08:20.171;0;0;1;0;
01/02/2026 20:08:21.365;0;0;0;0;
01/02/2026 20:10:40.239;0;1;0;0;
01/02/2026 20:10:41.679;0;0;0;0;
01/02/2026 20:13:20.439;0;1;0;0;
01/02/2026 20:13:22.23;0;0;0;0;
01/02/2026 20:21:20.562;0;0;1;0;
01/02/2026 20:21:21.856;0;0;0;0;
01/02/2026 20:23:20.675;0;1;0;0;
01/02/2026 20:23:22.300;0;0;0;0;
01/02/2026 20:26:20.710;0;1;0;0;
01/02/2026 20:26:22.174;0;0;0;0;
01/02/2026 20:33:40.955;0;1;0;0;
01/02/2026 20:33:42.527;0;0;0;0;
01/02/2026 20:37:40.929;0;1;0;0;
01/02/2026 20:37:42.483;0;0;0;0;
01/02/2026 20:38:51.70;1;0;0;0;
01/02/2026 20:38:51.71;1;1;1;0;
01/02/2026 20:38:56.199;1;0;0;0;
01/02/2026 20:38:59.102;1;1;1;0;
01/02/2026 20:39:00.233;1;0;0;0;
01/02/2026 20:39:08.999;1;1;1;0;
01/02/2026 20:39:10.434;1;0;0;0;
01/02/2026 20:39:19.62;1;1;1;0;
01/02/2026 20:39:20.214;1;0;0;0;
01/02/2026 20:39:29.133;1;1;1;0;
01/02/2026 20:39:30.274;1;0;0;0;
01/02/2026 20:39:44.98;0;0;0;0;
01/02/2026 20:40:21.145;0;1;1;0;
01/02/2026 20:40:25.601;0;0;0;0;
01/02/2026 20:40:41.154;0;1;1;0;
01/02/2026 20:40:42.899;0;0;0;0;
01/02/2026 20:41:01.164;0;1;1;0;
01/02/2026 20:41:02.739;0;0;0;0;
01/02/2026 20:41:41.86;0;1;1;0;
01/02/2026 20:41:42.650;0;0;0;0;
01/02/2026 20:42:01.96;0;0;1;0;
01/02/2026 20:42:02.230;0;0;0;0;
01/02/2026 20:42:21.107;0;0;1;0;
01/02/2026 20:42:22.381;0;0;0;0;
01/02/2026 20:49:21.294;0;1;0;0;
01/02/2026 20:49:22.943;0;0;0;0;
01/02/2026 20:50:01.420;0;1;1;0;
01/02/2026 20:50:02.974;0;0;0;0;
01/02/2026 20:50:41.441;0;0;1;0;
01/02/2026 20:50:42.795;0;0;0;0;
01/02/2026 20:54:21.617;0;1;0;0;
01/02/2026 20:54:23.51;0;0;0;0;
01/02/2026 20:58:01.648;0;1;0;0;
01/02/2026 20:58:03.248;0;0;0;0;
01/02/2026 21:03:22.84;0;1;0;0;
01/02/2026 21:03:23.747;0;0;0;0;
01/02/2026 21:04:01.824;0;1;1;0;
01/02/2026 21:04:03.388;0;0;0;0;
01/02/2026 21:08:01.940;0;0;1;0;
01/02/2026 21:08:03.194;0;0;0;0;
01/02/2026 21:08:42.74;0;1;0;0;
01/02/2026 21:08:43.616;0;0;0;0;
01/02/2026 21:09:41.988;0;1;0;0;
01/02/2026 21:09:43.588;0;0;0;0;
01/02/2026 21:12:41.978;0;0;1;0;
01/02/2026 21:12:43.352;0;0;0;0;
01/02/2026 21:14:22.424;0;0;1;0;
01/02/2026 21:14:23.725;0;0;0;0;
01/02/2026 21:16:42.215;0;1;0;0;
01/02/2026 21:16:43.669;0;0;0;0;
01/02/2026 21:22:22.365;0;1;0;0;
01/02/2026 21:22:23.849;0;0;0;0;
01/02/2026 21:33:42.669;0;0;1;0;
01/02/2026 21:33:43.808;0;0;0;0;
01/02/2026 21:37:02.812;0;0;1;0;
01/02/2026 21:37:04.64;0;0;0;0;
01/02/2026 21:37:43.244;0;1;0;0;
01/02/2026 21:37:44.876;0;0;0;0;
01/02/2026 21:38:42.812;0;0;1;0;
01/02/2026 21:38:44.237;0;0;0;0;
01/02/2026 21:39:22.904;0;0;1;0;
01/02/2026 21:39:24.258;0;0;0;0;
01/02/2026 21:40:23.286;0;1;0;0;
01/02/2026 21:40:24.780;0;0;0;0;
01/02/2026 21:41:22.797;0;1;0;0;
01/02/2026 21:41:24.291;0;0;0;0;
01/02/2026 21:43:03.102;0;1;0;0;
01/02/2026 21:43:04.694;0;0;0;0;
01/02/2026 21:51:43.405;0;1;0;0;
01/02/2026 21:51:44.979;0;0;0;0;
01/02/2026 21:52:03.225;0;0;1;0;
01/02/2026 21:52:04.359;0;0;0;0;
01/02/2026 21:52:23.226;0;1;1;0;
01/02/2026 21:52:24.810;0;0;0;0;
01/02/2026 22:02:23.492;0;1;0;0;
01/02/2026 22:02:25.97;0;0;0;0;
01/02/2026 22:03:03.658;0;1;0;0;
01/02/2026 22:03:05.248;0;0;0;0;
01/02/2026 22:03:23.784;0;1;0;0;
01/02/2026 22:03:25.439;0;0;0;0;
01/02/2026 22:07:43.662;0;1;0;0;
01/02/2026 22:07:45.135;0;0;0;0;
01/02/2026 22:08:43.738;0;0;1;0;
01/02/2026 22:08:44.886;0;0;0;0;
01/02/2026 22:09:03.868;0;0;1;0;
01/02/2026 22:09:05.137;0;0;0;0;
01/02/2026 22:09:23.994;0;1;0;0;
01/02/2026 22:09:25.558;0;0;0;0;
01/02/2026 22:09:43.704;0;1;0;0;
01/02/2026 22:09:45.609;0;0;0;0;
01/02/2026 22:10:03.716;0;1;1;0;
01/02/2026 22:10:05.619;0;0;0;0;
01/02/2026 22:10:43.648;0;0;1;0;
01/02/2026 22:10:44.960;0;0;0;0;
01/02/2026 22:12:03.940;0;1;0;0;
01/02/2026 22:12:05.803;0;0;0;0;
01/02/2026 22:12:43.689;0;1;1;0;
01/02/2026 22:12:45.393;0;0;0;0;
01/02/2026 22:15:04.33;0;0;1;0;
01/02/2026 22:15:05.307;0;0;0;0;
01/02/2026 22:18:43.868;0;1;0;0;
01/02/2026 22:18:45.543;0;0;0;0;
01/02/2026 22:20:04.1;0;1;0;0;
01/02/2026 22:20:05.535;0;0;0;0;
01/02/2026 22:23:24.126;0;1;0;0;
01/02/2026 22:23:25.840;0;0;0;0;
01/02/2026 22:24:44.53;0;1;0;0;
01/02/2026 22:24:45.522;0;0;0;0;
01/02/2026 22:25:04.69;0;1;0;0;
01/02/2026 22:25:06.523;0;0;0;0;
01/02/2026 22:25:24.74;0;1;0;0;
01/02/2026 22:25:26.474;0;0;0;0;
01/02/2026 22:25:44.54;0;1;0;0;
01/02/2026 22:25:45.643;0;0;0;0;
01/02/2026 22:26:24.175;0;0;1;0;
01/02/2026 22:26:25.314;0;0;0;0;
01/02/2026 22:26:44.186;0;0;1;0;
01/02/2026 22:26:45.415;0;0;0;0;
01/02/2026 22:27:04.392;0;1;0;0;
01/02/2026 22:27:05.896;0;0;0;0;
01/02/2026 22:27:44.423;0;1;0;0;
01/02/2026 22:27:46.57;0;0;0;0;
01/02/2026 22:32:04.234;0;1;0;0;
01/02/2026 22:32:05.763;0;0;0;0;
01/02/2026 22:34:24.567;0;1;0;0;
01/02/2026 22:34:26.227;0;0;0;0;
01/02/2026 22:35:04.428;0;1;0;0;
01/02/2026 22:35:05.938;0;0;0;0;
01/02/2026 22:36:04.470;0;1;0;0;
01/02/2026 22:36:06.29;0;0;0;0;
01/02/2026 22:41:45.89;0;1;0;0;
01/02/2026 22:41:46.738;0;0;0;0;
01/02/2026 22:42:04.634;0;0;1;0;
01/02/2026 22:42:05.848;0;0;0;0;
01/02/2026 22:42:24.644;0;0;1;0;
01/02/2026 22:42:25.938;0;0;0;0;
01/02/2026 22:43:24.571;0;1;0;0;
01/02/2026 22:43:26.130;0;0;0;0;
01/02/2026 22:44:04.607;0;1;0;0;
01/02/2026 22:44:06.161;0;0;0;0;
01/02/2026 22:44:44.791;0;1;0;0;
01/02/2026 22:44:46.442;0;0;0;0;
01/02/2026 22:45:07.981;1;0;0;0;
01/02/2026 22:45:07.982;1;1;1;0;
01/02/2026 22:45:19.957;1;0;0;0;
01/02/2026 22:45:59.167;0;0;0;0;
01/02/2026 23:02:23.664;1;0;0;0;
01/02/2026 23:03:01.331;1;0;1;0;
01/02/2026 23:03:14.207;1;0;0;0;
01/02/2026 23:03:29.483;0;0;0;0;
01/02/2026 23:04:13.511;0;1;1;0;
01/02/2026 23:04:17.953;0;0;0;0;
01/02/2026 23:04:33.555;0;1;1;0;
01/02/2026 23:04:35.781;0;0;0;0;
01/02/2026 23:04:53.536;0;1;0;0;
01/02/2026 23:04:56.92;0;0;0;0;
01/02/2026 23:05:13.447;0;1;0;0;
01/02/2026 23:05:15.682;0;0;0;0;
01/02/2026 23:05:33.457;0;1;1;0;
01/02/2026 23:05:34.922;0;0;0;0;
01/02/2026 23:05:53.468;0;0;1;0;
01/02/2026 23:05:54.722;0;0;0;0;
01/02/2026 23:08:13.621;0;0;1;0;
01/02/2026 23:08:14.956;0;0;0;0;
01/02/2026 23:09:33.664;0;1;0;0;
01/02/2026 23:09:35.148;0;0;0;0;
01/02/2026 23:13:53.920;0;1;0;0;
01/02/2026 23:13:55.475;0;0;0;0;
01/02/2026 23:14:33.901;0;1;0;0;
01/02/2026 23:14:35.466;0;0;0;0;
01/02/2026 23:15:33.843;0;1;0;0;
01/02/2026 23:15:35.538;0;0;0;0;
01/02/2026 23:15:53.854;0;0;1;0;
01/02/2026 23:15:55.118;0;0;0;0;
01/02/2026 23:16:33.875;0;1;0;0;
01/02/2026 23:16:35.619;0;0;0;0;
01/02/2026 23:17:33.907;0;0;1;0;
01/02/2026 23:17:35.140;0;0;0;0;
01/02/2026 23:17:53.818;0;0;1;0;
01/02/2026 23:17:55.161;0;0;0;0;
01/02/2026 23:20:13.870;0;1;0;0;
01/02/2026 23:20:15.545;0;0;0;0;
01/02/2026 23:20:33.981;0;1;0;0;
01/02/2026 23:20:35.585;0;0;0;0;
01/02/2026 23:22:14.73;0;1;0;0;
01/02/2026 23:22:15.618;0;0;0;0;
01/02/2026 23:22:54.264;0;1;0;0;
01/02/2026 23:22:56.189;0;0;0;0;
01/02/2026 23:23:14.355;0;1;0;0;
01/02/2026 23:23:15.859;0;0;0;0;
01/02/2026 23:24:14.96;0;1;0;0;
01/02/2026 23:24:15.631;0;0;0;0;
01/02/2026 23:25:54.330;0;1;1;0;
01/02/2026 23:25:55.773;0;0;0;0;
01/02/2026 23:26:14.202;0;0;1;0;
01/02/2026 23:26:15.484;0;0;0;0;
01/02/2026 23:28:14.202;0;1;0;0;
01/02/2026 23:28:15.957;0;0;0;0;
01/02/2026 23:30:34.706;0;1;0;0;
01/02/2026 23:30:36.311;0;0;0;0;
01/02/2026 23:36:54.446;0;1;0;0;
01/02/2026 23:36:56.260;0;0;0;0;
01/02/2026 23:38:14.388;0;0;1;0;
01/02/2026 23:38:15.642;0;0;0;0;
01/02/2026 23:38:34.408;0;1;1;0;
01/02/2026 23:38:35.932;0;0;0;0;
01/02/2026 23:40:34.792;0;1;0;0;
01/02/2026 23:40:36.276;0;0;0;0;
01/02/2026 23:43:54.677;0;1;0;0;
01/02/2026 23:43:56.271;0;0;0;0;
01/02/2026 23:45:54.600;0;1;0;0;
01/02/2026 23:45:56.183;0;0;0;0;
01/02/2026 23:47:14.745;0;0;1;0;
01/02/2026 23:47:15.885;0;0;0;0;
01/02/2026 23:47:37.89;0;0;1;0;
01/02/2026 23:47:38.378;0;0;0;0;
01/02/2026 23:50:14.836;0;1;0;0;
01/02/2026 23:50:16.420;0;0;0;0;
01/02/2026 23:54:54.968;0;0;1;0;
01/02/2026 23:54:56.297;0;0;0;0;
01/02/2026 23:55:34.974;0;1;0;0;
01/02/2026 23:55:36.638;0;0;0;0;
01/02/2026 23:57:15.147;0;1;0;0;
01/02/2026 23:57:16.761;0;0;0;0;
01/02/2026 23:59:34.980;0;1;0;0;
01/02/2026 23:59:36.564;0;0;0;0;
02/02/2026 00:02:15.159;0;1;0;0;
02/02/2026 00:02:16.699;0;0;0;0;
02/02/2026 00:03:35.306;0;1;0;0;
02/02/2026 00:03:36.891;0;0;0;0;
02/02/2026 00:04:15.127;0;1;0;0;
02/02/2026 00:04:16.772;0;0;0;0;
02/02/2026 00:14:35.534;0;1;0;0;
02/02/2026 00:14:37.48;0;0;0;0;
02/02/2026 00:17:35.518;0;1;0;0;
02/02/2026 00:17:37.43;0;0;0;0;
02/02/2026 00:21:35.715;0;1;0;0;
02/02/2026 00:21:37.299;0;0;0;0;
02/02/2026 00:22:35.887;0;1;0;0;
02/02/2026 00:22:37.441;0;0;0;0;
02/02/2026 00:26:55.858;0;0;1;0;
02/02/2026 00:26:57.97;0;0;0;0;
02/02/2026 00:27:15.865;0;0;1;0;
02/02/2026 00:27:17.198;0;0;0;0;
02/02/2026 00:42:36.203;0;1;0;0;
02/02/2026 00:42:37.733;0;0;0;0;
02/02/2026 00:50:16.522;0;1;0;0;
02/02/2026 00:50:18.96;0;0;0;0;
02/02/2026 00:59:36.727;0;1;0;0;
02/02/2026 00:59:38.342;0;0;0;0;
02/02/2026 01:00:55.30;1;1;1;0;
02/02/2026 01:00:55.30;1;1;1;0;
02/02/2026 01:01:00.146;1;0;0;0;
02/02/2026 01:01:02.751;1;1;1;0;
02/02/2026 01:01:03.900;1;0;0;0;
02/02/2026 01:01:12.755;1;1;1;0;
02/02/2026 01:01:14.190;1;0;0;0;
02/02/2026 01:01:22.750;1;1;1;0;
02/02/2026 01:01:23.880;1;0;0;0;
02/02/2026 01:01:32.746;1;1;1;0;
02/02/2026 01:01:33.880;1;0;0;0;
02/02/2026 01:01:48.706;0;0;0;0;
02/02/2026 01:02:24.811;0;1;1;0;
02/02/2026 01:02:27.636;0;0;0;0;
02/02/2026 01:02:44.940;0;0;1;0;
02/02/2026 01:02:46.465;0;0;0;0;
02/02/2026 01:03:04.926;0;0;1;0;
02/02/2026 01:03:06.215;0;0;0;0;
02/02/2026 01:03:45.132;0;0;1;0;
02/02/2026 01:03:46.497;0;0;0;0;
02/02/2026 01:04:05.253;0;1;0;0;
02/02/2026 01:04:06.798;0;0;0;0;
02/02/2026 01:04:24.973;0;0;1;0;
02/02/2026 01:04:26.127;0;0;0;0;
02/02/2026 01:04:44.984;0;0;1;0;
02/02/2026 01:04:46.288;0;0;0;0;
02/02/2026 01:10:45.154;0;1;0;0;
02/02/2026 01:10:46.819;0;0;0;0;
02/02/2026 01:11:25.176;0;0;1;0;
02/02/2026 01:11:26.619;0;0;0;0;
02/02/2026 01:12:05.240;0;1;1;0;
02/02/2026 01:12:06.741;0;0;0;0;
02/02/2026 01:19:05.283;0;0;1;0;
02/02/2026 01:19:06.422;0;0;0;0;
02/02/2026 01:19:45.294;0;0;1;0;
02/02/2026 01:19:46.553;0;0;0;0;
02/02/2026 01:40:46.28;0;1;0;0;
02/02/2026 01:40:47.619;0;0;0;0;
02/02/2026 01:41:45.927;0;1;0;0;
02/02/2026 01:41:47.391;0;0;0;0;
02/02/2026 01:46:26.160;0;1;0;0;
02/02/2026 01:46:27.629;0;0;0;0;
02/02/2026 01:47:46.107;0;1;0;0;
02/02/2026 01:47:47.721;0;0;0;0;
02/02/2026 01:49:46.330;0;1;0;0;
02/02/2026 01:49:47.795;0;0;0;0;
02/02/2026 01:51:06.313;0;1;0;0;
02/02/2026 01:51:07.827;0;0;0;0;
02/02/2026 01:53:06.669;0;1;0;0;
02/02/2026 01:53:08.130;0;0;0;0;
02/02/2026 01:55:06.349;0;0;1;0;
02/02/2026 01:55:07.603;0;0;0;0;
02/02/2026 01:55:26.720;0;0;1;0;
02/02/2026 01:55:28.74;0;0;0;0;
02/02/2026 01:57:46.484;0;1;0;0;
02/02/2026 01:57:48.118;0;0;0;0;
02/02/2026 02:06:26.639;0;1;0;0;
02/02/2026 02:06:28.313;0;0;0;0;
02/02/2026 02:07:26.660;0;1;1;0;
02/02/2026 02:07:28.274;0;0;0;0;
02/02/2026 02:14:06.961;0;0;1;0;
02/02/2026 02:14:08.235;0;0;0;0;
02/02/2026 02:17:07.66;0;0;1;0;
02/02/2026 02:17:08.450;0;0;0;0;
02/02/2026 02:17:46.987;0;0;1;0;
02/02/2026 02:17:48.331;0;0;0;0;
02/02/2026 02:23:07.256;0;1;0;0;
02/02/2026 02:23:08.830;0;0;0;0;
02/02/2026 02:25:27.190;0;1;0;0;
02/02/2026 02:25:28.624;0;0;0;0;
02/02/2026 02:29:07.406;0;0;1;0;
02/02/2026 02:29:08.589;0;0;0;0;
02/02/2026 02:29:27.426;0;0;1;0;
02/02/2026 02:29:28.700;0;0;0;0;
02/02/2026 02:32:47.496;0;1;0;0;
02/02/2026 02:32:49.86;0;0;0;0;
02/02/2026 02:33:07.512;0;0;1;0;
02/02/2026 02:33:08.896;0;0;0;0;
02/02/2026 02:33:27.523;0;1;0;0;
02/02/2026 02:33:29.97;0;0;0;0;
02/02/2026 02:34:07.676;0;1;0;0;
02/02/2026 02:34:09.458;0;0;0;0;
02/02/2026 02:34:27.797;0;0;1;0;
02/02/2026 02:34:29.158;0;0;0;0;
02/02/2026 02:38:27.560;0;0;1;0;
02/02/2026 02:38:28.784;0;0;0;0;
02/02/2026 02:41:10.41;0;1;0;0;
02/02/2026 02:41:11.751;0;0;0;0;
02/02/2026 02:41:47.765;0;1;0;0;
02/02/2026 02:41:49.300;0;0;0;0;
02/02/2026 02:42:07.786;0;1;1;0;
02/02/2026 02:42:09.700;0;0;0;0;
02/02/2026 02:43:07.727;0;0;1;0;
02/02/2026 02:43:08.951;0;0;0;0;
02/02/2026 02:43:47.828;0;1;0;0;
02/02/2026 02:43:49.503;0;0;0;0;
02/02/2026 02:45:47.881;0;1;0;0;
02/02/2026 02:45:49.406;0;0;0;0;
02/02/2026 02:52:48.82;0;0;1;0;
02/02/2026 02:52:49.426;0;0;0;0;
02/02/2026 02:55:48.181;0;0;1;0;
02/02/2026 02:55:49.600;0;0;0;0;
02/02/2026 02:56:08.102;0;0;1;0;
02/02/2026 02:56:09.441;0;0;0;0;
02/02/2026 02:56:28.97;0;1;0;0;
02/02/2026 02:56:29.772;0;0;0;0;
02/02/2026 02:56:48.108;0;1;1;0;
02/02/2026 02:56:49.722;0;0;0;0;
02/02/2026 02:58:28.410;0;0;1;0;
02/02/2026 02:58:29.785;0;0;0;0;
02/02/2026 02:58:46.168;1;0;0;0;
02/02/2026 02:58:46.169;1;1;1;0;
02/02/2026 02:58:57.903;1;0;0;0;
02/02/2026 02:59:37.934;0;0;0;0;
02/02/2026 03:12:49.246;1;0;0;0;
02/02/2026 03:13:27.2;1;0;1;0;
02/02/2026 03:13:39.498;1;0;0;0;
02/02/2026 03:13:54.434;0;0;0;0;
02/02/2026 03:14:29.78;0;1;1;0;
02/02/2026 03:14:34.84;0;0;0;0;
02/02/2026 03:14:49.82;0;0;1;0;
02/02/2026 03:14:50.491;0;0;0;0;
02/02/2026 03:15:09.92;0;0;1;0;
02/02/2026 03:15:10.402;0;0;0;0;
02/02/2026 03:15:29.113;0;1;0;0;
02/02/2026 03:15:30.732;0;0;0;0;
02/02/2026 03:15:49.108;0;1;0;0;
02/02/2026 03:15:51.263;0;0;0;0;
02/02/2026 03:16:09.139;0;1;0;0;
02/02/2026 03:16:11.194;0;0;0;0;
02/02/2026 03:16:29.219;0;1;1;0;
02/02/2026 03:16:31.795;0;0;0;0;
02/02/2026 03:16:49.435;0;0;1;0;
02/02/2026 03:16:50.694;0;0;0;0;
02/02/2026 03:17:29.261;0;1;0;0;
02/02/2026 03:17:30.916;0;0;0;0;
02/02/2026 03:18:49.303;0;1;0;0;
02/02/2026 03:18:50.788;0;0;0;0;
02/02/2026 03:23:29.430;0;1;0;0;
02/02/2026 03:23:31.65;0;0;0;0;
02/02/2026 03:24:09.452;0;1;0;0;
02/02/2026 03:24:11.146;0;0;0;0;
02/02/2026 03:27:09.446;0;0;1;0;
02/02/2026 03:27:10.760;0;0;0;0;
02/02/2026 03:30:09.611;0;0;1;0;
02/02/2026 03:30:10.755;0;0;0;0;
02/02/2026 03:30:29.621;0;0;1;0;
02/02/2026 03:30:30.945;0;0;0;0;
02/02/2026 03:32:49.855;0;1;0;0;
02/02/2026 03:32:51.349;0;0;0;0;
02/02/2026 03:33:29.616;0;1;1;0;
02/02/2026 03:33:31.170;0;0;0;0;
02/02/2026 03:34:29.667;0;1;1;0;
02/02/2026 03:34:31.522;0;0;0;0;
02/02/2026 03:34:49.668;0;0;1;0;
02/02/2026 03:34:50.892;0;0;0;0;
02/02/2026 03:41:29.888;0;1;0;0;
02/02/2026 03:41:31.683;0;0;0;0;
02/02/2026 03:42:49.990;0;1;0;0;
02/02/2026 03:42:51.484;0;0;0;0;
02/02/2026 03:43:30.44;0;0;1;0;
02/02/2026 03:43:31.345;0;0;0;0;
02/02/2026 03:43:50.86;0;1;0;0;
02/02/2026 03:43:51.716;0;0;0;0;
02/02/2026 03:46:30.106;0;1;0;0;
02/02/2026 03:46:31.660;0;0;0;0;
02/02/2026 03:51:30.465;0;0;1;0;
02/02/2026 03:51:31.617;0;0;0;0;
02/02/2026 03:51:50.264;0;0;1;0;
02/02/2026 03:51:51.538;0;0;0;0;
02/02/2026 03:55:30.269;0;1;0;0;
02/02/2026 03:55:31.823;0;0;0;0;
02/02/2026 03:57:50.501;0;1;0;0;
02/02/2026 03:57:52.77;0;0;0;0;
02/02/2026 04:10:10.801;0;1;0;0;
02/02/2026 04:10:12.366;0;0;0;0;
02/02/2026 04:11:10.965;0;0;1;0;
02/02/2026 04:11:12.117;0;0;0;0;
02/02/2026 04:11:33.89;0;1;1;0;
02/02/2026 04:11:34.660;0;0;0;0;
02/02/2026 04:14:10.913;0;1;0;0;
02/02/2026 04:14:12.502;0;0;0;0;
02/02/2026 04:15:10.834;0;1;0;0;
02/02/2026 04:15:12.424;0;0;0;0;
02/02/2026 04:20:51.248;0;1;0;0;
02/02/2026 04:20:52.893;0;0;0;0;
02/02/2026 04:23:11.167;0;1;0;0;
02/02/2026 04:23:12.706;0;0;0;0;
02/02/2026 04:25:11.246;0;1;0;0;
02/02/2026 04:25:12.870;0;0;0;0;
02/02/2026 04:25:31.146;0;1;0;0;
02/02/2026 04:25:32.640;0;0;0;0;
02/02/2026 04:36:51.574;0;1;0;0;
02/02/2026 04:36:53.198;0;0;0;0;
02/02/2026 04:37:31.630;0;0;1;0;
02/02/2026 04:37:32.759;0;0;0;0;
02/02/2026 04:37:51.600;0;0;1;0;
02/02/2026 04:37:52.820;0;0;0;0;
02/02/2026 04:38:11.536;0;1;0;0;
02/02/2026 04:38:13.150;0;0;0;0;
02/02/2026 04:42:11.927;0;1;0;0;
02/02/2026 04:42:13.918;0;0;0;0;
02/02/2026 04:43:11.739;0;1;0;0;
02/02/2026 04:43:13.178;0;0;0;0;
02/02/2026 04:43:31.765;0;1;0;0;
02/02/2026 04:43:33.339;0;0;0;0;
02/02/2026 04:43:51.765;0;1;0;0;
02/02/2026 04:43:53.520;0;0;0;0;
02/02/2026 04:49:31.935;0;1;0;0;
02/02/2026 04:49:33.429;0;0;0;0;
02/02/2026 05:03:52.228;0;1;0;0;
02/02/2026 05:03:53.843;0;0;0;0;
02/02/2026 05:09:12.658;0;1;0;0;
02/02/2026 05:09:14.212;0;0;0;0;
02/02/2026 05:12:25.565;1;0;0;0;
02/02/2026 05:12:25.566;1;1;1;0;
02/02/2026 05:12:30.604;1;0;0;0;
02/02/2026 05:12:33.464;1;1;1;0;
02/02/2026 05:12:34.618;1;0;0;0;
02/02/2026 05:12:43.463;1;1;1;0;
02/02/2026 05:12:44.908;1;0;0;0;
02/02/2026 05:12:53.458;1;1;1;0;
02/02/2026 05:12:54.598;1;0;0;0;
02/02/2026 05:13:03.464;1;1;1;0;
02/02/2026 05:13:04.608;1;0;0;0;
02/02/2026 05:13:18.813;0;0;0;0;
02/02/2026 05:13:55.549;0;1;1;0;
02/02/2026 05:13:58.764;0;0;0;0;
02/02/2026 05:14:15.622;0;0;1;0;
02/02/2026 05:14:17.153;0;0;0;0;
02/02/2026 05:14:35.742;0;1;1;0;
02/02/2026 05:14:37.304;0;0;0;0;
02/02/2026 05:15:15.660;0;0;1;0;
02/02/2026 05:15:17.45;0;0;0;0;
02/02/2026 05:17:15.744;0;1;0;0;
02/02/2026 05:17:17.218;0;0;0;0;
02/02/2026 05:17:56.6;0;0;1;0;
02/02/2026 05:17:57.139;0;0;0;0;
02/02/2026 05:18:15.776;0;0;1;0;
02/02/2026 05:18:17.20;0;0;0;0;
02/02/2026 05:22:15.862;0;1;0;0;
02/02/2026 05:22:17.497;0;0;0;0;
02/02/2026 05:22:55.954;0;0;1;0;
02/02/2026 05:22:57.348;0;0;0;0;
02/02/2026 05:25:35.873;0;1;0;0;
02/02/2026 05:25:37.402;0;0;0;0;
02/02/2026 05:25:55.971;0;0;1;0;
02/02/2026 05:25:57.283;0;0;0;0;
02/02/2026 05:50:56.701;0;1;0;0;
02/02/2026 05:50:58.325;0;0;0;0;
02/02/2026 05:53:36.785;0;1;0;0;
02/02/2026 05:53:38.360;0;0;0;0;
02/02/2026 05:54:16.707;0;0;1;0;
02/02/2026 05:54:17.931;0;0;0;0;
02/02/2026 05:54:36.730;0;0;1;0;
02/02/2026 05:54:38.71;0;0;0;0;
02/02/2026 06:01:16.909;0;1;0;0;
02/02/2026 06:01:18.493;0;0;0;0;
02/02/2026 06:05:57.78;0;1;0;0;
02/02/2026 06:05:58.601;0;0;0;0;
02/02/2026 06:06:37.231;0;0;1;0;
02/02/2026 06:06:38.572;0;0;0;0;
02/02/2026 06:13:17.259;0;1;0;0;
02/02/2026 06:13:18.933;0;0;0;0;
02/02/2026 06:15:57.754;0;1;0;0;
02/02/2026 06:15:59.288;0;0;0;0;
02/02/2026 06:23:37.596;0;1;0;0;
02/02/2026 06:23:39.181;0;0;0;0;
02/02/2026 06:25:37.720;0;1;0;0;
02/02/2026 06:25:39.334;0;0;0;0;
02/02/2026 06:28:37.815;0;1;0;0;
02/02/2026 06:28:39.419;0;0;0;0;
02/02/2026 06:28:57.835;0;0;1;0;
02/02/2026 06:28:58.999;0;0;0;0;
02/02/2026 06:29:19.798;0;1;1;0;
02/02/2026 06:29:21.592;0;0;0;0;
02/02/2026 06:31:57.910;0;1;0;0;
02/02/2026 06:31:59.415;0;0;0;0;
02/02/2026 06:33:18.193;0;1;0;0;
02/02/2026 06:33:19.887;0;0;0;0;
02/02/2026 06:40:18.154;0;1;0;0;
02/02/2026 06:40:19.778;0;0;0;0;
02/02/2026 06:41:18.180;0;1;0;0;
02/02/2026 06:41:19.890;0;0;0;0;
02/02/2026 06:41:58.412;0;1;0;0;
02/02/2026 06:41:59.911;0;0;0;0;
02/02/2026 06:43:58.240;0;1;0;0;
02/02/2026 06:43:59.914;0;0;0;0;
02/02/2026 06:44:18.245;0;1;0;0;
02/02/2026 06:44:19.935;0;0;0;0;
02/02/2026 06:44:58.381;0;1;1;0;
02/02/2026 06:45:00.346;0;0;0;0;
02/02/2026 06:46:58.365;0;1;0;0;
02/02/2026 06:47:00.39;0;0;0;0;
02/02/2026 06:47:38.288;0;1;0;0;
02/02/2026 06:47:40.80;0;0;0;0;
02/02/2026 06:47:58.406;0;1;1;0;
02/02/2026 06:48:00.81;0;0;0;0;
02/02/2026 06:48:18.520;0;0;1;0;
02/02/2026 06:48:19.811;0;0;0;0;
02/02/2026 06:48:38.288;0;1;0;0;
02/02/2026 06:48:40.112;0;0;0;0;
02/02/2026 06:49:18.313;0;0;1;0;
02/02/2026 06:49:19.753;0;0;0;0;
02/02/2026 06:50:18.410;0;1;1;0;
02/02/2026 06:50:19.884;0;0;0;0;
02/02/2026 06:50:58.451;0;1;0;0;
02/02/2026 06:51:00.155;0;0;0;0;
02/02/2026 06:51:18.567;0;1;0;0;
02/02/2026 06:51:20.46;0;0;0;0;
02/02/2026 06:53:18.500;0;1;0;0;
02/02/2026 06:53:20.299;0;0;0;0;
02/02/2026 06:53:38.525;0;1;0;0;
02/02/2026 06:53:40.39;0;0;0;0;
02/02/2026 06:54:18.569;0;1;0;0;
02/02/2026 06:54:20.90;0;0;0;0;
02/02/2026 06:55:58.469;0;0;1;0;
02/02/2026 06:55:59.693;0;0;0;0;
02/02/2026 07:08:38.863;0;1;0;0;
02/02/2026 07:08:40.692;0;0;0;0;
02/02/2026 07:08:58.838;0;0;1;0;
02/02/2026 07:08:59.972;0;0;0;0;
02/02/2026 07:09:18.839;0;1;1;0;
02/02/2026 07:09:20.423;0;0;0;0;
02/02/2026 07:09:58.945;0;1;0;0;
02/02/2026 07:10:00.444;0;0;0;0;
02/02/2026 07:12:59.39;0;1;0;0;
02/02/2026 07:13:00.629;0;0;0;0;
02/02/2026 07:13:58.971;0;1;0;0;
02/02/2026 07:14:00.560;0;0;0;0;
02/02/2026 07:15:07.200;1;0;0;0;
02/02/2026 07:15:07.201;1;1;1;0;
02/02/2026 07:15:19.211;1;0;0;0;
02/02/2026 07:15:58.811;0;0;0;0;
02/02/2026 07:22:17.613;1;0;0;0;
02/02/2026 07:22:55.522;1;0;1;0;
02/02/2026 07:23:07.758;1;0;0;0;
02/02/2026 07:23:23.454;0;0;0;0;
02/02/2026 07:24:07.708;0;0;1;0;
02/02/2026 07:24:09.121;0;0;0;0;
02/02/2026 07:24:27.661;0;1;0;0;
02/02/2026 07:24:29.412;0;0;0;0;
02/02/2026 07:24:47.882;0;0;1;0;
02/02/2026 07:24:49.202;0;0;0;0;
02/02/2026 07:26:07.670;0;1;0;0;
02/02/2026 07:26:09.164;0;0;0;0;
02/02/2026 07:34:07.982;0;0;1;0;
02/02/2026 07:34:09.326;0;0;0;0;
02/02/2026 07:35:08.14;0;1;0;0;
02/02/2026 07:35:09.658;0;0;0;0;
02/02/2026 07:35:28.24;0;0;1;0;
02/02/2026 07:35:29.178;0;0;0;0;
02/02/2026 07:35:48.29;0;0;1;0;
02/02/2026 07:35:49.298;0;0;0;0;
02/02/2026 07:36:28.151;0;1;0;0;
02/02/2026 07:36:29.740;0;0;0;0;
02/02/2026 07:39:08.30;0;1;0;0;
02/02/2026 07:39:09.704;0;0;0;0;
02/02/2026 07:40:48.381;0;1;0;0;
02/02/2026 07:40:50.37;0;0;0;0;
02/02/2026 07:41:48.199;0;1;1;0;
02/02/2026 07:41:49.918;0;0;0;0;
02/02/2026 07:42:08.215;0;1;1;0;
02/02/2026 07:42:09.668;0;0;0;0;
02/02/2026 07:42:28.220;0;1;0;0;
02/02/2026 07:42:30.229;0;0;0;0;
02/02/2026 07:44:10.284;0;1;0;0;
02/02/2026 07:44:11.964;0;0;0;0;
02/02/2026 07:44:28.373;0;1;0;0;
02/02/2026 07:44:29.932;0;0;0;0;
02/02/2026 07:45:08.209;0;1;0;0;
02/02/2026 07:45:09.703;0;0;0;0;
02/02/2026 07:45:28.229;0;1;0;0;
02/02/2026 07:45:29.863;0;0;0;0;
02/02/2026 07:46:28.326;0;1;0;0;
02/02/2026 07:46:30.5;0;0;0;0;
02/02/2026 07:48:28.662;0;1;0;0;
02/02/2026 07:48:30.428;0;0;0;0;
02/02/2026 07:49:08.415;0;1;0;0;
02/02/2026 07:49:10.189;0;0;0;0;
02/02/2026 07:51:08.408;0;1;0;0;
02/02/2026 07:51:10.22;0;0;0;0;
02/02/2026 07:52:28.415;0;1;0;0;
02/02/2026 07:52:29.974;0;0;0;0;
02/02/2026 07:54:48.627;0;1;0;0;
02/02/2026 07:54:50.228;0;0;0;0;
02/02/2026 07:55:08.853;0;1;0;0;
02/02/2026 07:55:10.368;0;0;0;0;
02/02/2026 07:56:08.620;0;1;0;0;
02/02/2026 07:56:10.360;0;0;0;0;
02/02/2026 07:57:08.652;0;0;1;0;
02/02/2026 07:57:09.791;0;0;0;0;
02/02/2026 07:57:28.568;0;0;1;0;
02/02/2026 07:57:29.821;0;0;0;0;
02/02/2026 07:58:48.940;0;1;0;0;
02/02/2026 07:58:50.284;0;0;0;0;
02/02/2026 08:00:28.742;0;1;0;0;
02/02/2026 08:00:30.86;0;0;0;0;
02/02/2026 08:02:08.966;0;1;0;0;
02/02/2026 08:02:10.539;0;0;0;0;
02/02/2026 08:04:28.768;0;1;0;0;
02/02/2026 08:04:30.292;0;0;0;0;
02/02/2026 08:07:28.953;0;1;0;0;
02/02/2026 08:07:30.667;0;0;0;0;
02/02/2026 08:08:08.963;0;1;0;0;
02/02/2026 08:08:10.618;0;0;0;0;
02/02/2026 08:11:08.958;0;1;0;0;
02/02/2026 08:11:10.542;0;0;0;0;
02/02/2026 08:13:29.107;0;1;0;0;
02/02/2026 08:13:30.646;0;0;0;0;
02/02/2026 08:14:29.143;0;1;0;0;
02/02/2026 08:14:30.778;0;0;0;0;
02/02/2026 08:15:29.339;0;1;0;0;
02/02/2026 08:15:30.899;0;0;0;0;
02/02/2026 08:20:09.292;0;1;0;0;
02/02/2026 08:20:10.886;0;0;0;0;
02/02/2026 08:22:09.607;0;1;0;0;
02/02/2026 08:22:11.160;0;0;0;0;
02/02/2026 08:23:29.292;0;0;1;0;
02/02/2026 08:23:30.541;0;0;0;0;
02/02/2026 08:23:49.308;0;0;1;0;
02/02/2026 08:23:50.682;0;0;0;0;
02/02/2026 08:27:09.498;0;1;0;0;
02/02/2026 08:27:11.127;0;0;0;0;
02/02/2026 08:28:09.670;0;1;0;0;
02/02/2026 08:28:11.199;0;0;0;0;
02/02/2026 08:38:09.720;0;1;0;0;
02/02/2026 08:38:11.425;0;0;0;0;
02/02/2026 08:39:09.852;0;1;0;0;
02/02/2026 08:39:11.526;0;0;0;0;
02/02/2026 08:45:10.22;0;1;0;0;
02/02/2026 08:45:11.706;0;0;0;0;
02/02/2026 08:46:10.73;0;1;0;0;
02/02/2026 08:46:11.618;0;0;0;0;
02/02/2026 08:57:50.403;0;1;0;0;
02/02/2026 08:57:51.907;0;0;0;0;
02/02/2026 08:58:50.562;0;0;1;0;
02/02/2026 08:58:51.718;0;0;0;0;
02/02/2026 08:59:10.688;0;0;1;0;
02/02/2026 08:59:11.949;0;0;0;0;
02/02/2026 09:04:10.593;0;1;0;0;
02/02/2026 09:04:12.297;0;0;0;0;
02/02/2026 09:17:51.26;0;1;0;0;
02/02/2026 09:17:52.650;0;0;0;0;
02/02/2026 09:22:11.170;0;1;0;0;
02/02/2026 09:22:12.707;0;0;0;0;
02/02/2026 09:25:56.244;1;0;0;0;
02/02/2026 09:25:56.245;1;1;1;0;
02/02/2026 09:26:01.412;1;0;0;0;
02/02/2026 09:26:04.144;1;1;1;0;
02/02/2026 09:26:05.296;1;0;0;0;
02/02/2026 09:26:14.142;1;1;1;0;
02/02/2026 09:26:15.587;1;0;0;0;
02/02/2026 09:26:24.142;1;1;1;0;
02/02/2026 09:26:25.287;1;0;0;0;
02/02/2026 09:26:34.143;1;1;1;0;
02/02/2026 09:26:35.297;1;0;0;0;
02/02/2026 09:26:49.732;0;0;0;0;
02/02/2026 09:27:26.219;0;1;1;0;
02/02/2026 09:27:29.753;0;0;0;0;
02/02/2026 09:27:46.228;0;0;1;0;
02/02/2026 09:27:47.782;0;0;0;0;
02/02/2026 09:28:06.328;0;1;1;0;
02/02/2026 09:28:08.93;0;0;0;0;
02/02/2026 09:28:46.269;0;0;1;0;
02/02/2026 09:28:47.663;0;0;0;0;
02/02/2026 09:29:06.260;0;0;1;0;
02/02/2026 09:29:07.484;0;0;0;0;
02/02/2026 09:30:46.417;0;1;0;0;
02/02/2026 09:30:47.987;0;0;0;0;
02/02/2026 09:31:26.665;0;0;1;0;
02/02/2026 09:31:27.998;0;0;0;0;
02/02/2026 09:39:46.718;0;1;0;0;
02/02/2026 09:39:48.362;0;0;0;0;
02/02/2026 09:41:26.711;0;1;0;0;
02/02/2026 09:41:28.205;0;0;0;0;
02/02/2026 09:45:46.999;0;1;0;0;
02/02/2026 09:45:48.583;0;0;0;0;
02/02/2026 09:47:46.902;0;1;0;0;
02/02/2026 09:47:48.436;0;0;0;0;
02/02/2026 09:50:46.992;0;1;0;0;
02/02/2026 09:50:48.511;0;0;0;0;
02/02/2026 09:51:27.129;0;1;1;0;
02/02/2026 09:51:28.742;0;0;0;0;
02/02/2026 09:53:47.95;0;1;0;0;
02/02/2026 09:53:48.656;0;0;0;0;
02/02/2026 09:54:07.216;0;0;1;0;
02/02/2026 09:54:08.487;0;0;0;0;
02/02/2026 09:54:47.99;0;1;0;0;
02/02/2026 09:54:48.758;0;0;0;0;
02/02/2026 10:07:07.465;0;1;0;0;
02/02/2026 10:07:09.29;0;0;0;0;
02/02/2026 10:07:47.546;0;0;1;0;
02/02/2026 10:07:48.870;0;0;0;0;
02/02/2026 10:08:27.517;0;1;0;0;
02/02/2026 10:08:29.121;0;0;0;0;
02/02/2026 10:10:47.566;0;1;0;0;
02/02/2026 10:10:49.65;0;0;0;0;
02/02/2026 10:11:27.720;0;0;1;0;
02/02/2026 10:11:29.126;0;0;0;0;
02/02/2026 10:11:47.842;0;1;0;0;
02/02/2026 10:11:49.387;0;0;0;0;
02/02/2026 10:12:27.624;0;0;1;0;
02/02/2026 10:12:28.928;0;0;0;0;
02/02/2026 10:24:27.969;0;0;1;0;
02/02/2026 10:24:29.208;0;0;0;0;
02/02/2026 10:25:28.16;0;1;0;0;
02/02/2026 10:25:29.620;0;0;0;0;
02/02/2026 10:27:47.970;0;1;0;0;
02/02/2026 10:27:49.464;0;0;0;0;
02/02/2026 10:30:08.129;0;1;0;0;
02/02/2026 10:30:09.728;0;0;0;0;
02/02/2026 10:32:28.108;0;1;0;0;
02/02/2026 10:32:29.652;0;0;0;0;
02/02/2026 10:41:28.448;0;1;0;0;
02/02/2026 10:41:30.77;0;0;0;0;
02/02/2026 10:42:28.485;0;1;0;0;
02/02/2026 10:42:29.989;0;0;0;0;
02/02/2026 10:43:48.527;0;1;0;0;
02/02/2026 10:43:50.81;0;0;0;0;
02/02/2026 10:44:08.437;0;0;1;0;
02/02/2026 10:44:09.571;0;0;0;0;
02/02/2026 10:44:28.448;0;0;1;0;
02/02/2026 10:44:29.752;0;0;0;0;
02/02/2026 10:45:48.556;0;1;0;0;
02/02/2026 10:45:50.265;0;0;0;0;
02/02/2026 10:46:28.800;0;0;1;0;
02/02/2026 10:46:30.246;0;0;0;0;
02/02/2026 10:47:08.642;0;0;1;0;
02/02/2026 10:47:10.6;0;0;0;0;
02/02/2026 10:50:48.653;0;1;0;0;
02/02/2026 10:50:50.122;0;0;0;0;
02/02/2026 10:52:48.782;0;1;0;0;
02/02/2026 10:52:50.256;0;0;0;0;
02/02/2026 10:56:08.782;0;1;0;0;
02/02/2026 10:56:10.401;0;0;0;0;
02/02/2026 10:56:48.819;0;1;1;0;
02/02/2026 10:56:50.282;0;0;0;0;
02/02/2026 10:57:08.839;0;0;1;0;
02/02/2026 10:57:10.153;0;0;0;0;
02/02/2026 10:57:28.839;0;1;0;0;
02/02/2026 10:57:30.664;0;0;0;0;
02/02/2026 10:59:08.982;0;1;1;0;
02/02/2026 10:59:10.556;0;0;0;0;
02/02/2026 11:03:09.18;0;0;1;0;
02/02/2026 11:03:10.362;0;0;0;0;
02/02/2026 11:04:29.467;0;1;0;0;
02/02/2026 11:04:31.235;0;0;0;0;
02/02/2026 11:05:29.172;0;1;0;0;
02/02/2026 11:05:30.736;0;0;0;0;
02/02/2026 11:11:09.608;0;1;0;0;
02/02/2026 11:11:11.296;0;0;0;0;
02/02/2026 11:11:29.331;0;1;0;0;
02/02/2026 11:11:30.806;0;0;0;0;
02/02/2026 11:11:49.337;0;1;0;0;
02/02/2026 11:11:51.297;0;0;0;0;
02/02/2026 11:12:09.347;0;1;0;0;
02/02/2026 11:12:10.977;0;0;0;0;
02/02/2026 11:12:29.363;0;1;0;0;
02/02/2026 11:12:31.117;0;0;0;0;
02/02/2026 11:13:09.384;0;0;1;0;
02/02/2026 11:13:10.598;0;0;0;0;
02/02/2026 11:13:29.435;0;0;1;0;
02/02/2026 11:13:30.789;0;0;0;0;
02/02/2026 11:14:11.738;0;1;0;0;
02/02/2026 11:14:13.262;0;0;0;0;
02/02/2026 11:14:49.452;0;1;0;0;
02/02/2026 11:14:51.31;0;0;0;0;
02/02/2026 11:16:09.480;0;1;0;0;
02/02/2026 11:16:11.183;0;0;0;0;
02/02/2026 11:17:29.395;0;1;0;0;
02/02/2026 11:17:31.525;0;0;0;0;
02/02/2026 11:17:49.511;0;0;1;0;
02/02/2026 11:17:50.655;0;0;0;0;
02/02/2026 11:18:09.522;0;1;1;0;
02/02/2026 11:18:11.887;0;0;0;0;
02/02/2026 11:18:49.543;0;0;1;0;
02/02/2026 11:18:50.967;0;0;0;0;
02/02/2026 11:19:29.564;0;0;1;0;
02/02/2026 11:19:30.928;0;0;0;0;
02/02/2026 11:21:29.637;0;1;0;0;
02/02/2026 11:21:31.301;0;0;0;0;
02/02/2026 11:21:49.532;0;0;1;0;
02/02/2026 11:21:50.941;0;0;0;0;
02/02/2026 11:23:49.828;0;1;0;0;
02/02/2026 11:23:51.324;0;0;0;0;
02/02/2026 11:24:09.585;0;0;1;0;
02/02/2026 11:24:10.905;0;0;0;0;
02/02/2026 11:25:29.733;0;1;0;0;
02/02/2026 11:25:31.547;0;0;0;0;
02/02/2026 11:25:49.743;0;0;1;0;
02/02/2026 11:25:50.897;0;0;0;0;
02/02/2026 11:26:09.749;0;0;1;0;
02/02/2026 11:26:11.48;0;0;0;0;
02/02/2026 11:26:49.805;0;1;0;0;
02/02/2026 11:26:51.459;0;0;0;0;
02/02/2026 11:27:09.919;0;0;1;0;
02/02/2026 11:27:11.309;0;0;0;0;
02/02/2026 11:28:09.822;0;0;1;0;
02/02/2026 11:28:11.171;0;0;0;0;
02/02/2026 11:28:29.732;0;0;1;0;
02/02/2026 11:28:31.91;0;0;0;0;
02/02/2026 11:31:29.902;0;0;1;0;
02/02/2026 11:31:31.216;0;0;0;0;
02/02/2026 11:31:49.912;0;1;0;0;
02/02/2026 11:31:51.426;0;0;0;0;
02/02/2026 11:32:09.923;0;0;1;0;
02/02/2026 11:32:11.417;0;0;0;0;
02/02/2026 11:32:27.925;1;0;0;0;
02/02/2026 11:32:27.926;1;1;1;0;
02/02/2026 11:32:39.766;1;0;0;0;
02/02/2026 11:33:19.917;0;0;0;0;
02/02/2026 11:49:47.740;1;0;0;0;
02/02/2026 11:50:25.615;1;0;1;0;
02/02/2026 11:50:38.716;1;0;0;0;
02/02/2026 11:51:00.569;0;0;0;0;
02/02/2026 11:51:37.807;0;1;0;0;
02/02/2026 11:51:42.752;0;0;0;0;
02/02/2026 11:51:57.898;0;0;1;0;
02/02/2026 11:51:59.409;0;0;0;0;
02/02/2026 11:52:17.991;0;1;1;0;
02/02/2026 11:52:20.261;0;0;0;0;
02/02/2026 11:52:38.89;0;1;0;0;
02/02/2026 11:52:40.571;0;0;0;0;
02/02/2026 11:52:57.876;0;1;1;0;
02/02/2026 11:53:00.552;0;0;0;0;
02/02/2026 11:53:17.852;0;1;1;0;
02/02/2026 11:53:19.381;0;0;0;0;
02/02/2026 11:53:30.769;1;0;0;0;
02/02/2026 11:53:30.770;1;1;1;0;
02/02/2026 11:53:34.647;1;0;0;0;
02/02/2026 11:53:38.779;1;1;1;0;
02/02/2026 11:53:39.912;1;0;0;0;
02/02/2026 11:53:48.778;1;1;1;0;
02/02/2026 11:53:49.912;1;0;0;0;
02/02/2026 11:53:58.768;1;1;1;0;
02/02/2026 11:54:00.113;1;0;0;0;
02/02/2026 11:54:08.769;1;1;1;0;
02/02/2026 11:54:09.903;1;0;0;0;
02/02/2026 11:54:18.768;1;1;1;0;
02/02/2026 11:54:19.903;1;0;0;0;
02/02/2026 11:54:28.764;1;1;1;0;
02/02/2026 11:54:29.913;1;0;0;0;
02/02/2026 11:54:38.769;1;1;1;0;
02/02/2026 11:54:39.904;1;0;0;0;
02/02/2026 11:54:48.769;1;1;1;0;
02/02/2026 11:54:49.904;1;0;0;0;
02/02/2026 11:54:58.793;1;1;1;0;
02/02/2026 11:54:59.924;1;0;0;0;
02/02/2026 11:55:11.116;0;0;0;0;
02/02/2026 11:55:51.47;0;1;1;0;
02/02/2026 11:55:55.822;0;0;0;0;
02/02/2026 11:56:11.139;0;1;1;0;
02/02/2026 11:56:14.30;0;0;0;0;
02/02/2026 11:56:31.233;0;1;1;0;
02/02/2026 11:56:32.890;0;0;0;0;
02/02/2026 11:56:50.990;0;1;1;0;
02/02/2026 11:56:52.770;0;0;0;0;
02/02/2026 11:57:11.6;0;0;1;0;
02/02/2026 11:57:12.720;0;0;0;0;
02/02/2026 11:57:31.16;0;1;1;0;
02/02/2026 11:57:32.621;0;0;0;0;
02/02/2026 11:57:39.24;0;1;1;0;
02/02/2026 11:57:51.30;0;0;0;0;
02/02/2026 12:11:04.807;1;0;0;0;
02/02/2026 12:11:42.741;1;0;1;0;
02/02/2026 12:11:55.908;1;0;0;0;
02/02/2026 12:12:15.418;0;0;0;0;
02/02/2026 12:12:54.917;0;1;0;0;
02/02/2026 12:12:57.541;0;0;0;0;
02/02/2026 12:13:14.931;0;1;1;0;
02/02/2026 12:13:17.882;0;0;0;0;
02/02/2026 12:13:34.881;0;1;0;0;
02/02/2026 12:13:36.401;0;0;0;0;
02/02/2026 12:17:35.56;0;1;0;0;
02/02/2026 12:17:36.537;0;0;0;0;
02/02/2026 12:19:33.93;1;0;0;0;
02/02/2026 12:19:33.94;1;1;1;0;
02/02/2026 12:19:36.941;1;0;0;0;
02/02/2026 12:19:40.993;1;1;1;0;
02/02/2026 12:19:42.146;1;0;0;0;
02/02/2026 12:19:50.992;1;1;1;0;
02/02/2026 12:19:52.347;1;0;0;0;
02/02/2026 12:20:00.987;1;1;1;0;
02/02/2026 12:20:02.137;1;0;0;0;
02/02/2026 12:20:10.993;1;1;1;0;
02/02/2026 12:20:12.157;1;0;0;0;
02/02/2026 12:20:20.992;1;1;1;0;
02/02/2026 12:20:22.157;1;0;0;0;
02/02/2026 12:20:30.993;1;1;1;0;
02/02/2026 12:20:32.147;1;0;0;0;
02/02/2026 12:20:40.988;1;1;1;0;
02/02/2026 12:20:42.138;1;0;0;0;
02/02/2026 12:20:51.93;1;1;1;0;
02/02/2026 12:20:52.248;1;0;0;0;
02/02/2026 12:21:01.94;1;1;1;0;
02/02/2026 12:21:02.248;1;0;0;0;
02/02/2026 12:21:13.310;0;0;0;0;
02/02/2026 12:21:53.199;0;1;1;0;
02/02/2026 12:21:55.563;0;0;0;0;
02/02/2026 12:22:13.298;0;0;1;0;
02/02/2026 12:22:14.763;0;0;0;0;
02/02/2026 12:22:33.389;0;1;1;0;
02/02/2026 12:22:35.304;0;0;0;0;
02/02/2026 12:22:53.139;0;0;1;0;
02/02/2026 12:22:54.924;0;0;0;0;
02/02/2026 12:23:13.150;0;1;1;0;
02/02/2026 12:23:15.215;0;0;0;0;
02/02/2026 12:23:33.260;0;0;1;0;
02/02/2026 12:23:34.695;0;0;0;0;
02/02/2026 12:23:53.271;0;0;1;0;
02/02/2026 12:23:54.475;0;0;0;0;
02/02/2026 12:24:13.301;0;0;1;0;
02/02/2026 12:24:14.656;0;0;0;0;
02/02/2026 12:24:33.287;0;0;1;0;
02/02/2026 12:24:34.436;0;0;0;0;
02/02/2026 12:24:53.317;0;0;1;0;
02/02/2026 12:24:54.627;0;0;0;0;
02/02/2026 12:25:13.313;0;1;0;0;
02/02/2026 12:25:14.827;0;0;0;0;
02/02/2026 12:25:53.596;0;0;1;0;
02/02/2026 12:25:54.878;0;0;0;0;
02/02/2026 12:26:13.478;0;1;1;0;
02/02/2026 12:26:15.69;0;0;0;0;
02/02/2026 12:26:33.568;0;0;1;0;
02/02/2026 12:26:34.919;0;0;0;0;
02/02/2026 12:26:54.407;0;0;1;0;
02/02/2026 12:26:55.841;0;0;0;0;
02/02/2026 12:27:03.385;0;1;1;0;
02/02/2026 12:27:15.371;0;0;0;0;
02/02/2026 12:45:58.939;1;0;0;0;
02/02/2026 12:46:36.917;1;0;1;0;
02/02/2026 12:46:50.2;1;0;0;0;
02/02/2026 12:47:03.756;0;0;0;0;
02/02/2026 12:47:38.831;0;1;1;0;
02/02/2026 12:47:40.614;0;0;0;0;
02/02/2026 12:49:18.887;0;1;0;0;
02/02/2026 12:49:20.356;0;0;0;0;
02/02/2026 12:51:19.126;0;1;0;0;
02/02/2026 12:51:20.710;0;0;0;0;
02/02/2026 12:52:58.972;0;1;0;0;
02/02/2026 12:53:00.592;0;0;0;0;
02/02/2026 12:54:42.103;1;0;0;0;
02/02/2026 12:54:42.104;1;1;1;0;
02/02/2026 12:54:46.90;1;0;0;0;
02/02/2026 12:54:50.323;1;1;1;0;
02/02/2026 12:54:51.486;1;0;0;0;
02/02/2026 12:55:00.121;1;1;1;0;
02/02/2026 12:55:01.496;1;0;0;0;
02/02/2026 12:55:10.211;1;1;1;0;
02/02/2026 12:55:11.346;1;0;0;0;
02/02/2026 12:55:20.202;1;1;1;0;
02/02/2026 12:55:21.336;1;0;0;0;
02/02/2026 12:55:35.971;0;0;0;0;
02/02/2026 12:56:12.162;0;1;1;0;
02/02/2026 12:56:14.501;0;0;0;0;
02/02/2026 12:56:32.271;0;0;1;0;
02/02/2026 12:56:33.651;0;0;0;0;
02/02/2026 12:57:52.313;0;1;0;0;
02/02/2026 12:57:53.853;0;0;0;0;
02/02/2026 12:59:35.427;0;0;1;0;
02/02/2026 12:59:36.799;0;0;0;0;
02/02/2026 12:59:53.703;0;1;0;0;
02/02/2026 12:59:55.318;0;0;0;0;
02/02/2026 13:00:32.303;0;1;0;0;
02/02/2026 13:00:33.857;0;0;0;0;
02/02/2026 13:01:12.319;0;0;1;0;
02/02/2026 13:01:13.658;0;0;0;0;
02/02/2026 13:02:32.356;0;1;0;0;
02/02/2026 13:02:33.910;0;0;0;0;
02/02/2026 13:02:52.461;0;1;0;0;
02/02/2026 13:02:53.931;0;0;0;0;
02/02/2026 13:03:12.512;0;1;1;0;
02/02/2026 13:03:14.81;0;0;0;0;
02/02/2026 13:03:52.713;0;0;1;0;
02/02/2026 13:03:54.103;0;0;0;0;
02/02/2026 13:04:12.779;0;0;1;0;
02/02/2026 13:04:14.203;0;0;0;0;
02/02/2026 13:04:32.519;0;0;1;0;
02/02/2026 13:04:33.883;0;0;0;0;
02/02/2026 13:05:32.551;0;1;0;0;
02/02/2026 13:05:34.55;0;0;0;0;
02/02/2026 13:05:52.562;0;0;1;0;
02/02/2026 13:05:54.6;0;0;0;0;
02/02/2026 13:06:12.592;0;1;1;0;
02/02/2026 13:06:14.126;0;0;0;0;
02/02/2026 13:06:32.592;0;0;1;0;
02/02/2026 13:06:33.816;0;0;0;0;
02/02/2026 13:07:12.566;0;0;1;0;
02/02/2026 13:07:13.998;0;0;0;0;
02/02/2026 13:07:52.435;0;0;1;0;
02/02/2026 13:07:53.808;0;0;0;0;
02/02/2026 13:08:14.840;0;1;0;0;
02/02/2026 13:08:17.72;0;0;0;0;
02/02/2026 13:08:32.535;0;1;1;0;
02/02/2026 13:08:34.240;0;0;0;0;
02/02/2026 13:08:52.536;0;1;0;0;
02/02/2026 13:08:54.240;0;0;0;0;
02/02/2026 13:09:12.646;0;0;1;0;
02/02/2026 13:09:13.991;0;0;0;0;
02/02/2026 13:09:26.660;1;0;0;0;
02/02/2026 13:09:26.661;1;1;1;0;
02/02/2026 13:09:37.915;1;0;0;0;
02/02/2026 13:10:18.687;0;0;0;0;
02/02/2026 13:37:23.37;1;0;0;0;
02/02/2026 13:38:00.986;1;0;1;0;
02/02/2026 13:38:14.189;1;0;0;0;
02/02/2026 13:38:29.184;0;0;0;0;
02/02/2026 13:39:14.64;0;1;0;0;
02/02/2026 13:39:18.555;0;0;0;0;
02/02/2026 13:39:33.184;0;1;1;0;
02/02/2026 13:39:35.432;0;0;0;0;
02/02/2026 13:39:53.274;0;1;1;0;
02/02/2026 13:39:55.593;0;0;0;0;
02/02/2026 13:40:14.104;0;1;0;0;
02/02/2026 13:40:16.564;0;0;0;0;
02/02/2026 13:40:33.69;0;1;1;0;
02/02/2026 13:40:34.713;0;0;0;0;
02/02/2026 13:40:53.74;0;0;1;0;
02/02/2026 13:40:54.333;0;0;0;0;
02/02/2026 13:41:33.200;0;0;1;0;
02/02/2026 13:41:34.584;0;0;0;0;
02/02/2026 13:51:13.386;0;0;1;0;
02/02/2026 13:51:14.520;0;0;0;0;
02/02/2026 13:51:33.391;0;0;1;0;
02/02/2026 13:51:34.650;0;0;0;0;
02/02/2026 13:52:13.532;0;1;0;0;
02/02/2026 13:52:15.422;0;0;0;0;
02/02/2026 13:52:33.658;0;1;0;0;
02/02/2026 13:52:35.393;0;0;0;0;
02/02/2026 13:53:33.534;0;0;1;0;
02/02/2026 13:53:34.884;0;0;0;0;
02/02/2026 13:57:33.561;0;1;0;0;
02/02/2026 13:57:35.180;0;0;0;0;
02/02/2026 13:57:53.576;0;1;0;0;
02/02/2026 13:57:55.221;0;0;0;0;
02/02/2026 13:58:13.587;0;1;0;0;
02/02/2026 13:58:15.431;0;0;0;0;
02/02/2026 14:01:33.772;0;1;0;0;
02/02/2026 14:01:35.346;0;0;0;0;
02/02/2026 14:03:33.846;0;1;0;0;
02/02/2026 14:03:35.460;0;0;0;0;
02/02/2026 14:04:33.762;0;1;0;0;
02/02/2026 14:04:35.231;0;0;0;0;
02/02/2026 14:05:13.793;0;1;0;0;
02/02/2026 14:05:15.592;0;0;0;0;
02/02/2026 14:05:33.789;0;1;0;0;
02/02/2026 14:05:35.433;0;0;0;0;
02/02/2026 14:05:53.799;0;1;0;0;
02/02/2026 14:05:55.243;0;0;0;0;
02/02/2026 14:06:33.855;0;0;1;0;
02/02/2026 14:06:35.84;0;0;0;0;
02/02/2026 14:06:53.931;0;0;1;0;
02/02/2026 14:06:55.274;0;0;0;0;
02/02/2026 14:09:13.999;0;1;0;0;
02/02/2026 14:09:15.438;0;0;0;0;
02/02/2026 14:09:34.14;0;0;1;0;
02/02/2026 14:09:35.369;0;0;0;0;
02/02/2026 14:13:54.126;0;1;0;0;
02/02/2026 14:13:55.785;0;0;0;0;
02/02/2026 14:19:14.430;0;1;0;0;
02/02/2026 14:19:15.964;0;0;0;0;
02/02/2026 14:25:14.363;0;0;1;0;
02/02/2026 14:25:15.622;0;0;0;0;
02/02/2026 14:25:34.391;0;0;1;0;
02/02/2026 14:25:35.743;0;0;0;0;
02/02/2026 14:25:54.502;0;1;0;0;
02/02/2026 14:25:56.93;0;0;0;0;
02/02/2026 14:26:34.706;0;1;0;0;
02/02/2026 14:26:36.305;0;0;0;0;
02/02/2026 14:27:14.506;0;1;0;0;
02/02/2026 14:27:16.45;0;0;0;0;
02/02/2026 14:28:34.553;0;1;0;0;
02/02/2026 14:28:36.37;0;0;0;0;
02/02/2026 14:36:14.840;0;1;0;0;
02/02/2026 14:36:16.549;0;0;0;0;
02/02/2026 14:37:14.731;0;1;0;0;
02/02/2026 14:37:16.230;0;0;0;0;
02/02/2026 14:39:54.996;0;1;0;0;
02/02/2026 14:39:56.565;0;0;0;0;
02/02/2026 14:41:14.912;0;1;0;0;
02/02/2026 14:41:16.426;0;0;0;0;
02/02/2026 14:48:35.133;0;0;1;0;
02/02/2026 14:48:36.407;0;0;0;0;
02/02/2026 14:48:55.139;0;0;1;0;
02/02/2026 14:48:56.488;0;0;0;0;
02/02/2026 14:51:15.122;0;1;0;0;
02/02/2026 14:51:16.682;0;0;0;0;
02/02/2026 14:53:55.276;0;1;0;0;
02/02/2026 14:53:56.786;0;0;0;0;
02/02/2026 15:09:55.657;0;0;1;0;
02/02/2026 15:09:56.850;0;0;0;0;
02/02/2026 15:46:17.701;0;1;0;0;
02/02/2026 15:46:19.261;0;0;0;0;
02/02/2026 15:48:16.729;0;1;0;0;
02/02/2026 15:48:18.223;0;0;0;0;
02/02/2026 15:50:36.922;0;0;1;0;
02/02/2026 15:50:38.76;0;0;0;0;
02/02/2026 15:51:16.924;0;0;1;0;
02/02/2026 15:51:18.198;0;0;0;0;
02/02/2026 15:53:36.917;0;1;0;0;
02/02/2026 15:53:38.472;0;0;0;0;
02/02/2026 15:55:57.66;0;1;0;0;
02/02/2026 15:55:58.576;0;0;0;0;
02/02/2026 16:07:49.402;1;0;0;0;
02/02/2026 16:07:49.403;1;1;1;0;
02/02/2026 16:07:53.640;1;0;0;0;
02/02/2026 16:07:57.302;1;1;1;0;
02/02/2026 16:07:58.475;1;0;0;0;
02/02/2026 16:08:07.296;1;1;1;0;
02/02/2026 16:08:08.746;1;0;0;0;
02/02/2026 16:08:17.296;1;1;1;0;
02/02/2026 16:08:18.446;1;0;0;0;
02/02/2026 16:08:27.296;1;1;1;0;
02/02/2026 16:08:28.446;1;0;0;0;
02/02/2026 16:08:42.591;0;0;0;0;
02/02/2026 16:09:19.372;0;1;1;0;
02/02/2026 16:09:22.462;0;0;0;0;
02/02/2026 16:09:39.426;0;0;1;0;
02/02/2026 16:09:40.890;0;0;0;0;
02/02/2026 16:09:59.547;0;0;1;0;
02/02/2026 16:10:00.801;0;0;0;0;
02/02/2026 16:10:19.667;0;1;0;0;
02/02/2026 16:10:21.282;0;0;0;0;
02/02/2026 16:10:39.438;0;0;1;0;
02/02/2026 16:10:40.842;0;0;0;0;
02/02/2026 16:10:59.418;0;0;1;0;
02/02/2026 16:11:00.612;0;0;0;0;
02/02/2026 16:16:59.589;0;1;0;0;
02/02/2026 16:17:01.83;0;0;0;0;
02/02/2026 16:18:39.785;0;1;0;0;
02/02/2026 16:18:41.386;0;0;0;0;
02/02/2026 16:22:39.758;0;1;0;0;
02/02/2026 16:22:41.282;0;0;0;0;
02/02/2026 16:27:19.896;0;1;0;0;
02/02/2026 16:27:21.480;0;0;0;0;
02/02/2026 16:36:00.226;0;1;0;0;
02/02/2026 16:36:01.765;0;0;0;0;
02/02/2026 16:37:20.273;0;0;1;0;
02/02/2026 16:37:21.427;0;0;0;0;
02/02/2026 16:37:40.284;0;0;1;0;
02/02/2026 16:37:41.558;0;0;0;0;
02/02/2026 16:39:40.357;0;1;0;0;
02/02/2026 16:39:41.942;0;0;0;0;
02/02/2026 16:45:20.457;0;0;1;0;
02/02/2026 16:45:21.851;0;0;0;0;
02/02/2026 16:45:40.577;0;1;1;0;
02/02/2026 16:45:43.113;0;0;0;0;
02/02/2026 16:46:00.709;0;0;1;0;
02/02/2026 16:46:02.323;0;0;0;0;
02/02/2026 16:46:20.428;0;1;1;0;
02/02/2026 16:46:21.923;0;0;0;0;
02/02/2026 16:46:40.429;0;1;1;0;
02/02/2026 16:46:41.953;0;0;0;0;
02/02/2026 16:47:00.535;0;0;1;0;
02/02/2026 16:47:01.674;0;0;0;0;
02/02/2026 16:47:20.545;0;0;1;0;
02/02/2026 16:47:21.834;0;0;0;0;
02/02/2026 16:48:20.655;0;0;1;0;
02/02/2026 16:48:22.106;0;0;0;0;
02/02/2026 16:51:20.688;0;0;1;0;
02/02/2026 16:51:22.61;0;0;0;0;
02/02/2026 16:52:00.588;0;1;0;0;
02/02/2026 16:52:02.253;0;0;0;0;
02/02/2026 16:52:20.589;0;1;0;0;
02/02/2026 16:52:22.333;0;0;0;0;
02/02/2026 16:53:20.705;0;1;0;0;
02/02/2026 16:53:22.145;0;0;0;0;
02/02/2026 17:03:01.67;0;1;1;0;
02/02/2026 17:03:02.501;0;0;0;0;
02/02/2026 17:03:21.248;0;0;1;0;
02/02/2026 17:03:22.592;0;0;0;0;
02/02/2026 17:06:41.83;0;1;0;0;
02/02/2026 17:06:42.678;0;0;0;0;
02/02/2026 17:13:21.295;0;1;0;0;
02/02/2026 17:13:22.829;0;0;0;0;
02/02/2026 17:18:01.685;0;1;0;0;
02/02/2026 17:18:03.287;0;0;0;0;
02/02/2026 17:22:21.525;0;1;0;0;
02/02/2026 17:22:23.144;0;0;0;0;
02/02/2026 17:24:01.578;0;1;0;0;
02/02/2026 17:24:03.187;0;0;0;0;
02/02/2026 17:26:41.868;0;1;0;0;
02/02/2026 17:26:43.392;0;0;0;0;
02/02/2026 17:28:01.684;0;1;0;0;
02/02/2026 17:28:03.274;0;0;0;0;
02/02/2026 17:30:21.763;0;1;0;0;
02/02/2026 17:30:23.358;0;0;0;0;
02/02/2026 17:30:41.769;0;0;1;0;
02/02/2026 17:30:43.118;0;0;0;0;
02/02/2026 17:32:01.786;0;1;0;0;
02/02/2026 17:32:03.411;0;0;0;0;
02/02/2026 17:33:41.749;0;1;0;0;
02/02/2026 17:33:43.424;0;0;0;0;
02/02/2026 17:34:21.870;0;1;0;0;
02/02/2026 17:34:23.485;0;0;0;0;
02/02/2026 17:43:02.145;0;1;0;0;
02/02/2026 17:43:03.689;0;0;0;0;
02/02/2026 17:45:02.109;0;1;0;0;
02/02/2026 17:45:03.693;0;0;0;0;
02/02/2026 17:56:02.506;0;0;1;0;
02/02/2026 17:56:03.731;0;0;0;0;
02/02/2026 17:56:22.627;0;0;1;0;
02/02/2026 17:56:23.941;0;0;0;0;
02/02/2026 18:00:02.608;0;1;0;0;
02/02/2026 18:00:04.117;0;0;0;0;
02/02/2026 18:01:22.660;0;1;0;0;
02/02/2026 18:01:24.220;0;0;0;0;
02/02/2026 18:10:42.905;0;1;0;0;
02/02/2026 18:10:44.445;0;0;0;0;
02/02/2026 18:11:22.926;0;1;0;0;
02/02/2026 18:11:24.436;0;0;0;0;
02/02/2026 18:12:03.141;0;0;1;0;
02/02/2026 18:12:04.387;0;0;0;0;
02/02/2026 18:12:25.268;0;0;1;0;
02/02/2026 18:12:26.619;0;0;0;0;
02/02/2026 18:16:22.954;0;1;0;0;
02/02/2026 18:16:24.694;0;0;0;0;
02/02/2026 18:16:43.65;0;1;0;0;
02/02/2026 18:16:44.654;0;0;0;0;
02/02/2026 18:24:43.302;0;0;1;0;
02/02/2026 18:24:44.546;0;0;0;0;
02/02/2026 18:25:03.397;0;0;1;0;
02/02/2026 18:25:04.697;0;0;0;0;
02/02/2026 18:26:03.339;0;1;0;0;
02/02/2026 18:26:05.139;0;0;0;0;
02/02/2026 18:26:23.354;0;1;0;0;
02/02/2026 18:26:24.869;0;0;0;0;
02/02/2026 18:26:43.375;0;1;0;0;
02/02/2026 18:26:45.119;0;0;0;0;
02/02/2026 18:27:03.375;0;1;0;0;
02/02/2026 18:27:04.810;0;0;0;0;
02/02/2026 18:27:43.291;0;0;1;0;
02/02/2026 18:27:44.490;0;0;0;0;
02/02/2026 18:28:03.337;0;0;1;0;
02/02/2026 18:28:04.561;0;0;0;0;
02/02/2026 18:32:03.576;0;0;1;0;
02/02/2026 18:32:04.967;0;0;0;0;
02/02/2026 18:32:23.677;0;0;1;0;
02/02/2026 18:32:25.58;0;0;0;0;
02/02/2026 18:33:03.549;0;1;0;0;
02/02/2026 18:33:05.209;0;0;0;0;
02/02/2026 18:34:03.486;0;1;0;0;
02/02/2026 18:34:05.100;0;0;0;0;
02/02/2026 18:34:43.502;0;1;0;0;
02/02/2026 18:34:45.301;0;0;0;0;
02/02/2026 18:35:23.558;0;1;0;0;
02/02/2026 18:35:25.112;0;0;0;0;
02/02/2026 18:46:23.939;0;1;0;0;
02/02/2026 18:46:25.689;0;0;0;0;
02/02/2026 18:46:43.975;0;1;0;0;
02/02/2026 18:46:45.780;0;0;0;0;
02/02/2026 18:48:43.918;0;1;0;0;
02/02/2026 18:48:45.442;0;0;0;0;
02/02/2026 18:49:23.929;0;0;1;0;
02/02/2026 18:49:25.213;0;0;0;0;
02/02/2026 18:49:44.39;0;0;1;0;
02/02/2026 18:49:45.664;0;0;0;0;
02/02/2026 18:50:04.50;0;0;1;0;
02/02/2026 18:50:05.424;0;0;0;0;
02/02/2026 18:50:07.142;1;0;0;0;
02/02/2026 18:50:07.143;1;1;1;0;
02/02/2026 18:50:18.538;1;0;0;0;
02/02/2026 18:50:58.479;0;0;0;0;
02/02/2026 18:58:11.851;1;0;0;0;
02/02/2026 18:58:49.820;1;0;1;0;
02/02/2026 18:59:03.62;1;0;0;0;
02/02/2026 18:59:17.6;0;0;0;0;
02/02/2026 18:59:51.755;0;1;0;0;
02/02/2026 18:59:55.405;0;0;0;0;
02/02/2026 19:00:11.779;0;1;1;0;
02/02/2026 19:00:13.934;0;0;0;0;
02/02/2026 19:00:31.800;0;1;0;0;
02/02/2026 19:00:34.155;0;0;0;0;
02/02/2026 19:00:51.690;0;1;1;0;
02/02/2026 19:00:53.575;0;0;0;0;
02/02/2026 19:01:11.701;0;1;0;0;
02/02/2026 19:01:13.165;0;0;0;0;
02/02/2026 19:09:11.926;0;0;1;0;
02/02/2026 19:09:13.307;0;0;0;0;
02/02/2026 19:14:12.141;0;1;0;0;
02/02/2026 19:14:13.605;0;0;0;0;
02/02/2026 19:14:32.232;0;0;1;0;
02/02/2026 19:14:33.365;0;0;0;0;
02/02/2026 19:15:12.113;0;1;0;0;
02/02/2026 19:15:13.577;0;0;0;0;
02/02/2026 19:15:52.103;0;1;1;0;
02/02/2026 19:15:53.688;0;0;0;0;
02/02/2026 19:18:12.333;0;0;1;0;
02/02/2026 19:18:13.621;0;0;0;0;
02/02/2026 19:18:52.522;0;1;0;0;
02/02/2026 19:18:54.83;0;0;0;0;
02/02/2026 19:20:32.240;0;1;0;0;
02/02/2026 19:20:33.855;0;0;0;0;
02/02/2026 19:20:52.251;0;0;1;0;
02/02/2026 19:20:53.565;0;0;0;0;
02/02/2026 19:36:32.785;0;0;1;0;
02/02/2026 19:36:33.929;0;0;0;0;
02/02/2026 19:36:52.795;0;0;1;0;
02/02/2026 19:36:54.59;0;0;0;0;
02/02/2026 19:48:13.316;0;1;0;0;
02/02/2026 19:48:14.847;0;0;0;0;
02/02/2026 19:48:33.18;0;0;1;0;
02/02/2026 19:48:34.337;0;0;0;0;
02/02/2026 19:50:53.187;0;1;0;0;
02/02/2026 19:50:54.731;0;0;0;0;
02/02/2026 20:01:13.567;0;1;0;0;
02/02/2026 20:01:15.157;0;0;0;0;
02/02/2026 20:05:53.644;0;1;0;0;
02/02/2026 20:05:55.214;0;0;0;0;
02/02/2026 20:11:13.978;0;1;0;0;
02/02/2026 20:11:15.582;0;0;0;0;
02/02/2026 20:11:53.809;0;0;1;0;
02/02/2026 20:11:54.953;0;0;0;0;
02/02/2026 20:12:13.819;0;0;1;0;
02/02/2026 20:12:15.83;0;0;0;0;
02/02/2026 20:17:53.963;0;1;0;0;
02/02/2026 20:17:55.532;0;0;0;0;
02/02/2026 20:27:54.154;0;1;0;0;
02/02/2026 20:27:55.828;0;0;0;0;
02/02/2026 20:28:34.265;0;0;1;0;
02/02/2026 20:28:35.609;0;0;0;0;
02/02/2026 20:33:14.723;0;1;0;0;
02/02/2026 20:33:16.247;0;0;0;0;
02/02/2026 20:39:34.478;0;1;0;0;
02/02/2026 20:39:36.67;0;0;0;0;
02/02/2026 20:48:14.947;0;1;0;0;
02/02/2026 20:48:16.551;0;0;0;0;
02/02/2026 20:51:54.843;0;1;0;0;
02/02/2026 20:51:56.397;0;0;0;0;
02/02/2026 20:59:15.150;0;1;0;0;
02/02/2026 20:59:16.709;0;0;0;0;
02/02/2026 21:05:35.345;0;1;0;0;
02/02/2026 21:05:36.910;0;0;0;0;
02/02/2026 21:26:55.923;0;0;1;0;
02/02/2026 21:26:57.175;0;0;0;0;
02/02/2026 21:27:16.45;0;0;1;0;
02/02/2026 21:27:17.386;0;0;0;0;
02/02/2026 21:30:16.187;0;1;0;0;
02/02/2026 21:30:17.731;0;0;0;0;
02/02/2026 21:34:56.170;0;1;0;0;
02/02/2026 21:34:57.759;0;0;0;0;
02/02/2026 21:50:47.827;1;0;0;0;
02/02/2026 21:50:47.828;1;1;1;0;
02/02/2026 21:50:51.359;1;0;0;0;
02/02/2026 21:50:55.432;1;1;1;0;
02/02/2026 21:50:56.565;1;0;0;0;
02/02/2026 21:51:05.530;1;1;1;0;
02/02/2026 21:51:06.665;1;0;0;0;
02/02/2026 21:51:15.531;1;1;1;0;
02/02/2026 21:51:16.906;1;0;0;0;
02/02/2026 21:51:25.526;1;1;1;0;
02/02/2026 21:51:26.666;1;0;0;0;
02/02/2026 21:51:41.321;0;0;0;0;
02/02/2026 21:52:17.707;0;1;1;0;
02/02/2026 21:52:22.994;0;0;0;0;
02/02/2026 21:52:37.726;0;1;1;0;
02/02/2026 21:52:39.330;0;0;0;0;
02/02/2026 21:52:57.749;0;1;1;0;
02/02/2026 21:53:00.222;0;0;0;0;
02/02/2026 21:53:17.870;0;1;0;0;
02/02/2026 21:53:19.442;0;0;0;0;
02/02/2026 21:53:37.999;0;0;1;0;
02/02/2026 21:53:39.362;0;0;0;0;
02/02/2026 22:03:38.25;0;1;0;0;
02/02/2026 22:03:39.469;0;0;0;0;
02/02/2026 22:04:18.47;0;0;1;0;
02/02/2026 22:04:19.200;0;0;0;0;
02/02/2026 22:05:58.99;0;0;1;0;
02/02/2026 22:05:59.363;0;0;0;0;
02/02/2026 22:09:58.201;0;1;0;0;
02/02/2026 22:09:59.800;0;0;0;0;
02/02/2026 22:10:38.503;0;0;1;0;
02/02/2026 22:10:39.931;0;0;0;0;
02/02/2026 22:11:18.249;0;0;1;0;
02/02/2026 22:11:19.612;0;0;0;0;
02/02/2026 22:16:18.509;0;1;0;0;
02/02/2026 22:16:20.51;0;0;0;0;
02/02/2026 22:20:38.499;0;1;0;0;
02/02/2026 22:20:40.149;0;0;0;0;
02/02/2026 22:27:18.726;0;1;0;0;
02/02/2026 22:27:20.270;0;0;0;0;
02/02/2026 22:43:39.44;0;1;0;0;
02/02/2026 22:43:40.658;0;0;0;0;
02/02/2026 22:47:19.215;0;1;0;0;
02/02/2026 22:47:20.775;0;0;0;0;
02/02/2026 22:47:59.296;0;0;1;0;
02/02/2026 22:48:00.525;0;0;0;0;
02/02/2026 22:48:19.582;0;0;1;0;
02/02/2026 22:48:20.896;0;0;0;0;
02/02/2026 22:51:39.388;0;1;0;0;
02/02/2026 22:51:41.22;0;0;0;0;
02/02/2026 22:57:59.569;0;1;0;0;
02/02/2026 22:58:01.163;0;0;0;0;
02/02/2026 22:58:39.600;0;0;1;0;
02/02/2026 22:58:40.934;0;0;0;0;
02/02/2026 23:02:39.849;0;1;0;0;
02/02/2026 23:02:41.421;0;0;0;0;
02/02/2026 23:07:59.846;0;1;0;0;
02/02/2026 23:08:01.360;0;0;0;0;
02/02/2026 23:14:22.210;0;1;0;0;
02/02/2026 23:14:23.773;0;0;0;0;
02/02/2026 23:22:20.250;0;1;0;0;
02/02/2026 23:22:21.795;0;0;0;0;
02/02/2026 23:27:40.439;0;0;1;0;
02/02/2026 23:27:41.633;0;0;0;0;
02/02/2026 23:28:00.420;0;0;1;0;
02/02/2026 23:28:01.714;0;0;0;0;
02/02/2026 23:31:40.604;0;1;0;0;
02/02/2026 23:31:42.271;0;0;0;0;
02/02/2026 23:38:00.930;0;1;0;0;
02/02/2026 23:38:02.501;0;0;0;0;
02/02/2026 23:38:40.698;0;0;1;0;
02/02/2026 23:38:42.92;0;0;0;0;
02/02/2026 23:41:20.677;0;1;0;0;
02/02/2026 23:41:22.356;0;0;0;0;
02/02/2026 23:43:20.853;0;1;0;0;
02/02/2026 23:43:22.370;0;0;0;0;
02/02/2026 23:53:01.191;0;0;1;0;
02/02/2026 23:53:02.415;0;0;0;0;
02/02/2026 23:53:41.42;0;0;1;0;
02/02/2026 23:53:42.356;0;0;0;0;
03/02/2026 00:05:41.471;0;0;1;0;
03/02/2026 00:05:42.725;0;0;0;0;
03/02/2026 00:06:01.581;0;0;1;0;
03/02/2026 00:06:02.956;0;0;0;0;
03/02/2026 00:14:21.614;0;0;1;0;
03/02/2026 00:14:22.748;0;0;0;0;
03/02/2026 00:15:01.735;0;0;1;0;
03/02/2026 00:15:02.959;0;0;0;0;
03/02/2026 00:18:01.869;0;1;0;0;
03/02/2026 00:18:03.344;0;0;0;0;
03/02/2026 00:20:02.203;0;1;0;0;
03/02/2026 00:20:03.937;0;0;0;0;
03/02/2026 00:20:21.793;0;1;0;0;
03/02/2026 00:20:23.347;0;0;0;0;
03/02/2026 00:21:41.925;0;1;0;0;
03/02/2026 00:21:43.399;0;0;0;0;
03/02/2026 00:22:01.930;0;1;1;0;
03/02/2026 00:22:03.440;0;0;0;0;
03/02/2026 00:22:21.941;0;0;1;0;
03/02/2026 00:22:23.300;0;0;0;0;
03/02/2026 00:22:41.986;0;1;0;0;
03/02/2026 00:22:43.531;0;0;0;0;
03/02/2026 00:28:02.108;0;1;0;0;
03/02/2026 00:28:03.549;0;0;0;0;
03/02/2026 00:29:42.167;0;0;1;0;
03/02/2026 00:29:43.321;0;0;0;0;
03/02/2026 00:30:02.291;0;0;1;0;
03/02/2026 00:30:03.562;0;0;0;0;
03/02/2026 00:31:22.504;0;1;0;0;
03/02/2026 00:31:24.94;0;0;0;0;
03/02/2026 00:31:42.240;0;0;1;0;
03/02/2026 00:31:43.624;0;0;0;0;
03/02/2026 00:33:42.288;0;0;1;0;
03/02/2026 00:33:43.637;0;0;0;0;
03/02/2026 00:35:22.325;0;1;1;0;
03/02/2026 00:35:23.870;0;0;0;0;
03/02/2026 00:36:02.346;0;0;1;0;
03/02/2026 00:36:03.741;0;0;0;0;
03/02/2026 00:36:42.368;0;0;1;0;
03/02/2026 00:36:43.611;0;0;0;0;
03/02/2026 00:37:02.378;0;0;1;0;
03/02/2026 00:37:03.832;0;0;0;0;
03/02/2026 00:37:22.388;0;0;1;0;
03/02/2026 00:37:23.743;0;0;0;0;
03/02/2026 00:38:22.523;0;1;0;0;
03/02/2026 00:38:24.14;0;0;0;0;
03/02/2026 00:40:02.402;0;1;1;0;
03/02/2026 00:40:04.137;0;0;0;0;
03/02/2026 00:40:22.368;0;0;1;0;
03/02/2026 00:40:23.747;0;0;0;0;
03/02/2026 00:40:42.373;0;0;1;0;
03/02/2026 00:40:43.748;0;0;0;0;
03/02/2026 00:41:02.479;0;0;1;0;
03/02/2026 00:41:04.158;0;0;0;0;
03/02/2026 00:41:12.494;1;0;0;0;
03/02/2026 00:41:12.494;1;1;1;0;
03/02/2026 00:41:23.688;1;0;0;0;
03/02/2026 00:42:04.180;0;0;0;0;
03/02/2026 00:51:15.637;1;0;0;0;
03/02/2026 00:51:53.246;1;0;1;0;
03/02/2026 00:52:06.137;1;0;0;0;
03/02/2026 00:52:21.563;0;0;0;0;
03/02/2026 00:53:05.336;0;1;1;0;
03/02/2026 00:53:07.610;0;0;0;0;
03/02/2026 00:53:25.355;0;1;1;0;
03/02/2026 00:53:27.661;0;0;0;0;
03/02/2026 00:53:45.356;0;1;1;0;
03/02/2026 00:53:47.631;0;0;0;0;
03/02/2026 00:54:25.457;0;1;0;0;
03/02/2026 00:54:27.492;0;0;0;0;
03/02/2026 00:55:05.738;0;1;0;0;
03/02/2026 00:55:07.723;0;0;0;0;
03/02/2026 00:56:45.551;0;1;0;0;
03/02/2026 00:56:47.125;0;0;0;0;
03/02/2026 00:57:25.572;0;1;0;0;
03/02/2026 00:57:27.136;0;0;0;0;
03/02/2026 01:04:25.768;0;0;1;0;
03/02/2026 01:04:27.107;0;0;0;0;
03/02/2026 01:06:45.880;0;1;0;0;
03/02/2026 01:06:47.571;0;0;0;0;
03/02/2026 01:07:25.732;0;1;0;0;
03/02/2026 01:07:27.232;0;0;0;0;
03/02/2026 01:11:46.175;0;0;1;0;
03/02/2026 01:11:47.429;0;0;0;0;
03/02/2026 01:12:05.885;0;1;1;0;
03/02/2026 01:12:07.499;0;0;0;0;
03/02/2026 01:12:25.895;0;1;1;0;
03/02/2026 01:12:27.450;0;0;0;0;
03/02/2026 01:13:25.912;0;0;1;0;
03/02/2026 01:13:28.72;0;0;0;0;
03/02/2026 01:13:45.917;0;1;1;0;
03/02/2026 01:13:47.832;0;0;0;0;
03/02/2026 01:14:06.28;0;1;1;0;
03/02/2026 01:14:08.63;0;0;0;0;
03/02/2026 01:14:26.175;0;1;1;0;
03/02/2026 01:14:29.525;0;0;0;0;
03/02/2026 01:14:46.81;0;1;1;0;
03/02/2026 01:14:49.455;0;0;0;0;
03/02/2026 01:15:06.172;0;1;1;0;
03/02/2026 01:15:07.684;0;0;0;0;
03/02/2026 01:15:26.458;0;0;1;0;
03/02/2026 01:15:28.155;0;0;0;0;
03/02/2026 01:15:46.363;0;1;1;0;
03/02/2026 01:15:48.115;0;0;0;0;
03/02/2026 01:16:06.91;0;1;1;0;
03/02/2026 01:16:07.715;0;0;0;0;
03/02/2026 01:16:26.96;0;1;1;0;
03/02/2026 01:16:27.786;0;0;0;0;
03/02/2026 01:16:46.107;0;1;1;0;
03/02/2026 01:16:47.696;0;0;0;0;
03/02/2026 01:17:06.122;0;1;0;0;
03/02/2026 01:17:08.187;0;0;0;0;
03/02/2026 01:17:26.143;0;1;1;0;
03/02/2026 01:17:28.18;0;0;0;0;
03/02/2026 01:17:46.148;0;1;1;0;
03/02/2026 01:17:48.359;0;0;0;0;
03/02/2026 01:18:26.64;0;0;1;0;
03/02/2026 01:18:27.449;0;0;0;0;
03/02/2026 01:18:46.125;0;0;1;0;
03/02/2026 01:18:47.619;0;0;0;0;
03/02/2026 01:19:08.328;0;1;1;0;
03/02/2026 01:19:10.152;0;0;0;0;
03/02/2026 01:19:26.317;0;1;0;0;
03/02/2026 01:19:27.931;0;0;0;0;
03/02/2026 01:19:46.97;0;1;1;0;
03/02/2026 01:19:48.442;0;0;0;0;
03/02/2026 01:20:06.107;0;1;1;0;
03/02/2026 01:20:08.352;0;0;0;0;
03/02/2026 01:20:26.102;0;1;1;0;
03/02/2026 01:20:28.833;0;0;0;0;
03/02/2026 01:20:46.213;0;1;1;0;
03/02/2026 01:20:51.176;0;0;0;0;
03/02/2026 01:21:06.224;0;1;1;0;
03/02/2026 01:21:09.445;0;0;0;0;
03/02/2026 01:21:26.239;0;1;1;0;
03/02/2026 01:21:29.846;0;0;0;0;
03/02/2026 01:21:46.244;0;1;1;0;
03/02/2026 01:21:49.866;0;0;0;0;
03/02/2026 01:22:06.270;0;1;1;0;
03/02/2026 01:22:08.505;0;0;0;0;
03/02/2026 01:22:26.271;0;1;1;0;
03/02/2026 01:22:28.265;0;0;0;0;
03/02/2026 01:22:46.334;0;1;1;0;
03/02/2026 01:22:48.376;0;0;0;0;
03/02/2026 01:23:06.427;0;1;1;0;
03/02/2026 01:23:09.117;0;0;0;0;
03/02/2026 01:23:26.525;0;0;1;0;
03/02/2026 01:23:28.327;0;0;0;0;
03/02/2026 01:23:46.313;0;0;1;0;
03/02/2026 01:23:47.807;0;0;0;0;
03/02/2026 01:24:06.343;0;0;1;0;
03/02/2026 01:24:07.637;0;0;0;0;
03/02/2026 01:24:26.344;0;0;1;0;
03/02/2026 01:24:27.988;0;0;0;0;
03/02/2026 01:24:46.244;0;0;1;0;
03/02/2026 01:24:48.69;0;0;0;0;
03/02/2026 01:25:06.254;0;1;1;0;
03/02/2026 01:25:09.851;0;0;0;0;
03/02/2026 01:25:26.265;0;1;0;0;
03/02/2026 01:25:28.120;0;0;0;0;
03/02/2026 01:25:46.270;0;1;1;0;
03/02/2026 01:25:48.270;0;0;0;0;
03/02/2026 01:26:06.296;0;1;0;0;
03/02/2026 01:26:09.532;0;0;0;0;
03/02/2026 01:26:26.326;0;0;1;0;
03/02/2026 01:26:27.761;0;0;0;0;
03/02/2026 01:26:46.428;0;1;1;0;
03/02/2026 01:26:49.273;0;0;0;0;
03/02/2026 01:27:06.513;0;1;1;0;
03/02/2026 01:27:09.33;0;0;0;0;
03/02/2026 01:27:26.408;0;1;1;0;
03/02/2026 01:27:30.165;0;0;0;0;
03/02/2026 01:27:46.419;0;1;1;0;
03/02/2026 01:27:48.514;0;0;0;0;
03/02/2026 01:28:06.429;0;0;1;0;
03/02/2026 01:28:07.723;0;0;0;0;
03/02/2026 01:28:26.435;0;1;1;0;
03/02/2026 01:28:29.355;0;0;0;0;
03/02/2026 01:28:46.450;0;1;0;0;
03/02/2026 01:28:51.518;0;0;0;0;
03/02/2026 01:29:06.461;0;1;1;0;
03/02/2026 01:29:08.696;0;0;0;0;
03/02/2026 01:29:26.471;0;1;1;0;
03/02/2026 01:29:29.117;0;0;0;0;
03/02/2026 01:29:46.482;0;1;1;0;
03/02/2026 01:29:49.17;0;0;0;0;
03/02/2026 01:30:06.695;0;1;1;0;
03/02/2026 01:30:10.469;0;0;0;0;
03/02/2026 01:30:26.600;0;1;0;0;
03/02/2026 01:30:28.788;0;0;0;0;
03/02/2026 01:30:46.706;0;1;0;0;
03/02/2026 01:30:49.159;0;0;0;0;
03/02/2026 01:31:07.555;0;1;0;0;
03/02/2026 01:31:09.620;0;0;0;0;
03/02/2026 01:31:26.435;0;1;1;0;
03/02/2026 01:31:29.730;0;0;0;0;
03/02/2026 01:31:46.465;0;1;1;0;
03/02/2026 01:31:49.130;0;0;0;0;
03/02/2026 01:32:06.460;0;1;1;0;
03/02/2026 01:32:09.40;0;0;0;0;
03/02/2026 01:32:26.460;0;1;0;0;
03/02/2026 01:32:28.711;0;0;0;0;
03/02/2026 01:32:46.486;0;0;1;0;
03/02/2026 01:32:48.941;0;0;0;0;
03/02/2026 01:33:06.476;0;1;1;0;
03/02/2026 01:33:15.999;0;0;0;0;
03/02/2026 01:33:26.488;0;0;1;0;
03/02/2026 01:33:28.492;0;0;0;0;
03/02/2026 01:33:46.858;0;0;1;0;
03/02/2026 01:33:48.572;0;0;0;0;
03/02/2026 01:34:06.748;0;1;1;0;
03/02/2026 01:34:08.553;0;0;0;0;
03/02/2026 01:34:26.849;0;1;1;0;
03/02/2026 01:34:32.808;0;0;0;0;
03/02/2026 01:34:46.614;0;1;1;0;
03/02/2026 01:34:49.955;0;0;0;0;
03/02/2026 01:35:06.630;0;0;1;0;
03/02/2026 01:35:08.114;0;0;0;0;
03/02/2026 01:35:26.640;0;0;1;0;
03/02/2026 01:35:28.215;0;0;0;0;
03/02/2026 01:35:46.671;0;1;1;0;
03/02/2026 01:35:56.153;0;0;0;0;
03/02/2026 01:36:06.656;0;0;1;0;
03/02/2026 01:36:07.895;0;0;0;0;
03/02/2026 01:36:26.667;0;1;1;0;
03/02/2026 01:36:30.558;0;0;0;0;
03/02/2026 01:36:46.683;0;1;1;0;
03/02/2026 01:36:52.491;0;0;0;0;
03/02/2026 01:37:06.693;0;0;1;0;
03/02/2026 01:37:08.47;0;0;0;0;
03/02/2026 01:37:26.771;0;0;1;0;
03/02/2026 01:37:28.288;0;0;0;0;
03/02/2026 01:37:46.877;0;1;1;0;
03/02/2026 01:37:49.179;0;0;0;0;
03/02/2026 01:38:06.982;0;1;0;0;
03/02/2026 01:38:09.440;0;0;0;0;
03/02/2026 01:38:26.635;0;1;0;0;
03/02/2026 01:38:29.180;0;0;0;0;
03/02/2026 01:38:46.645;0;1;1;0;
03/02/2026 01:38:49.10;0;0;0;0;
03/02/2026 01:39:06.656;0;1;1;0;
03/02/2026 01:39:09.271;0;0;0;0;
03/02/2026 01:39:26.671;0;1;1;0;
03/02/2026 01:39:28.581;0;0;0;0;
03/02/2026 01:39:46.662;0;0;1;0;
03/02/2026 01:39:48.251;0;0;0;0;
03/02/2026 01:40:06.662;0;1;1;0;
03/02/2026 01:40:08.972;0;0;0;0;
03/02/2026 01:40:26.773;0;1;1;0;
03/02/2026 01:40:30.534;0;0;0;0;
03/02/2026 01:40:46.863;0;1;1;0;
03/02/2026 01:40:49.964;0;0;0;0;
03/02/2026 01:41:06.964;0;1;1;0;
03/02/2026 01:41:08.553;0;0;0;0;
03/02/2026 01:41:27.99;0;1;1;0;
03/02/2026 01:41:28.944;0;0;0;0;
03/02/2026 01:41:46.820;0;1;0;0;
03/02/2026 01:41:49.535;0;0;0;0;
03/02/2026 01:42:06.825;0;1;0;0;
03/02/2026 01:42:09.656;0;0;0;0;
03/02/2026 01:42:26.841;0;1;0;0;
03/02/2026 01:42:29.606;0;0;0;0;
03/02/2026 01:42:46.851;0;1;1;0;
03/02/2026 01:42:48.866;0;0;0;0;
03/02/2026 01:43:06.862;0;0;1;0;
03/02/2026 01:43:08.246;0;0;0;0;
03/02/2026 01:43:26.907;0;1;1;0;
03/02/2026 01:43:28.477;0;0;0;0;
03/02/2026 01:43:47.32;0;0;1;0;
03/02/2026 01:43:48.387;0;0;0;0;
03/02/2026 01:44:06.943;0;1;1;0;
03/02/2026 01:44:10.119;0;0;0;0;
03/02/2026 01:44:27.57;0;1;1;0;
03/02/2026 01:44:30.260;0;0;0;0;
03/02/2026 01:44:46.814;0;1;1;0;
03/02/2026 01:44:48.429;0;0;0;0;
03/02/2026 01:45:06.820;0;0;1;0;
03/02/2026 01:45:08.379;0;0;0;0;
03/02/2026 01:45:26.875;0;1;0;0;
03/02/2026 01:45:28.510;0;0;0;0;
03/02/2026 01:45:46.851;0;1;0;0;
03/02/2026 01:45:49.431;0;0;0;0;
03/02/2026 01:46:06.846;0;1;1;0;
03/02/2026 01:46:08.731;0;0;0;0;
03/02/2026 01:46:26.847;0;1;1;0;
03/02/2026 01:46:29.632;0;0;0;0;
03/02/2026 01:46:46.857;0;1;1;0;
03/02/2026 01:46:48.592;0;0;0;0;
03/02/2026 01:47:06.968;0;1;1;0;
03/02/2026 01:47:09.363;0;0;0;0;
03/02/2026 01:47:27.279;0;1;1;0;
03/02/2026 01:47:29.293;0;0;0;0;
03/02/2026 01:47:47.189;0;1;1;0;
03/02/2026 01:47:49.64;0;0;0;0;
03/02/2026 01:48:06.989;0;1;1;0;
03/02/2026 01:48:10.326;0;0;0;0;
03/02/2026 01:48:27.0;0;1;1;0;
03/02/2026 01:48:28.664;0;0;0;0;
03/02/2026 01:48:47.10;0;1;1;0;
03/02/2026 01:48:49.95;0;0;0;0;
03/02/2026 01:49:27.51;0;1;0;0;
03/02/2026 01:49:28.626;0;0;0;0;
03/02/2026 01:49:47.37;0;0;1;0;
03/02/2026 01:49:48.366;0;0;0;0;
03/02/2026 01:51:26.994;0;1;0;0;
03/02/2026 01:51:28.579;0;0;0;0;
03/02/2026 01:54:27.440;0;1;0;0;
03/02/2026 01:54:28.954;0;0;0;0;
03/02/2026 01:58:27.205;0;0;1;0;
03/02/2026 01:58:28.339;0;0;0;0;
03/02/2026 01:58:47.226;0;0;1;0;
03/02/2026 01:58:48.450;0;0;0;0;
03/02/2026 02:11:47.576;0;1;0;0;
03/02/2026 02:11:49.161;0;0;0;0;
03/02/2026 02:15:07.737;0;1;0;0;
03/02/2026 02:15:09.236;0;0;0;0;
03/02/2026 02:39:28.412;0;1;0;0;
03/02/2026 02:39:29.986;0;0;0;0;
03/02/2026 02:44:48.561;0;1;0;0;
03/02/2026 02:44:50.74;0;0;0;0;
03/02/2026 02:45:08.571;0;0;1;0;
03/02/2026 02:45:09.815;0;0;0;0;
03/02/2026 02:45:28.581;0;0;1;0;
03/02/2026 02:45:29.895;0;0;0;0;
03/02/2026 02:46:28.800;0;0;1;0;
03/02/2026 02:46:30.67;0;0;0;0;
03/02/2026 02:53:48.730;0;1;0;0;
03/02/2026 02:53:50.229;0;0;0;0;
03/02/2026 02:56:28.894;0;1;0;0;
03/02/2026 02:56:30.464;0;0;0;0;
03/02/2026 03:08:09.229;0;0;1;0;
03/02/2026 03:08:10.703;0;0;0;0;
03/02/2026 03:08:29.240;0;0;1;0;
03/02/2026 03:08:30.664;0;0;0;0;
03/02/2026 03:12:12.448;1;0;0;0;
03/02/2026 03:12:12.449;1;1;1;0;
03/02/2026 03:12:15.945;1;0;0;0;
03/02/2026 03:12:20.348;1;1;1;0;
03/02/2026 03:12:21.481;1;0;0;0;
03/02/2026 03:12:30.580;1;1;1;0;
03/02/2026 03:12:31.962;1;0;0;0;
03/02/2026 03:12:40.429;1;1;1;0;
03/02/2026 03:12:41.562;1;0;0;0;
03/02/2026 03:12:50.488;1;1;1;0;
03/02/2026 03:12:51.632;1;0;0;0;
03/02/2026 03:13:06.337;0;0;0;0;
03/02/2026 03:13:43.547;0;1;1;0;
03/02/2026 03:13:47.349;0;0;0;0;
03/02/2026 03:14:02.532;0;1;1;0;
03/02/2026 03:14:04.187;0;0;0;0;
03/02/2026 03:14:22.543;0;1;1;0;
03/02/2026 03:14:24.107;0;0;0;0;
03/02/2026 03:15:02.464;0;0;1;0;
03/02/2026 03:15:03.838;0;0;0;0;
03/02/2026 03:15:22.554;0;1;0;0;
03/02/2026 03:15:23.989;0;0;0;0;
03/02/2026 03:22:02.766;0;0;1;0;
03/02/2026 03:22:03.900;0;0;0;0;
03/02/2026 03:36:23.155;0;1;0;0;
03/02/2026 03:36:24.715;0;0;0;0;
03/02/2026 03:37:03.603;0;0;1;0;
03/02/2026 03:37:04.896;0;0;0;0;
03/02/2026 03:37:43.198;0;1;0;0;
03/02/2026 03:37:44.777;0;0;0;0;
03/02/2026 03:38:03.228;0;0;1;0;
03/02/2026 03:38:04.657;0;0;0;0;
03/02/2026 03:40:43.288;0;0;1;0;
03/02/2026 03:40:44.632;0;0;0;0;
03/02/2026 04:09:04.177;0;1;0;0;
03/02/2026 04:09:05.701;0;0;0;0;
03/02/2026 04:12:44.203;0;1;0;0;
03/02/2026 04:12:45.757;0;0;0;0;
03/02/2026 04:25:24.464;0;1;0;0;
03/02/2026 04:25:25.959;0;0;0;0;
03/02/2026 04:25:44.495;0;0;1;0;
03/02/2026 04:25:45.899;0;0;0;0;
03/02/2026 04:26:04.486;0;1;0;0;
03/02/2026 04:26:06.40;0;0;0;0;
03/02/2026 04:43:44.985;0;1;0;0;
03/02/2026 04:43:46.480;0;0;0;0;
03/02/2026 04:44:05.86;0;0;1;0;
03/02/2026 04:44:06.230;0;0;0;0;
03/02/2026 04:44:25.207;0;0;1;0;
03/02/2026 04:44:26.461;0;0;0;0;
03/02/2026 04:45:05.118;0;1;0;0;
03/02/2026 04:45:06.672;0;0;0;0;
03/02/2026 04:45:45.134;0;0;1;0;
03/02/2026 04:45:46.553;0;0;0;0;
03/02/2026 04:49:45.411;0;1;0;0;
03/02/2026 04:49:46.940;0;0;0;0;
03/02/2026 04:50:05.286;0;0;1;0;
03/02/2026 04:50:06.611;0;0;0;0;
03/02/2026 04:54:05.403;0;1;0;0;
03/02/2026 04:54:06.957;0;0;0;0;
03/02/2026 05:06:45.644;0;1;0;0;
03/02/2026 05:06:47.158;0;0;0;0;
03/02/2026 05:10:05.835;0;1;0;0;
03/02/2026 05:10:07.374;0;0;0;0;
03/02/2026 05:10:25.889;0;0;1;0;
03/02/2026 05:10:27.44;0;0;0;0;
03/02/2026 05:10:45.861;0;0;1;0;
03/02/2026 05:10:47.185;0;0;0;0;
03/02/2026 05:12:25.923;0;1;0;0;
03/02/2026 05:12:27.558;0;0;0;0;
03/02/2026 05:13:05.834;0;1;0;0;
03/02/2026 05:13:07.329;0;0;0;0;
03/02/2026 05:17:06.41;0;1;0;0;
03/02/2026 05:17:08.236;0;0;0;0;
03/02/2026 05:17:46.216;0;1;0;0;
03/02/2026 05:17:47.957;0;0;0;0;
03/02/2026 05:18:26.103;0;1;0;0;
03/02/2026 05:18:27.517;0;0;0;0;
03/02/2026 05:26:06.200;0;1;0;0;
03/02/2026 05:26:07.759;0;0;0;0;
03/02/2026 05:26:46.456;0;0;1;0;
03/02/2026 05:26:47.650;0;0;0;0;
03/02/2026 05:27:06.327;0;0;1;0;
03/02/2026 05:27:07.641;0;0;0;0;
03/02/2026 05:27:46.338;0;1;0;0;
03/02/2026 05:27:47.952;0;0;0;0;
03/02/2026 05:31:26.458;0;1;0;0;
03/02/2026 05:31:27.938;0;0;0;0;
03/02/2026 05:35:26.560;0;1;0;0;
03/02/2026 05:35:28.74;0;0;0;0;
03/02/2026 05:37:26.816;0;1;0;0;
03/02/2026 05:37:28.317;0;0;0;0;
03/02/2026 05:38:26.554;0;0;1;0;
03/02/2026 05:38:27.898;0;0;0;0;
03/02/2026 05:39:06.575;0;1;0;0;
03/02/2026 05:39:08.189;0;0;0;0;
03/02/2026 05:41:07.3;0;1;0;0;
03/02/2026 05:41:08.553;0;0;0;0;
03/02/2026 05:44:06.937;0;1;0;0;
03/02/2026 05:44:08.527;0;0;0;0;
03/02/2026 05:45:46.765;0;1;0;0;
03/02/2026 05:45:48.229;0;0;0;0;
03/02/2026 05:50:06.992;0;1;0;0;
03/02/2026 05:50:08.496;0;0;0;0;
03/02/2026 05:50:47.13;0;0;1;0;
03/02/2026 05:50:48.247;0;0;0;0;
03/02/2026 05:51:09.99;0;0;1;0;
03/02/2026 05:51:10.420;0;0;0;0;
03/02/2026 05:57:07.197;0;1;0;0;
03/02/2026 05:57:08.877;0;0;0;0;
03/02/2026 05:58:27.267;0;0;1;0;
03/02/2026 05:58:28.668;0;0;0;0;
03/02/2026 05:58:47.369;0;0;1;0;
03/02/2026 05:58:48.719;0;0;0;0;
03/02/2026 05:59:07.466;0;1;1;0;
03/02/2026 05:59:08.960;0;0;0;0;
03/02/2026 05:59:27.171;0;0;1;0;
03/02/2026 05:59:28.430;0;0;0;0;
03/02/2026 06:00:47.308;0;0;1;0;
03/02/2026 06:00:48.742;0;0;0;0;
03/02/2026 06:01:27.329;0;0;1;0;
03/02/2026 06:01:28.843;0;0;0;0;
03/02/2026 06:02:27.445;0;0;1;0;
03/02/2026 06:02:28.925;0;0;0;0;
03/02/2026 06:04:07.413;0;0;1;0;
03/02/2026 06:04:08.797;0;0;0;0;
03/02/2026 06:04:47.434;0;1;0;0;
03/02/2026 06:04:49.258;0;0;0;0;
03/02/2026 06:05:07.344;0;1;0;0;
03/02/2026 06:05:08.929;0;0;0;0;
03/02/2026 06:05:27.375;0;0;1;0;
03/02/2026 06:05:28.789;0;0;0;0;
03/02/2026 06:05:47.395;0;0;1;0;
03/02/2026 06:05:48.769;0;0;0;0;
03/02/2026 06:06:27.589;0;0;1;0;
03/02/2026 06:06:28.720;0;0;0;0;
03/02/2026 06:07:27.508;0;1;0;0;
03/02/2026 06:07:28.982;0;0;0;0;
03/02/2026 06:07:47.519;0;0;1;0;
03/02/2026 06:07:48.812;0;0;0;0;
03/02/2026 06:08:07.529;0;0;1;0;
03/02/2026 06:08:08.943;0;0;0;0;
03/02/2026 06:09:07.555;0;0;1;0;
03/02/2026 06:09:08.884;0;0;0;0;
03/02/2026 06:09:10.668;1;0;0;0;
03/02/2026 06:09:10.669;1;1;1;0;
03/02/2026 06:09:21.988;1;0;0;0;
03/02/2026 06:10:02.59;0;0;0;0;
03/02/2026 06:17:08.463;1;0;0;0;
03/02/2026 06:17:46.476;1;0;1;0;
03/02/2026 06:17:59.258;1;0;0;0;
03/02/2026 06:18:13.763;0;0;0;0;
03/02/2026 06:18:48.732;0;1;1;0;
03/02/2026 06:18:53.584;0;0;0;0;
03/02/2026 06:19:08.823;0;1;1;0;
03/02/2026 06:19:10.752;0;0;0;0;
03/02/2026 06:19:28.562;0;1;1;0;
03/02/2026 06:19:31.12;0;0;0;0;
03/02/2026 06:19:48.592;0;1;0;0;
03/02/2026 06:19:50.903;0;0;0;0;
03/02/2026 06:20:08.583;0;1;1;0;
03/02/2026 06:20:10.413;0;0;0;0;
03/02/2026 06:20:28.498;0;0;1;0;
03/02/2026 06:20:29.842;0;0;0;0;
03/02/2026 06:20:48.504;0;1;0;0;
03/02/2026 06:20:50.63;0;0;0;0;
03/02/2026 06:24:28.700;0;1;0;0;
03/02/2026 06:24:30.329;0;0;0;0;
03/02/2026 06:27:28.699;0;1;1;0;
03/02/2026 06:27:30.193;0;0;0;0;
03/02/2026 06:32:08.927;0;1;0;0;
03/02/2026 06:32:10.791;0;0;0;0;
03/02/2026 06:32:48.957;0;1;1;0;
03/02/2026 06:32:50.622;0;0;0;0;
03/02/2026 06:33:08.958;0;0;1;0;
03/02/2026 06:33:10.242;0;0;0;0;
03/02/2026 06:35:49.12;0;1;0;0;
03/02/2026 06:35:50.717;0;0;0;0;
03/02/2026 06:36:29.33;0;1;0;0;
03/02/2026 06:36:30.677;0;0;0;0;
03/02/2026 06:40:49.65;0;1;0;0;
03/02/2026 06:40:50.534;0;0;0;0;
03/02/2026 06:44:29.275;0;1;1;0;
03/02/2026 06:44:30.940;0;0;0;0;
03/02/2026 06:44:49.286;0;0;1;0;
03/02/2026 06:44:50.620;0;0;0;0;
03/02/2026 06:46:49.479;0;1;0;0;
03/02/2026 06:46:51.33;0;0;0;0;
03/02/2026 07:00:49.840;0;0;1;0;
03/02/2026 07:00:51.84;0;0;0;0;
03/02/2026 07:01:09.790;0;0;1;0;
03/02/2026 07:01:11.74;0;0;0;0;
03/02/2026 07:02:29.772;0;0;1;0;
03/02/2026 07:02:30.996;0;0;0;0;
03/02/2026 07:10:50.25;0;1;0;0;
03/02/2026 07:10:51.539;0;0;0;0;
03/02/2026 07:14:50.111;0;1;0;0;
03/02/2026 07:14:51.635;0;0;0;0;
03/02/2026 07:33:50.600;0;0;1;0;
03/02/2026 07:33:51.824;0;0;0;0;
03/02/2026 07:34:10.586;0;0;1;0;
03/02/2026 07:34:11.905;0;0;0;0;
03/02/2026 07:54:11.448;0;0;1;0;
03/02/2026 07:54:12.687;0;0;0;0;
03/02/2026 08:10:11.609;0;0;1;0;
03/02/2026 08:10:12.923;0;0;0;0;
03/02/2026 08:26:52.171;0;1;0;0;
03/02/2026 08:26:53.671;0;0;0;0;
03/02/2026 08:27:52.480;0;1;0;0;
03/02/2026 08:27:54.53;0;0;0;0;
03/02/2026 08:38:52.517;0;1;0;0;
03/02/2026 08:38:54.51;0;0;0;0;
03/02/2026 08:39:52.731;0;1;0;0;
03/02/2026 08:39:54.293;0;0;0;0;
03/02/2026 08:51:15.951;1;0;0;0;
03/02/2026 08:51:15.951;1;1;1;0;
03/02/2026 08:51:19.467;1;0;0;0;
03/02/2026 08:51:23.945;1;1;1;0;
03/02/2026 08:51:25.83;1;0;0;0;
03/02/2026 08:51:33.943;1;1;1;0;
03/02/2026 08:51:35.73;1;0;0;0;
03/02/2026 08:51:43.949;1;1;1;0;
03/02/2026 08:51:45.354;1;0;0;0;
03/02/2026 08:51:54.44;1;1;1;0;
03/02/2026 08:51:55.184;1;0;0;0;
03/02/2026 08:52:09.428;0;0;0;0;
03/02/2026 08:52:46.125;0;1;1;0;
03/02/2026 08:52:50.240;0;0;0;0;
03/02/2026 08:53:06.134;0;1;1;0;
03/02/2026 08:53:07.698;0;0;0;0;
03/02/2026 08:53:26.144;0;1;1;0;
03/02/2026 08:53:27.959;0;0;0;0;
03/02/2026 08:54:06.186;0;0;1;0;
03/02/2026 08:54:07.580;0;0;0;0;
03/02/2026 08:54:26.196;0;1;0;0;
03/02/2026 08:54:27.641;0;0;0;0;
03/02/2026 08:58:46.294;0;1;0;0;
03/02/2026 08:58:47.798;0;0;0;0;
03/02/2026 08:59:46.325;0;0;1;0;
03/02/2026 08:59:47.509;0;0;0;0;
03/02/2026 09:00:26.341;0;0;1;0;
03/02/2026 09:00:27.631;0;0;0;0;
03/02/2026 09:03:26.342;0;1;0;0;
03/02/2026 09:03:27.896;0;0;0;0;
03/02/2026 09:03:46.562;0;0;1;0;
03/02/2026 09:03:47.967;0;0;0;0;
03/02/2026 09:04:46.464;0;0;1;0;
03/02/2026 09:04:47.818;0;0;0;0;
03/02/2026 09:14:26.640;0;1;0;0;
03/02/2026 09:14:28.135;0;0;0;0;
03/02/2026 09:20:06.840;0;1;0;0;
03/02/2026 09:20:08.395;0;0;0;0;
03/02/2026 09:25:26.954;0;1;0;0;
03/02/2026 09:25:28.444;0;0;0;0;
03/02/2026 09:31:47.150;0;1;0;0;
03/02/2026 09:31:48.705;0;0;0;0;
03/02/2026 09:40:07.455;0;1;0;0;
03/02/2026 09:40:08.999;0;0;0;0;
03/02/2026 09:45:27.624;0;0;1;0;
03/02/2026 09:45:28.858;0;0;0;0;
03/02/2026 09:45:47.624;0;0;1;0;
03/02/2026 09:45:48.958;0;0;0;0;
03/02/2026 09:48:07.593;0;1;0;0;
03/02/2026 09:48:09.143;0;0;0;0;
03/02/2026 09:54:47.790;0;1;0;0;
03/02/2026 09:54:49.374;0;0;0;0;
03/02/2026 09:56:08.42;0;0;1;0;
03/02/2026 09:56:09.416;0;0;0;0;
03/02/2026 09:58:07.970;0;1;0;0;
03/02/2026 09:58:09.630;0;0;0;0;
03/02/2026 09:58:48.87;0;0;1;0;
03/02/2026 09:58:49.521;0;0;0;0;
03/02/2026 10:01:07.955;0;0;1;0;
03/02/2026 10:01:09.275;0;0;0;0;
03/02/2026 10:10:28.360;0;1;0;0;
03/02/2026 10:10:29.861;0;0;0;0;
03/02/2026 10:14:28.408;0;1;0;0;
03/02/2026 10:14:30.8;0;0;0;0;
03/02/2026 10:18:28.450;0;1;0;0;
03/02/2026 10:18:29.944;0;0;0;0;
03/02/2026 10:24:08.595;0;0;1;0;
03/02/2026 10:24:09.824;0;0;0;0;
03/02/2026 10:25:28.842;0;1;0;0;
03/02/2026 10:25:30.396;0;0;0;0;
03/02/2026 10:29:08.733;0;1;0;0;
03/02/2026 10:29:10.292;0;0;0;0;
03/02/2026 10:29:48.759;0;0;1;0;
03/02/2026 10:29:50.73;0;0;0;0;
03/02/2026 10:33:48.971;0;1;0;0;
03/02/2026 10:33:50.530;0;0;0;0;
03/02/2026 10:41:29.98;0;1;0;0;
03/02/2026 10:41:30.803;0;0;0;0;
03/02/2026 10:42:09.140;0;0;1;0;
03/02/2026 10:42:10.284;0;0;0;0;
03/02/2026 10:42:29.140;0;0;1;0;
03/02/2026 10:42:30.414;0;0;0;0;
03/02/2026 10:42:49.131;0;1;0;0;
03/02/2026 10:42:50.745;0;0;0;0;
03/02/2026 10:43:49.453;0;1;0;0;
03/02/2026 10:43:51.17;0;0;0;0;
03/02/2026 10:45:09.315;0;1;0;0;
03/02/2026 10:45:10.889;0;0;0;0;
03/02/2026 10:55:49.762;0;0;1;0;
03/02/2026 10:55:51.116;0;0;0;0;
03/02/2026 10:56:29.633;0;1;0;0;
03/02/2026 10:56:31.438;0;0;0;0;
03/02/2026 10:56:49.618;0;1;0;0;
03/02/2026 10:56:51.218;0;0;0;0;
03/02/2026 10:57:49.655;0;1;0;0;
03/02/2026 10:57:51.139;0;0;0;0;
03/02/2026 11:07:29.850;0;1;0;0;
03/02/2026 11:07:31.345;0;0;0;0;
03/02/2026 11:08:30.47;0;1;0;0;
03/02/2026 11:08:31.576;0;0;0;0;
03/02/2026 11:09:10.273;0;0;1;0;
03/02/2026 11:09:11.537;0;0;0;0;
03/02/2026 11:09:29.984;0;0;1;0;
03/02/2026 11:09:31.338;0;0;0;0;
03/02/2026 11:12:10.231;0;1;0;0;
03/02/2026 11:12:11.842;0;0;0;0;
03/02/2026 11:12:49.983;0;0;1;0;
03/02/2026 11:12:51.122;0;0;0;0;
03/02/2026 11:13:30.4;0;1;1;0;
03/02/2026 11:13:31.534;0;0;0;0;
03/02/2026 11:15:30.434;0;1;0;0;
03/02/2026 11:15:32.338;0;0;0;0;
03/02/2026 11:15:50.414;0;0;1;0;
03/02/2026 11:15:51.838;0;0;0;0;
03/02/2026 11:18:30.247;0;1;0;0;
03/02/2026 11:18:31.761;0;0;0;0;
03/02/2026 11:18:50.346;0;0;1;0;
03/02/2026 11:18:51.652;0;0;0;0;
03/02/2026 11:20:10.184;0;1;0;0;
03/02/2026 11:20:11.744;0;0;0;0;
03/02/2026 11:20:50.195;0;1;0;0;
03/02/2026 11:20:51.695;0;0;0;0;
03/02/2026 11:27:50.381;0;0;1;0;
03/02/2026 11:27:51.515;0;0;0;0;
03/02/2026 11:32:30.541;0;0;1;0;
03/02/2026 11:32:31.792;0;0;0;0;
03/02/2026 11:34:10.555;0;1;0;0;
03/02/2026 11:34:12.115;0;0;0;0;
03/02/2026 11:34:50.562;0;0;1;0;
03/02/2026 11:34:52.6;0;0;0;0;
03/02/2026 11:35:30.683;0;0;1;0;
03/02/2026 11:35:32.47;0;0;0;0;
03/02/2026 11:35:50.693;0;1;0;0;
03/02/2026 11:35:52.157;0;0;0;0;
03/02/2026 11:38:10.766;0;0;1;0;
03/02/2026 11:38:12.121;0;0;0;0;
03/02/2026 11:39:10.698;0;0;1;0;
03/02/2026 11:39:12.312;0;0;0;0;
03/02/2026 11:40:10.933;0;0;1;0;
03/02/2026 11:40:12.194;0;0;0;0;
03/02/2026 11:40:27.901;1;0;0;0;
03/02/2026 11:40:27.902;1;1;1;0;
03/02/2026 11:40:38.931;1;0;0;0;
03/02/2026 11:41:19.653;0;0;0;0;
03/02/2026 12:29:07.369;1;0;0;0;
03/02/2026 12:29:45.308;1;0;1;0;
03/02/2026 12:29:58.230;1;0;0;0;
03/02/2026 12:30:07.109;0;0;0;0;
03/02/2026 12:30:47.740;0;1;1;0;
03/02/2026 12:30:52.726;0;0;0;0;
03/02/2026 12:31:27.369;0;0;1;0;
03/02/2026 12:31:28.773;0;0;0;0;
03/02/2026 12:31:47.374;0;0;1;0;
03/02/2026 12:31:48.603;0;0;0;0;
03/02/2026 12:32:07.400;0;0;1;0;
03/02/2026 12:32:08.804;0;0;0;0;
03/02/2026 12:32:47.391;0;1;0;0;
03/02/2026 12:32:49.426;0;0;0;0;
03/02/2026 12:33:07.411;0;1;0;0;
03/02/2026 12:33:09.366;0;0;0;0;
03/02/2026 12:33:27.497;0;1;0;0;
03/02/2026 12:33:29.537;0;0;0;0;
03/02/2026 12:33:47.508;0;1;1;0;
03/02/2026 12:33:49.618;0;0;0;0;
03/02/2026 12:34:07.523;0;1;0;0;
03/02/2026 12:34:09.368;0;0;0;0;
03/02/2026 12:34:27.734;0;1;1;0;
03/02/2026 12:34:29.278;0;0;0;0;
03/02/2026 12:37:07.618;0;1;0;0;
03/02/2026 12:37:09.162;0;0;0;0;
03/02/2026 12:41:47.735;0;1;0;0;
03/02/2026 12:41:49.430;0;0;0;0;
03/02/2026 12:44:27.714;0;1;0;0;
03/02/2026 12:44:29.274;0;0;0;0;
03/02/2026 12:45:27.741;0;0;1;0;
03/02/2026 12:45:29.85;0;0;0;0;
03/02/2026 12:52:48.52;0;1;0;0;
03/02/2026 12:52:49.817;0;0;0;0;
03/02/2026 12:53:08.58;0;0;1;0;
03/02/2026 12:53:09.287;0;0;0;0;
03/02/2026 12:53:28.73;0;0;1;0;
03/02/2026 12:53:29.438;0;0;0;0;
03/02/2026 12:54:08.94;0;1;0;0;
03/02/2026 12:54:09.699;0;0;0;0;
03/02/2026 12:55:28.226;0;1;0;0;
03/02/2026 12:55:29.671;0;0;0;0;
03/02/2026 12:57:48.170;0;1;0;0;
03/02/2026 12:57:49.754;0;0;0;0;
03/02/2026 12:58:48.112;0;1;0;0;
03/02/2026 12:58:49.636;0;0;0;0;
03/02/2026 13:01:48.301;0;1;1;0;
03/02/2026 13:01:50.41;0;0;0;0;
03/02/2026 13:02:28.347;0;1;0;0;
03/02/2026 13:02:29.902;0;0;0;0;
03/02/2026 13:03:28.452;0;1;0;0;
03/02/2026 13:03:30.103;0;0;0;0;
03/02/2026 13:04:48.291;0;1;0;0;
03/02/2026 13:04:50.25;0;0;0;0;
03/02/2026 13:06:08.423;0;1;0;0;
03/02/2026 13:06:09.907;0;0;0;0;
03/02/2026 13:07:28.625;0;0;1;0;
03/02/2026 13:07:29.929;0;0;0;0;
03/02/2026 13:07:48.876;0;0;1;0;
03/02/2026 13:07:50.260;0;0;0;0;
03/02/2026 13:09:48.438;0;1;0;0;
03/02/2026 13:09:49.993;0;0;0;0;
03/02/2026 13:19:08.707;0;1;0;0;
03/02/2026 13:19:10.297;0;0;0;0;
03/02/2026 13:19:28.813;0;1;0;0;
03/02/2026 13:19:30.317;0;0;0;0;
03/02/2026 13:20:08.834;0;1;0;0;
03/02/2026 13:20:10.528;0;0;0;0;
03/02/2026 13:21:28.976;0;1;0;0;
03/02/2026 13:21:30.500;0;0;0;0;
03/02/2026 13:27:09.44;0;1;0;0;
03/02/2026 13:27:10.799;0;0;0;0;
03/02/2026 13:28:09.76;0;1;0;0;
03/02/2026 13:28:10.610;0;0;0;0;
03/02/2026 13:31:29.135;0;0;1;0;
03/02/2026 13:31:30.295;0;0;0;0;
03/02/2026 13:31:49.74;0;0;1;0;
03/02/2026 13:31:50.335;0;0;0;0;
03/02/2026 13:37:29.260;0;1;0;0;
03/02/2026 13:37:30.784;0;0;0;0;
03/02/2026 13:45:09.609;0;1;0;0;
03/02/2026 13:45:11.286;0;0;0;0;
03/02/2026 13:53:29.785;0;0;1;0;
03/02/2026 13:53:31.119;0;0;0;0;
03/02/2026 13:55:09.862;0;1;0;0;
03/02/2026 13:55:11.412;0;0;0;0;
03/02/2026 14:01:50.103;0;1;0;0;
03/02/2026 14:01:51.672;0;0;0;0;
03/02/2026 14:14:10.562;0;1;0;0;
03/02/2026 14:14:12.62;0;0;0;0;
03/02/2026 14:15:50.360;0;1;0;0;
03/02/2026 14:15:52.24;0;0;0;0;
03/02/2026 14:21:50.519;0;1;0;0;
03/02/2026 14:21:52.164;0;0;0;0;
03/02/2026 14:25:50.747;0;1;0;0;
03/02/2026 14:25:52.281;0;0;0;0;
03/02/2026 14:33:50.854;0;0;1;0;
03/02/2026 14:33:52.83;0;0;0;0;
03/02/2026 14:34:30.885;0;0;1;0;
03/02/2026 14:34:32.234;0;0;0;0;
03/02/2026 14:35:10.901;0;0;1;0;
03/02/2026 14:35:12.336;0;0;0;0;
03/02/2026 14:35:31.32;0;0;1;0;
03/02/2026 14:35:32.376;0;0;0;0;
03/02/2026 14:35:51.229;0;0;1;0;
03/02/2026 14:35:52.367;0;0;0;0;
03/02/2026 14:47:11.232;0;1;0;0;
03/02/2026 14:47:12.815;0;0;0;0;
03/02/2026 14:53:53.550;0;1;0;0;
03/02/2026 14:53:55.99;0;0;0;0;
03/02/2026 15:07:51.915;0;1;0;0;
03/02/2026 15:07:53.520;0;0;0;0;
03/02/2026 15:13:32.75;0;1;0;0;
03/02/2026 15:13:33.619;0;0;0;0;
03/02/2026 15:25:12.430;0;1;0;0;
03/02/2026 15:25:14.149;0;0;0;0;
03/02/2026 15:29:52.690;0;1;0;0;
03/02/2026 15:29:54.237;0;0;0;0;
03/02/2026 15:30:32.564;0;0;1;0;
03/02/2026 15:30:33.838;0;0;0;0;
03/02/2026 15:43:52.957;0;1;0;0;
03/02/2026 15:43:54.431;0;0;0;0;
03/02/2026 15:50:53.59;0;1;0;0;
03/02/2026 15:50:54.643;0;0;0;0;
03/02/2026 16:01:37.391;1;0;0;0;
03/02/2026 16:01:37.391;1;1;1;0;
03/02/2026 16:01:40.828;1;0;0;0;
03/02/2026 16:01:45.591;1;1;1;0;
03/02/2026 16:01:46.724;1;0;0;0;
03/02/2026 16:01:55.489;1;1;1;0;
03/02/2026 16:01:56.864;1;0;0;0;
03/02/2026 16:02:05.489;1;1;1;0;
03/02/2026 16:02:06.624;1;0;0;0;
03/02/2026 16:02:20.118;0;0;0;0;
03/02/2026 16:02:57.515;0;1;1;0;
03/02/2026 16:03:01.751;0;0;0;0;
03/02/2026 16:03:17.524;0;0;1;0;
03/02/2026 16:03:19.99;0;0;0;0;
03/02/2026 16:03:37.535;0;1;1;0;
03/02/2026 16:03:39.680;0;0;0;0;
03/02/2026 16:04:17.576;0;1;1;0;
03/02/2026 16:04:19.80;0;0;0;0;
03/02/2026 16:09:57.736;0;1;0;0;
03/02/2026 16:09:59.210;0;0;0;0;
03/02/2026 16:10:37.871;0;0;1;0;
03/02/2026 16:10:39.91;0;0;0;0;
03/02/2026 16:11:57.579;0;0;1;0;
03/02/2026 16:11:58.893;0;0;0;0;
03/02/2026 16:13:57.833;0;0;1;0;
03/02/2026 16:13:59.307;0;0;0;0;
03/02/2026 16:14:17.828;0;0;1;0;
03/02/2026 16:14:19.218;0;0;0;0;
03/02/2026 16:18:17.870;0;1;0;0;
03/02/2026 16:18:19.455;0;0;0;0;
03/02/2026 16:23:58.35;0;1;0;0;
03/02/2026 16:23:59.534;0;0;0;0;
03/02/2026 16:33:18.399;0;1;0;0;
03/02/2026 16:33:20.141;0;0;0;0;
03/02/2026 16:34:58.340;0;1;0;0;
03/02/2026 16:34:59.864;0;0;0;0;
03/02/2026 16:54:58.979;0;0;1;0;
03/02/2026 16:55:00.218;0;0;0;0;
03/02/2026 16:55:59.16;0;0;1;0;
03/02/2026 16:56:00.370;0;0;0;0;
03/02/2026 17:10:19.320;0;1;0;0;
03/02/2026 17:10:20.965;0;0;0;0;
03/02/2026 17:12:59.480;0;0;1;0;
03/02/2026 17:13:00.859;0;0;0;0;
03/02/2026 17:13:39.501;0;1;0;0;
03/02/2026 17:13:41.41;0;0;0;0;
03/02/2026 17:22:19.651;0;1;0;0;
03/02/2026 17:22:21.115;0;0;0;0;
03/02/2026 17:22:59.842;0;0;1;0;
03/02/2026 17:23:01.107;0;0;0;0;
03/02/2026 17:23:20.63;0;0;1;0;
03/02/2026 17:23:21.417;0;0;0;0;
03/02/2026 17:24:39.825;0;1;0;0;
03/02/2026 17:24:41.430;0;0;0;0;
03/02/2026 17:24:59.876;0;0;1;0;
03/02/2026 17:25:01.300;0;0;0;0;
03/02/2026 17:26:39.783;0;0;1;0;
03/02/2026 17:26:41.103;0;0;0;0;
03/02/2026 17:39:00.150;0;1;0;0;
03/02/2026 17:39:01.744;0;0;0;0;
03/02/2026 17:40:40.498;0;1;0;0;
03/02/2026 17:40:42.57;0;0;0;0;
03/02/2026 17:52:41.103;0;0;1;0;
03/02/2026 17:52:42.347;0;0;0;0;
03/02/2026 17:53:00.653;0;0;1;0;
03/02/2026 17:53:02.17;0;0;0;0;
03/02/2026 17:57:00.675;0;1;0;0;
03/02/2026 17:57:02.234;0;0;0;0;
03/02/2026 17:57:40.686;0;1;0;0;
03/02/2026 17:57:42.305;0;0;0;0;
03/02/2026 18:10:21.81;0;1;0;0;
03/02/2026 18:10:22.636;0;0;0;0;
03/02/2026 18:11:41.184;0;1;0;0;
03/02/2026 18:11:42.638;0;0;0;0;
03/02/2026 18:12:01.194;0;1;0;0;
03/02/2026 18:12:02.769;0;0;0;0;
03/02/2026 18:13:01.246;0;1;1;0;
03/02/2026 18:13:02.730;0;0;0;0;
03/02/2026 18:13:21.450;0;0;1;0;
03/02/2026 18:13:22.801;0;0;0;0;
03/02/2026 18:15:21.210;0;0;1;0;
03/02/2026 18:15:22.433;0;0;0;0;
03/02/2026 18:15:41.215;0;1;0;0;
03/02/2026 18:15:42.774;0;0;0;0;
03/02/2026 18:16:01.300;0;1;1;0;
03/02/2026 18:16:02.875;0;0;0;0;
03/02/2026 18:16:21.211;0;1;1;0;
03/02/2026 18:16:23.486;0;0;0;0;
03/02/2026 18:17:01.752;0;1;0;0;
03/02/2026 18:17:03.467;0;0;0;0;
03/02/2026 18:17:21.633;0;1;0;0;
03/02/2026 18:17:23.778;0;0;0;0;
03/02/2026 18:18:21.359;0;1;0;0;
03/02/2026 18:18:23.529;0;0;0;0;
03/02/2026 18:18:41.375;0;1;0;0;
03/02/2026 18:18:43.209;0;0;0;0;
03/02/2026 18:20:03.540;0;1;0;0;
03/02/2026 18:20:05.214;0;0;0;0;
03/02/2026 18:21:21.369;0;1;0;0;
03/02/2026 18:21:22.893;0;0;0;0;
03/02/2026 18:22:21.415;0;1;0;0;
03/02/2026 18:22:23.5;0;0;0;0;
03/02/2026 18:23:01.456;0;1;0;0;
03/02/2026 18:23:02.986;0;0;0;0;
03/02/2026 18:23:41.793;0;1;0;0;
03/02/2026 18:23:43.277;0;0;0;0;
03/02/2026 18:26:21.661;0;0;1;0;
03/02/2026 18:26:22.891;0;0;0;0;
03/02/2026 18:30:41.738;0;1;0;0;
03/02/2026 18:30:43.558;0;0;0;0;
03/02/2026 18:32:01.750;0;1;0;0;
03/02/2026 18:32:03.260;0;0;0;0;
03/02/2026 18:35:41.761;0;1;0;0;
03/02/2026 18:35:43.315;0;0;0;0;
03/02/2026 18:36:01.756;0;0;1;0;
03/02/2026 18:36:03.75;0;0;0;0;
03/02/2026 18:41:21.929;0;0;1;0;
03/02/2026 18:41:23.183;0;0;0;0;
03/02/2026 18:41:41.945;0;0;1;0;
03/02/2026 18:41:43.294;0;0;0;0;
03/02/2026 18:42:41.941;0;1;0;0;
03/02/2026 18:42:43.526;0;0;0;0;
03/02/2026 18:43:01.992;0;1;0;0;
03/02/2026 18:43:03.496;0;0;0;0;
03/02/2026 18:44:02.84;0;1;0;0;
03/02/2026 18:44:03.838;0;0;0;0;
03/02/2026 18:46:22.157;0;1;0;0;
03/02/2026 18:46:23.671;0;0;0;0;
03/02/2026 18:46:42.211;0;1;0;0;
03/02/2026 18:46:43.842;0;0;0;0;
03/02/2026 18:48:42.120;0;1;0;0;
03/02/2026 18:48:43.585;0;0;0;0;
03/02/2026 18:49:22.121;0;1;0;0;
03/02/2026 18:49:23.616;0;0;0;0;
03/02/2026 18:50:02.263;0;0;1;0;
03/02/2026 18:50:03.537;0;0;0;0;
03/02/2026 18:50:42.464;0;1;0;0;
03/02/2026 18:50:44.68;0;0;0;0;
03/02/2026 18:53:42.358;0;1;0;0;
03/02/2026 18:53:43.822;0;0;0;0;
03/02/2026 18:58:42.496;0;1;0;0;
03/02/2026 18:58:44.70;0;0;0;0;
03/02/2026 19:00:42.458;0;0;1;0;
03/02/2026 19:00:43.773;0;0;0;0;
03/02/2026 19:01:42.742;0;1;1;0;
03/02/2026 19:01:44.305;0;0;0;0;
03/02/2026 19:02:02.491;0;0;1;0;
03/02/2026 19:02:03.985;0;0;0;0;
03/02/2026 19:02:22.491;0;0;1;0;
03/02/2026 19:02:23.955;0;0;0;0;
03/02/2026 19:03:22.607;0;0;1;0;
03/02/2026 19:03:23.957;0;0;0;0;
03/02/2026 19:04:22.644;0;0;1;0;
03/02/2026 19:04:24.68;0;0;0;0;
03/02/2026 19:05:02.750;0;0;1;0;
03/02/2026 19:05:04.139;0;0;0;0;
03/02/2026 19:06:42.757;0;0;1;0;
03/02/2026 19:06:43.891;0;0;0;0;
03/02/2026 19:07:22.638;0;0;1;0;
03/02/2026 19:07:23.983;0;0;0;0;
03/02/2026 19:07:42.650;0;0;1;0;
03/02/2026 19:07:43.993;0;0;0;0;
03/02/2026 19:08:02.853;0;0;1;0;
03/02/2026 19:08:04.354;0;0;0;0;
03/02/2026 19:08:22.702;0;0;1;0;
03/02/2026 19:08:24.74;0;0;0;0;
03/02/2026 19:09:22.681;0;0;1;0;
03/02/2026 19:09:23.935;0;0;0;0;
03/02/2026 19:10:36.837;1;0;0;0;
03/02/2026 19:10:36.838;1;1;1;0;
03/02/2026 19:10:48.712;1;0;0;0;
03/02/2026 19:11:31.827;0;0;0;0;
03/02/2026 19:24:43.737;1;0;0;0;
03/02/2026 19:25:21.766;1;0;1;0;
03/02/2026 19:25:35.183;1;0;0;0;
03/02/2026 19:25:43.892;0;0;0;0;
03/02/2026 19:26:23.687;0;1;0;0;
03/02/2026 19:26:29.389;0;0;0;0;
03/02/2026 19:26:43.701;0;0;1;0;
03/02/2026 19:26:44.945;0;0;0;0;
03/02/2026 19:27:03.711;0;1;0;0;
03/02/2026 19:27:06.27;0;0;0;0;
03/02/2026 19:27:23.787;0;1;1;0;
03/02/2026 19:27:25.326;0;0;0;0;
03/02/2026 19:27:43.733;0;1;0;0;
03/02/2026 19:27:45.457;0;0;0;0;
03/02/2026 19:28:43.874;0;1;1;0;
03/02/2026 19:28:45.368;0;0;0;0;
03/02/2026 19:38:44.44;0;1;0;0;
03/02/2026 19:38:45.584;0;0;0;0;
03/02/2026 19:39:44.76;0;1;0;0;
03/02/2026 19:39:45.706;0;0;0;0;
03/02/2026 19:41:24.254;0;0;1;0;
03/02/2026 19:41:25.478;0;0;0;0;
03/02/2026 19:42:04.50;0;0;1;0;
03/02/2026 19:42:05.369;0;0;0;0;
03/02/2026 19:43:24.77;0;1;0;0;
03/02/2026 19:43:25.961;0;0;0;0;
03/02/2026 19:44:44.259;0;1;1;0;
03/02/2026 19:44:45.953;0;0;0;0;
03/02/2026 19:45:24.501;0;0;1;0;
03/02/2026 19:45:25.804;0;0;0;0;
03/02/2026 19:47:24.303;0;1;0;0;
03/02/2026 19:47:25.837;0;0;0;0;
03/02/2026 19:49:44.287;0;0;1;0;
03/02/2026 19:49:45.641;0;0;0;0;
03/02/2026 19:50:24.388;0;1;0;0;
03/02/2026 19:50:28.575;0;0;0;0;
03/02/2026 19:50:44.398;0;1;0;0;
03/02/2026 19:50:48.245;0;0;0;0;
03/02/2026 19:57:24.869;0;1;0;0;
03/02/2026 19:57:26.463;0;0;0;0;
03/02/2026 20:00:24.730;0;1;0;0;
03/02/2026 20:00:26.307;0;0;0;0;
03/02/2026 20:00:46.838;0;0;1;0;
03/02/2026 20:00:48.70;0;0;0;0;
03/02/2026 20:01:04.599;0;1;1;0;
03/02/2026 20:01:06.98;0;0;0;0;
03/02/2026 20:02:44.641;0;1;0;0;
03/02/2026 20:02:46.171;0;0;0;0;
03/02/2026 20:03:04.642;0;0;1;0;
03/02/2026 20:03:05.991;0;0;0;0;
03/02/2026 20:03:44.808;0;1;0;0;
03/02/2026 20:03:46.462;0;0;0;0;
03/02/2026 20:05:24.820;0;1;0;0;
03/02/2026 20:05:26.405;0;0;0;0;
03/02/2026 20:18:45.375;0;1;0;0;
03/02/2026 20:18:46.885;0;0;0;0;
03/02/2026 20:20:05.247;0;1;0;0;
03/02/2026 20:20:06.937;0;0;0;0;
03/02/2026 20:20:45.323;0;1;0;0;
03/02/2026 20:20:46.898;0;0;0;0;
03/02/2026 20:25:45.641;0;1;0;0;
03/02/2026 20:25:47.95;0;0;0;0;
03/02/2026 20:40:25.838;0;0;1;0;
03/02/2026 20:40:26.977;0;0;0;0;
03/02/2026 20:41:05.774;0;0;1;0;
03/02/2026 20:41:06.998;0;0;0;0;
03/02/2026 20:54:46.489;0;0;1;0;
03/02/2026 20:54:47.620;0;0;0;0;
03/02/2026 20:55:06.136;0;1;0;0;
03/02/2026 20:55:07.690;0;0;0;0;
03/02/2026 21:06:06.533;0;1;0;0;
03/02/2026 21:06:08.88;0;0;0;0;
03/02/2026 21:09:06.608;0;0;1;0;
03/02/2026 21:09:07.862;0;0;0;0;
03/02/2026 21:17:46.847;0;1;0;0;
03/02/2026 21:17:48.467;0;0;0;0;
03/02/2026 21:34:47.330;0;1;0;0;
03/02/2026 21:34:48.994;0;0;0;0;
03/02/2026 21:35:07.341;0;0;1;0;
03/02/2026 21:35:08.705;0;0;0;0;
03/02/2026 21:45:07.527;0;1;0;0;
03/02/2026 21:45:09.111;0;0;0;0;
03/02/2026 21:54:48.52;0;1;0;0;
03/02/2026 21:54:49.678;0;0;0;0;
03/02/2026 21:56:27.886;0;1;0;0;
03/02/2026 21:56:29.440;0;0;0;0;
03/02/2026 22:31:08.854;0;1;0;0;
03/02/2026 22:31:10.439;0;0;0;0;
03/02/2026 22:33:08.998;0;1;0;0;
03/02/2026 22:33:10.532;0;0;0;0;
03/02/2026 22:38:29.388;0;1;0;0;
03/02/2026 22:38:30.982;0;0;0;0;
03/02/2026 22:38:49.158;0;0;1;0;
03/02/2026 22:38:50.502;0;0;0;0;
03/02/2026 22:40:49.365;0;1;0;0;
03/02/2026 22:40:50.896;0;0;0;0;
03/02/2026 22:46:50.423;0;1;0;0;
03/02/2026 22:46:52.47;0;0;0;0;
03/02/2026 22:50:12.857;1;0;0;0;
03/02/2026 22:50:12.857;1;1;1;0;
03/02/2026 22:50:16.237;1;0;0;0;
03/02/2026 22:50:20.480;1;1;1;0;
03/02/2026 22:50:21.633;1;0;0;0;
03/02/2026 22:50:30.478;1;1;1;0;
03/02/2026 22:50:31.873;1;0;0;0;
03/02/2026 22:50:40.478;1;1;1;0;
03/02/2026 22:50:41.623;1;0;0;0;
03/02/2026 22:50:56.38;0;0;0;0;
03/02/2026 22:51:32.674;0;1;1;0;
03/02/2026 22:51:35.128;0;0;0;0;
03/02/2026 22:51:52.653;0;0;1;0;
03/02/2026 22:51:54.118;0;0;0;0;
03/02/2026 22:52:12.564;0;0;1;0;
03/02/2026 22:52:13.918;0;0;0;0;
03/02/2026 22:56:12.781;0;0;1;0;
03/02/2026 22:56:14.175;0;0;0;0;
03/02/2026 22:56:32.787;0;0;1;0;
03/02/2026 22:56:34.286;0;0;0;0;
03/02/2026 22:57:32.828;0;1;1;0;
03/02/2026 22:57:34.368;0;0;0;0;
03/02/2026 23:00:12.883;0;1;0;0;
03/02/2026 23:00:14.442;0;0;0;0;
03/02/2026 23:05:12.927;0;0;1;0;
03/02/2026 23:05:14.151;0;0;0;0;
03/02/2026 23:16:13.276;0;0;1;0;
03/02/2026 23:16:14.630;0;0;0;0;
03/02/2026 23:17:53.462;0;1;0;0;
03/02/2026 23:17:55.93;0;0;0;0;
03/02/2026 23:18:13.591;0;0;1;0;
03/02/2026 23:18:15.44;0;0;0;0;
03/02/2026 23:18:53.430;0;0;1;0;
03/02/2026 23:18:54.795;0;0;0;0;
03/02/2026 23:21:53.436;0;1;0;0;
03/02/2026 23:21:54.990;0;0;0;0;
03/02/2026 23:37:13.962;0;1;0;0;
03/02/2026 23:37:15.587;0;0;0;0;
03/02/2026 23:40:54.240;0;1;0;0;
03/02/2026 23:40:55.813;0;0;0;0;
03/02/2026 23:47:14.230;0;0;1;0;
03/02/2026 23:47:15.464;0;0;0;0;
03/02/2026 23:47:34.240;0;0;1;0;
03/02/2026 23:47:35.544;0;0;0;0;
03/02/2026 23:48:54.408;0;0;1;0;
03/02/2026 23:48:55.617;0;0;0;0;
03/02/2026 23:57:14.432;0;1;0;0;
03/02/2026 23:57:16.52;0;0;0;0;
03/02/2026 23:57:54.801;0;0;1;0;
03/02/2026 23:57:56.253;0;0;0;0;
03/02/2026 23:58:34.550;0;0;1;0;
03/02/2026 23:58:35.924;0;0;0;0;
04/02/2026 00:02:14.571;0;1;0;0;
04/02/2026 00:02:16.100;0;0;0;0;
04/02/2026 00:21:55.230;0;0;1;0;
04/02/2026 00:21:56.384;0;0;0;0;
04/02/2026 00:22:15.260;0;0;1;0;
04/02/2026 00:22:16.534;0;0;0;0;
04/02/2026 00:29:55.583;0;1;0;0;
04/02/2026 00:29:57.228;0;0;0;0;
04/02/2026 00:30:35.375;0;0;1;0;
04/02/2026 00:30:36.809;0;0;0;0;
04/02/2026 00:30:55.385;0;1;0;0;
04/02/2026 00:30:56.909;0;0;0;0;
04/02/2026 00:31:15.406;0;0;1;0;
04/02/2026 00:31:16.780;0;0;0;0;
04/02/2026 00:41:35.928;0;1;0;0;
04/02/2026 00:41:37.388;0;0;0;0;
04/02/2026 00:42:55.745;0;0;1;0;
04/02/2026 00:42:56.879;0;0;0;0;
04/02/2026 00:43:15.731;0;0;1;0;
04/02/2026 00:43:16.990;0;0;0;0;
04/02/2026 00:46:35.932;0;1;0;0;
04/02/2026 00:46:37.586;0;0;0;0;
04/02/2026 01:01:16.241;0;1;0;0;
04/02/2026 01:01:17.830;0;0;0;0;
04/02/2026 01:04:56.447;0;0;1;0;
04/02/2026 01:04:57.676;0;0;0;0;
04/02/2026 01:05:16.543;0;1;1;0;
04/02/2026 01:05:18.137;0;0;0;0;
04/02/2026 01:11:16.627;0;1;0;0;
04/02/2026 01:11:18.157;0;0;0;0;
04/02/2026 01:15:17.12;0;1;0;0;
04/02/2026 01:15:18.643;0;0;0;0;
04/02/2026 01:23:36.967;0;1;0;0;
04/02/2026 01:23:38.496;0;0;0;0;
04/02/2026 01:24:56.914;0;0;1;0;
04/02/2026 01:24:58.208;0;0;0;0;
04/02/2026 01:25:16.954;0;0;1;0;
04/02/2026 01:25:18.378;0;0;0;0;
04/02/2026 01:28:17.388;0;0;1;0;
04/02/2026 01:28:18.533;0;0;0;0;
04/02/2026 01:28:57.120;0;1;0;0;
04/02/2026 01:28:58.834;0;0;0;0;
04/02/2026 01:29:37.141;0;0;1;0;
04/02/2026 01:29:38.445;0;0;0;0;
04/02/2026 01:30:37.172;0;1;0;0;
04/02/2026 01:30:38.987;0;0;0;0;
04/02/2026 01:30:57.283;0;0;1;0;
04/02/2026 01:30:58.697;0;0;0;0;
04/02/2026 01:31:57.129;0;0;1;0;
04/02/2026 01:31:58.439;0;0;0;0;
04/02/2026 01:40:17.327;0;1;0;0;
04/02/2026 01:40:18.821;0;0;0;0;
04/02/2026 01:40:57.448;0;1;0;0;
04/02/2026 01:40:58.952;0;0;0;0;
04/02/2026 01:42:37.496;0;1;0;0;
04/02/2026 01:42:39.5;0;0;0;0;
04/02/2026 01:44:37.573;0;1;0;0;
04/02/2026 01:44:39.98;0;0;0;0;
04/02/2026 01:47:17.622;0;1;0;0;
04/02/2026 01:47:19.152;0;0;0;0;
04/02/2026 01:48:17.677;0;1;0;0;
04/02/2026 01:48:19.183;0;0;0;0;
04/02/2026 01:49:37.702;0;1;0;0;
04/02/2026 01:49:39.245;0;0;0;0;
04/02/2026 01:51:17.753;0;1;0;0;
04/02/2026 01:51:19.248;0;0;0;0;
04/02/2026 01:52:17.805;0;1;0;0;
04/02/2026 01:52:19.329;0;0;0;0;
04/02/2026 01:55:37.865;0;0;1;0;
04/02/2026 01:55:39.14;0;0;0;0;
04/02/2026 01:56:38.145;0;0;1;0;
04/02/2026 01:56:39.406;0;0;0;0;
04/02/2026 01:58:37.894;0;1;0;0;
04/02/2026 01:58:39.689;0;0;0;0;
04/02/2026 01:59:17.895;0;1;0;0;
04/02/2026 01:59:19.420;0;0;0;0;
04/02/2026 02:01:18.28;0;1;0;0;
04/02/2026 02:01:19.643;0;0;0;0;
04/02/2026 02:01:38.34;0;1;0;0;
04/02/2026 02:01:39.543;0;0;0;0;
04/02/2026 02:02:18.55;0;0;1;0;
04/02/2026 02:02:19.504;0;0;0;0;
04/02/2026 02:02:58.81;0;0;1;0;
04/02/2026 02:02:59.475;0;0;0;0;
04/02/2026 02:04:38.28;0;0;1;0;
04/02/2026 02:04:39.167;0;0;0;0;
04/02/2026 02:05:38.65;0;0;1;0;
04/02/2026 02:05:39.349;0;0;0;0;
04/02/2026 02:05:58.85;0;0;1;0;
04/02/2026 02:05:59.550;0;0;0;0;
04/02/2026 02:06:21.163;1;0;0;0;
04/02/2026 02:06:21.164;1;1;1;0;
04/02/2026 02:06:32.614;1;0;0;0;
04/02/2026 02:07:16.28;0;0;0;0;
04/02/2026 02:20:26.256;1;0;0;0;
04/02/2026 02:21:05.326;1;0;1;0;
04/02/2026 02:21:19.394;1;0;0;0;
04/02/2026 02:21:26.211;0;0;0;0;
04/02/2026 02:22:06.280;0;1;1;0;
04/02/2026 02:22:08.884;0;0;0;0;
04/02/2026 02:22:46.400;0;0;1;0;
04/02/2026 02:22:47.804;0;0;0;0;
04/02/2026 02:25:06.589;0;1;0;0;
04/02/2026 02:25:08.118;0;0;0;0;
04/02/2026 02:29:06.663;0;0;1;0;
04/02/2026 02:29:08.44;0;0;0;0;
04/02/2026 02:42:06.960;0;1;0;0;
04/02/2026 02:42:08.555;0;0;0;0;
04/02/2026 02:44:27.34;0;0;1;0;
04/02/2026 02:44:28.308;0;0;0;0;
04/02/2026 02:46:26.892;0;0;1;0;
04/02/2026 02:46:28.211;0;0;0;0;
04/02/2026 02:47:27.38;0;1;0;0;
04/02/2026 02:47:28.573;0;0;0;0;
04/02/2026 02:49:07.221;0;1;0;0;
04/02/2026 02:49:08.785;0;0;0;0;
04/02/2026 02:49:47.402;0;1;0;0;
04/02/2026 02:49:49.37;0;0;0;0;
04/02/2026 02:50:27.198;0;1;0;0;
04/02/2026 02:50:29.158;0;0;0;0;
04/02/2026 02:50:47.213;0;0;1;0;
04/02/2026 02:50:48.368;0;0;0;0;
04/02/2026 02:51:07.219;0;0;1;0;
04/02/2026 02:51:08.488;0;0;0;0;
04/02/2026 02:51:27.229;0;1;0;0;
04/02/2026 02:51:28.909;0;0;0;0;
04/02/2026 02:53:27.570;0;1;0;0;
04/02/2026 02:53:29.132;0;0;0;0;
04/02/2026 03:04:07.594;0;1;0;0;
04/02/2026 03:04:09.108;0;0;0;0;
04/02/2026 03:07:27.589;0;1;0;0;
04/02/2026 03:07:29.173;0;0;0;0;
04/02/2026 03:07:47.584;0;0;1;0;
04/02/2026 03:07:48.813;0;0;0;0;
04/02/2026 03:08:07.808;0;1;1;0;
04/02/2026 03:08:09.274;0;0;0;0;
04/02/2026 03:09:08.101;0;1;0;0;
04/02/2026 03:09:09.646;0;0;0;0;
04/02/2026 03:12:27.851;0;1;0;0;
04/02/2026 03:12:29.351;0;0;0;0;
04/02/2026 03:13:27.768;0;1;0;0;
04/02/2026 03:13:29.382;0;0;0;0;
04/02/2026 03:15:47.944;0;0;1;0;
04/02/2026 03:15:49.295;0;0;0;0;
04/02/2026 03:38:08.575;0;1;0;0;
04/02/2026 03:38:10.59;0;0;0;0;
04/02/2026 03:41:28.645;0;1;0;0;
04/02/2026 03:41:30.205;0;0;0;0;
04/02/2026 03:42:28.677;0;1;0;0;
04/02/2026 03:42:30.216;0;0;0;0;
04/02/2026 03:54:08.930;0;0;1;0;
04/02/2026 03:54:10.184;0;0;0;0;
04/02/2026 03:54:29.40;0;0;1;0;
04/02/2026 03:54:30.355;0;0;0;0;
04/02/2026 03:57:09.125;0;1;0;0;
04/02/2026 03:57:10.579;0;0;0;0;
04/02/2026 04:01:09.231;0;0;1;0;
04/02/2026 04:01:10.365;0;0;0;0;
04/02/2026 04:04:49.247;0;1;0;0;
04/02/2026 04:04:50.831;0;0;0;0;
04/02/2026 04:18:49.634;0;0;1;0;
04/02/2026 04:18:50.893;0;0;0;0;
04/02/2026 04:19:29.750;0;1;0;0;
04/02/2026 04:19:31.275;0;0;0;0;
04/02/2026 04:21:50.88;0;1;0;0;
04/02/2026 04:21:51.589;0;0;0;0;
04/02/2026 04:22:29.845;0;1;0;0;
04/02/2026 04:22:31.409;0;0;0;0;
04/02/2026 04:37:30.149;0;1;0;0;
04/02/2026 04:37:31.614;0;0;0;0;
04/02/2026 04:47:30.456;0;1;0;0;
04/02/2026 04:47:31.980;0;0;0;0;
04/02/2026 04:56:30.791;0;1;0;0;
04/02/2026 04:56:32.516;0;0;0;0;
04/02/2026 04:56:50.797;0;0;1;0;
04/02/2026 04:56:52.156;0;0;0;0;
04/02/2026 05:06:11.87;0;1;0;0;
04/02/2026 05:06:12.672;0;0;0;0;
04/02/2026 05:12:11.278;0;1;0;0;
04/02/2026 05:12:12.922;0;0;0;0;
04/02/2026 05:16:31.406;0;1;0;0;
04/02/2026 05:16:32.909;0;0;0;0;
04/02/2026 05:16:51.400;0;1;1;0;
04/02/2026 05:16:52.920;0;0;0;0;
04/02/2026 05:24:31.493;0;1;0;0;
04/02/2026 05:24:32.953;0;0;0;0;
04/02/2026 05:33:12.77;0;1;0;0;
04/02/2026 05:33:13.678;0;0;0;0;
04/02/2026 05:42:08.405;1;0;0;0;
04/02/2026 05:42:08.405;1;1;1;0;
04/02/2026 05:42:11.811;1;0;0;0;
04/02/2026 05:42:15.994;1;1;1;0;
04/02/2026 05:42:17.147;1;0;0;0;
04/02/2026 05:42:25.987;1;1;1;0;
04/02/2026 05:42:27.377;1;0;0;0;
04/02/2026 05:42:35.993;1;1;1;0;
04/02/2026 05:42:37.147;1;0;0;0;
04/02/2026 05:42:45.993;1;1;1;0;
04/02/2026 05:42:47.148;1;0;0;0;
04/02/2026 05:42:54.285;0;0;0;0;
04/02/2026 05:43:38.159;0;1;1;0;
04/02/2026 05:43:43.55;0;0;0;0;
04/02/2026 05:43:58.98;0;1;1;0;
04/02/2026 05:43:59.712;0;0;0;0;
04/02/2026 05:44:20.214;0;1;1;0;
04/02/2026 05:44:22.236;0;0;0;0;
04/02/2026 05:44:38.531;0;1;0;0;
04/02/2026 05:44:40.154;0;0;0;0;
04/02/2026 05:44:58.449;0;0;1;0;
04/02/2026 05:44:59.824;0;0;0;0;
04/02/2026 05:45:38.226;0;1;0;0;
04/02/2026 05:45:39.675;0;0;0;0;
04/02/2026 05:46:38.263;0;0;1;0;
04/02/2026 05:46:39.527;0;0;0;0;
04/02/2026 05:52:38.434;0;0;1;0;
04/02/2026 05:52:39.767;0;0;0;0;
04/02/2026 05:54:38.391;0;1;0;0;
04/02/2026 05:54:39.861;0;0;0;0;
04/02/2026 05:57:18.572;0;1;0;0;
04/02/2026 05:57:20.166;0;0;0;0;
04/02/2026 06:07:38.932;0;1;0;0;
04/02/2026 06:07:40.453;0;0;0;0;
04/02/2026 06:10:59.195;0;1;0;0;
04/02/2026 06:11:00.769;0;0;0;0;
04/02/2026 06:18:19.82;0;1;0;0;
04/02/2026 06:18:20.602;0;0;0;0;
04/02/2026 06:23:39.257;0;1;0;0;
04/02/2026 06:23:40.841;0;0;0;0;
04/02/2026 06:30:39.503;0;1;0;0;
04/02/2026 06:30:41.33;0;0;0;0;
04/02/2026 06:34:19.906;0;0;1;0;
04/02/2026 06:34:21.139;0;0;0;0;
04/02/2026 06:34:39.666;0;0;1;0;
04/02/2026 06:34:40.940;0;0;0;0;
04/02/2026 06:35:39.587;0;1;1;0;
04/02/2026 06:35:41.172;0;0;0;0;
04/02/2026 06:38:59.824;0;1;0;0;
04/02/2026 06:39:01.368;0;0;0;0;
04/02/2026 06:39:41.766;0;0;1;0;
04/02/2026 06:39:43.171;0;0;0;0;
04/02/2026 06:40:00.225;0;1;0;0;
04/02/2026 06:40:01.740;0;0;0;0;
04/02/2026 06:40:59.737;0;0;1;0;
04/02/2026 06:41:01.81;0;0;0;0;
04/02/2026 06:51:40.596;0;1;0;0;
04/02/2026 06:51:42.30;0;0;0;0;
04/02/2026 06:54:20.314;0;0;1;0;
04/02/2026 06:54:21.544;0;0;0;0;
04/02/2026 06:55:00.251;0;0;1;0;
04/02/2026 06:55:01.625;0;0;0;0;
04/02/2026 06:55:40.272;0;1;0;0;
04/02/2026 06:55:42.16;0;0;0;0;
04/02/2026 06:56:00.282;0;0;1;0;
04/02/2026 06:56:01.737;0;0;0;0;
04/02/2026 07:00:00.433;0;1;0;0;
04/02/2026 07:00:01.964;0;0;0;0;
04/02/2026 07:00:41.441;0;0;1;0;
04/02/2026 07:00:42.785;0;0;0;0;
04/02/2026 07:16:20.777;0;1;0;0;
04/02/2026 07:16:22.521;0;0;0;0;
04/02/2026 07:18:01.26;0;1;0;0;
04/02/2026 07:18:02.584;0;0;0;0;
04/02/2026 07:25:21.132;0;1;0;0;
04/02/2026 07:25:22.646;0;0;0;0;
04/02/2026 07:25:41.137;0;0;1;0;
04/02/2026 07:25:42.286;0;0;0;0;
04/02/2026 07:26:01.148;0;0;1;0;
04/02/2026 07:26:02.387;0;0;0;0;
04/02/2026 07:27:01.274;0;1;0;0;
04/02/2026 07:27:02.869;0;0;0;0;
04/02/2026 07:29:41.212;0;1;0;0;
04/02/2026 07:29:42.963;0;0;0;0;
04/02/2026 07:30:01.334;0;1;0;0;
04/02/2026 07:30:02.864;0;0;0;0;
04/02/2026 07:32:01.322;0;1;0;0;
04/02/2026 07:32:02.827;0;0;0;0;
04/02/2026 07:36:42.481;0;1;0;0;
04/02/2026 07:36:44.45;0;0;0;0;
04/02/2026 07:43:01.893;0;0;1;0;
04/02/2026 07:43:03.34;0;0;0;0;
04/02/2026 07:43:21.641;0;0;1;0;
04/02/2026 07:43:22.895;0;0;0;0;
04/02/2026 07:45:41.814;0;1;0;0;
04/02/2026 07:45:43.379;0;0;0;0;
04/02/2026 07:51:21.873;0;1;0;0;
04/02/2026 07:51:23.658;0;0;0;0;
04/02/2026 07:54:21.868;0;1;0;0;
04/02/2026 07:54:23.512;0;0;0;0;
04/02/2026 07:55:01.929;0;1;0;0;
04/02/2026 07:55:03.423;0;0;0;0;
04/02/2026 07:55:22.32;0;0;1;0;
04/02/2026 07:55:23.203;0;0;0;0;
04/02/2026 07:55:42.143;0;1;1;0;
04/02/2026 07:55:43.974;0;0;0;0;
04/02/2026 07:59:22.380;0;1;0;0;
04/02/2026 07:59:23.890;0;0;0;0;
04/02/2026 08:01:22.79;0;1;0;0;
04/02/2026 08:01:23.693;0;0;0;0;
04/02/2026 08:01:42.99;0;0;1;0;
04/02/2026 08:01:43.443;0;0;0;0;
04/02/2026 08:04:02.233;0;1;0;0;
04/02/2026 08:04:04.107;0;0;0;0;
04/02/2026 08:04:42.318;0;1;0;0;
04/02/2026 08:04:43.828;0;0;0;0;
04/02/2026 08:07:02.222;0;1;0;0;
04/02/2026 08:07:03.841;0;0;0;0;
04/02/2026 08:08:02.288;0;0;1;0;
04/02/2026 08:08:03.432;0;0;0;0;
04/02/2026 08:09:02.405;0;0;1;0;
04/02/2026 08:09:03.664;0;0;0;0;
04/02/2026 08:10:22.412;0;1;0;0;
04/02/2026 08:10:24.36;0;0;0;0;
04/02/2026 08:11:02.433;0;0;1;0;
04/02/2026 08:11:03.877;0;0;0;0;
04/02/2026 08:11:42.469;0;0;1;0;
04/02/2026 08:11:43.858;0;0;0;0;
04/02/2026 08:25:42.855;0;0;1;0;
04/02/2026 08:25:44.299;0;0;0;0;
04/02/2026 08:25:59.862;1;0;0;0;
04/02/2026 08:25:59.863;1;1;1;0;
04/02/2026 08:26:11.347;1;0;0;0;
04/02/2026 08:26:51.468;0;0;0;0;
04/02/2026 08:54:29.50;1;0;0;0;
04/02/2026 08:55:06.960;1;0;1;0;
04/02/2026 08:55:20.847;1;0;0;0;
04/02/2026 08:55:28.926;0;0;0;0;
04/02/2026 08:56:09.227;0;1;1;0;
04/02/2026 08:56:14.292;0;0;0;0;
04/02/2026 08:56:29.359;0;0;1;0;
04/02/2026 08:56:30.649;0;0;0;0;
04/02/2026 08:57:09.55;0;0;1;0;
04/02/2026 08:57:10.310;0;0;0;0;
04/02/2026 08:58:09.187;0;1;0;0;
04/02/2026 08:58:10.992;0;0;0;0;
04/02/2026 08:58:29.198;0;1;0;0;
04/02/2026 08:58:31.393;0;0;0;0;
04/02/2026 08:58:49.208;0;1;0;0;
04/02/2026 08:58:51.383;0;0;0;0;
04/02/2026 08:59:09.219;0;1;1;0;
04/02/2026 08:59:11.84;0;0;0;0;
04/02/2026 08:59:29.249;0;1;1;0;
04/02/2026 08:59:31.575;0;0;0;0;
04/02/2026 09:00:49.522;0;1;0;0;
04/02/2026 09:00:51.116;0;0;0;0;
04/02/2026 09:01:49.203;0;1;0;0;
04/02/2026 09:01:50.938;0;0;0;0;
04/02/2026 09:02:49.240;0;1;0;0;
04/02/2026 09:02:50.949;0;0;0;0;
04/02/2026 09:07:29.482;0;1;0;0;
04/02/2026 09:07:31.87;0;0;0;0;
04/02/2026 09:08:09.434;0;1;0;0;
04/02/2026 09:08:11.138;0;0;0;0;
04/02/2026 09:14:29.564;0;0;1;0;
04/02/2026 09:14:30.907;0;0;0;0;
04/02/2026 09:21:09.753;0;0;1;0;
04/02/2026 09:21:11.7;0;0;0;0;
04/02/2026 09:21:29.764;0;0;1;0;
04/02/2026 09:21:31.108;0;0;0;0;
04/02/2026 09:21:49.769;0;1;0;0;
04/02/2026 09:21:51.419;0;0;0;0;
04/02/2026 09:22:29.785;0;1;0;0;
04/02/2026 09:22:31.370;0;0;0;0;
04/02/2026 09:23:49.932;0;1;0;0;
04/02/2026 09:23:51.462;0;0;0;0;
04/02/2026 09:25:09.960;0;1;0;0;
04/02/2026 09:25:11.654;0;0;0;0;
04/02/2026 09:33:30.233;0;1;0;0;
04/02/2026 09:33:31.807;0;0;0;0;
04/02/2026 09:35:10.247;0;1;0;0;
04/02/2026 09:35:11.809;0;0;0;0;
04/02/2026 09:36:30.287;0;1;0;0;
04/02/2026 09:36:31.871;0;0;0;0;
04/02/2026 09:36:50.318;0;1;1;0;
04/02/2026 09:36:51.962;0;0;0;0;
04/02/2026 09:37:30.318;0;0;1;0;
04/02/2026 09:37:31.702;0;0;0;0;
04/02/2026 09:38:10.339;0;1;0;0;
04/02/2026 09:38:11.883;0;0;0;0;
04/02/2026 09:39:30.602;0;1;0;0;
04/02/2026 09:39:32.196;0;0;0;0;
04/02/2026 09:46:10.711;0;0;1;0;
04/02/2026 09:46:12.35;0;0;0;0;
04/02/2026 09:46:50.882;0;1;0;0;
04/02/2026 09:46:52.507;0;0;0;0;
04/02/2026 09:47:30.513;0;1;0;0;
04/02/2026 09:47:32.37;0;0;0;0;
04/02/2026 09:49:30.689;0;1;0;0;
04/02/2026 09:49:32.221;0;0;0;0;
04/02/2026 09:58:10.914;0;1;0;0;
04/02/2026 09:58:12.724;0;0;0;0;
04/02/2026 09:59:30.961;0;1;0;0;
04/02/2026 09:59:32.556;0;0;0;0;
04/02/2026 10:03:11.146;0;1;0;0;
04/02/2026 10:03:12.701;0;0;0;0;
04/02/2026 10:03:31.201;0;0;1;0;
04/02/2026 10:03:32.421;0;0;0;0;
04/02/2026 10:04:11.93;0;0;1;0;
04/02/2026 10:04:12.392;0;0;0;0;
04/02/2026 10:04:31.104;0;1;0;0;
04/02/2026 10:04:32.703;0;0;0;0;
04/02/2026 10:10:51.299;0;1;0;0;
04/02/2026 10:10:52.813;0;0;0;0;
04/02/2026 10:18:11.510;0;1;0;0;
04/02/2026 10:18:13.54;0;0;0;0;
04/02/2026 10:26:31.853;0;1;0;0;
04/02/2026 10:26:33.457;0;0;0;0;
04/02/2026 10:32:52.33;0;1;0;0;
04/02/2026 10:32:53.557;0;0;0;0;
04/02/2026 10:38:32.132;0;1;0;0;
04/02/2026 10:38:33.706;0;0;0;0;
04/02/2026 10:41:12.108;0;1;0;0;
04/02/2026 10:41:13.640;0;0;0;0;
04/02/2026 10:41:52.267;0;1;0;0;
04/02/2026 10:41:53.772;0;0;0;0;
04/02/2026 10:42:32.188;0;1;0;0;
04/02/2026 10:42:33.853;0;0;0;0;
04/02/2026 10:45:32.183;0;1;0;0;
04/02/2026 10:45:33.677;0;0;0;0;
04/02/2026 10:48:32.621;0;0;1;0;
04/02/2026 10:48:33.882;0;0;0;0;
04/02/2026 10:48:52.363;0;0;1;0;
04/02/2026 10:48:53.723;0;0;0;0;
04/02/2026 11:11:53.19;0;0;1;0;
04/02/2026 11:11:54.160;0;0;0;0;
04/02/2026 11:12:13.948;0;1;0;0;
04/02/2026 11:12:15.632;0;0;0;0;
04/02/2026 11:15:33.402;0;1;0;0;
04/02/2026 11:15:34.916;0;0;0;0;
04/02/2026 11:17:53.236;0;0;1;0;
04/02/2026 11:17:54.500;0;0;0;0;
04/02/2026 11:18:33.490;0;0;1;0;
04/02/2026 11:18:34.901;0;0;0;0;
04/02/2026 11:19:13.228;0;0;1;0;
04/02/2026 11:19:14.582;0;0;0;0;
04/02/2026 11:24:33.387;0;1;0;0;
04/02/2026 11:24:34.971;0;0;0;0;
04/02/2026 11:25:53.424;0;1;0;0;
04/02/2026 11:25:54.963;0;0;0;0;
04/02/2026 11:41:34.147;0;1;0;0;
04/02/2026 11:41:35.740;0;0;0;0;
04/02/2026 11:45:13.981;0;1;0;0;
04/02/2026 11:45:15.516;0;0;0;0;
04/02/2026 11:50:34.131;0;1;0;0;
04/02/2026 11:50:35.845;0;0;0;0;
04/02/2026 11:51:14.152;0;1;0;0;
04/02/2026 11:51:15.826;0;0;0;0;
04/02/2026 12:07:54.620;0;1;0;0;
04/02/2026 12:07:56.104;0;0;0;0;
04/02/2026 12:20:32.999;1;0;0;0;
04/02/2026 12:20:33.0;1;1;1;0;
04/02/2026 12:20:36.386;1;0;0;0;
04/02/2026 12:20:40.972;1;1;1;0;
04/02/2026 12:20:42.112;1;0;0;0;
04/02/2026 12:20:51.41;1;1;1;0;
04/02/2026 12:20:52.463;1;0;0;0;
04/02/2026 12:21:01.202;1;1;1;0;
04/02/2026 12:21:02.353;1;0;0;0;
04/02/2026 12:21:11.172;1;1;1;0;
04/02/2026 12:21:12.343;1;0;0;0;
04/02/2026 12:21:19.300;0;0;0;0;
04/02/2026 12:22:03.74;0;1;1;0;
04/02/2026 12:22:08.251;0;0;0;0;
04/02/2026 12:22:22.970;0;1;1;0;
04/02/2026 12:22:24.587;0;0;0;0;
04/02/2026 12:22:42.974;0;1;1;0;
04/02/2026 12:22:45.249;0;0;0;0;
04/02/2026 12:23:02.985;0;1;1;0;
04/02/2026 12:23:04.599;0;0;0;0;
04/02/2026 12:23:23.5;0;0;1;0;
04/02/2026 12:23:24.349;0;0;0;0;
04/02/2026 12:23:43.65;0;0;1;0;
04/02/2026 12:23:44.289;0;0;0;0;
04/02/2026 12:27:43.222;0;1;0;0;
04/02/2026 12:27:44.677;0;0;0;0;
04/02/2026 12:28:43.174;0;0;1;0;
04/02/2026 12:28:44.528;0;0;0;0;
04/02/2026 12:38:43.536;0;1;0;0;
04/02/2026 12:38:45.246;0;0;0;0;
04/02/2026 12:40:03.479;0;1;0;0;
04/02/2026 12:40:05.8;0;0;0;0;
04/02/2026 12:51:23.804;0;1;0;0;
04/02/2026 12:51:25.388;0;0;0;0;
04/02/2026 12:52:43.836;0;1;0;0;
04/02/2026 12:52:45.360;0;0;0;0;
04/02/2026 12:59:44.128;0;0;1;0;
04/02/2026 12:59:45.482;0;0;0;0;
04/02/2026 13:09:04.474;0;1;0;0;
04/02/2026 13:09:06.59;0;0;0;0;
04/02/2026 13:13:04.516;0;1;0;0;
04/02/2026 13:13:06.135;0;0;0;0;
04/02/2026 13:39:45.367;0;1;0;0;
04/02/2026 13:39:46.982;0;0;0;0;
04/02/2026 13:43:05.558;0;1;0;0;
04/02/2026 13:43:07.137;0;0;0;0;
04/02/2026 13:44:05.304;0;0;1;0;
04/02/2026 13:44:06.539;0;0;0;0;
04/02/2026 13:44:45.392;0;0;1;0;
04/02/2026 13:44:46.740;0;0;0;0;
04/02/2026 13:46:25.468;0;1;0;0;
04/02/2026 13:46:27.3;0;0;0;0;
04/02/2026 13:47:25.500;0;1;1;0;
04/02/2026 13:47:27.225;0;0;0;0;
04/02/2026 14:20:06.626;0;0;1;0;
04/02/2026 14:20:07.760;0;0;0;0;
04/02/2026 14:20:26.336;0;0;1;0;
04/02/2026 14:20:27.620;0;0;0;0;
04/02/2026 14:29:46.701;0;1;0;0;
04/02/2026 14:29:48.205;0;0;0;0;
04/02/2026 14:30:06.711;0;0;1;0;
04/02/2026 14:30:08.66;0;0;0;0;
04/02/2026 14:32:06.938;0;1;0;0;
04/02/2026 14:32:08.469;0;0;0;0;
04/02/2026 14:33:06.686;0;1;0;0;
04/02/2026 14:33:08.130;0;0;0;0;
04/02/2026 14:34:06.818;0;1;0;0;
04/02/2026 14:34:08.462;0;0;0;0;
04/02/2026 14:38:06.997;0;1;0;0;
04/02/2026 14:38:08.518;0;0;0;0;
04/02/2026 14:38:46.875;0;0;1;0;
04/02/2026 14:38:48.109;0;0;0;0;
04/02/2026 14:39:06.865;0;0;1;0;
04/02/2026 14:39:08.210;0;0;0;0;
04/02/2026 14:39:26.866;0;1;0;0;
04/02/2026 14:39:28.450;0;0;0;0;
04/02/2026 14:42:47.72;0;1;0;0;
04/02/2026 14:42:48.886;0;0;0;0;
04/02/2026 14:43:07.92;0;1;0;0;
04/02/2026 14:43:08.576;0;0;0;0;
04/02/2026 14:43:27.103;0;0;1;0;
04/02/2026 14:43:28.516;0;0;0;0;
04/02/2026 14:43:47.103;0;1;0;0;
04/02/2026 14:43:48.767;0;0;0;0;
04/02/2026 14:44:09.69;0;0;1;0;
04/02/2026 14:44:10.439;0;0;0;0;
04/02/2026 14:45:27.65;0;1;0;0;
04/02/2026 14:45:28.529;0;0;0;0;
04/02/2026 14:47:47.369;0;1;0;0;
04/02/2026 14:47:48.973;0;0;0;0;
04/02/2026 14:48:07.359;0;0;1;0;
04/02/2026 14:48:08.623;0;0;0;0;
04/02/2026 14:49:27.262;0;1;0;0;
04/02/2026 14:49:28.916;0;0;0;0;
04/02/2026 14:51:27.438;0;1;0;0;
04/02/2026 14:51:28.979;0;0;0;0;
04/02/2026 14:52:47.247;0;0;1;0;
04/02/2026 14:52:48.650;0;0;0;0;
04/02/2026 14:53:27.362;0;1;1;0;
04/02/2026 14:53:29.532;0;0;0;0;
04/02/2026 14:53:47.378;0;1;1;0;
04/02/2026 14:53:49.393;0;0;0;0;
04/02/2026 14:54:27.434;0;1;1;0;
04/02/2026 14:54:29.33;0;0;0;0;
04/02/2026 14:54:47.539;0;1;0;0;
04/02/2026 14:54:49.54;0;0;0;0;
04/02/2026 14:55:27.440;0;1;0;0;
04/02/2026 14:55:28.915;0;0;0;0;
04/02/2026 14:56:47.482;0;1;0;0;
04/02/2026 14:56:49.537;0;0;0;0;
04/02/2026 14:57:27.393;0;1;0;0;
04/02/2026 14:57:29.38;0;0;0;0;
04/02/2026 15:00:47.578;0;1;0;0;
04/02/2026 15:00:48.992;0;0;0;0;
04/02/2026 15:03:07.652;0;0;1;0;
04/02/2026 15:03:08.886;0;0;0;0;
04/02/2026 15:03:47.673;0;0;1;0;
04/02/2026 15:03:48.987;0;0;0;0;
04/02/2026 15:04:07.583;0;1;0;0;
04/02/2026 15:04:09.107;0;0;0;0;
04/02/2026 15:05:27.817;0;0;1;0;
04/02/2026 15:05:29.49;0;0;0;0;
04/02/2026 15:06:07.631;0;0;1;0;
04/02/2026 15:06:08.950;0;0;0;0;
04/02/2026 15:06:27.767;0;0;1;0;
04/02/2026 15:06:29.271;0;0;0;0;
04/02/2026 15:06:47.757;0;0;1;0;
04/02/2026 15:06:49.161;0;0;0;0;
04/02/2026 15:07:07.763;0;0;1;0;
04/02/2026 15:07:08.992;0;0;0;0;
04/02/2026 15:07:27.778;0;0;1;0;
04/02/2026 15:07:29.313;0;0;0;0;
04/02/2026 15:07:47.784;0;0;1;0;
04/02/2026 15:07:49.173;0;0;0;0;
04/02/2026 15:08:07.799;0;0;1;0;
04/02/2026 15:08:09.33;0;0;0;0;
04/02/2026 15:08:27.810;0;1;1;0;
04/02/2026 15:08:29.384;0;0;0;0;
04/02/2026 15:09:48.152;0;0;1;0;
04/02/2026 15:09:49.506;0;0;0;0;
04/02/2026 15:11:07.804;0;0;1;0;
04/02/2026 15:11:09.238;0;0;0;0;
04/02/2026 15:11:27.748;0;0;1;0;
04/02/2026 15:11:29.118;0;0;0;0;
04/02/2026 15:12:07.815;0;0;1;0;
04/02/2026 15:12:09.9;0;0;0;0;
04/02/2026 15:12:29.916;0;0;1;0;
04/02/2026 15:12:31.242;0;0;0;0;
04/02/2026 15:12:48.10;0;0;1;0;
04/02/2026 15:12:49.481;0;0;0;0;
04/02/2026 15:13:28.341;0;0;1;0;
04/02/2026 15:13:29.702;0;0;0;0;
04/02/2026 15:15:33.916;1;0;0;0;
04/02/2026 15:15:33.916;1;1;1;0;
04/02/2026 15:15:45.791;1;0;0;0;
04/02/2026 15:16:25.752;0;0;0;0;
04/02/2026 15:34:31.693;1;0;0;0;
04/02/2026 15:35:10.804;1;0;1;0;
04/02/2026 15:35:24.291;1;0;0;0;
04/02/2026 15:35:31.188;0;0;0;0;
04/02/2026 15:36:11.678;0;1;1;0;
04/02/2026 15:36:17.255;0;0;0;0;
04/02/2026 15:36:31.687;0;0;1;0;
04/02/2026 15:36:33.1;0;0;0;0;
04/02/2026 15:37:51.719;0;1;0;0;
04/02/2026 15:37:53.694;0;0;0;0;
04/02/2026 15:38:11.720;0;1;0;0;
04/02/2026 15:38:13.725;0;0;0;0;
04/02/2026 15:38:31.831;0;1;0;0;
04/02/2026 15:38:33.475;0;0;0;0;
04/02/2026 15:39:11.891;0;1;0;0;
04/02/2026 15:39:13.336;0;0;0;0;
04/02/2026 15:42:51.890;0;1;0;0;
04/02/2026 15:42:53.422;0;0;0;0;
04/02/2026 15:43:32.73;0;1;0;0;
04/02/2026 15:43:33.543;0;0;0;0;
04/02/2026 15:43:52.172;0;1;0;0;
04/02/2026 15:43:53.843;0;0;0;0;
04/02/2026 15:44:31.910;0;1;0;0;
04/02/2026 15:44:33.434;0;0;0;0;
04/02/2026 15:45:12.21;0;0;1;0;
04/02/2026 15:45:13.335;0;0;0;0;
04/02/2026 15:45:32.31;0;1;0;0;
04/02/2026 15:45:33.716;0;0;0;0;
04/02/2026 15:52:32.227;0;0;1;0;
04/02/2026 15:52:33.466;0;0;0;0;
04/02/2026 15:55:12.326;0;1;0;0;
04/02/2026 15:55:13.821;0;0;0;0;
04/02/2026 15:58:32.402;0;1;0;0;
04/02/2026 15:58:33.926;0;0;0;0;
04/02/2026 15:59:12.446;0;1;0;0;
04/02/2026 15:59:13.927;0;0;0;0;
04/02/2026 16:00:52.475;0;1;0;0;
04/02/2026 16:00:54.170;0;0;0;0;
04/02/2026 16:04:52.582;0;0;1;0;
04/02/2026 16:04:53.835;0;0;0;0;
04/02/2026 16:05:12.592;0;0;1;0;
04/02/2026 16:05:13.986;0;0;0;0;
04/02/2026 16:09:52.629;0;1;0;0;
04/02/2026 16:09:54.273;0;0;0;0;
04/02/2026 16:10:52.851;0;1;0;0;
04/02/2026 16:10:54.435;0;0;0;0;
04/02/2026 16:13:12.814;0;0;1;0;
04/02/2026 16:13:14.58;0;0;0;0;
04/02/2026 16:13:52.835;0;1;0;0;
04/02/2026 16:13:54.430;0;0;0;0;
04/02/2026 16:14:33.80;0;1;0;0;
04/02/2026 16:14:34.701;0;0;0;0;
04/02/2026 16:15:32.787;0;0;1;0;
04/02/2026 16:15:34.132;0;0;0;0;
04/02/2026 16:15:52.848;0;1;0;0;
04/02/2026 16:15:54.312;0;0;0;0;
04/02/2026 16:16:52.809;0;0;1;0;
04/02/2026 16:16:54.244;0;0;0;0;
04/02/2026 16:17:12.811;0;1;1;0;
04/02/2026 16:17:14.424;0;0;0;0;
04/02/2026 16:17:52.951;0;1;0;0;
04/02/2026 16:17:54.566;0;0;0;0;
04/02/2026 16:23:12.989;0;0;1;0;
04/02/2026 16:23:14.183;0;0;0;0;
04/02/2026 16:23:52.990;0;1;0;0;
04/02/2026 16:23:54.434;0;0;0;0;
04/02/2026 16:29:13.158;0;1;0;0;
04/02/2026 16:29:14.712;0;0;0;0;
04/02/2026 16:33:33.375;0;1;0;0;
04/02/2026 16:33:34.999;0;0;0;0;
04/02/2026 16:34:53.317;0;1;0;0;
04/02/2026 16:34:54.871;0;0;0;0;
04/02/2026 16:36:13.364;0;1;1;0;
04/02/2026 16:36:15.103;0;0;0;0;
04/02/2026 16:36:33.359;0;0;1;0;
04/02/2026 16:36:34.703;0;0;0;0;
04/02/2026 16:42:53.549;0;1;0;0;
04/02/2026 16:42:55.163;0;0;0;0;
04/02/2026 16:48:33.788;0;1;0;0;
04/02/2026 16:48:35.312;0;0;0;0;
04/02/2026 16:50:53.836;0;1;0;0;
04/02/2026 16:50:55.365;0;0;0;0;
04/02/2026 16:51:33.862;0;0;1;0;
04/02/2026 16:51:35.36;0;0;0;0;
04/02/2026 16:51:55.944;0;0;1;0;
04/02/2026 16:51:57.189;0;0;0;0;
04/02/2026 16:53:53.935;0;1;0;0;
04/02/2026 16:53:55.540;0;0;0;0;
04/02/2026 17:02:14.63;0;1;0;0;
04/02/2026 17:02:15.593;0;0;0;0;
04/02/2026 17:06:14.269;0;1;0;0;
04/02/2026 17:06:15.799;0;0;0;0;
04/02/2026 17:12:34.445;0;1;0;0;
04/02/2026 17:12:36.39;0;0;0;0;
04/02/2026 17:13:54.498;0;1;0;0;
04/02/2026 17:13:56.121;0;0;0;0;
04/02/2026 17:28:14.789;0;1;0;0;
04/02/2026 17:28:16.314;0;0;0;0;
04/02/2026 17:33:14.932;0;1;0;0;
04/02/2026 17:33:16.432;0;0;0;0;
04/02/2026 17:40:15.134;0;1;0;0;
04/02/2026 17:40:16.693;0;0;0;0;
04/02/2026 17:45:55.288;0;1;0;0;
04/02/2026 17:45:56.812;0;0;0;0;
04/02/2026 17:53:35.636;0;1;0;0;
04/02/2026 17:53:37.195;0;0;0;0;
04/02/2026 18:02:36.36;0;0;1;0;
04/02/2026 18:02:37.280;0;0;0;0;
04/02/2026 18:03:35.797;0;0;1;0;
04/02/2026 18:03:37.91;0;0;0;0;
04/02/2026 18:04:15.819;0;0;1;0;
04/02/2026 18:04:17.42;0;0;0;0;
04/02/2026 18:07:36.57;0;1;0;0;
04/02/2026 18:07:37.568;0;0;0;0;
04/02/2026 18:22:36.359;0;1;0;0;
04/02/2026 18:22:37.913;0;0;0;0;
04/02/2026 18:32:56.731;0;1;0;0;
04/02/2026 18:32:58.261;0;0;0;0;
04/02/2026 18:41:16.971;0;1;0;0;
04/02/2026 18:41:18.585;0;0;0;0;
04/02/2026 18:50:17.276;0;1;0;0;
04/02/2026 18:50:18.850;0;0;0;0;
04/02/2026 18:54:00.435;1;0;0;0;
04/02/2026 18:54:00.436;1;1;1;0;
04/02/2026 18:54:03.952;1;0;0;0;
04/02/2026 18:54:08.334;1;1;1;0;
04/02/2026 18:54:09.488;1;0;0;0;
04/02/2026 18:54:18.533;1;1;1;0;
04/02/2026 18:54:19.958;1;0;0;0;
04/02/2026 18:54:28.429;1;1;1;0;
04/02/2026 18:54:29.578;1;0;0;0;
04/02/2026 18:54:38.429;1;1;1;0;
04/02/2026 18:54:39.579;1;0;0;0;
04/02/2026 18:54:46.325;0;0;0;0;
04/02/2026 18:55:30.409;0;1;1;0;
04/02/2026 18:55:35.116;0;0;0;0;
04/02/2026 18:55:50.428;0;1;1;0;
04/02/2026 18:55:51.983;0;0;0;0;
04/02/2026 18:56:10.419;0;1;1;0;
04/02/2026 18:56:12.764;0;0;0;0;
04/02/2026 18:57:30.843;0;1;0;0;
04/02/2026 18:57:32.326;0;0;0;0;
04/02/2026 18:58:50.599;0;0;1;0;
04/02/2026 18:58:51.928;0;0;0;0;
04/02/2026 19:06:50.838;0;1;0;0;
04/02/2026 19:06:52.302;0;0;0;0;
04/02/2026 19:08:10.940;0;0;1;0;
04/02/2026 19:08:12.74;0;0;0;0;
04/02/2026 19:08:51.4;0;0;1;0;
04/02/2026 19:08:52.295;0;0;0;0;
04/02/2026 19:10:10.918;0;1;0;0;
04/02/2026 19:10:12.548;0;0;0;0;
04/02/2026 19:10:30.929;0;0;1;0;
04/02/2026 19:10:32.378;0;0;0;0;
04/02/2026 19:16:11.94;0;1;0;0;
04/02/2026 19:16:12.728;0;0;0;0;
04/02/2026 19:16:31.104;0;0;1;0;
04/02/2026 19:16:32.468;0;0;0;0;
04/02/2026 19:18:11.77;0;1;0;0;
04/02/2026 19:18:12.692;0;0;0;0;
04/02/2026 19:21:31.243;0;1;0;0;
04/02/2026 19:21:32.817;0;0;0;0;
04/02/2026 19:24:51.259;0;1;0;0;
04/02/2026 19:24:52.873;0;0;0;0;
04/02/2026 19:36:51.677;0;1;0;0;
04/02/2026 19:36:53.294;0;0;0;0;
04/02/2026 19:38:11.702;0;1;0;0;
04/02/2026 19:38:13.306;0;0;0;0;
04/02/2026 20:01:52.403;0;1;0;0;
04/02/2026 20:01:54.37;0;0;0;0;
04/02/2026 20:02:12.404;0;0;1;0;
04/02/2026 20:02:13.557;0;0;0;0;
04/02/2026 20:02:32.464;0;0;1;0;
04/02/2026 20:02:33.768;0;0;0;0;
04/02/2026 20:02:54.616;0;1;0;0;
04/02/2026 20:02:56.181;0;0;0;0;
04/02/2026 20:06:32.520;0;0;1;0;
04/02/2026 20:06:33.955;0;0;0;0;
04/02/2026 20:06:52.531;0;0;1;0;
04/02/2026 20:06:53.905;0;0;0;0;
04/02/2026 20:10:32.547;0;0;1;0;
04/02/2026 20:10:33.681;0;0;0;0;
04/02/2026 20:12:32.696;0;1;0;0;
04/02/2026 20:12:34.165;0;0;0;0;
04/02/2026 20:16:32.755;0;1;0;0;
04/02/2026 20:16:34.252;0;0;0;0;
04/02/2026 20:22:53.152;0;1;0;0;
04/02/2026 20:22:54.673;0;0;0;0;
04/02/2026 20:29:53.90;0;1;0;0;
04/02/2026 20:29:54.704;0;0;0;0;
04/02/2026 20:30:13.201;0;0;1;0;
04/02/2026 20:30:14.465;0;0;0;0;
04/02/2026 20:35:33.259;0;1;0;0;
04/02/2026 20:35:34.914;0;0;0;0;
04/02/2026 20:38:33.439;0;1;0;0;
04/02/2026 20:38:34.939;0;0;0;0;
04/02/2026 20:39:33.560;0;1;0;0;
04/02/2026 20:39:35.71;0;0;0;0;
04/02/2026 20:43:33.833;0;1;0;0;
04/02/2026 20:43:35.287;0;0;0;0;
04/02/2026 20:47:13.619;0;1;0;0;
04/02/2026 20:47:15.173;0;0;0;0;
04/02/2026 20:50:13.784;0;1;0;0;
04/02/2026 20:50:15.388;0;0;0;0;
04/02/2026 20:50:53.805;0;0;1;0;
04/02/2026 20:50:54.979;0;0;0;0;
04/02/2026 20:51:13.846;0;0;1;0;
04/02/2026 20:51:15.140;0;0;0;0;
04/02/2026 20:52:14.206;0;1;0;0;
04/02/2026 20:52:16.152;0;0;0;0;
04/02/2026 20:52:33.752;0;0;1;0;
04/02/2026 20:52:35.222;0;0;0;0;
04/02/2026 20:52:53.768;0;1;1;0;
04/02/2026 20:52:55.353;0;0;0;0;
04/02/2026 20:54:33.901;0;1;0;0;
04/02/2026 20:54:35.525;0;0;0;0;
04/02/2026 20:55:53.938;0;1;0;0;
04/02/2026 20:55:55.527;0;0;0;0;
04/02/2026 21:00:13.970;0;0;1;0;
04/02/2026 21:00:15.194;0;0;0;0;
04/02/2026 21:00:34.81;0;0;1;0;
04/02/2026 21:00:35.435;0;0;0;0;
04/02/2026 21:02:54.149;0;1;0;0;
04/02/2026 21:02:55.769;0;0;0;0;
04/02/2026 21:04:14.281;0;1;0;0;
04/02/2026 21:04:15.861;0;0;0;0;
04/02/2026 21:04:54.117;0;1;0;0;
04/02/2026 21:04:56.12;0;0;0;0;
04/02/2026 21:09:34.340;0;0;1;0;
04/02/2026 21:09:35.659;0;0;0;0;
04/02/2026 21:16:54.581;0;1;0;0;
04/02/2026 21:16:56.681;0;0;0;0;
04/02/2026 21:17:35.518;0;1;0;0;
04/02/2026 21:17:37.253;0;0;0;0;
04/02/2026 21:19:14.519;0;1;0;0;
04/02/2026 21:19:15.984;0;0;0;0;
04/02/2026 21:19:54.631;0;1;0;0;
04/02/2026 21:19:56.165;0;0;0;0;
04/02/2026 21:20:14.921;0;0;1;0;
04/02/2026 21:20:16.145;0;0;0;0;
04/02/2026 21:20:34.792;0;1;0;0;
04/02/2026 21:20:36.456;0;0;0;0;
04/02/2026 21:23:54.840;0;1;0;0;
04/02/2026 21:23:56.401;0;0;0;0;
04/02/2026 21:24:34.678;0;1;0;0;
04/02/2026 21:24:36.472;0;0;0;0;
04/02/2026 21:25:14.728;0;1;0;0;
04/02/2026 21:25:16.433;0;0;0;0;
04/02/2026 21:26:54.832;0;1;0;0;
04/02/2026 21:26:56.265;0;0;0;0;
04/02/2026 21:27:55.98;0;1;1;0;
04/02/2026 21:27:56.817;0;0;0;0;
04/02/2026 21:28:34.879;0;1;0;0;
04/02/2026 21:28:36.488;0;0;0;0;
04/02/2026 21:29:34.915;0;1;0;0;
04/02/2026 21:29:36.570;0;0;0;0;
04/02/2026 21:29:54.936;0;1;0;0;
04/02/2026 21:29:56.370;0;0;0;0;
04/02/2026 21:30:15.38;0;0;1;0;
04/02/2026 21:30:16.280;0;0;0;0;
04/02/2026 21:32:14.889;0;1;0;0;
04/02/2026 21:32:16.503;0;0;0;0;
04/02/2026 21:33:35.11;0;1;0;0;
04/02/2026 21:33:36.606;0;0;0;0;
04/02/2026 21:48:15.418;0;0;1;0;
04/02/2026 21:48:16.657;0;0;0;0;
04/02/2026 21:48:25.433;1;0;0;0;
04/02/2026 21:48:25.434;1;1;1;0;
04/02/2026 21:48:37.168;1;0;0;0;
04/02/2026 21:49:17.9;0;0;0;0;
04/02/2026 22:34:58.973;1;0;0;0;
04/02/2026 22:35:36.878;1;0;1;0;
04/02/2026 22:35:50.265;1;0;0;0;
04/02/2026 22:35:52.407;0;0;0;0;
04/02/2026 22:36:29.123;0;1;0;0;
04/02/2026 22:36:34.250;0;0;0;0;
04/02/2026 22:36:49.212;0;0;1;0;
04/02/2026 22:36:50.637;0;0;0;0;
04/02/2026 22:38:09.90;0;1;0;0;
04/02/2026 22:38:10.889;0;0;0;0;
04/02/2026 22:38:29.110;0;1;1;0;
04/02/2026 22:38:30.890;0;0;0;0;
04/02/2026 22:38:49.121;0;1;0;0;
04/02/2026 22:38:50.891;0;0;0;0;
04/02/2026 22:39:09.27;0;1;0;0;
04/02/2026 22:39:10.791;0;0;0;0;
04/02/2026 22:39:29.37;0;1;0;0;
04/02/2026 22:39:30.912;0;0;0;0;
04/02/2026 22:39:49.48;0;1;1;0;
04/02/2026 22:39:50.662;0;0;0;0;
04/02/2026 22:40:09.113;0;1;0;0;
04/02/2026 22:40:10.672;0;0;0;0;
04/02/2026 22:41:09.376;0;1;0;0;
04/02/2026 22:41:10.904;0;0;0;0;
04/02/2026 22:42:49.227;0;0;1;0;
04/02/2026 22:42:50.496;0;0;0;0;
04/02/2026 22:45:29.407;0;1;0;0;
04/02/2026 22:45:30.901;0;0;0;0;
04/02/2026 22:46:49.279;1;0;0;0;
04/02/2026 22:46:59.592;0;0;0;0;
04/02/2026 22:47:09.249;0;0;1;0;
04/02/2026 22:47:10.593;0;0;0;0;
04/02/2026 22:48:49.392;1;0;0;0;
04/02/2026 22:48:58.864;0;0;0;0;
04/02/2026 22:52:29.408;0;1;0;0;
04/02/2026 22:52:31.22;0;0;0;0;
04/02/2026 22:53:29.549;0;1;0;0;
04/02/2026 22:53:31.134;0;0;0;0;
04/02/2026 22:54:49.566;0;1;1;0;
04/02/2026 22:54:51.376;0;0;0;0;
04/02/2026 22:55:09.577;0;1;1;0;
04/02/2026 22:55:11.687;0;0;0;0;
04/02/2026 22:55:29.592;0;0;1;0;
04/02/2026 22:55:30.746;0;0;0;0;
04/02/2026 22:56:09.614;0;1;0;0;
04/02/2026 22:56:11.508;0;0;0;0;
04/02/2026 22:56:29.644;0;1;0;0;
04/02/2026 22:56:31.299;0;0;0;0;
04/02/2026 22:57:29.720;0;1;0;0;
04/02/2026 22:57:31.210;0;0;0;0;
04/02/2026 22:58:49.593;0;1;0;0;
04/02/2026 22:58:51.92;0;0;0;0;
04/02/2026 22:59:29.609;1;0;0;0;
04/02/2026 22:59:38.861;0;0;0;0;
04/02/2026 23:01:09.761;0;1;0;0;
04/02/2026 23:01:09.762;1;1;0;0;
04/02/2026 23:01:11.366;1;0;0;0;
04/02/2026 23:01:19.84;0;0;0;0;
04/02/2026 23:01:29.932;0;0;1;0;
04/02/2026 23:01:29.933;1;0;1;0;
04/02/2026 23:01:31.286;1;0;0;0;
04/02/2026 23:01:39.224;0;0;0;0;
04/02/2026 23:01:49.943;1;0;0;0;
04/02/2026 23:01:59.205;0;0;0;0;
04/02/2026 23:05:50.55;0;1;0;0;
04/02/2026 23:05:51.763;0;0;0;0;
04/02/2026 23:07:09.921;0;1;0;0;
04/02/2026 23:07:11.445;0;0;0;0;
04/02/2026 23:07:49.942;0;1;0;0;
04/02/2026 23:07:51.536;0;0;0;0;
04/02/2026 23:08:09.952;0;1;0;0;
04/02/2026 23:08:11.827;0;0;0;0;
04/02/2026 23:08:29.958;0;0;1;0;
04/02/2026 23:08:31.197;0;0;0;0;
04/02/2026 23:08:49.968;1;0;0;0;
04/02/2026 23:08:49.969;1;1;1;0;
04/02/2026 23:08:52.88;1;0;0;0;
04/02/2026 23:08:59.175;0;0;0;0;
04/02/2026 23:09:30.144;0;1;0;0;
04/02/2026 23:09:31.709;0;0;0;0;
04/02/2026 23:10:50.36;0;1;0;0;
04/02/2026 23:10:51.560;0;0;0;0;
04/02/2026 23:11:30.57;0;1;0;0;
04/02/2026 23:11:31.582;0;0;0;0;
04/02/2026 23:24:30.312;0;1;0;0;
04/02/2026 23:24:31.781;0;0;0;0;
04/02/2026 23:26:10.349;0;0;1;0;
04/02/2026 23:26:11.483;0;0;0;0;
04/02/2026 23:26:30.374;0;1;1;0;
04/02/2026 23:26:31.934;0;0;0;0;
04/02/2026 23:33:10.593;0;1;0;0;
04/02/2026 23:33:12.94;0;0;0;0;
04/02/2026 23:34:30.672;0;1;0;0;
04/02/2026 23:34:32.186;0;0;0;0;
04/02/2026 23:35:50.714;0;1;0;0;
04/02/2026 23:35:52.398;0;0;0;0;
04/02/2026 23:39:50.893;0;1;0;0;
04/02/2026 23:39:52.394;0;0;0;0;
04/02/2026 23:50:31.31;0;1;0;0;
04/02/2026 23:50:32.651;0;0;0;0;
04/02/2026 23:50:51.142;0;0;1;0;
04/02/2026 23:50:52.271;0;0;0;0;
04/02/2026 23:51:11.67;0;0;1;0;
04/02/2026 23:51:12.321;0;0;0;0;
04/02/2026 23:55:11.264;0;1;0;0;
04/02/2026 23:55:12.838;0;0;0;0;
05/02/2026 00:02:51.496;0;1;0;0;
05/02/2026 00:02:53.250;0;0;0;0;
05/02/2026 00:04:51.606;1;0;0;0;
05/02/2026 00:04:51.607;1;1;0;0;
05/02/2026 00:04:53.203;1;0;0;0;
05/02/2026 00:05:00.931;0;0;0;0;
05/02/2026 00:13:11.782;0;1;0;0;
05/02/2026 00:13:13.267;0;0;0;0;
05/02/2026 00:17:51.815;0;1;0;0;
05/02/2026 00:17:53.344;0;0;0;0;
05/02/2026 00:22:32.30;0;0;1;0;
05/02/2026 00:22:33.282;0;0;0;0;
05/02/2026 00:22:52.151;0;0;1;0;
05/02/2026 00:22:53.492;0;0;0;0;
05/02/2026 00:24:32.111;0;1;0;0;
05/02/2026 00:24:33.755;0;0;0;0;
05/02/2026 00:25:32.152;0;1;0;0;
05/02/2026 00:25:33.787;0;0;0;0;
05/02/2026 00:25:52.284;0;1;0;0;
05/02/2026 00:25:53.918;0;0;0;0;
05/02/2026 00:26:32.174;1;0;0;0;
05/02/2026 00:26:41.647;0;0;0;0;
05/02/2026 00:32:12.684;0;1;0;0;
05/02/2026 00:32:14.168;0;0;0;0;
05/02/2026 00:42:32.631;0;1;0;0;
05/02/2026 00:42:34.255;0;0;0;0;
05/02/2026 00:45:12.710;0;1;0;0;
05/02/2026 00:45:14.319;0;0;0;0;
05/02/2026 00:47:32.679;0;0;1;0;
05/02/2026 00:47:33.943;0;0;0;0;
05/02/2026 00:51:32.906;0;1;0;0;
05/02/2026 00:51:34.560;0;0;0;0;
05/02/2026 00:52:18.98;1;0;0;0;
05/02/2026 00:52:18.98;1;1;1;0;
05/02/2026 00:52:23.290;1;0;0;0;
05/02/2026 00:52:26.1;1;1;1;0;
05/02/2026 00:52:27.144;1;0;0;0;
05/02/2026 00:52:36.100;1;1;1;0;
05/02/2026 00:52:37.535;1;0;0;0;
05/02/2026 00:52:45.795;1;1;1;0;
05/02/2026 00:52:46.934;1;0;0;0;
05/02/2026 00:52:55.800;1;1;1;0;
05/02/2026 00:52:56.935;1;0;0;0;
05/02/2026 00:53:05.800;1;1;1;0;
05/02/2026 00:53:06.935;1;0;0;0;
05/02/2026 00:53:21.250;0;0;0;0;
05/02/2026 00:53:58.6;0;1;1;0;
05/02/2026 00:54:01.271;0;0;0;0;
05/02/2026 00:54:18.25;0;0;1;0;
05/02/2026 00:54:19.419;0;0;0;0;
05/02/2026 00:54:38.36;0;1;1;0;
05/02/2026 00:54:39.550;0;0;0;0;
05/02/2026 00:55:57.968;0;1;1;0;
05/02/2026 00:55:59.432;0;0;0;0;
05/02/2026 00:58:18.367;0;1;0;0;
05/02/2026 00:58:19.967;0;0;0;0;
05/02/2026 00:59:18.154;0;1;0;0;
05/02/2026 00:59:19.698;0;0;0;0;
05/02/2026 01:00:18.195;0;1;0;0;
05/02/2026 01:00:19.800;0;0;0;0;
05/02/2026 01:01:18.118;0;1;0;0;
05/02/2026 01:01:19.681;0;0;0;0;
05/02/2026 01:03:18.250;0;1;0;0;
05/02/2026 01:03:19.845;0;0;0;0;
05/02/2026 01:04:58.303;0;1;0;0;
05/02/2026 01:04:59.848;0;0;0;0;
05/02/2026 01:06:18.376;0;1;1;0;
05/02/2026 01:06:19.960;0;0;0;0;
05/02/2026 01:08:58.310;0;1;0;0;
05/02/2026 01:08:59.844;0;0;0;0;
05/02/2026 01:09:58.742;0;0;1;0;
05/02/2026 01:10:00.16;0;0;0;0;
05/02/2026 01:10:18.452;0;1;0;0;
05/02/2026 01:10:20.207;0;0;0;0;
05/02/2026 01:10:58.473;0;0;1;0;
05/02/2026 01:10:59.898;0;0;0;0;
05/02/2026 01:11:38.494;0;1;0;0;
05/02/2026 01:11:40.19;0;0;0;0;
05/02/2026 01:12:18.599;0;0;1;0;
05/02/2026 01:12:19.910;0;0;0;0;
05/02/2026 01:19:38.629;0;1;0;0;
05/02/2026 01:19:40.272;0;0;0;0;
05/02/2026 01:20:38.650;0;1;0;0;
05/02/2026 01:20:40.294;0;0;0;0;
05/02/2026 01:23:38.858;0;1;0;0;
05/02/2026 01:23:40.469;0;0;0;0;
05/02/2026 01:25:18.788;0;1;0;0;
05/02/2026 01:25:20.312;0;0;0;0;
05/02/2026 01:26:59.121;0;0;1;0;
05/02/2026 01:27:00.265;0;0;0;0;
05/02/2026 01:27:18.942;0;0;1;0;
05/02/2026 01:27:20.195;0;0;0;0;
05/02/2026 01:32:18.999;0;1;0;0;
05/02/2026 01:32:20.584;0;0;0;0;
05/02/2026 01:33:19.111;0;0;1;0;
05/02/2026 01:33:20.526;0;0;0;0;
05/02/2026 01:33:59.132;0;1;0;0;
05/02/2026 01:34:00.677;0;0;0;0;
05/02/2026 01:34:19.154;0;0;1;0;
05/02/2026 01:34:20.517;0;0;0;0;
05/02/2026 01:34:39.154;0;0;1;0;
05/02/2026 01:34:40.338;0;0;0;0;
05/02/2026 01:38:19.250;0;1;0;0;
05/02/2026 01:38:20.984;0;0;0;0;
05/02/2026 01:38:59.281;0;1;0;0;
05/02/2026 01:39:00.835;0;0;0;0;
05/02/2026 01:42:19.286;0;1;0;0;
05/02/2026 01:42:20.931;0;0;0;0;
05/02/2026 01:42:59.308;0;1;0;0;
05/02/2026 01:43:00.832;0;0;0;0;
05/02/2026 01:51:59.648;0;0;1;0;
05/02/2026 01:52:00.917;0;0;0;0;
05/02/2026 01:57:59.853;0;1;0;0;
05/02/2026 01:58:01.557;0;0;0;0;
05/02/2026 01:58:39.995;0;1;0;0;
05/02/2026 01:58:41.558;0;0;0;0;
05/02/2026 02:04:40.107;0;1;0;0;
05/02/2026 02:04:41.738;0;0;0;0;
05/02/2026 02:06:00.61;0;1;0;0;
05/02/2026 02:06:01.750;0;0;0;0;
05/02/2026 02:06:19.956;0;0;1;0;
05/02/2026 02:06:21.330;0;0;0;0;
05/02/2026 02:10:00.163;0;1;0;0;
05/02/2026 02:10:01.707;0;0;0;0;
05/02/2026 02:10:20.231;0;0;1;0;
05/02/2026 02:10:21.447;0;0;0;0;
05/02/2026 02:10:40.246;0;0;1;0;
05/02/2026 02:10:41.578;0;0;0;0;
05/02/2026 02:13:00.152;0;1;0;0;
05/02/2026 02:13:01.771;0;0;0;0;
05/02/2026 02:15:40.331;0;1;0;0;
05/02/2026 02:15:41.926;0;0;0;0;
05/02/2026 02:16:00.342;0;0;1;0;
05/02/2026 02:16:01.476;0;0;0;0;
05/02/2026 02:16:20.352;0;0;1;0;
05/02/2026 02:16:21.686;0;0;0;0;
05/02/2026 02:17:40.657;0;1;0;0;
05/02/2026 02:17:42.219;0;0;0;0;
05/02/2026 02:18:20.425;0;0;1;0;
05/02/2026 02:18:21.829;0;0;0;0;
05/02/2026 02:19:40.352;0;1;0;0;
05/02/2026 02:19:42.32;0;0;0;0;
05/02/2026 02:20:00.363;0;0;1;0;
05/02/2026 02:20:01.732;0;0;0;0;
05/02/2026 02:20:20.458;0;1;0;0;
05/02/2026 02:20:22.13;0;0;0;0;
05/02/2026 02:23:00.542;0;1;0;0;
05/02/2026 02:23:02.177;0;0;0;0;
05/02/2026 02:23:40.606;0;1;0;0;
05/02/2026 02:23:42.358;0;0;0;0;
05/02/2026 02:24:40.595;0;1;0;0;
05/02/2026 02:24:42.319;0;0;0;0;
05/02/2026 02:26:20.547;0;1;0;0;
05/02/2026 02:26:21.981;0;0;0;0;
05/02/2026 02:30:40.801;0;0;1;0;
05/02/2026 02:30:42.18;0;0;0;0;
05/02/2026 02:30:54.880;1;0;0;0;
05/02/2026 02:30:54.881;1;1;1;0;
05/02/2026 02:31:07.404;1;0;0;0;
05/02/2026 02:31:37.254;0;0;0;0;
05/02/2026 02:38:24.773;1;0;0;0;
05/02/2026 02:39:00.620;1;0;1;0;
05/02/2026 02:39:14.12;1;0;0;0;
05/02/2026 02:39:19.518;0;0;0;0;
05/02/2026 02:40:02.871;0;1;1;0;
05/02/2026 02:40:08.8;0;0;0;0;
05/02/2026 02:40:22.880;0;0;1;0;
05/02/2026 02:40:24.295;0;0;0;0;
05/02/2026 02:42:02.928;0;0;1;0;
05/02/2026 02:42:04.77;0;0;0;0;
05/02/2026 02:42:43.74;0;1;0;0;
05/02/2026 02:42:44.949;0;0;0;0;
05/02/2026 02:43:03.185;0;1;0;0;
05/02/2026 02:43:04.959;0;0;0;0;
05/02/2026 02:43:23.265;0;1;0;0;
05/02/2026 02:43:25.150;0;0;0;0;
05/02/2026 02:43:42.885;0;1;0;0;
05/02/2026 02:43:44.620;0;0;0;0;
05/02/2026 02:44:02.896;0;1;0;0;
05/02/2026 02:44:04.630;0;0;0;0;
05/02/2026 02:44:22.906;0;1;0;0;
05/02/2026 02:44:24.641;0;0;0;0;
05/02/2026 02:44:42.947;0;1;1;0;
05/02/2026 02:44:44.471;0;0;0;0;
05/02/2026 02:45:43.19;0;1;0;0;
05/02/2026 02:45:44.573;0;0;0;0;
05/02/2026 02:47:43.92;0;1;0;0;
05/02/2026 02:47:44.746;0;0;0;0;
05/02/2026 02:48:23.112;0;1;0;0;
05/02/2026 02:48:24.747;0;0;0;0;
05/02/2026 02:50:03.185;0;1;0;0;
05/02/2026 02:50:04.770;0;0;0;0;
05/02/2026 02:51:23.107;1;0;0;0;
05/02/2026 02:51:32.990;0;0;0;0;
05/02/2026 02:52:03.118;0;1;0;0;
05/02/2026 02:52:03.119;1;1;0;0;
05/02/2026 02:52:04.953;1;0;0;0;
05/02/2026 02:52:12.691;0;0;0;0;
05/02/2026 02:52:43.229;0;1;1;0;
05/02/2026 02:52:44.723;0;0;0;0;
05/02/2026 02:53:23.250;0;0;1;0;
05/02/2026 02:53:24.694;0;0;0;0;
05/02/2026 02:54:05.333;0;1;0;0;
05/02/2026 02:54:06.808;0;0;0;0;
05/02/2026 02:54:23.415;0;0;1;0;
05/02/2026 02:54:24.776;0;0;0;0;
05/02/2026 02:58:03.388;0;1;0;0;
05/02/2026 02:58:05.152;0;0;0;0;
05/02/2026 02:58:23.478;0;1;1;0;
05/02/2026 02:58:25.62;0;0;0;0;
05/02/2026 02:58:43.578;0;1;1;0;
05/02/2026 02:58:45.283;0;0;0;0;
05/02/2026 02:59:23.420;0;1;0;0;
05/02/2026 02:59:25.64;0;0;0;0;
05/02/2026 03:00:23.451;0;1;0;0;
05/02/2026 03:00:25.416;0;0;0;0;
05/02/2026 03:01:03.462;0;0;1;0;
05/02/2026 03:01:04.736;0;0;0;0;
05/02/2026 03:01:23.524;1;0;0;0;
05/02/2026 03:01:23.525;1;1;0;0;
05/02/2026 03:01:25.187;1;0;0;0;
05/02/2026 03:01:32.785;0;0;0;0;
05/02/2026 03:01:43.507;0;1;0;0;
05/02/2026 03:01:43.508;1;1;0;0;
05/02/2026 03:01:45.47;1;0;0;0;
05/02/2026 03:01:53.15;0;0;0;0;
05/02/2026 03:02:03.598;0;1;1;0;
05/02/2026 03:02:05.548;0;0;0;0;
05/02/2026 03:04:23.472;0;1;0;0;
05/02/2026 03:04:25.11;0;0;0;0;
05/02/2026 03:05:43.669;0;1;0;0;
05/02/2026 03:05:45.344;0;0;0;0;
05/02/2026 03:07:03.641;0;1;0;0;
05/02/2026 03:07:05.246;0;0;0;0;
05/02/2026 03:12:23.799;0;0;1;0;
05/02/2026 03:12:25.23;0;0;0;0;
05/02/2026 03:19:44.11;0;1;0;0;
05/02/2026 03:19:45.695;0;0;0;0;
05/02/2026 03:20:24.41;0;1;0;0;
05/02/2026 03:20:25.646;0;0;0;0;
05/02/2026 03:21:44.73;0;1;0;0;
05/02/2026 03:21:45.608;0;0;0;0;
05/02/2026 03:22:04.84;0;1;0;0;
05/02/2026 03:22:05.618;0;0;0;0;
05/02/2026 03:23:44.60;0;1;0;0;
05/02/2026 03:23:45.691;0;0;0;0;
05/02/2026 03:24:04.167;0;0;1;0;
05/02/2026 03:24:05.391;0;0;0;0;
05/02/2026 03:24:24.270;0;0;1;0;
05/02/2026 03:24:25.591;0;0;0;0;
05/02/2026 03:25:04.68;0;1;0;0;
05/02/2026 03:25:05.652;0;0;0;0;
05/02/2026 03:29:04.284;0;1;0;0;
05/02/2026 03:29:05.939;0;0;0;0;
05/02/2026 03:30:04.216;0;1;0;0;
05/02/2026 03:30:05.740;0;0;0;0;
05/02/2026 03:35:04.733;1;0;0;0;
05/02/2026 03:35:14.6;0;0;0;0;
05/02/2026 03:36:04.505;1;0;0;0;
05/02/2026 03:36:13.797;0;0;0;0;
05/02/2026 03:36:44.396;0;1;0;0;
05/02/2026 03:36:45.980;0;0;0;0;
05/02/2026 03:38:04.709;0;0;1;0;
05/02/2026 03:38:05.962;0;0;0;0;
05/02/2026 03:38:24.423;0;1;1;0;
05/02/2026 03:38:26.13;0;0;0;0;
05/02/2026 03:43:04.560;0;1;0;0;
05/02/2026 03:43:06.120;0;0;0;0;
05/02/2026 03:43:44.590;0;1;0;0;
05/02/2026 03:43:46.121;0;0;0;0;
05/02/2026 03:56:45.60;0;1;0;0;
05/02/2026 03:56:46.831;0;0;0;0;
05/02/2026 03:58:25.89;0;1;0;0;
05/02/2026 03:58:26.654;0;0;0;0;
05/02/2026 04:04:25.159;0;1;0;0;
05/02/2026 04:04:26.653;0;0;0;0;
05/02/2026 04:05:25.291;0;0;1;0;
05/02/2026 04:05:26.495;0;0;0;0;
05/02/2026 04:05:45.301;0;0;1;0;
05/02/2026 04:05:46.605;0;0;0;0;
05/02/2026 04:09:25.530;0;1;0;0;
05/02/2026 04:09:26.961;0;0;0;0;
05/02/2026 04:10:45.439;0;1;0;0;
05/02/2026 04:10:46.993;0;0;0;0;
05/02/2026 04:17:25.630;0;1;0;0;
05/02/2026 04:17:27.134;0;0;0;0;
05/02/2026 04:18:05.651;0;1;0;0;
05/02/2026 04:18:07.195;0;0;0;0;
05/02/2026 04:18:25.762;1;0;0;0;
05/02/2026 04:18:35.234;0;0;0;0;
05/02/2026 04:19:45.704;0;0;1;0;
05/02/2026 04:19:47.28;0;0;0;0;
05/02/2026 04:20:05.714;0;1;0;0;
05/02/2026 04:20:07.299;0;0;0;0;
05/02/2026 04:24:05.931;0;1;0;0;
05/02/2026 04:24:07.535;0;0;0;0;
05/02/2026 04:25:05.852;0;1;0;0;
05/02/2026 04:25:07.457;0;0;0;0;
05/02/2026 04:37:46.198;0;0;1;0;
05/02/2026 04:37:47.407;0;0;0;0;
05/02/2026 04:45:06.480;0;0;1;0;
05/02/2026 04:45:07.700;0;0;0;0;
05/02/2026 04:46:26.348;0;0;1;0;
05/02/2026 04:46:27.812;0;0;0;0;
05/02/2026 04:46:46.343;0;0;1;0;
05/02/2026 04:46:47.692;0;0;0;0;
05/02/2026 04:47:46.480;0;1;0;0;
05/02/2026 04:47:48.34;0;0;0;0;
05/02/2026 04:49:26.523;0;1;0;0;
05/02/2026 04:49:28.67;0;0;0;0;
05/02/2026 04:52:06.517;1;0;0;0;
05/02/2026 04:52:15.769;0;0;0;0;
05/02/2026 04:56:59.798;0;1;1;0;
05/02/2026 04:56:59.799;1;1;1;0;
05/02/2026 04:57:04.226;1;0;0;0;
05/02/2026 04:57:07.808;1;1;1;0;
05/02/2026 04:57:08.941;1;0;0;0;
05/02/2026 04:57:17.906;1;1;1;0;
05/02/2026 04:57:19.311;1;0;0;0;
05/02/2026 04:57:27.606;1;1;1;0;
05/02/2026 04:57:28.741;1;0;0;0;
05/02/2026 04:57:37.607;1;1;1;0;
05/02/2026 04:57:38.741;1;0;0;0;
05/02/2026 04:57:47.607;1;1;1;0;
05/02/2026 04:57:48.742;1;0;0;0;
05/02/2026 04:58:01.465;0;0;0;0;
05/02/2026 04:58:39.823;0;1;1;0;
05/02/2026 04:58:42.747;0;0;0;0;
05/02/2026 04:59:19.842;0;1;1;0;
05/02/2026 04:59:21.417;0;0;0;0;
05/02/2026 05:05:20.13;0;1;0;0;
05/02/2026 05:05:21.587;0;0;0;0;
05/02/2026 05:06:00.217;0;0;1;0;
05/02/2026 05:06:01.568;0;0;0;0;
05/02/2026 05:06:59.965;0;1;0;0;
05/02/2026 05:07:01.580;0;0;0;0;
05/02/2026 05:09:20.120;0;0;1;0;
05/02/2026 05:09:21.524;0;0;0;0;
05/02/2026 05:11:20.323;0;0;1;0;
05/02/2026 05:11:21.657;0;0;0;0;
05/02/2026 05:13:00.136;0;1;0;0;
05/02/2026 05:13:01.750;0;0;0;0;
05/02/2026 05:13:40.157;0;1;0;0;
05/02/2026 05:13:41.771;0;0;0;0;
05/02/2026 05:21:40.486;0;1;0;0;
05/02/2026 05:21:42.25;0;0;0;0;
05/02/2026 05:22:00.511;0;0;1;0;
05/02/2026 05:22:01.665;0;0;0;0;
05/02/2026 05:22:20.512;0;0;1;0;
05/02/2026 05:22:21.786;0;0;0;0;
05/02/2026 05:23:00.696;0;1;0;0;
05/02/2026 05:23:02.257;0;0;0;0;
05/02/2026 05:23:40.809;0;0;1;0;
05/02/2026 05:23:42.208;0;0;0;0;
05/02/2026 05:25:00.496;0;0;1;0;
05/02/2026 05:25:01.810;0;0;0;0;
05/02/2026 05:26:00.598;0;1;0;0;
05/02/2026 05:26:02.182;0;0;0;0;
05/02/2026 05:26:40.629;0;1;0;0;
05/02/2026 05:26:42.213;0;0;0;0;
05/02/2026 05:38:01.59;0;1;0;0;
05/02/2026 05:38:02.703;0;0;0;0;
05/02/2026 05:39:00.985;0;1;0;0;
05/02/2026 05:39:02.514;0;0;0;0;
05/02/2026 05:44:41.155;0;0;1;0;
05/02/2026 05:44:42.304;0;0;0;0;
05/02/2026 05:45:21.182;0;0;1;0;
05/02/2026 05:45:22.455;0;0;0;0;
05/02/2026 05:47:41.255;0;1;0;0;
05/02/2026 05:47:42.839;0;0;0;0;
05/02/2026 05:48:41.196;0;0;1;0;
05/02/2026 05:48:42.631;0;0;0;0;
05/02/2026 05:49:21.228;0;1;0;0;
05/02/2026 05:49:22.752;0;0;0;0;
05/02/2026 05:49:41.348;0;0;1;0;
05/02/2026 05:49:42.722;0;0;0;0;
05/02/2026 05:57:21.531;0;0;1;0;
05/02/2026 05:57:22.685;0;0;0;0;
05/02/2026 06:00:21.521;0;0;1;0;
05/02/2026 06:00:22.780;0;0;0;0;
05/02/2026 06:02:01.944;0;0;1;0;
05/02/2026 06:02:03.353;0;0;0;0;
05/02/2026 06:02:41.680;0;0;1;0;
05/02/2026 06:02:42.994;0;0;0;0;
05/02/2026 06:05:21.774;0;0;1;0;
05/02/2026 06:05:22.968;0;0;0;0;
05/02/2026 06:05:41.790;0;0;1;0;
05/02/2026 06:05:43.89;0;0;0;0;
05/02/2026 06:12:21.871;0;1;0;0;
05/02/2026 06:12:23.640;0;0;0;0;
05/02/2026 06:14:02.79;0;1;0;0;
05/02/2026 06:14:03.813;0;0;0;0;
05/02/2026 06:14:22.450;0;0;1;0;
05/02/2026 06:14:23.774;0;0;0;0;
05/02/2026 06:16:02.82;0;1;0;0;
05/02/2026 06:16:03.656;0;0;0;0;
05/02/2026 06:16:22.92;0;0;1;0;
05/02/2026 06:16:23.336;0;0;0;0;
05/02/2026 06:18:02.155;0;1;0;0;
05/02/2026 06:18:03.839;0;0;0;0;
05/02/2026 06:21:02.219;0;1;0;0;
05/02/2026 06:21:03.744;0;0;0;0;
05/02/2026 06:21:22.230;0;1;1;0;
05/02/2026 06:21:23.734;0;0;0;0;
05/02/2026 06:22:02.251;0;0;1;0;
05/02/2026 06:22:03.465;0;0;0;0;
05/02/2026 06:22:22.262;0;1;0;0;
05/02/2026 06:22:23.896;0;0;0;0;
05/02/2026 06:28:02.415;0;1;0;0;
05/02/2026 06:28:03.944;0;0;0;0;
05/02/2026 06:34:22.755;0;0;1;0;
05/02/2026 06:34:24.54;0;0;0;0;
05/02/2026 06:37:15.601;1;0;0;0;
05/02/2026 06:37:15.602;1;1;1;0;
05/02/2026 06:37:28.132;1;0;0;0;
05/02/2026 06:37:57.783;0;0;0;0;
05/02/2026 06:54:47.905;1;0;0;0;
05/02/2026 06:55:25.813;1;0;1;0;
05/02/2026 06:55:39.461;1;0;0;0;
05/02/2026 06:55:41.323;0;0;0;0;
05/02/2026 06:56:17.879;0;1;0;0;
05/02/2026 06:56:23.16;0;0;0;0;
05/02/2026 06:56:37.883;0;0;1;0;
05/02/2026 06:56:39.262;0;0;0;0;
05/02/2026 06:58:18.295;0;1;0;0;
05/02/2026 06:58:19.926;0;0;0;0;
05/02/2026 06:58:38.41;0;1;0;0;
05/02/2026 06:58:39.636;0;0;0;0;
05/02/2026 06:58:58.52;0;1;0;0;
05/02/2026 06:58:59.947;0;0;0;0;
05/02/2026 06:59:18.58;0;1;0;0;
05/02/2026 06:59:19.867;0;0;0;0;
05/02/2026 06:59:38.94;0;1;1;0;
05/02/2026 06:59:40.328;0;0;0;0;
05/02/2026 06:59:58.84;0;1;0;0;
05/02/2026 07:00:00.429;0;0;0;0;
05/02/2026 07:04:18.100;0;0;1;0;
05/02/2026 07:04:19.384;0;0;0;0;
05/02/2026 07:04:38.211;0;1;1;0;
05/02/2026 07:04:39.675;0;0;0;0;
05/02/2026 07:05:18.247;0;1;0;0;
05/02/2026 07:05:19.726;0;0;0;0;
05/02/2026 07:05:40.315;0;0;1;0;
05/02/2026 07:05:41.759;0;0;0;0;
05/02/2026 07:06:18.485;0;1;0;0;
05/02/2026 07:06:20.118;0;0;0;0;
05/02/2026 07:06:38.567;0;0;1;0;
05/02/2026 07:06:39.898;0;0;0;0;
05/02/2026 07:07:38.305;0;1;0;0;
05/02/2026 07:07:40.60;0;0;0;0;
05/02/2026 07:08:18.327;0;1;0;0;
05/02/2026 07:08:19.881;0;0;0;0;
05/02/2026 07:08:38.237;0;1;0;0;
05/02/2026 07:08:40.1;0;0;0;0;
05/02/2026 07:09:18.258;0;1;1;0;
05/02/2026 07:09:19.722;0;0;0;0;
05/02/2026 07:09:58.409;0;1;1;0;
05/02/2026 07:10:00.774;0;0;0;0;
05/02/2026 07:10:18.510;0;1;1;0;
05/02/2026 07:10:20.575;0;0;0;0;
05/02/2026 07:10:38.280;1;0;0;0;
05/02/2026 07:10:38.281;1;1;1;0;
05/02/2026 07:10:39.904;1;0;0;0;
05/02/2026 07:10:48.483;0;0;0;0;
05/02/2026 07:10:58.391;0;1;1;0;
05/02/2026 07:10:58.391;1;1;1;0;
05/02/2026 07:11:00.355;1;0;0;0;
05/02/2026 07:11:07.753;0;0;0;0;
05/02/2026 07:11:18.401;1;0;0;0;
05/02/2026 07:11:27.884;0;0;0;0;
05/02/2026 07:11:38.412;1;0;0;0;
05/02/2026 07:11:47.874;0;0;0;0;
05/02/2026 07:12:38.443;0;0;1;0;
05/02/2026 07:12:39.777;0;0;0;0;
05/02/2026 07:15:18.427;0;1;0;0;
05/02/2026 07:15:20.612;0;0;0;0;
05/02/2026 07:15:38.438;0;1;1;0;
05/02/2026 07:15:40.413;0;0;0;0;
05/02/2026 07:16:18.469;0;1;0;0;
05/02/2026 07:16:19.933;0;0;0;0;
05/02/2026 07:17:38.641;0;0;1;0;
05/02/2026 07:17:39.925;0;0;0;0;
05/02/2026 07:18:58.618;0;1;0;0;
05/02/2026 07:19:00.127;0;0;0;0;
05/02/2026 07:20:18.665;0;1;0;0;
05/02/2026 07:20:20.500;0;0;0;0;
05/02/2026 07:24:58.797;1;0;0;0;
05/02/2026 07:24:58.798;1;1;0;0;
05/02/2026 07:25:00.406;1;0;0;0;
05/02/2026 07:25:08.124;0;0;0;0;
05/02/2026 07:26:38.854;0;1;0;0;
05/02/2026 07:26:40.479;0;0;0;0;
05/02/2026 07:27:18.906;0;1;0;0;
05/02/2026 07:27:20.460;0;0;0;0;
05/02/2026 07:28:18.802;0;1;0;0;
05/02/2026 07:28:20.722;0;0;0;0;
05/02/2026 07:29:39.242;0;1;0;0;
05/02/2026 07:29:40.924;0;0;0;0;
05/02/2026 07:30:38.971;0;1;0;0;
05/02/2026 07:30:40.615;0;0;0;0;
05/02/2026 07:30:58.981;0;0;1;0;
05/02/2026 07:31:00.125;0;0;0;0;
05/02/2026 07:31:18.992;0;0;1;0;
05/02/2026 07:31:20.256;0;0;0;0;
05/02/2026 07:33:19.355;0;1;0;0;
05/02/2026 07:33:21.9;0;0;0;0;
05/02/2026 07:34:38.997;0;1;0;0;
05/02/2026 07:34:40.551;0;0;0;0;
05/02/2026 07:37:19.365;0;1;0;0;
05/02/2026 07:37:21.15;0;0;0;0;
05/02/2026 07:39:59.255;0;1;0;0;
05/02/2026 07:40:00.799;0;0;0;0;
05/02/2026 07:42:39.229;0;1;0;0;
05/02/2026 07:42:40.693;0;0;0;0;
05/02/2026 07:42:59.219;0;0;1;0;
05/02/2026 07:43:00.353;0;0;0;0;
05/02/2026 07:43:19.413;0;0;1;0;
05/02/2026 07:43:20.674;0;0;0;0;
05/02/2026 07:47:59.808;0;1;0;0;
05/02/2026 07:48:01.451;0;0;0;0;
05/02/2026 07:48:39.388;0;1;0;0;
05/02/2026 07:48:40.882;0;0;0;0;
05/02/2026 07:50:19.460;1;0;0;0;
05/02/2026 07:50:19.461;1;1;0;0;
05/02/2026 07:50:21.175;1;0;0;0;
05/02/2026 07:50:28.822;0;0;0;0;
05/02/2026 07:50:39.564;0;1;0;0;
05/02/2026 07:50:41.95;0;0;0;0;
05/02/2026 07:50:59.674;0;1;1;0;
05/02/2026 07:51:01.156;0;0;0;0;
05/02/2026 07:51:39.572;0;1;0;0;
05/02/2026 07:51:41.267;0;0;0;0;
05/02/2026 07:52:39.599;0;1;0;0;
05/02/2026 07:52:41.138;0;0;0;0;
05/02/2026 07:56:39.610;0;1;0;0;
05/02/2026 07:56:41.74;0;0;0;0;
05/02/2026 08:01:19.982;0;1;0;0;
05/02/2026 08:01:21.451;0;0;0;0;
05/02/2026 08:01:39.767;0;0;1;0;
05/02/2026 08:01:40.901;0;0;0;0;
05/02/2026 08:01:59.778;0;0;1;0;
05/02/2026 08:02:01.32;0;0;0;0;
05/02/2026 08:02:39.789;0;1;0;0;
05/02/2026 08:02:41.373;0;0;0;0;
05/02/2026 08:07:20.136;0;1;0;0;
05/02/2026 08:07:21.641;0;0;0;0;
05/02/2026 08:11:00.346;0;1;0;0;
05/02/2026 08:11:01.917;0;0;0;0;
05/02/2026 08:16:00.160;0;1;0;0;
05/02/2026 08:16:01.954;0;0;0;0;
05/02/2026 08:17:40.307;0;1;0;0;
05/02/2026 08:17:41.887;0;0;0;0;
05/02/2026 08:22:40.363;0;1;0;0;
05/02/2026 08:22:42.15;0;0;0;0;
05/02/2026 08:23:20.785;0;1;0;0;
05/02/2026 08:23:22.326;0;0;0;0;
05/02/2026 08:36:01.276;0;1;0;0;
05/02/2026 08:36:02.726;0;0;0;0;
05/02/2026 08:40:00.843;0;1;0;0;
05/02/2026 08:40:02.553;0;0;0;0;
05/02/2026 08:40:40.859;0;1;0;0;
05/02/2026 08:40:42.414;0;0;0;0;
05/02/2026 08:41:41.114;0;1;0;0;
05/02/2026 08:41:42.826;0;0;0;0;
05/02/2026 08:45:20.997;0;1;0;0;
05/02/2026 08:45:22.461;0;0;0;0;
05/02/2026 08:45:41.7;0;0;1;0;
05/02/2026 08:45:42.141;0;0;0;0;
05/02/2026 08:46:01.18;0;0;1;0;
05/02/2026 08:46:02.302;0;0;0;0;
05/02/2026 08:52:41.219;1;0;0;0;
05/02/2026 08:52:41.220;1;1;0;0;
05/02/2026 08:52:42.813;1;0;0;0;
05/02/2026 08:52:50.751;0;0;0;0;
05/02/2026 08:54:41.347;1;0;0;0;
05/02/2026 08:54:50.605;0;0;0;0;
05/02/2026 08:55:21.368;1;0;0;0;
05/02/2026 08:55:30.626;0;0;0;0;
05/02/2026 08:57:21.332;0;1;0;0;
05/02/2026 08:57:22.861;0;0;0;0;
05/02/2026 08:59:01.379;1;0;0;0;
05/02/2026 08:59:10.632;0;0;0;0;
05/02/2026 08:59:21.693;1;0;0;0;
05/02/2026 08:59:30.962;0;0;0;0;
05/02/2026 08:59:41.604;0;0;1;0;
05/02/2026 08:59:42.865;0;0;0;0;
05/02/2026 09:00:01.724;0;0;1;0;
05/02/2026 09:00:03.45;0;0;0;0;
05/02/2026 09:01:21.543;0;1;0;0;
05/02/2026 09:01:23.208;0;0;0;0;
05/02/2026 09:04:21.548;0;1;0;0;
05/02/2026 09:04:23.103;0;0;0;0;
05/02/2026 09:09:02.1;0;1;0;0;
05/02/2026 09:09:03.561;0;0;0;0;
05/02/2026 09:15:07.244;1;0;0;0;
05/02/2026 09:15:07.245;1;1;1;0;
05/02/2026 09:15:12.29;1;0;0;0;
05/02/2026 09:15:16.60;1;1;1;0;
05/02/2026 09:15:17.195;1;0;0;0;
05/02/2026 09:15:25.371;1;1;1;0;
05/02/2026 09:15:26.745;1;0;0;0;
05/02/2026 09:15:35.130;1;1;1;0;
05/02/2026 09:15:36.264;1;0;0;0;
05/02/2026 09:15:45.130;1;1;1;0;
05/02/2026 09:15:46.265;1;0;0;0;
05/02/2026 09:15:55.130;1;1;1;0;
05/02/2026 09:15:56.275;1;0;0;0;
05/02/2026 09:16:05.124;1;1;1;0;
05/02/2026 09:16:06.265;1;0;0;0;
05/02/2026 09:16:14.163;0;0;0;0;
05/02/2026 09:16:57.316;0;1;1;0;
05/02/2026 09:17:01.212;0;0;0;0;
05/02/2026 09:17:17.325;0;1;1;0;
05/02/2026 09:17:19.70;0;0;0;0;
05/02/2026 09:17:37.346;0;1;1;0;
05/02/2026 09:17:38.880;0;0;0;0;
05/02/2026 09:20:17.414;0;1;0;0;
05/02/2026 09:20:18.855;0;0;0;0;
05/02/2026 09:21:17.796;0;0;1;0;
05/02/2026 09:21:19.157;0;0;0;0;
05/02/2026 09:33:37.778;0;1;0;0;
05/02/2026 09:33:39.377;0;0;0;0;
05/02/2026 09:35:38.77;0;1;0;0;
05/02/2026 09:35:39.691;0;0;0;0;
05/02/2026 09:41:38.117;0;1;0;0;
05/02/2026 09:41:39.741;0;0;0;0;
05/02/2026 09:44:20.207;0;1;0;0;
05/02/2026 09:44:21.778;0;0;0;0;
05/02/2026 09:45:58.135;0;0;1;0;
05/02/2026 09:45:59.378;0;0;0;0;
05/02/2026 09:46:18.185;0;0;1;0;
05/02/2026 09:46:19.509;0;0;0;0;
05/02/2026 09:48:58.129;0;1;0;0;
05/02/2026 09:48:59.713;0;0;0;0;
05/02/2026 09:50:18.448;0;0;1;0;
05/02/2026 09:50:19.856;0;0;0;0;
05/02/2026 09:51:18.283;0;0;1;0;
05/02/2026 09:51:19.647;0;0;0;0;
05/02/2026 09:52:38.340;0;1;0;0;
05/02/2026 09:52:39.870;0;0;0;0;
05/02/2026 09:57:18.453;0;1;0;0;
05/02/2026 09:57:20.58;0;0;0;0;
05/02/2026 10:00:58.459;0;1;0;0;
05/02/2026 10:01:00.44;0;0;0;0;
05/02/2026 10:01:38.672;0;0;1;0;
05/02/2026 10:01:39.815;0;0;0;0;
05/02/2026 10:01:58.794;0;0;1;0;
05/02/2026 10:02:00.55;0;0;0;0;
05/02/2026 10:02:38.597;0;1;0;0;
05/02/2026 10:02:40.227;0;0;0;0;
05/02/2026 10:06:38.639;0;1;0;0;
05/02/2026 10:06:40.253;0;0;0;0;
05/02/2026 10:07:59.782;0;0;1;0;
05/02/2026 10:08:01.146;0;0;0;0;
05/02/2026 10:08:38.772;0;1;0;0;
05/02/2026 10:08:40.437;0;0;0;0;
05/02/2026 10:09:58.809;0;1;0;0;
05/02/2026 10:10:00.429;0;0;0;0;
05/02/2026 10:11:18.757;0;1;0;0;
05/02/2026 10:11:20.341;0;0;0;0;
05/02/2026 10:12:58.843;0;0;1;0;
05/02/2026 10:13:00.254;0;0;0;0;
05/02/2026 10:13:39.94;0;0;1;0;
05/02/2026 10:13:40.415;0;0;0;0;
05/02/2026 10:18:39.142;0;1;0;0;
05/02/2026 10:18:40.824;0;0;0;0;
05/02/2026 10:18:59.42;0;0;1;0;
05/02/2026 10:19:00.274;0;0;0;0;
05/02/2026 10:19:39.504;0;1;0;0;
05/02/2026 10:19:41.156;0;0;0;0;
05/02/2026 10:26:19.287;0;1;0;0;
05/02/2026 10:26:21.256;0;0;0;0;
05/02/2026 10:26:39.332;0;1;1;0;
05/02/2026 10:26:40.937;0;0;0;0;
05/02/2026 10:26:59.313;0;1;1;0;
05/02/2026 10:27:00.827;0;0;0;0;
05/02/2026 10:28:39.536;0;1;0;0;
05/02/2026 10:28:41.280;0;0;0;0;
05/02/2026 10:28:59.666;0;1;0;0;
05/02/2026 10:29:01.160;0;0;0;0;
05/02/2026 10:30:39.338;0;1;0;0;
05/02/2026 10:30:41.103;0;0;0;0;
05/02/2026 10:31:39.553;0;0;1;0;
05/02/2026 10:31:40.894;0;0;0;0;
05/02/2026 10:32:19.461;0;1;0;0;
05/02/2026 10:32:21.226;0;0;0;0;
05/02/2026 10:32:59.482;0;0;1;0;
05/02/2026 10:33:00.816;0;0;0;0;
05/02/2026 10:38:19.815;0;0;1;0;
05/02/2026 10:38:20.955;0;0;0;0;
05/02/2026 10:38:39.936;0;0;1;0;
05/02/2026 10:38:41.195;0;0;0;0;
05/02/2026 10:43:19.688;0;1;0;0;
05/02/2026 10:43:21.423;0;0;0;0;
05/02/2026 10:43:39.709;0;0;1;0;
05/02/2026 10:43:40.863;0;0;0;0;
05/02/2026 10:43:59.933;0;1;1;0;
05/02/2026 10:44:01.674;0;0;0;0;
05/02/2026 10:45:59.852;0;1;0;0;
05/02/2026 10:46:01.367;0;0;0;0;
05/02/2026 10:51:03.3;1;0;0;0;
05/02/2026 10:51:03.4;1;1;1;0;
05/02/2026 10:51:15.618;1;0;0;0;
05/02/2026 10:51:45.469;0;0;0;0;
05/02/2026 11:10:20.88;1;0;0;0;
05/02/2026 11:10:58.228;1;0;1;0;
05/02/2026 11:11:11.705;1;0;0;0;
05/02/2026 11:11:26.30;0;0;0;0;
05/02/2026 11:12:10.153;0;1;1;0;
05/02/2026 11:12:15.721;0;0;0;0;
05/02/2026 11:12:30.162;0;0;1;0;
05/02/2026 11:12:31.317;0;0;0;0;
05/02/2026 11:13:10.183;0;0;1;0;
05/02/2026 11:13:11.488;0;0;0;0;
05/02/2026 11:14:30.339;0;1;0;0;
05/02/2026 11:14:32.231;0;0;0;0;
05/02/2026 11:14:50.436;0;1;0;0;
05/02/2026 11:14:52.802;0;0;0;0;
05/02/2026 11:15:10.142;0;1;1;0;
05/02/2026 11:15:11.841;0;0;0;0;
05/02/2026 11:17:50.311;0;1;1;0;
05/02/2026 11:17:51.775;0;0;0;0;
05/02/2026 11:18:30.462;0;1;0;0;
05/02/2026 11:18:31.936;0;0;0;0;
05/02/2026 11:20:10.384;0;1;0;0;
05/02/2026 11:20:12.9;0;0;0;0;
05/02/2026 11:22:50.639;0;0;1;0;
05/02/2026 11:22:51.773;0;0;0;0;
05/02/2026 11:23:10.369;0;0;1;0;
05/02/2026 11:23:11.653;0;0;0;0;
05/02/2026 11:27:10.575;0;1;0;0;
05/02/2026 11:27:12.270;0;0;0;0;
05/02/2026 11:28:10.507;0;1;0;0;
05/02/2026 11:28:12.91;0;0;0;0;
05/02/2026 11:32:50.744;0;1;0;0;
05/02/2026 11:32:52.609;0;0;0;0;
05/02/2026 11:33:30.765;0;1;0;0;
05/02/2026 11:33:32.299;0;0;0;0;
05/02/2026 11:35:50.748;0;0;1;0;
05/02/2026 11:35:52.12;0;0;0;0;
05/02/2026 11:36:10.759;0;1;1;0;
05/02/2026 11:36:12.253;0;0;0;0;
05/02/2026 11:37:51.253;0;1;1;0;
05/02/2026 11:37:52.856;0;0;0;0;
05/02/2026 11:38:50.918;0;1;0;0;
05/02/2026 11:38:52.638;0;0;0;0;
05/02/2026 11:40:10.965;0;1;0;0;
05/02/2026 11:40:12.650;0;0;0;0;
05/02/2026 11:40:31.106;0;1;0;0;
05/02/2026 11:40:32.690;0;0;0;0;
05/02/2026 11:44:11.71;0;0;1;0;
05/02/2026 11:44:12.215;0;0;0;0;
05/02/2026 11:44:31.81;0;0;1;0;
05/02/2026 11:44:32.376;0;0;0;0;
05/02/2026 11:57:31.471;0;1;0;0;
05/02/2026 11:57:33.16;0;0;0;0;
05/02/2026 11:58:31.606;0;1;0;0;
05/02/2026 11:58:33.207;0;0;0;0;
05/02/2026 12:00:11.525;0;1;0;0;
05/02/2026 12:00:13.90;0;0;0;0;
05/02/2026 12:00:51.551;0;1;0;0;
05/02/2026 12:00:53.81;0;0;0;0;
05/02/2026 12:08:11.768;0;1;0;0;
05/02/2026 12:08:13.352;0;0;0;0;
05/02/2026 12:08:31.889;0;0;1;0;
05/02/2026 12:08:33.202;0;0;0;0;
05/02/2026 12:09:51.720;0;1;0;0;
05/02/2026 12:09:53.245;0;0;0;0;
05/02/2026 12:17:32.87;0;1;0;0;
05/02/2026 12:17:33.657;0;0;0;0;
05/02/2026 12:19:12.65;0;1;0;0;
05/02/2026 12:19:13.569;0;0;0;0;
05/02/2026 12:19:52.96;0;0;1;0;
05/02/2026 12:19:53.230;0;0;0;0;
05/02/2026 12:21:12.298;0;0;1;0;
05/02/2026 12:21:13.552;0;0;0;0;
05/02/2026 12:34:32.390;0;1;0;0;
05/02/2026 12:34:33.914;0;0;0;0;
05/02/2026 12:35:32.514;0;1;0;0;
05/02/2026 12:35:34.76;0;0;0;0;
05/02/2026 12:37:12.564;0;1;0;0;
05/02/2026 12:37:14.78;0;0;0;0;
05/02/2026 12:38:52.627;0;1;0;0;
05/02/2026 12:38:54.151;0;0;0;0;
05/02/2026 12:45:32.703;0;1;0;0;
05/02/2026 12:45:34.412;0;0;0;0;
05/02/2026 12:46:52.730;0;1;0;0;
05/02/2026 12:46:54.284;0;0;0;0;
05/02/2026 12:58:33.70;0;1;0;0;
05/02/2026 12:58:34.533;0;0;0;0;
05/02/2026 13:01:33.264;0;0;1;0;
05/02/2026 13:01:34.538;0;0;0;0;
05/02/2026 13:01:53.275;0;0;1;0;
05/02/2026 13:01:54.659;0;0;0;0;
05/02/2026 13:02:03.279;1;0;0;0;
05/02/2026 13:02:03.280;1;1;1;0;
05/02/2026 13:02:08.93;1;0;0;0;
05/02/2026 13:02:11.184;1;1;1;0;
05/02/2026 13:02:12.337;1;0;0;0;
05/02/2026 13:02:21.278;1;1;1;0;
05/02/2026 13:02:22.668;1;0;0;0;
05/02/2026 13:02:31.278;1;1;1;0;
05/02/2026 13:02:32.428;1;0;0;0;
05/02/2026 13:02:41.278;1;1;1;0;
05/02/2026 13:02:42.458;1;0;0;0;
05/02/2026 13:02:51.379;1;1;1;0;
05/02/2026 13:02:52.529;1;0;0;0;
05/02/2026 13:03:03.590;0;0;0;0;
05/02/2026 13:03:43.269;0;1;0;0;
05/02/2026 13:03:46.354;0;0;0;0;
05/02/2026 13:04:03.283;0;0;1;0;
05/02/2026 13:04:04.633;0;0;0;0;
05/02/2026 13:04:23.279;0;1;1;0;
05/02/2026 13:04:24.893;0;0;0;0;
05/02/2026 13:07:43.485;0;1;0;0;
05/02/2026 13:07:45.19;0;0;0;0;
05/02/2026 13:08:03.495;0;0;1;0;
05/02/2026 13:08:04.819;0;0;0;0;
05/02/2026 13:10:43.470;0;1;0;0;
05/02/2026 13:10:45.54;0;0;0;0;
05/02/2026 13:22:23.799;0;1;0;0;
05/02/2026 13:22:25.384;0;0;0;0;
05/02/2026 13:23:44.176;0;1;0;0;
05/02/2026 13:23:45.746;0;0;0;0;
05/02/2026 13:26:24.186;0;1;0;0;
05/02/2026 13:26:25.711;0;0;0;0;
05/02/2026 13:27:03.937;0;0;1;0;
05/02/2026 13:27:05.131;0;0;0;0;
05/02/2026 13:27:43.963;0;0;1;0;
05/02/2026 13:27:45.283;0;0;0;0;
05/02/2026 13:29:04.154;0;1;0;0;
05/02/2026 13:29:05.745;0;0;0;0;
05/02/2026 13:29:24.283;0;0;1;0;
05/02/2026 13:29:25.726;0;0;0;0;
05/02/2026 13:30:24.123;0;0;1;0;
05/02/2026 13:30:25.487;0;0;0;0;
05/02/2026 13:36:04.293;0;1;0;0;
05/02/2026 13:36:05.837;0;0;0;0;
05/02/2026 13:39:04.288;0;1;0;0;
05/02/2026 13:39:05.842;0;0;0;0;
05/02/2026 13:52:04.671;0;1;0;0;
05/02/2026 13:52:06.174;0;0;0;0;
05/02/2026 13:52:24.793;0;0;1;0;
05/02/2026 13:52:25.934;0;0;0;0;
05/02/2026 13:52:44.916;0;0;1;0;
05/02/2026 13:52:46.205;0;0;0;0;
05/02/2026 13:54:24.834;0;1;0;0;
05/02/2026 13:54:26.408;0;0;0;0;
05/02/2026 14:01:45.226;0;1;0;0;
05/02/2026 14:01:46.721;0;0;0;0;
05/02/2026 14:04:25.204;0;1;0;0;
05/02/2026 14:04:26.765;0;0;0;0;
05/02/2026 14:19:45.756;0;0;1;0;
05/02/2026 14:19:47.11;0;0;0;0;
05/02/2026 14:20:05.457;0;0;1;0;
05/02/2026 14:20:06.801;0;0;0;0;
05/02/2026 14:20:45.478;0;1;0;0;
05/02/2026 14:20:47.32;0;0;0;0;
05/02/2026 14:22:25.743;0;0;1;0;
05/02/2026 14:22:26.885;0;0;0;0;
05/02/2026 14:23:05.905;0;1;0;0;
05/02/2026 14:23:07.536;0;0;0;0;
05/02/2026 14:27:25.679;0;0;1;0;
05/02/2026 14:27:26.933;0;0;0;0;
05/02/2026 14:28:27.825;0;1;0;0;
05/02/2026 14:28:29.397;0;0;0;0;
05/02/2026 14:30:05.833;0;1;0;0;
05/02/2026 14:30:07.407;0;0;0;0;
05/02/2026 14:31:25.875;0;1;0;0;
05/02/2026 14:31:27.559;0;0;0;0;
05/02/2026 14:32:45.817;0;1;0;0;
05/02/2026 14:32:47.431;0;0;0;0;
05/02/2026 14:33:25.838;0;1;0;0;
05/02/2026 14:33:27.482;0;0;0;0;
05/02/2026 14:34:25.850;0;1;0;0;
05/02/2026 14:34:27.464;0;0;0;0;
05/02/2026 14:35:46.196;0;0;1;0;
05/02/2026 14:35:47.336;0;0;0;0;
05/02/2026 14:36:05.992;0;0;1;0;
05/02/2026 14:36:07.266;0;0;0;0;
05/02/2026 14:38:06.55;0;1;0;0;
05/02/2026 14:38:07.790;0;0;0;0;
05/02/2026 14:39:26.7;0;1;0;0;
05/02/2026 14:39:27.592;0;0;0;0;
05/02/2026 14:40:06.18;0;0;1;0;
05/02/2026 14:40:07.362;0;0;0;0;
05/02/2026 14:40:26.44;0;1;0;0;
05/02/2026 14:40:27.723;0;0;0;0;
05/02/2026 14:41:46.151;0;1;0;0;
05/02/2026 14:41:47.765;0;0;0;0;
05/02/2026 14:43:06.193;0;0;1;0;
05/02/2026 14:43:07.617;0;0;0;0;
05/02/2026 14:43:26.233;0;1;1;0;
05/02/2026 14:43:28.48;0;0;0;0;
05/02/2026 14:43:46.214;0;1;1;0;
05/02/2026 14:43:47.968;0;0;0;0;
05/02/2026 14:48:26.341;0;1;0;0;
05/02/2026 14:48:27.895;0;0;0;0;
05/02/2026 14:49:06.395;0;1;1;0;
05/02/2026 14:49:07.976;0;0;0;0;
05/02/2026 14:50:46.414;0;1;0;0;
05/02/2026 14:50:47.979;0;0;0;0;
05/02/2026 14:52:06.466;0;0;1;0;
05/02/2026 14:52:07.760;0;0;0;0;
05/02/2026 14:52:46.317;0;0;1;0;
05/02/2026 14:52:47.811;0;0;0;0;
05/02/2026 14:52:55.548;1;0;0;0;
05/02/2026 14:52:55.549;1;1;1;0;
05/02/2026 14:53:07.722;1;0;0;0;
05/02/2026 14:53:41.837;0;0;0;0;
05/02/2026 15:17:35.166;1;0;0;0;
05/02/2026 15:18:13.176;1;0;1;0;
05/02/2026 15:18:26.453;1;0;0;0;
05/02/2026 15:18:37.374;0;0;0;0;
05/02/2026 15:19:15.431;0;1;0;0;
05/02/2026 15:19:19.337;0;0;0;0;
05/02/2026 15:19:35.521;0;1;1;0;
05/02/2026 15:19:37.816;0;0;0;0;
05/02/2026 15:19:55.686;0;1;0;0;
05/02/2026 15:19:57.786;0;0;0;0;
05/02/2026 15:20:15.371;0;1;1;0;
05/02/2026 15:20:17.246;0;0;0;0;
05/02/2026 15:20:35.377;0;1;1;0;
05/02/2026 15:20:36.977;0;0;0;0;
05/02/2026 15:20:55.392;0;1;0;0;
05/02/2026 15:20:56.927;0;0;0;0;
05/02/2026 15:26:35.546;0;1;0;0;
05/02/2026 15:26:37.206;0;0;0;0;
05/02/2026 15:26:55.562;0;0;1;0;
05/02/2026 15:26:56.926;0;0;0;0;
05/02/2026 15:27:15.613;0;1;0;0;
05/02/2026 15:27:17.357;0;0;0;0;
05/02/2026 15:29:35.546;0;1;0;0;
05/02/2026 15:29:37.161;0;0;0;0;
05/02/2026 15:30:15.557;0;1;0;0;
05/02/2026 15:30:17.172;0;0;0;0;
05/02/2026 15:32:15.963;0;1;0;0;
05/02/2026 15:32:17.595;0;0;0;0;
05/02/2026 15:34:55.794;0;1;1;0;
05/02/2026 15:34:57.329;0;0;0;0;
05/02/2026 15:36:35.757;0;1;0;0;
05/02/2026 15:36:37.431;0;0;0;0;
05/02/2026 15:36:55.748;0;1;0;0;
05/02/2026 15:36:57.282;0;0;0;0;
05/02/2026 15:37:35.859;0;0;1;0;
05/02/2026 15:37:37.63;0;0;0;0;
05/02/2026 15:37:55.869;0;0;1;0;
05/02/2026 15:37:57.153;0;0;0;0;
05/02/2026 15:38:35.891;0;1;0;0;
05/02/2026 15:38:37.465;0;0;0;0;
05/02/2026 15:38:55.901;0;0;1;0;
05/02/2026 15:38:57.325;0;0;0;0;
05/02/2026 15:39:15.911;0;1;0;0;
05/02/2026 15:39:17.456;0;0;0;0;
05/02/2026 15:39:35.995;0;0;1;0;
05/02/2026 15:39:37.356;0;0;0;0;
05/02/2026 15:39:56.94;0;1;0;0;
05/02/2026 15:39:57.637;0;0;0;0;
05/02/2026 15:40:35.953;0;1;0;0;
05/02/2026 15:40:37.458;0;0;0;0;
05/02/2026 15:42:55.937;0;0;1;0;
05/02/2026 15:42:57.191;0;0;0;0;
05/02/2026 15:43:15.957;0;0;1;0;
05/02/2026 15:43:17.301;0;0;0;0;
05/02/2026 15:43:56.248;0;1;0;0;
05/02/2026 15:43:57.833;0;0;0;0;
05/02/2026 15:44:56.70;0;1;0;0;
05/02/2026 15:44:57.604;0;0;0;0;
05/02/2026 15:45:56.102;0;1;0;0;
05/02/2026 15:45:57.916;0;0;0;0;
05/02/2026 15:46:16.112;0;1;0;0;
05/02/2026 15:46:17.896;0;0;0;0;
05/02/2026 15:49:16.106;0;1;0;0;
05/02/2026 15:49:17.631;0;0;0;0;
05/02/2026 15:49:36.127;0;1;0;0;
05/02/2026 15:49:37.681;0;0;0;0;
05/02/2026 15:53:36.308;0;0;1;0;
05/02/2026 15:53:37.507;0;0;0;0;
05/02/2026 15:53:56.324;0;0;1;0;
05/02/2026 15:53:57.617;0;0;0;0;
05/02/2026 15:54:36.399;0;1;0;0;
05/02/2026 15:54:37.949;0;0;0;0;
05/02/2026 15:57:36.414;0;1;0;0;
05/02/2026 15:57:37.983;0;0;0;0;
05/02/2026 16:03:36.493;0;1;0;0;
05/02/2026 16:03:38.112;0;0;0;0;
05/02/2026 16:04:56.790;0;1;0;0;
05/02/2026 16:04:58.555;0;0;0;0;
05/02/2026 16:05:16.801;0;1;0;0;
05/02/2026 16:05:18.375;0;0;0;0;
05/02/2026 16:05:56.671;0;1;0;0;
05/02/2026 16:05:58.126;0;0;0;0;
05/02/2026 16:09:36.692;0;1;0;0;
05/02/2026 16:09:38.141;0;0;0;0;
05/02/2026 16:11:36.865;0;0;1;0;
05/02/2026 16:11:38.154;0;0;0;0;
05/02/2026 16:11:56.981;0;0;1;0;
05/02/2026 16:11:58.375;0;0;0;0;
05/02/2026 16:21:57.21;0;1;0;0;
05/02/2026 16:21:58.640;0;0;0;0;
05/02/2026 16:30:57.471;0;1;0;0;
05/02/2026 16:30:59.14;0;0;0;0;
05/02/2026 16:37:17.710;0;0;1;0;
05/02/2026 16:37:18.924;0;0;0;0;
05/02/2026 16:38:17.587;0;1;0;0;
05/02/2026 16:38:19.156;0;0;0;0;
05/02/2026 16:43:37.955;0;1;0;0;
05/02/2026 16:43:39.525;0;0;0;0;
05/02/2026 16:48:17.758;0;1;0;0;
05/02/2026 16:48:19.312;0;0;0;0;
05/02/2026 16:53:37.911;0;1;0;0;
05/02/2026 16:53:39.441;0;0;0;0;
05/02/2026 16:59:38.106;0;0;1;0;
05/02/2026 16:59:39.260;0;0;0;0;
05/02/2026 17:00:18.107;0;0;1;0;
05/02/2026 17:00:19.361;0;0;0;0;
05/02/2026 17:02:18.261;0;1;0;0;
05/02/2026 17:02:19.955;0;0;0;0;
05/02/2026 17:05:38.266;0;1;0;0;
05/02/2026 17:05:39.820;0;0;0;0;
05/02/2026 17:06:58.308;0;1;0;0;
05/02/2026 17:07:00.23;0;0;0;0;
05/02/2026 17:16:58.560;0;1;0;0;
05/02/2026 17:17:00.119;0;0;0;0;
05/02/2026 17:19:18.784;0;1;0;0;
05/02/2026 17:19:20.403;0;0;0;0;
05/02/2026 17:31:39.69;0;1;0;0;
05/02/2026 17:31:40.644;0;0;0;0;
05/02/2026 17:33:22.125;1;0;0;0;
05/02/2026 17:33:22.126;1;1;1;0;
05/02/2026 17:33:26.813;1;0;0;0;
05/02/2026 17:33:30.124;1;1;1;0;
05/02/2026 17:33:31.267;1;0;0;0;
05/02/2026 17:33:40.143;1;1;1;0;
05/02/2026 17:33:41.558;1;0;0;0;
05/02/2026 17:33:50.334;1;1;1;0;
05/02/2026 17:33:51.468;1;0;0;0;
05/02/2026 17:34:00.224;1;1;1;0;
05/02/2026 17:34:01.358;1;0;0;0;
05/02/2026 17:34:12.210;0;0;0;0;
05/02/2026 17:34:52.174;0;1;0;0;
05/02/2026 17:34:55.214;0;0;0;0;
05/02/2026 17:35:12.289;0;0;1;0;
05/02/2026 17:35:13.663;0;0;0;0;
05/02/2026 17:35:32.299;0;1;1;0;
05/02/2026 17:35:33.834;0;0;0;0;
05/02/2026 17:36:32.331;0;0;1;0;
05/02/2026 17:36:33.695;0;0;0;0;
05/02/2026 17:41:32.469;0;1;0;0;
05/02/2026 17:41:33.964;0;0;0;0;
05/02/2026 17:42:32.501;0;0;1;0;
05/02/2026 17:42:33.715;0;0;0;0;
05/02/2026 17:42:52.685;0;0;1;0;
05/02/2026 17:42:54.26;0;0;0;0;
05/02/2026 17:44:32.584;0;1;0;0;
05/02/2026 17:44:34.389;0;0;0;0;
05/02/2026 17:46:12.717;0;1;0;0;
05/02/2026 17:46:14.242;0;0;0;0;
05/02/2026 17:53:32.810;0;1;0;0;
05/02/2026 17:53:34.564;0;0;0;0;
05/02/2026 17:55:32.888;0;1;0;0;
05/02/2026 17:55:34.447;0;0;0;0;
05/02/2026 18:02:52.986;0;1;0;0;
05/02/2026 18:02:54.460;0;0;0;0;
05/02/2026 18:03:33.157;0;0;1;0;
05/02/2026 18:03:34.501;0;0;0;0;
05/02/2026 18:06:35.367;0;1;0;0;
05/02/2026 18:06:36.949;0;0;0;0;
05/02/2026 18:19:13.553;0;1;0;0;
05/02/2026 18:19:15.68;0;0;0;0;
05/02/2026 18:22:53.660;0;1;0;0;
05/02/2026 18:22:55.234;0;0;0;0;
05/02/2026 18:33:53.968;0;1;0;0;
05/02/2026 18:33:55.503;0;0;0;0;
05/02/2026 18:34:33.985;0;0;1;0;
05/02/2026 18:34:35.214;0;0;0;0;
05/02/2026 18:34:53.995;0;0;1;0;
05/02/2026 18:34:55.354;0;0;0;0;
05/02/2026 18:36:14.42;0;1;0;0;
05/02/2026 18:36:15.607;0;0;0;0;
05/02/2026 18:36:34.53;0;0;1;0;
05/02/2026 18:36:35.467;0;0;0;0;
05/02/2026 18:37:33.985;0;0;1;0;
05/02/2026 18:37:35.299;0;0;0;0;
05/02/2026 18:38:54.317;0;1;0;0;
05/02/2026 18:38:56.22;0;0;0;0;
05/02/2026 18:39:34.23;0;1;1;0;
05/02/2026 18:39:35.702;0;0;0;0;
05/02/2026 18:42:14.212;0;1;0;0;
05/02/2026 18:42:15.927;0;0;0;0;
05/02/2026 18:42:54.229;0;1;1;0;
05/02/2026 18:42:55.888;0;0;0;0;
05/02/2026 18:43:34.155;0;0;1;0;
05/02/2026 18:43:35.619;0;0;0;0;
05/02/2026 18:44:34.412;0;0;1;0;
05/02/2026 18:44:35.731;0;0;0;0;
05/02/2026 18:44:54.202;0;1;0;0;
05/02/2026 18:44:55.761;0;0;0;0;
05/02/2026 18:49:34.325;0;1;0;0;
05/02/2026 18:49:35.879;0;0;0;0;
05/02/2026 18:52:14.499;0;0;1;0;
05/02/2026 18:52:15.643;0;0;0;0;
05/02/2026 18:55:34.595;0;0;1;0;
05/02/2026 18:55:35.849;0;0;0;0;
05/02/2026 19:03:14.707;0;1;0;0;
05/02/2026 19:03:16.291;0;0;0;0;
05/02/2026 19:07:14.909;0;1;0;0;
05/02/2026 19:07:16.438;0;0;0;0;
05/02/2026 19:09:14.882;0;1;1;0;
05/02/2026 19:09:16.381;0;0;0;0;
05/02/2026 19:09:34.877;0;0;1;0;
05/02/2026 19:09:36.161;0;0;0;0;
05/02/2026 19:11:35.157;0;1;0;0;
05/02/2026 19:11:37.55;0;0;0;0;
05/02/2026 19:11:55.275;0;1;1;0;
05/02/2026 19:11:57.446;0;0;0;0;
05/02/2026 19:12:35.63;0;1;0;0;
05/02/2026 19:12:36.546;0;0;0;0;
05/02/2026 19:15:15.306;0;1;0;0;
05/02/2026 19:15:17.191;0;0;0;0;
05/02/2026 19:15:35.77;0;1;0;0;
05/02/2026 19:15:36.871;0;0;0;0;
05/02/2026 19:16:55.169;0;0;1;0;
05/02/2026 19:16:56.513;0;0;0;0;
05/02/2026 19:19:55.263;0;1;0;0;
05/02/2026 19:19:56.968;0;0;0;0;
05/02/2026 19:20:15.284;0;1;0;0;
05/02/2026 19:20:16.838;0;0;0;0;
05/02/2026 19:21:15.265;0;1;0;0;
05/02/2026 19:21:17.30;0;0;0;0;
05/02/2026 19:23:55.370;0;1;0;0;
05/02/2026 19:23:56.804;0;0;0;0;
05/02/2026 19:24:55.503;0;1;0;0;
05/02/2026 19:24:57.75;0;0;0;0;
05/02/2026 19:25:15.604;0;0;1;0;
05/02/2026 19:25:16.755;0;0;0;0;
05/02/2026 19:25:38.488;0;1;1;0;
05/02/2026 19:25:40.39;0;0;0;0;
05/02/2026 19:31:55.814;0;1;0;0;
05/02/2026 19:31:57.326;0;0;0;0;
05/02/2026 19:32:15.759;0;0;1;0;
05/02/2026 19:32:17.206;0;0;0;0;
05/02/2026 19:34:55.586;0;0;1;0;
05/02/2026 19:34:56.900;0;0;0;0;
05/02/2026 19:36:42.635;1;0;0;0;
05/02/2026 19:36:42.635;1;1;1;0;
05/02/2026 19:36:54.991;1;0;0;0;
05/02/2026 19:37:33.390;0;0;0;0;
05/02/2026 19:47:40.718;1;0;0;0;
05/02/2026 19:48:15.600;1;0;1;0;
05/02/2026 19:48:28.887;1;0;0;0;
05/02/2026 19:48:43.542;0;0;0;0;
05/02/2026 19:49:27.755;0;1;1;0;
05/02/2026 19:49:30.570;0;0;0;0;
05/02/2026 19:49:47.775;0;0;1;0;
05/02/2026 19:49:49.9;0;0;0;0;
05/02/2026 19:50:07.786;0;1;0;0;
05/02/2026 19:50:09.370;0;0;0;0;
05/02/2026 19:57:27.891;0;1;0;0;
05/02/2026 19:57:29.361;0;0;0;0;
05/02/2026 19:58:47.929;0;1;0;0;
05/02/2026 19:58:49.753;0;0;0;0;
05/02/2026 20:00:48.82;0;1;0;0;
05/02/2026 20:00:49.616;0;0;0;0;
05/02/2026 20:01:08.122;0;1;0;0;
05/02/2026 20:01:09.817;0;0;0;0;
05/02/2026 20:01:28.123;0;1;1;0;
05/02/2026 20:01:29.607;0;0;0;0;
05/02/2026 20:01:48.114;0;1;1;0;
05/02/2026 20:01:50.128;0;0;0;0;
05/02/2026 20:02:08.124;0;1;0;0;
05/02/2026 20:02:09.688;0;0;0;0;
05/02/2026 20:03:28.379;0;1;0;0;
05/02/2026 20:03:30.51;0;0;0;0;
05/02/2026 20:04:09.313;0;1;1;0;
05/02/2026 20:04:11.83;0;0;0;0;
05/02/2026 20:04:28.92;0;1;0;0;
05/02/2026 20:04:29.772;0;0;0;0;
05/02/2026 20:04:48.113;0;0;1;0;
05/02/2026 20:04:49.282;0;0;0;0;
05/02/2026 20:05:48.110;0;1;0;0;
05/02/2026 20:05:49.483;0;0;0;0;
05/02/2026 20:06:48.241;0;1;0;0;
05/02/2026 20:06:49.875;0;0;0;0;
05/02/2026 20:07:08.412;0;1;0;0;
05/02/2026 20:07:09.946;0;0;0;0;
05/02/2026 20:07:28.327;0;1;1;0;
05/02/2026 20:07:30.387;0;0;0;0;
05/02/2026 20:08:28.293;0;1;0;0;
05/02/2026 20:08:29.918;0;0;0;0;
05/02/2026 20:08:48.304;0;0;1;0;
05/02/2026 20:08:49.718;0;0;0;0;
05/02/2026 20:09:08.324;0;1;0;0;
05/02/2026 20:09:10.59;0;0;0;0;
05/02/2026 20:09:28.345;0;1;0;0;
05/02/2026 20:09:29.979;0;0;0;0;
05/02/2026 20:09:48.345;0;1;0;0;
05/02/2026 20:09:50.20;0;0;0;0;
05/02/2026 20:10:28.256;0;1;1;0;
05/02/2026 20:10:29.871;0;0;0;0;
05/02/2026 20:12:48.415;0;1;0;0;
05/02/2026 20:12:50.275;0;0;0;0;
05/02/2026 20:13:28.436;0;1;0;0;
05/02/2026 20:13:30.66;0;0;0;0;
05/02/2026 20:14:08.462;0;1;0;0;
05/02/2026 20:14:10.157;0;0;0;0;
05/02/2026 20:14:28.473;0;1;0;0;
05/02/2026 20:14:30.107;0;0;0;0;
05/02/2026 20:14:48.483;0;0;1;0;
05/02/2026 20:14:49.637;0;0;0;0;
05/02/2026 20:15:08.544;0;0;1;0;
05/02/2026 20:15:09.818;0;0;0;0;
05/02/2026 20:16:28.536;0;1;0;0;
05/02/2026 20:16:30.320;0;0;0;0;
05/02/2026 20:16:48.456;0;1;0;0;
05/02/2026 20:16:49.950;0;0;0;0;
05/02/2026 20:17:28.497;0;1;0;0;
05/02/2026 20:17:30.322;0;0;0;0;
05/02/2026 20:19:08.890;0;1;0;0;
05/02/2026 20:19:10.414;0;0;0;0;
05/02/2026 20:22:49.46;0;1;0;0;
05/02/2026 20:22:50.940;0;0;0;0;
05/02/2026 20:23:08.886;0;1;0;0;
05/02/2026 20:23:10.490;0;0;0;0;
05/02/2026 20:24:28.768;0;1;0;0;
05/02/2026 20:24:30.232;0;0;0;0;
05/02/2026 20:33:49.17;0;1;0;0;
05/02/2026 20:33:50.646;0;0;0;0;
05/02/2026 20:34:49.53;0;1;0;0;
05/02/2026 20:34:50.598;0;0;0;0;
05/02/2026 20:35:09.64;0;0;1;0;
05/02/2026 20:35:10.278;0;0;0;0;
05/02/2026 20:35:49.90;0;0;1;0;
05/02/2026 20:35:50.369;0;0;0;0;
05/02/2026 20:45:09.234;0;1;0;0;
05/02/2026 20:45:10.733;0;0;0;0;
05/02/2026 20:49:09.725;0;1;0;0;
05/02/2026 20:49:11.390;0;0;0;0;
05/02/2026 20:50:29.407;0;1;0;0;
05/02/2026 20:50:31.92;0;0;0;0;
05/02/2026 20:51:49.452;0;1;0;0;
05/02/2026 20:51:51.14;0;0;0;0;
05/02/2026 20:58:09.840;0;1;0;0;
05/02/2026 20:58:11.364;0;0;0;0;
05/02/2026 21:00:49.793;0;1;0;0;
05/02/2026 21:00:51.388;0;0;0;0;
05/02/2026 21:10:50.319;0;1;0;0;
05/02/2026 21:10:51.874;0;0;0;0;
05/02/2026 21:11:50.111;0;0;1;0;
05/02/2026 21:11:51.255;0;0;0;0;
05/02/2026 21:12:10.112;0;0;1;0;
05/02/2026 21:12:11.386;0;0;0;0;
05/02/2026 21:17:50.271;0;1;0;0;
05/02/2026 21:17:51.835;0;0;0;0;
05/02/2026 21:28:30.499;0;1;0;0;
05/02/2026 21:28:32.22;0;0;0;0;
05/02/2026 21:33:30.636;0;1;0;0;
05/02/2026 21:33:32.201;0;0;0;0;
05/02/2026 21:40:50.911;0;1;0;0;
05/02/2026 21:40:52.503;0;0;0;0;
05/02/2026 21:43:11.2;0;1;0;0;
05/02/2026 21:43:12.637;0;0;0;0;
05/02/2026 21:48:11.171;0;1;0;0;
05/02/2026 21:48:12.795;0;0;0;0;
05/02/2026 21:48:31.156;0;0;1;0;
05/02/2026 21:48:32.516;0;0;0;0;
05/02/2026 21:49:31.284;0;1;0;0;
05/02/2026 21:49:32.888;0;0;0;0;
05/02/2026 21:57:14.308;1;0;0;0;
05/02/2026 21:57:14.309;1;1;1;0;
05/02/2026 21:57:18.616;1;0;0;0;
05/02/2026 21:57:22.308;1;1;1;0;
05/02/2026 21:57:23.441;1;0;0;0;
05/02/2026 21:57:32.302;1;1;1;0;
05/02/2026 21:57:33.712;1;0;0;0;
05/02/2026 21:57:42.307;1;1;1;0;
05/02/2026 21:57:43.442;1;0;0;0;
05/02/2026 21:57:52.308;1;1;1;0;
05/02/2026 21:57:53.442;1;0;0;0;
05/02/2026 21:58:05.254;0;0;0;0;
05/02/2026 21:58:44.483;0;1;1;0;
05/02/2026 21:58:47.197;0;0;0;0;
05/02/2026 21:59:24.733;0;0;1;0;
05/02/2026 21:59:26.187;0;0;0;0;
05/02/2026 22:03:44.620;0;1;0;0;
05/02/2026 22:03:46.184;0;0;0;0;
05/02/2026 22:04:44.702;0;0;1;0;
05/02/2026 22:04:46.36;0;0;0;0;
05/02/2026 22:08:24.673;0;1;0;0;
05/02/2026 22:08:26.472;0;0;0;0;
05/02/2026 22:09:44.790;0;1;0;0;
05/02/2026 22:09:46.345;0;0;0;0;
05/02/2026 22:14:44.839;0;1;0;0;
05/02/2026 22:14:46.513;0;0;0;0;
05/02/2026 22:15:24.960;0;1;0;0;
05/02/2026 22:15:26.484;0;0;0;0;
05/02/2026 22:21:45.136;0;1;0;0;
05/02/2026 22:21:46.605;0;0;0;0;
05/02/2026 22:24:05.235;0;1;0;0;
05/02/2026 22:24:06.839;0;0;0;0;
05/02/2026 22:33:05.460;0;1;0;0;
05/02/2026 22:33:07.54;0;0;0;0;
05/02/2026 22:35:25.534;0;0;1;0;
05/02/2026 22:35:26.738;0;0;0;0;
05/02/2026 22:35:45.544;0;0;1;0;
05/02/2026 22:35:46.869;0;0;0;0;
05/02/2026 22:36:05.585;0;1;0;0;
05/02/2026 22:36:07.169;0;0;0;0;
05/02/2026 22:36:45.670;0;0;1;0;
05/02/2026 22:36:47.91;0;0;0;0;
05/02/2026 22:38:25.519;0;0;1;0;
05/02/2026 22:38:26.803;0;0;0;0;
05/02/2026 22:40:45.973;0;1;0;0;
05/02/2026 22:40:47.748;0;0;0;0;
05/02/2026 22:41:25.705;0;1;0;0;
05/02/2026 22:41:27.329;0;0;0;0;
05/02/2026 22:45:25.811;0;1;0;0;
05/02/2026 22:45:27.285;0;0;0;0;
05/02/2026 22:46:05.963;0;0;1;0;
05/02/2026 22:46:07.116;0;0;0;0;
05/02/2026 22:46:26.84;0;0;1;0;
05/02/2026 22:46:27.357;0;0;0;0;
05/02/2026 22:48:45.919;0;1;0;0;
05/02/2026 22:48:47.581;0;0;0;0;
05/02/2026 22:49:25.848;0;1;1;0;
05/02/2026 22:49:27.462;0;0;0;0;
05/02/2026 22:50:25.849;0;1;0;0;
05/02/2026 22:50:27.374;0;0;0;0;
05/02/2026 22:51:25.976;0;0;1;0;
05/02/2026 22:51:27.335;0;0;0;0;
05/02/2026 22:52:46.23;0;1;0;0;
05/02/2026 22:52:47.478;0;0;0;0;
05/02/2026 23:05:26.395;0;1;0;0;
05/02/2026 23:05:27.849;0;0;0;0;
05/02/2026 23:05:46.415;0;0;1;0;
05/02/2026 23:05:47.549;0;0;0;0;
05/02/2026 23:06:06.316;0;0;1;0;
05/02/2026 23:06:07.570;0;0;0;0;
05/02/2026 23:06:26.371;0;1;0;0;
05/02/2026 23:06:27.901;0;0;0;0;
05/02/2026 23:07:06.620;0;1;0;0;
05/02/2026 23:07:08.232;0;0;0;0;
05/02/2026 23:08:06.359;0;1;0;0;
05/02/2026 23:08:07.914;0;0;0;0;
05/02/2026 23:09:06.491;0;1;0;0;
05/02/2026 23:09:08.45;0;0;0;0;
05/02/2026 23:09:26.501;0;0;1;0;
05/02/2026 23:09:27.956;0;0;0;0;
05/02/2026 23:10:46.544;0;0;1;0;
05/02/2026 23:10:47.908;0;0;0;0;
05/02/2026 23:12:26.548;0;1;0;0;
05/02/2026 23:12:28.71;0;0;0;0;
05/02/2026 23:14:46.650;0;1;0;0;
05/02/2026 23:14:48.395;0;0;0;0;
05/02/2026 23:15:46.772;0;1;0;0;
05/02/2026 23:15:48.437;0;0;0;0;
05/02/2026 23:17:46.755;0;1;0;0;
05/02/2026 23:17:48.220;0;0;0;0;
05/02/2026 23:18:26.709;0;0;1;0;
05/02/2026 23:18:27.840;0;0;0;0;
05/02/2026 23:18:46.830;0;0;1;0;
05/02/2026 23:18:48.111;0;0;0;0;
05/02/2026 23:20:46.825;0;1;0;0;
05/02/2026 23:20:48.445;0;0;0;0;
05/02/2026 23:22:07.33;0;1;0;0;
05/02/2026 23:22:08.667;0;0;0;0;
05/02/2026 23:22:46.894;0;0;1;0;
05/02/2026 23:22:48.378;0;0;0;0;
05/02/2026 23:23:26.915;0;1;0;0;
05/02/2026 23:23:28.419;0;0;0;0;
05/02/2026 23:23:46.935;0;0;1;0;
05/02/2026 23:23:48.309;0;0;0;0;
05/02/2026 23:24:46.965;0;1;0;0;
05/02/2026 23:24:48.431;0;0;0;0;
05/02/2026 23:25:46.879;0;1;0;0;
05/02/2026 23:25:48.583;0;0;0;0;
05/02/2026 23:26:06.889;0;1;0;0;
05/02/2026 23:26:08.413;0;0;0;0;
05/02/2026 23:26:26.899;0;1;1;0;
05/02/2026 23:26:28.754;0;0;0;0;
05/02/2026 23:26:47.20;0;1;0;0;
05/02/2026 23:26:48.695;0;0;0;0;
05/02/2026 23:27:27.31;0;0;1;0;
05/02/2026 23:27:28.455;0;0;0;0;
05/02/2026 23:27:47.42;0;1;0;0;
05/02/2026 23:27:48.736;0;0;0;0;
05/02/2026 23:28:27.273;0;1;0;0;
05/02/2026 23:28:28.787;0;0;0;0;
05/02/2026 23:28:47.73;0;0;1;0;
05/02/2026 23:28:48.437;0;0;0;0;
05/02/2026 23:29:07.79;0;1;0;0;
05/02/2026 23:29:08.738;0;0;0;0;
05/02/2026 23:29:47.110;0;1;0;0;
05/02/2026 23:29:48.609;0;0;0;0;
05/02/2026 23:30:47.59;0;1;0;0;
05/02/2026 23:30:49.271;0;0;0;0;
05/02/2026 23:31:27.292;0;1;0;0;
05/02/2026 23:31:29.32;0;0;0;0;
05/02/2026 23:32:27.79;0;1;0;0;
05/02/2026 23:32:28.693;0;0;0;0;
05/02/2026 23:33:27.211;0;0;1;0;
05/02/2026 23:33:28.345;0;0;0;0;
05/02/2026 23:34:07.232;0;0;1;0;
05/02/2026 23:34:08.506;0;0;0;0;
05/02/2026 23:34:47.483;0;1;0;0;
05/02/2026 23:34:49.27;0;0;0;0;
05/02/2026 23:35:07.564;0;1;0;0;
05/02/2026 23:35:09.158;0;0;0;0;
05/02/2026 23:35:27.274;0;1;0;0;
05/02/2026 23:35:29.169;0;0;0;0;
05/02/2026 23:37:07.429;0;1;0;0;
05/02/2026 23:37:08.951;0;0;0;0;
05/02/2026 23:37:27.321;0;1;0;0;
05/02/2026 23:37:29.122;0;0;0;0;
05/02/2026 23:38:08.294;0;1;0;0;
05/02/2026 23:38:09.973;0;0;0;0;
05/02/2026 23:38:27.259;0;0;1;0;
05/02/2026 23:38:28.392;0;0;0;0;
05/02/2026 23:38:47.299;0;0;1;0;
05/02/2026 23:38:48.583;0;0;0;0;
05/02/2026 23:40:27.422;0;1;0;0;
05/02/2026 23:40:29.26;0;0;0;0;
05/02/2026 23:42:07.474;0;1;0;0;
05/02/2026 23:42:09.39;0;0;0;0;
05/02/2026 23:44:47.702;0;1;0;0;
05/02/2026 23:44:49.413;0;0;0;0;
05/02/2026 23:45:07.454;0;0;1;0;
05/02/2026 23:45:08.863;0;0;0;0;
05/02/2026 23:45:27.469;0;1;0;0;
05/02/2026 23:45:29.174;0;0;0;0;
05/02/2026 23:45:47.580;0;0;1;0;
05/02/2026 23:45:48.894;0;0;0;0;
05/02/2026 23:47:07.622;0;1;0;0;
05/02/2026 23:47:09.226;0;0;0;0;
05/02/2026 23:47:27.632;0;1;0;0;
05/02/2026 23:47:29.147;0;0;0;0;
05/02/2026 23:48:47.955;0;1;0;0;
05/02/2026 23:48:49.399;0;0;0;0;
05/02/2026 23:49:27.706;0;1;0;0;
05/02/2026 23:49:29.290;0;0;0;0;
05/02/2026 23:49:47.706;0;0;1;0;
05/02/2026 23:49:48.840;0;0;0;0;
05/02/2026 23:50:07.616;0;0;1;0;
05/02/2026 23:50:08.900;0;0;0;0;
05/02/2026 23:50:47.770;0;1;0;0;
05/02/2026 23:50:49.482;0;0;0;0;
05/02/2026 23:51:27.754;0;0;1;0;
05/02/2026 23:51:29.222;0;0;0;0;
05/02/2026 23:52:07.963;0;0;1;0;
05/02/2026 23:52:09.314;0;0;0;0;
05/02/2026 23:55:28.204;0;1;0;0;
05/02/2026 23:55:29.769;0;0;0;0;
05/02/2026 23:56:08.205;0;0;1;0;
05/02/2026 23:56:09.389;0;0;0;0;
05/02/2026 23:56:27.901;0;0;1;0;
05/02/2026 23:56:29.140;0;0;0;0;
05/02/2026 23:57:07.822;0;1;0;0;
05/02/2026 23:57:09.441;0;0;0;0;
05/02/2026 23:57:27.837;0;0;1;0;
05/02/2026 23:57:29.241;0;0;0;0;
05/02/2026 23:59:28.172;0;0;1;0;
05/02/2026 23:59:29.494;0;0;0;0;
05/02/2026 23:59:42.238;1;0;0;0;
05/02/2026 23:59:42.238;1;1;1;0;
05/02/2026 23:59:54.650;1;0;0;0;
06/02/2026 00:00:32.939;0;0;0;0;
06/02/2026 00:11:02.440;1;0;0;0;
06/02/2026 00:11:40.349;1;0;1;0;
06/02/2026 00:11:53.857;1;0;0;0;
06/02/2026 00:12:05.579;0;0;0;0;
06/02/2026 00:12:42.630;0;1;0;0;
06/02/2026 00:12:45.590;0;0;0;0;
06/02/2026 00:13:02.784;0;1;1;0;
06/02/2026 00:13:04.940;0;0;0;0;
06/02/2026 00:13:22.815;0;1;0;0;
06/02/2026 00:13:25.160;0;0;0;0;
06/02/2026 00:13:42.555;0;1;1;0;
06/02/2026 00:13:44.240;0;0;0;0;
06/02/2026 00:15:42.659;0;1;0;0;
06/02/2026 00:15:44.213;0;0;0;0;
06/02/2026 00:16:22.622;0;1;0;0;
06/02/2026 00:16:24.214;0;0;0;0;
06/02/2026 00:20:22.977;0;1;0;0;
06/02/2026 00:20:24.681;0;0;0;0;
06/02/2026 00:21:02.807;0;1;0;0;
06/02/2026 00:21:04.481;0;0;0;0;
06/02/2026 00:23:22.720;0;1;0;0;
06/02/2026 00:23:24.215;0;0;0;0;
06/02/2026 00:24:02.841;0;1;0;0;
06/02/2026 00:24:04.456;0;0;0;0;
06/02/2026 00:24:22.852;0;1;0;0;
06/02/2026 00:24:24.496;0;0;0;0;
06/02/2026 00:25:23.86;0;1;0;0;
06/02/2026 00:25:24.838;0;0;0;0;
06/02/2026 00:25:43.177;0;1;0;0;
06/02/2026 00:25:44.689;0;0;0;0;
06/02/2026 00:26:02.899;0;1;0;0;
06/02/2026 00:26:04.639;0;0;0;0;
06/02/2026 00:27:02.946;0;1;0;0;
06/02/2026 00:27:04.400;0;0;0;0;
06/02/2026 00:27:22.967;0;0;1;0;
06/02/2026 00:27:24.311;0;0;0;0;
06/02/2026 00:29:03.24;0;1;0;0;
06/02/2026 00:29:05.94;0;0;0;0;
06/02/2026 00:29:23.120;0;1;0;0;
06/02/2026 00:29:24.704;0;0;0;0;
06/02/2026 00:29:42.900;0;1;0;0;
06/02/2026 00:29:44.574;0;0;0;0;
06/02/2026 00:30:02.911;0;0;1;0;
06/02/2026 00:30:04.54;0;0;0;0;
06/02/2026 00:30:23.21;0;0;1;0;
06/02/2026 00:30:24.245;0;0;0;0;
06/02/2026 00:30:43.32;0;1;0;0;
06/02/2026 00:30:44.606;0;0;0;0;
06/02/2026 00:31:23.53;0;1;0;0;
06/02/2026 00:31:24.697;0;0;0;0;
06/02/2026 00:34:23.47;0;1;0;0;
06/02/2026 00:34:24.632;0;0;0;0;
06/02/2026 00:35:23.79;0;1;0;0;
06/02/2026 00:35:24.693;0;0;0;0;
06/02/2026 00:36:23.120;0;1;0;0;
06/02/2026 00:36:24.645;0;0;0;0;
06/02/2026 00:38:23.253;0;1;0;0;
06/02/2026 00:38:24.828;0;0;0;0;
06/02/2026 00:39:43.295;0;1;0;0;
06/02/2026 00:39:45.150;0;0;0;0;
06/02/2026 00:40:43.451;0;1;0;0;
06/02/2026 00:40:45.1;0;0;0;0;
06/02/2026 00:41:03.237;0;1;0;0;
06/02/2026 00:41:05.272;0;0;0;0;
06/02/2026 00:41:23.248;0;0;1;0;
06/02/2026 00:41:24.412;0;0;0;0;
06/02/2026 00:41:43.258;0;0;1;0;
06/02/2026 00:41:44.512;0;0;0;0;
06/02/2026 00:42:23.279;0;1;0;0;
06/02/2026 00:42:24.804;0;0;0;0;
06/02/2026 00:44:43.653;0;1;0;0;
06/02/2026 00:44:45.288;0;0;0;0;
06/02/2026 00:45:43.464;0;0;1;0;
06/02/2026 00:45:44.829;0;0;0;0;
06/02/2026 00:50:43.722;0;1;0;0;
06/02/2026 00:50:45.417;0;0;0;0;
06/02/2026 00:51:23.693;0;1;0;0;
06/02/2026 00:51:25.448;0;0;0;0;
06/02/2026 00:52:23.634;0;1;0;0;
06/02/2026 00:52:25.179;0;0;0;0;
06/02/2026 00:53:43.686;0;1;0;0;
06/02/2026 00:53:45.241;0;0;0;0;
06/02/2026 00:57:23.767;0;1;0;0;
06/02/2026 00:57:25.416;0;0;0;0;
06/02/2026 01:00:43.888;0;1;0;0;
06/02/2026 01:00:45.591;0;0;0;0;
06/02/2026 01:01:23.871;0;1;0;0;
06/02/2026 01:01:25.392;0;0;0;0;
06/02/2026 01:01:44.212;0;1;0;0;
06/02/2026 01:01:45.773;0;0;0;0;
06/02/2026 01:02:04.91;0;0;1;0;
06/02/2026 01:02:05.223;0;0;0;0;
06/02/2026 01:03:03.816;0;0;1;0;
06/02/2026 01:03:05.74;0;0;0;0;
06/02/2026 01:05:06.106;0;1;0;0;
06/02/2026 01:05:07.580;0;0;0;0;
06/02/2026 01:12:44.206;0;1;0;0;
06/02/2026 01:12:45.950;0;0;0;0;
06/02/2026 01:16:24.291;0;1;0;0;
06/02/2026 01:16:25.845;0;0;0;0;
06/02/2026 01:16:44.301;0;0;1;0;
06/02/2026 01:16:45.616;0;0;0;0;
06/02/2026 01:19:04.375;0;1;0;0;
06/02/2026 01:19:06.30;0;0;0;0;
06/02/2026 01:21:25.390;0;1;0;0;
06/02/2026 01:21:26.944;0;0;0;0;
06/02/2026 01:33:04.928;0;1;0;0;
06/02/2026 01:33:06.542;0;0;0;0;
06/02/2026 01:34:44.730;0;1;0;0;
06/02/2026 01:34:46.304;0;0;0;0;
06/02/2026 01:44:05.106;0;0;1;0;
06/02/2026 01:44:06.249;0;0;0;0;
06/02/2026 01:45:25.70;0;0;1;0;
06/02/2026 01:45:26.321;0;0;0;0;
06/02/2026 01:48:25.412;0;1;0;0;
06/02/2026 01:48:27.37;0;0;0;0;
06/02/2026 01:50:25.275;0;1;0;0;
06/02/2026 01:50:26.840;0;0;0;0;
06/02/2026 01:53:25.255;0;1;0;0;
06/02/2026 01:53:26.785;0;0;0;0;
06/02/2026 01:54:25.392;0;1;0;0;
06/02/2026 01:54:27.26;0;0;0;0;
06/02/2026 02:04:25.598;0;1;0;0;
06/02/2026 02:04:27.283;0;0;0;0;
06/02/2026 02:05:45.696;0;1;0;0;
06/02/2026 02:05:47.315;0;0;0;0;
06/02/2026 02:07:45.765;0;1;0;0;
06/02/2026 02:07:47.248;0;0;0;0;
06/02/2026 02:10:25.748;0;1;0;0;
06/02/2026 02:10:27.363;0;0;0;0;
06/02/2026 02:27:22.576;1;1;1;0;
06/02/2026 02:27:22.585;1;1;1;0;
06/02/2026 02:27:26.830;1;0;0;0;
06/02/2026 02:27:30.232;1;1;1;0;
06/02/2026 02:27:31.365;1;0;0;0;
06/02/2026 02:27:40.231;1;1;1;0;
06/02/2026 02:27:41.636;1;0;0;0;
06/02/2026 02:27:50.232;1;1;1;0;
06/02/2026 02:27:51.366;1;0;0;0;
06/02/2026 02:28:00.231;1;1;1;0;
06/02/2026 02:28:01.386;1;0;0;0;
06/02/2026 02:28:13.388;0;0;0;0;
06/02/2026 02:28:52.407;0;1;1;0;
06/02/2026 02:28:56.262;0;0;0;0;
06/02/2026 02:29:12.436;0;1;1;0;
06/02/2026 02:29:14.71;0;0;0;0;
06/02/2026 02:29:32.436;0;1;1;0;
06/02/2026 02:29:33.951;0;0;0;0;
06/02/2026 02:30:12.588;0;1;0;0;
06/02/2026 02:30:14.52;0;0;0;0;
06/02/2026 02:30:32.359;0;0;1;0;
06/02/2026 02:30:33.743;0;0;0;0;
06/02/2026 02:36:52.550;0;1;0;0;
06/02/2026 02:36:54.344;0;0;0;0;
06/02/2026 02:37:32.540;0;1;0;0;
06/02/2026 02:37:34.95;0;0;0;0;
06/02/2026 02:44:13.4;0;1;0;0;
06/02/2026 02:44:14.656;0;0;0;0;
06/02/2026 02:45:32.874;0;1;0;0;
06/02/2026 02:45:34.478;0;0;0;0;
06/02/2026 02:55:13.202;0;0;1;0;
06/02/2026 02:55:14.405;0;0;0;0;
06/02/2026 03:04:53.347;0;1;0;0;
06/02/2026 03:04:54.871;0;0;0;0;
06/02/2026 03:05:13.358;0;0;1;0;
06/02/2026 03:05:14.702;0;0;0;0;
06/02/2026 03:05:33.368;0;1;0;0;
06/02/2026 03:05:34.923;0;0;0;0;
06/02/2026 03:15:33.945;0;1;0;0;
06/02/2026 03:15:35.560;0;0;0;0;
06/02/2026 03:15:54.46;0;0;1;0;
06/02/2026 03:15:55.340;0;0;0;0;
06/02/2026 03:16:13.782;0;1;0;0;
06/02/2026 03:16:15.371;0;0;0;0;
06/02/2026 03:22:33.878;0;1;0;0;
06/02/2026 03:22:35.582;0;0;0;0;
06/02/2026 03:23:13.898;0;1;0;0;
06/02/2026 03:23:15.453;0;0;0;0;
06/02/2026 03:24:34.294;0;1;0;0;
06/02/2026 03:24:36.156;0;0;0;0;
06/02/2026 03:25:14.42;0;1;0;0;
06/02/2026 03:25:15.656;0;0;0;0;
06/02/2026 03:28:34.47;0;1;0;0;
06/02/2026 03:28:35.662;0;0;0;0;
06/02/2026 03:30:35.232;0;1;0;0;
06/02/2026 03:30:36.856;0;0;0;0;
06/02/2026 03:42:34.561;0;1;0;0;
06/02/2026 03:42:36.205;0;0;0;0;
06/02/2026 03:42:54.566;0;0;1;0;
06/02/2026 03:42:55.705;0;0;0;0;
06/02/2026 03:43:14.577;0;0;1;0;
06/02/2026 03:43:15.896;0;0;0;0;
06/02/2026 03:44:54.775;0;1;0;0;
06/02/2026 03:44:56.369;0;0;0;0;
06/02/2026 03:45:34.666;0;0;1;0;
06/02/2026 03:45:36.80;0;0;0;0;
06/02/2026 03:46:54.598;0;0;1;0;
06/02/2026 03:46:55.912;0;0;0;0;
06/02/2026 03:47:54.921;0;1;0;0;
06/02/2026 03:47:56.655;0;0;0;0;
06/02/2026 03:48:14.625;0;1;0;0;
06/02/2026 03:48:16.365;0;0;0;0;
06/02/2026 03:48:54.751;0;1;0;0;
06/02/2026 03:48:56.656;0;0;0;0;
06/02/2026 03:49:14.762;0;1;0;0;
06/02/2026 03:49:16.196;0;0;0;0;
06/02/2026 03:51:15.40;0;1;0;0;
06/02/2026 03:51:16.540;0;0;0;0;
06/02/2026 03:51:54.866;0;0;1;0;
06/02/2026 03:51:56.60;0;0;0;0;
06/02/2026 03:52:14.757;0;1;1;0;
06/02/2026 03:52:16.311;0;0;0;0;
06/02/2026 03:53:34.851;0;1;1;0;
06/02/2026 03:53:36.443;0;0;0;0;
06/02/2026 03:53:54.972;0;1;0;0;
06/02/2026 03:53:56.434;0;0;0;0;
06/02/2026 03:54:17.93;0;0;1;0;
06/02/2026 03:54:18.457;0;0;0;0;
06/02/2026 03:54:54.921;0;1;0;0;
06/02/2026 03:54:56.836;0;0;0;0;
06/02/2026 03:57:35.251;0;1;0;0;
06/02/2026 03:57:36.750;0;0;0;0;
06/02/2026 04:04:15.206;0;1;0;0;
06/02/2026 04:04:16.800;0;0;0;0;
06/02/2026 04:05:15.128;0;0;1;0;
06/02/2026 04:05:16.381;0;0;0;0;
06/02/2026 04:06:55.359;0;1;0;0;
06/02/2026 04:06:57.15;0;0;0;0;
06/02/2026 04:12:15.328;0;1;0;0;
06/02/2026 04:12:16.852;0;0;0;0;
06/02/2026 04:12:55.359;0;0;1;0;
06/02/2026 04:12:56.583;0;0;0;0;
06/02/2026 04:13:15.483;0;0;1;0;
06/02/2026 04:13:16.794;0;0;0;0;
06/02/2026 04:19:15.539;0;1;1;0;
06/02/2026 04:19:17.363;0;0;0;0;
06/02/2026 04:20:15.570;0;1;0;0;
06/02/2026 04:20:17.125;0;0;0;0;
06/02/2026 04:23:15.755;0;0;1;0;
06/02/2026 04:23:16.999;0;0;0;0;
06/02/2026 04:25:15.988;0;1;0;0;
06/02/2026 04:25:17.452;0;0;0;0;
06/02/2026 04:27:15.861;0;1;0;0;
06/02/2026 04:27:17.445;0;0;0;0;
06/02/2026 04:27:35.866;0;0;1;0;
06/02/2026 04:27:37.245;0;0;0;0;
06/02/2026 04:28:36.46;0;0;1;0;
06/02/2026 04:28:37.377;0;0;0;0;
06/02/2026 04:28:56.225;0;1;0;0;
06/02/2026 04:28:57.768;0;0;0;0;
06/02/2026 04:29:24.932;1;0;0;0;
06/02/2026 04:29:24.933;1;1;1;0;
06/02/2026 04:29:37.278;1;0;0;0;
06/02/2026 04:30:15.177;0;0;0;0;
06/02/2026 04:42:43.691;1;0;0;0;
06/02/2026 04:43:21.841;1;0;1;0;
06/02/2026 04:43:35.318;1;0;0;0;
06/02/2026 04:43:45.789;0;0;0;0;
06/02/2026 04:44:23.776;0;1;1;0;
06/02/2026 04:44:29.23;0;0;0;0;
06/02/2026 04:44:43.815;0;1;1;0;
06/02/2026 04:44:45.710;0;0;0;0;
06/02/2026 04:45:03.826;0;1;1;0;
06/02/2026 04:45:06.21;0;0;0;0;
06/02/2026 04:45:23.806;0;1;0;0;
06/02/2026 04:45:25.891;0;0;0;0;
06/02/2026 04:45:43.717;0;1;1;0;
06/02/2026 04:45:46.22;0;0;0;0;
06/02/2026 04:46:03.727;0;1;1;0;
06/02/2026 04:46:05.432;0;0;0;0;
06/02/2026 04:47:03.869;0;1;0;0;
06/02/2026 04:47:05.333;0;0;0;0;
06/02/2026 04:50:23.944;0;1;0;0;
06/02/2026 04:50:25.629;0;0;0;0;
06/02/2026 04:51:03.970;0;1;0;0;
06/02/2026 04:51:05.590;0;0;0;0;
06/02/2026 04:59:04.267;0;1;0;0;
06/02/2026 04:59:05.762;0;0;0;0;
06/02/2026 04:59:44.372;0;1;1;0;
06/02/2026 04:59:46.53;0;0;0;0;
06/02/2026 05:00:24.110;0;1;0;0;
06/02/2026 05:00:25.934;0;0;0;0;
06/02/2026 05:00:44.121;0;1;0;0;
06/02/2026 05:00:45.885;0;0;0;0;
06/02/2026 05:01:04.231;0;1;0;0;
06/02/2026 05:01:05.975;0;0;0;0;
06/02/2026 05:03:04.324;0;0;1;0;
06/02/2026 05:03:05.538;0;0;0;0;
06/02/2026 05:03:24.424;0;0;1;0;
06/02/2026 05:03:25.789;0;0;0;0;
06/02/2026 05:06:24.309;0;1;0;0;
06/02/2026 05:06:26.43;0;0;0;0;
06/02/2026 05:06:44.349;0;1;0;0;
06/02/2026 05:06:45.904;0;0;0;0;
06/02/2026 05:07:04.444;0;1;0;0;
06/02/2026 05:07:06.285;0;0;0;0;
06/02/2026 05:10:44.515;0;1;0;0;
06/02/2026 05:10:46.0;0;0;0;0;
06/02/2026 05:12:04.457;0;1;0;0;
06/02/2026 05:12:06.282;0;0;0;0;
06/02/2026 05:12:44.478;0;1;0;0;
06/02/2026 05:12:46.93;0;0;0;0;
06/02/2026 05:14:04.611;0;1;0;0;
06/02/2026 05:14:06.405;0;0;0;0;
06/02/2026 05:14:24.622;0;0;1;0;
06/02/2026 05:14:25.875;0;0;0;0;
06/02/2026 05:14:44.775;0;1;1;0;
06/02/2026 05:14:46.646;0;0;0;0;
06/02/2026 05:17:04.705;0;1;0;0;
06/02/2026 05:17:06.690;0;0;0;0;
06/02/2026 05:17:24.715;0;0;1;0;
06/02/2026 05:17:25.950;0;0;0;0;
06/02/2026 05:17:44.737;0;1;0;0;
06/02/2026 05:17:46.621;0;0;0;0;
06/02/2026 05:19:24.683;0;1;0;0;
06/02/2026 05:19:26.183;0;0;0;0;
06/02/2026 05:21:44.834;0;1;0;0;
06/02/2026 05:21:46.557;0;0;0;0;
06/02/2026 05:24:24.936;0;1;0;0;
06/02/2026 05:24:26.531;0;0;0;0;
06/02/2026 05:27:45.1;0;0;1;0;
06/02/2026 05:27:46.355;0;0;0;0;
06/02/2026 05:36:25.248;0;1;0;0;
06/02/2026 05:36:26.849;0;0;0;0;
06/02/2026 05:38:45.268;0;1;0;0;
06/02/2026 05:38:46.822;0;0;0;0;
06/02/2026 05:58:26.179;0;0;1;0;
06/02/2026 05:58:27.313;0;0;0;0;
06/02/2026 05:59:25.800;0;0;1;0;
06/02/2026 05:59:27.54;0;0;0;0;
06/02/2026 06:41:07.8;0;1;0;0;
06/02/2026 06:41:08.502;0;0;0;0;
06/02/2026 06:41:27.38;0;0;1;0;
06/02/2026 06:41:28.422;0;0;0;0;
06/02/2026 06:44:07.183;0;1;0;0;
06/02/2026 06:44:08.767;0;0;0;0;
06/02/2026 06:49:47.342;0;1;0;0;
06/02/2026 06:49:49.57;0;0;0;0;
06/02/2026 06:50:27.363;0;1;0;0;
06/02/2026 06:50:28.968;0;0;0;0;
06/02/2026 07:01:19.678;0;1;1;0;
06/02/2026 07:01:19.679;1;1;1;0;
06/02/2026 07:01:23.891;1;0;0;0;
06/02/2026 07:01:27.583;1;1;1;0;
06/02/2026 07:01:28.736;1;0;0;0;
06/02/2026 07:01:37.581;1;1;1;0;
06/02/2026 07:01:39.56;1;0;0;0;
06/02/2026 07:01:47.582;1;1;1;0;
06/02/2026 07:01:48.736;1;0;0;0;
06/02/2026 07:01:57.577;1;1;1;0;
06/02/2026 07:01:58.727;1;0;0;0;
06/02/2026 07:02:10.68;0;0;0;0;
06/02/2026 07:02:49.767;0;1;1;0;
06/02/2026 07:02:52.752;0;0;0;0;
06/02/2026 07:03:29.777;0;1;1;0;
06/02/2026 07:03:31.362;0;0;0;0;
06/02/2026 07:10:29.879;0;1;0;0;
06/02/2026 07:10:31.343;0;0;0;0;
06/02/2026 07:10:49.880;0;0;1;0;
06/02/2026 07:10:51.224;0;0;0;0;
06/02/2026 07:12:50.33;0;1;0;0;
06/02/2026 07:12:51.698;0;0;0;0;
06/02/2026 07:17:10.150;0;1;0;0;
06/02/2026 07:17:11.705;0;0;0;0;
06/02/2026 07:21:10.382;0;1;0;0;
06/02/2026 07:21:12.52;0;0;0;0;
06/02/2026 07:25:10.384;0;1;0;0;
06/02/2026 07:25:12.79;0;0;0;0;
06/02/2026 07:27:10.763;0;1;0;0;
06/02/2026 07:27:12.462;0;0;0;0;
06/02/2026 07:32:10.626;0;1;0;0;
06/02/2026 07:32:12.181;0;0;0;0;
06/02/2026 07:36:50.704;0;1;0;0;
06/02/2026 07:36:52.339;0;0;0;0;
06/02/2026 07:41:50.883;0;1;0;0;
06/02/2026 07:41:52.457;0;0;0;0;
06/02/2026 07:42:30.864;0;0;1;0;
06/02/2026 07:42:32.18;0;0;0;0;
06/02/2026 07:42:50.869;0;0;1;0;
06/02/2026 07:42:52.148;0;0;0;0;
06/02/2026 07:44:31.182;0;1;0;0;
06/02/2026 07:44:32.792;0;0;0;0;
06/02/2026 07:47:11.155;0;1;0;0;
06/02/2026 07:47:12.816;0;0;0;0;
06/02/2026 07:49:11.55;0;1;1;0;
06/02/2026 07:49:12.680;0;0;0;0;
06/02/2026 07:50:11.177;0;0;1;0;
06/02/2026 07:50:12.581;0;0;0;0;
06/02/2026 07:51:11.14;0;0;1;0;
06/02/2026 07:51:12.363;0;0;0;0;
06/02/2026 07:53:31.173;0;1;0;0;
06/02/2026 07:53:32.737;0;0;0;0;
06/02/2026 07:56:31.167;0;1;0;0;
06/02/2026 07:56:32.752;0;0;0;0;
06/02/2026 08:08:11.767;0;1;0;0;
06/02/2026 08:08:13.292;0;0;0;0;
06/02/2026 08:08:31.508;0;0;1;0;
06/02/2026 08:08:32.672;0;0;0;0;
06/02/2026 08:08:51.518;0;0;1;0;
06/02/2026 08:08:52.802;0;0;0;0;
06/02/2026 08:09:51.530;0;1;0;0;
06/02/2026 08:09:53.84;0;0;0;0;
06/02/2026 08:17:12.95;0;0;1;0;
06/02/2026 08:17:13.427;0;0;0;0;
06/02/2026 08:18:51.895;0;1;0;0;
06/02/2026 08:18:53.459;0;0;0;0;
06/02/2026 08:20:12.87;0;1;0;0;
06/02/2026 08:20:13.642;0;0;0;0;
06/02/2026 08:24:32.84;0;1;0;0;
06/02/2026 08:24:33.909;0;0;0;0;
06/02/2026 08:25:12.75;0;1;0;0;
06/02/2026 08:25:13.750;0;0;0;0;
06/02/2026 08:28:12.55;0;0;1;0;
06/02/2026 08:28:13.284;0;0;0;0;
06/02/2026 08:37:32.416;0;1;0;0;
06/02/2026 08:37:34.9;0;0;0;0;
06/02/2026 08:38:32.547;0;1;0;0;
06/02/2026 08:38:34.161;0;0;0;0;
06/02/2026 08:39:12.362;0;1;0;0;
06/02/2026 08:39:13.922;0;0;0;0;
06/02/2026 08:39:52.394;0;1;0;0;
06/02/2026 08:39:53.953;0;0;0;0;
06/02/2026 08:40:52.400;0;1;0;0;
06/02/2026 08:40:54.195;0;0;0;0;
06/02/2026 08:41:12.506;0;1;0;0;
06/02/2026 08:41:14.35;0;0;0;0;
06/02/2026 08:41:52.646;0;1;0;0;
06/02/2026 08:41:54.637;0;0;0;0;
06/02/2026 08:42:12.757;0;1;0;0;
06/02/2026 08:42:14.357;0;0;0;0;
06/02/2026 08:42:32.553;0;1;0;0;
06/02/2026 08:42:34.548;0;0;0;0;
06/02/2026 08:42:52.563;0;1;0;0;
06/02/2026 08:42:54.8;0;0;0;0;
06/02/2026 08:43:12.574;0;0;1;0;
06/02/2026 08:43:13.728;0;0;0;0;
06/02/2026 08:43:32.594;0;1;1;0;
06/02/2026 08:43:34.229;0;0;0;0;
06/02/2026 08:44:12.605;0;1;0;0;
06/02/2026 08:44:14.170;0;0;0;0;
06/02/2026 08:44:32.631;0;1;0;0;
06/02/2026 08:44:34.220;0;0;0;0;
06/02/2026 08:45:12.667;0;1;0;0;
06/02/2026 08:45:14.101;0;0;0;0;
06/02/2026 08:47:52.691;0;1;0;0;
06/02/2026 08:47:55.96;0;0;0;0;
06/02/2026 08:48:12.837;0;1;0;0;
06/02/2026 08:48:14.916;0;0;0;0;
06/02/2026 08:49:13.165;0;1;0;0;
06/02/2026 08:49:14.618;0;0;0;0;
06/02/2026 08:50:12.764;0;1;0;0;
06/02/2026 08:50:14.249;0;0;0;0;
06/02/2026 08:50:32.775;0;0;1;0;
06/02/2026 08:50:34.39;0;0;0;0;
06/02/2026 08:51:12.816;0;1;0;0;
06/02/2026 08:51:14.390;0;0;0;0;
06/02/2026 08:53:12.769;0;1;0;0;
06/02/2026 08:53:14.323;0;0;0;0;
06/02/2026 08:54:12.770;0;1;0;0;
06/02/2026 08:54:14.385;0;0;0;0;
06/02/2026 09:01:13.61;0;0;1;0;
06/02/2026 09:01:14.495;0;0;0;0;
06/02/2026 09:01:33.81;0;0;1;0;
06/02/2026 09:01:34.426;0;0;0;0;
06/02/2026 09:01:53.82;0;0;1;0;
06/02/2026 09:01:54.326;0;0;0;0;
06/02/2026 09:02:56.351;1;0;0;0;
06/02/2026 09:02:56.352;1;1;1;0;
06/02/2026 09:03:08.882;1;0;0;0;
06/02/2026 09:03:46.851;0;0;0;0;
06/02/2026 09:17:57.938;1;0;0;0;
06/02/2026 09:18:35.797;1;0;1;0;
06/02/2026 09:18:49.344;1;0;0;0;
06/02/2026 09:19:00.196;0;0;0;0;
06/02/2026 09:19:37.953;0;1;0;0;
06/02/2026 09:19:43.20;0;0;0;0;
06/02/2026 09:19:57.962;0;1;1;0;
06/02/2026 09:20:00.7;0;0;0;0;
06/02/2026 09:20:17.973;0;1;1;0;
06/02/2026 09:20:20.168;0;0;0;0;
06/02/2026 09:20:58.26;0;1;0;0;
06/02/2026 09:20:59.478;0;0;0;0;
06/02/2026 09:25:38.326;0;1;0;0;
06/02/2026 09:25:39.945;0;0;0;0;
06/02/2026 09:25:58.181;0;1;0;0;
06/02/2026 09:25:59.766;0;0;0;0;
06/02/2026 09:26:38.143;0;0;1;0;
06/02/2026 09:26:39.426;0;0;0;0;
06/02/2026 09:26:58.153;0;0;1;0;
06/02/2026 09:26:59.397;0;0;0;0;
06/02/2026 09:29:18.252;0;1;0;0;
06/02/2026 09:29:19.921;0;0;0;0;
06/02/2026 09:30:18.447;0;1;0;0;
06/02/2026 09:30:20.123;0;0;0;0;
06/02/2026 09:33:18.343;0;0;1;0;
06/02/2026 09:33:19.607;0;0;0;0;
06/02/2026 09:33:38.394;0;0;1;0;
06/02/2026 09:33:39.757;0;0;0;0;
06/02/2026 09:34:38.670;0;1;0;0;
06/02/2026 09:34:40.139;0;0;0;0;
06/02/2026 09:34:58.395;0;1;0;0;
06/02/2026 09:34:59.900;0;0;0;0;
06/02/2026 09:35:18.406;0;0;1;0;
06/02/2026 09:35:19.610;0;0;0;0;
06/02/2026 09:35:38.426;0;1;0;0;
06/02/2026 09:35:40.181;0;0;0;0;
06/02/2026 09:41:38.645;0;1;0;0;
06/02/2026 09:41:40.270;0;0;0;0;
06/02/2026 09:42:58.527;0;1;0;0;
06/02/2026 09:43:00.352;0;0;0;0;
06/02/2026 09:43:38.548;0;1;0;0;
06/02/2026 09:43:40.103;0;0;0;0;
06/02/2026 09:45:58.904;0;1;0;0;
06/02/2026 09:46:00.447;0;0;0;0;
06/02/2026 09:46:58.723;0;0;1;0;
06/02/2026 09:46:59.897;0;0;0;0;
06/02/2026 09:47:18.729;0;0;1;0;
06/02/2026 09:47:19.968;0;0;0;0;
06/02/2026 09:51:58.862;0;1;0;0;
06/02/2026 09:52:00.365;0;0;0;0;
06/02/2026 09:52:58.995;0;1;0;0;
06/02/2026 09:53:00.717;0;0;0;0;
06/02/2026 09:57:38.950;0;0;1;0;
06/02/2026 09:57:40.83;0;0;0;0;
06/02/2026 09:59:39.104;0;0;1;0;
06/02/2026 09:59:40.387;0;0;0;0;
06/02/2026 10:01:19.145;0;1;0;0;
06/02/2026 10:01:20.860;0;0;0;0;
06/02/2026 10:01:59.166;0;1;0;0;
06/02/2026 10:02:00.730;0;0;0;0;
06/02/2026 10:12:19.452;0;1;0;0;
06/02/2026 10:12:21.16;0;0;0;0;
06/02/2026 10:13:39.708;0;1;0;0;
06/02/2026 10:13:41.278;0;0;0;0;
06/02/2026 10:21:19.705;0;0;1;0;
06/02/2026 10:21:20.970;0;0;0;0;
06/02/2026 10:21:39.716;0;0;1;0;
06/02/2026 10:21:41.100;0;0;0;0;
06/02/2026 10:23:39.689;0;1;0;0;
06/02/2026 10:23:41.304;0;0;0;0;
06/02/2026 10:26:20.46;0;1;0;0;
06/02/2026 10:26:21.618;0;0;0;0;
06/02/2026 10:30:59.880;0;1;0;0;
06/02/2026 10:31:01.495;0;0;0;0;
06/02/2026 10:34:20.106;0;1;0;0;
06/02/2026 10:34:21.700;0;0;0;0;
06/02/2026 10:37:20.60;0;1;0;0;
06/02/2026 10:37:21.495;0;0;0;0;
06/02/2026 10:38:40.401;0;1;0;0;
06/02/2026 10:38:41.997;0;0;0;0;
06/02/2026 10:54:00.787;0;0;1;0;
06/02/2026 10:54:01.921;0;0;0;0;
06/02/2026 10:54:20.548;0;0;1;0;
06/02/2026 10:54:21.802;0;0;0;0;
06/02/2026 11:09:01.274;0;1;0;0;
06/02/2026 11:09:02.786;0;0;0;0;
06/02/2026 11:10:41.95;0;0;1;0;
06/02/2026 11:10:42.489;0;0;0;0;
06/02/2026 11:12:41.58;0;1;0;0;
06/02/2026 11:12:42.612;0;0;0;0;
06/02/2026 11:23:41.867;0;1;0;0;
06/02/2026 11:23:43.491;0;0;0;0;
06/02/2026 11:25:01.418;0;1;0;0;
06/02/2026 11:25:03.3;0;0;0;0;
06/02/2026 11:28:21.609;0;1;0;0;
06/02/2026 11:28:23.239;0;0;0;0;
06/02/2026 11:32:01.715;0;1;0;0;
06/02/2026 11:32:03.315;0;0;0;0;
06/02/2026 11:33:31.762;1;0;0;0;
06/02/2026 11:33:31.763;1;1;1;0;
06/02/2026 11:33:36.150;1;0;0;0;
06/02/2026 11:33:39.657;1;1;1;0;
06/02/2026 11:33:40.795;1;0;0;0;
06/02/2026 11:33:49.660;1;1;1;0;
06/02/2026 11:33:51.55;1;0;0;0;
06/02/2026 11:33:59.656;1;1;1;0;
06/02/2026 11:34:00.795;1;0;0;0;
06/02/2026 11:34:09.661;1;1;1;0;
06/02/2026 11:34:10.796;1;0;0;0;
06/02/2026 11:34:22.278;0;0;0;0;
06/02/2026 11:35:01.867;0;1;1;0;
06/02/2026 11:35:04.961;0;0;0;0;
06/02/2026 11:35:42.112;0;1;1;0;
06/02/2026 11:35:43.721;0;0;0;0;
06/02/2026 11:38:42.395;0;0;1;0;
06/02/2026 11:38:43.756;0;0;0;0;
06/02/2026 11:44:42.405;0;1;0;0;
06/02/2026 11:44:43.906;0;0;0;0;
06/02/2026 11:50:02.378;0;1;0;0;
06/02/2026 11:50:03.995;0;0;0;0;
06/02/2026 11:57:02.453;0;1;0;0;
06/02/2026 11:57:04.87;0;0;0;0;
06/02/2026 11:58:42.596;0;0;1;0;
06/02/2026 11:58:43.740;0;0;0;0;
06/02/2026 11:59:02.736;0;0;1;0;
06/02/2026 11:59:03.991;0;0;0;0;
06/02/2026 11:59:42.437;0;1;0;0;
06/02/2026 11:59:44.142;0;0;0;0;
06/02/2026 12:04:22.690;0;1;0;0;
06/02/2026 12:04:24.310;0;0;0;0;
06/02/2026 12:07:02.654;0;1;0;0;
06/02/2026 12:07:04.244;0;0;0;0;
06/02/2026 12:15:22.994;0;1;0;0;
06/02/2026 12:15:24.538;0;0;0;0;
06/02/2026 12:17:03.57;0;0;1;0;
06/02/2026 12:17:04.381;0;0;0;0;
06/02/2026 12:18:22.999;0;1;0;0;
06/02/2026 12:18:24.584;0;0;0;0;
06/02/2026 12:23:43.138;0;1;1;0;
06/02/2026 12:23:44.723;0;0;0;0;
06/02/2026 12:24:23.234;0;0;1;0;
06/02/2026 12:24:24.584;0;0;0;0;
06/02/2026 12:25:23.610;0;1;0;0;
06/02/2026 12:25:25.166;0;0;0;0;
06/02/2026 12:32:03.483;0;1;0;0;
06/02/2026 12:32:04.997;0;0;0;0;
06/02/2026 12:33:43.535;0;1;0;0;
06/02/2026 12:33:45.70;0;0;0;0;
06/02/2026 12:38:23.663;0;1;0;0;
06/02/2026 12:38:25.177;0;0;0;0;
06/02/2026 12:38:43.674;0;0;1;0;
06/02/2026 12:38:44.858;0;0;0;0;
06/02/2026 12:39:03.679;0;0;1;0;
06/02/2026 12:39:04.978;0;0;0;0;
06/02/2026 12:39:43.845;0;1;0;0;
06/02/2026 12:39:45.440;0;0;0;0;
06/02/2026 12:40:03.766;0;0;1;0;
06/02/2026 12:40:05.210;0;0;0;0;
06/02/2026 12:41:03.642;0;0;1;0;
06/02/2026 12:41:04.992;0;0;0;0;
06/02/2026 12:52:44.257;0;0;1;0;
06/02/2026 12:52:45.391;0;0;0;0;
06/02/2026 12:53:03.988;0;0;1;0;
06/02/2026 12:53:05.242;0;0;0;0;
06/02/2026 12:55:24.292;0;1;0;0;
06/02/2026 12:55:25.876;0;0;0;0;
06/02/2026 12:56:04.158;0;1;0;0;
06/02/2026 12:56:05.817;0;0;0;0;
06/02/2026 12:58:44.498;0;1;0;0;
06/02/2026 12:58:45.992;0;0;0;0;
06/02/2026 12:59:44.178;0;1;0;0;
06/02/2026 12:59:45.703;0;0;0;0;
06/02/2026 13:04:44.617;0;1;0;0;
06/02/2026 13:04:46.492;0;0;0;0;
06/02/2026 13:07:04.394;0;1;0;0;
06/02/2026 13:07:05.895;0;0;0;0;
06/02/2026 13:07:44.626;0;0;1;0;
06/02/2026 13:07:45.976;0;0;0;0;
06/02/2026 13:08:44.523;0;1;0;0;
06/02/2026 13:08:46.127;0;0;0;0;
06/02/2026 13:09:44.549;0;0;1;0;
06/02/2026 13:09:45.819;0;0;0;0;
06/02/2026 13:12:44.559;0;1;0;0;
06/02/2026 13:12:46.234;0;0;0;0;
06/02/2026 13:13:44.644;0;1;0;0;
06/02/2026 13:13:46.385;0;0;0;0;
06/02/2026 13:14:04.980;0;0;1;0;
06/02/2026 13:14:06.416;0;0;0;0;
06/02/2026 13:14:24.865;0;1;0;0;
06/02/2026 13:14:26.546;0;0;0;0;
06/02/2026 13:14:47.748;0;0;1;0;
06/02/2026 13:14:49.100;0;0;0;0;
06/02/2026 13:15:05.734;0;0;1;0;
06/02/2026 13:15:06.978;0;0;0;0;
06/02/2026 13:15:44.724;0;0;1;0;
06/02/2026 13:15:46.178;0;0;0;0;
06/02/2026 13:16:24.775;0;0;1;0;
06/02/2026 13:16:26.169;0;0;0;0;
06/02/2026 13:17:45.92;0;1;0;0;
06/02/2026 13:17:46.591;0;0;0;0;
06/02/2026 13:19:04.729;0;1;1;0;
06/02/2026 13:19:06.223;0;0;0;0;
06/02/2026 13:21:25.136;0;1;0;0;
06/02/2026 13:21:26.767;0;0;0;0;
06/02/2026 13:25:44.919;0;1;0;0;
06/02/2026 13:25:47.14;0;0;0;0;
06/02/2026 13:26:24.930;0;1;0;0;
06/02/2026 13:26:26.604;0;0;0;0;
06/02/2026 13:27:04.941;0;1;0;0;
06/02/2026 13:27:06.585;0;0;0;0;
06/02/2026 13:27:45.314;0;1;0;0;
06/02/2026 13:27:46.937;0;0;0;0;
06/02/2026 13:28:05.193;0;0;1;0;
06/02/2026 13:28:06.367;0;0;0;0;
06/02/2026 13:28:25.297;0;0;1;0;
06/02/2026 13:28:26.597;0;0;0;0;
06/02/2026 13:32:45.130;0;1;0;0;
06/02/2026 13:32:46.604;0;0;0;0;
06/02/2026 13:33:48.244;1;0;0;0;
06/02/2026 13:33:48.245;1;1;1;0;
06/02/2026 13:34:00.870;1;0;0;0;
06/02/2026 13:34:38.939;0;0;0;0;
06/02/2026 13:58:06.309;1;0;0;0;
06/02/2026 13:58:44.223;1;0;1;0;
06/02/2026 13:58:57.800;1;0;0;0;
06/02/2026 13:59:08.461;0;0;0;0;
06/02/2026 13:59:46.519;0;1;0;0;
06/02/2026 13:59:52.366;0;0;0;0;
06/02/2026 14:00:06.598;0;0;1;0;
06/02/2026 14:00:07.832;0;0;0;0;
06/02/2026 14:00:26.678;0;0;1;0;
06/02/2026 14:00:27.913;0;0;0;0;
06/02/2026 14:02:06.382;0;1;0;0;
06/02/2026 14:02:08.56;0;0;0;0;
06/02/2026 14:02:26.372;0;1;0;0;
06/02/2026 14:02:28.497;0;0;0;0;
06/02/2026 14:02:46.372;0;1;1;0;
06/02/2026 14:02:48.167;0;0;0;0;
06/02/2026 14:03:06.594;0;1;0;0;
06/02/2026 14:03:08.297;0;0;0;0;
06/02/2026 14:03:26.573;0;0;1;0;
06/02/2026 14:03:27.917;0;0;0;0;
06/02/2026 14:06:06.562;0;1;0;0;
06/02/2026 14:06:08.302;0;0;0;0;
06/02/2026 14:06:26.578;0;1;0;0;
06/02/2026 14:06:28.112;0;0;0;0;
06/02/2026 14:06:46.628;0;0;1;0;
06/02/2026 14:06:47.843;0;0;0;0;
06/02/2026 14:07:06.619;0;0;1;0;
06/02/2026 14:07:07.953;0;0;0;0;
06/02/2026 14:10:46.690;0;1;0;0;
06/02/2026 14:10:48.169;0;0;0;0;
06/02/2026 14:11:06.705;0;0;1;0;
06/02/2026 14:11:08.69;0;0;0;0;
06/02/2026 14:11:46.726;0;1;0;0;
06/02/2026 14:11:48.211;0;0;0;0;
06/02/2026 14:12:46.971;0;0;1;0;
06/02/2026 14:12:48.112;0;0;0;0;
06/02/2026 14:13:07.61;0;1;0;0;
06/02/2026 14:13:08.733;0;0;0;0;
06/02/2026 14:14:06.695;0;0;1;0;
06/02/2026 14:14:07.954;0;0;0;0;
06/02/2026 14:14:26.710;0;1;0;0;
06/02/2026 14:14:28.235;0;0;0;0;
06/02/2026 14:15:26.727;0;1;0;0;
06/02/2026 14:15:28.286;0;0;0;0;
06/02/2026 14:16:49.336;0;0;1;0;
06/02/2026 14:16:50.701;0;0;0;0;
06/02/2026 14:17:26.885;0;1;0;0;
06/02/2026 14:17:28.419;0;0;0;0;
06/02/2026 14:19:47.160;0;1;0;0;
06/02/2026 14:19:48.833;0;0;0;0;
06/02/2026 14:21:46.931;0;1;0;0;
06/02/2026 14:21:48.846;0;0;0;0;
06/02/2026 14:22:26.922;0;1;0;0;
06/02/2026 14:22:28.567;0;0;0;0;
06/02/2026 14:23:07.44;0;1;0;0;
06/02/2026 14:23:08.768;0;0;0;0;
06/02/2026 14:23:27.219;0;1;0;0;
06/02/2026 14:23:28.659;0;0;0;0;
06/02/2026 14:24:07.180;0;0;1;0;
06/02/2026 14:24:08.329;0;0;0;0;
06/02/2026 14:26:07.148;0;0;1;0;
06/02/2026 14:26:08.412;0;0;0;0;
06/02/2026 14:27:07.70;0;1;0;0;
06/02/2026 14:27:08.654;0;0;0;0;
06/02/2026 14:27:47.251;0;1;0;0;
06/02/2026 14:27:48.865;0;0;0;0;
06/02/2026 14:28:27.97;0;1;0;0;
06/02/2026 14:28:29.166;0;0;0;0;
06/02/2026 14:29:47.234;0;0;1;0;
06/02/2026 14:29:48.578;0;0;0;0;
06/02/2026 14:31:07.286;0;1;0;0;
06/02/2026 14:31:08.800;0;0;0;0;
06/02/2026 14:33:07.349;0;1;0;0;
06/02/2026 14:33:08.993;0;0;0;0;
06/02/2026 14:36:27.424;0;1;0;0;
06/02/2026 14:36:29.8;0;0;0;0;
06/02/2026 14:44:47.666;0;0;1;0;
06/02/2026 14:44:48.820;0;0;0;0;
06/02/2026 14:45:07.697;0;0;1;0;
06/02/2026 14:45:08.971;0;0;0;0;
06/02/2026 14:48:47.883;0;1;0;0;
06/02/2026 14:48:49.527;0;0;0;0;
06/02/2026 14:50:07.834;0;1;0;0;
06/02/2026 14:50:09.609;0;0;0;0;
06/02/2026 14:50:47.836;0;1;0;0;
06/02/2026 14:50:49.890;0;0;0;0;
06/02/2026 14:51:07.846;0;0;1;0;
06/02/2026 14:51:09.180;0;0;0;0;
06/02/2026 14:51:48.148;0;1;0;0;
06/02/2026 14:51:49.621;0;0;0;0;
06/02/2026 14:54:07.840;0;1;0;0;
06/02/2026 14:54:09.365;0;0;0;0;
06/02/2026 14:55:10.297;0;1;0;0;
06/02/2026 14:55:11.869;0;0;0;0;
06/02/2026 15:12:08.459;0;1;0;0;
06/02/2026 15:12:09.993;0;0;0;0;
06/02/2026 15:16:48.631;0;1;0;0;
06/02/2026 15:16:50.260;0;0;0;0;
06/02/2026 15:17:28.877;0;0;1;0;
06/02/2026 15:17:30.111;0;0;0;0;
06/02/2026 15:34:09.19;0;1;0;0;
06/02/2026 15:34:10.648;0;0;0;0;
06/02/2026 15:35:49.77;0;0;1;0;
06/02/2026 15:35:50.431;0;0;0;0;
06/02/2026 15:38:29.61;0;1;0;0;
06/02/2026 15:38:30.675;0;0;0;0;
06/02/2026 15:44:29.271;0;1;0;0;
06/02/2026 15:44:30.855;0;0;0;0;
06/02/2026 15:52:09.563;0;1;0;0;
06/02/2026 15:52:11.148;0;0;0;0;
06/02/2026 15:58:49.940;0;0;1;0;
06/02/2026 15:58:51.109;0;0;0;0;
06/02/2026 15:59:29.741;0;1;0;0;
06/02/2026 15:59:31.350;0;0;0;0;
06/02/2026 16:06:29.967;0;1;0;0;
06/02/2026 16:06:31.562;0;0;0;0;
06/02/2026 16:06:49.948;0;0;1;0;
06/02/2026 16:06:51.212;0;0;0;0;
06/02/2026 16:10:30.239;0;1;0;0;
06/02/2026 16:10:31.809;0;0;0;0;
06/02/2026 16:17:45.181;1;0;0;0;
06/02/2026 16:17:45.182;1;1;1;0;
06/02/2026 16:17:49.368;1;0;0;0;
06/02/2026 16:17:53.80;1;1;1;0;
06/02/2026 16:17:54.213;1;0;0;0;
06/02/2026 16:18:03.80;1;1;1;0;
06/02/2026 16:18:04.524;1;0;0;0;
06/02/2026 16:18:13.179;1;1;1;0;
06/02/2026 16:18:14.314;1;0;0;0;
06/02/2026 16:18:23.180;1;1;1;0;
06/02/2026 16:18:24.314;1;0;0;0;
06/02/2026 16:18:33.564;0;0;0;0;
06/02/2026 16:19:15.490;0;1;1;0;
06/02/2026 16:19:18.951;0;0;0;0;
06/02/2026 16:19:35.615;0;1;1;0;
06/02/2026 16:19:37.159;0;0;0;0;
06/02/2026 16:20:15.366;0;1;0;0;
06/02/2026 16:20:16.970;0;0;0;0;
06/02/2026 16:36:35.974;0;1;0;0;
06/02/2026 16:36:37.448;0;0;0;0;
06/02/2026 16:37:15.845;0;0;1;0;
06/02/2026 16:37:17.199;0;0;0;0;
06/02/2026 16:39:55.830;0;1;0;0;
06/02/2026 16:39:57.534;0;0;0;0;
06/02/2026 16:40:15.840;0;0;1;0;
06/02/2026 16:40:17.244;0;0;0;0;
06/02/2026 16:41:15.882;0;0;1;0;
06/02/2026 16:41:17.196;0;0;0;0;
06/02/2026 16:48:56.175;0;1;0;0;
06/02/2026 16:48:57.739;0;0;0;0;
06/02/2026 16:52:56.202;0;1;0;0;
06/02/2026 16:52:57.876;0;0;0;0;
06/02/2026 16:57:16.721;0;1;0;0;
06/02/2026 16:57:18.274;0;0;0;0;
06/02/2026 16:58:16.361;0;0;1;0;
06/02/2026 16:58:17.525;0;0;0;0;
06/02/2026 16:58:36.381;0;0;1;0;
06/02/2026 16:58:37.635;0;0;0;0;
06/02/2026 17:06:56.706;0;1;0;0;
06/02/2026 17:06:58.310;0;0;0;0;
06/02/2026 17:13:56.918;0;1;0;0;
06/02/2026 17:13:58.452;0;0;0;0;
06/02/2026 17:17:57.24;0;0;1;0;
06/02/2026 17:17:58.359;0;0;0;0;
06/02/2026 17:20:17.261;0;1;0;0;
06/02/2026 17:20:18.833;0;0;0;0;
06/02/2026 17:20:57.19;0;1;0;0;
06/02/2026 17:20:58.724;0;0;0;0;
06/02/2026 17:21:17.31;0;1;0;0;
06/02/2026 17:21:18.705;0;0;0;0;
06/02/2026 17:25:37.247;0;1;0;0;
06/02/2026 17:25:38.782;0;0;0;0;
06/02/2026 17:30:17.366;0;1;0;0;
06/02/2026 17:30:19.150;0;0;0;0;
06/02/2026 17:33:37.371;0;1;0;0;
06/02/2026 17:33:38.955;0;0;0;0;
06/02/2026 17:35:17.504;0;0;1;0;
06/02/2026 17:35:18.638;0;0;0;0;
06/02/2026 17:37:17.567;0;0;1;0;
06/02/2026 17:37:18.841;0;0;0;0;
06/02/2026 17:39:37.536;0;1;0;0;
06/02/2026 17:39:39.125;0;0;0;0;
06/02/2026 17:39:57.561;0;0;1;0;
06/02/2026 17:39:58.966;0;0;0;0;
06/02/2026 17:40:57.883;0;0;1;0;
06/02/2026 17:40:59.197;0;0;0;0;
06/02/2026 17:44:57.684;0;1;0;0;
06/02/2026 17:44:59.214;0;0;0;0;
06/02/2026 17:45:37.711;0;0;1;0;
06/02/2026 17:45:38.845;0;0;0;0;
06/02/2026 17:45:57.731;0;0;1;0;
06/02/2026 17:45:59.5;0;0;0;0;
06/02/2026 17:47:37.854;0;1;0;0;
06/02/2026 17:47:39.569;0;0;0;0;
06/02/2026 17:48:17.875;0;1;0;0;
06/02/2026 17:48:19.419;0;0;0;0;
06/02/2026 17:50:37.969;0;1;0;0;
06/02/2026 17:50:39.473;0;0;0;0;
06/02/2026 17:52:58.63;0;1;0;0;
06/02/2026 17:52:59.707;0;0;0;0;
06/02/2026 17:59:18.233;0;1;1;0;
06/02/2026 17:59:19.817;0;0;0;0;
06/02/2026 17:59:38.443;0;0;1;0;
06/02/2026 17:59:39.797;0;0;0;0;
06/02/2026 17:59:58.204;0;1;0;0;
06/02/2026 17:59:59.728;0;0;0;0;
06/02/2026 18:00:18.214;0;1;1;0;
06/02/2026 18:00:19.979;0;0;0;0;
06/02/2026 18:01:38.256;0;1;0;0;
06/02/2026 18:01:39.770;0;0;0;0;
06/02/2026 18:02:58.551;0;1;0;0;
06/02/2026 18:03:00.143;0;0;0;0;
06/02/2026 18:03:58.230;0;1;0;0;
06/02/2026 18:03:59.844;0;0;0;0;
06/02/2026 18:05:18.262;0;1;0;0;
06/02/2026 18:05:19.816;0;0;0;0;
06/02/2026 18:05:38.332;0;1;0;0;
06/02/2026 18:05:40.127;0;0;0;0;
06/02/2026 18:05:58.623;0;0;1;0;
06/02/2026 18:05:59.937;0;0;0;0;
06/02/2026 18:06:38.394;0;1;0;0;
06/02/2026 18:06:40.108;0;0;0;0;
06/02/2026 18:07:18.415;0;1;0;0;
06/02/2026 18:07:20.169;0;0;0;0;
06/02/2026 18:07:58.436;0;0;1;0;
06/02/2026 18:07:59.890;0;0;0;0;
06/02/2026 18:09:38.710;0;0;1;0;
06/02/2026 18:09:40.43;0;0;0;0;
06/02/2026 18:09:58.812;0;1;0;0;
06/02/2026 18:10:00.544;0;0;0;0;
06/02/2026 18:10:18.409;0;1;0;0;
06/02/2026 18:10:20.244;0;0;0;0;
06/02/2026 18:10:58.425;0;0;1;0;
06/02/2026 18:10:59.624;0;0;0;0;
06/02/2026 18:11:18.436;0;1;1;0;
06/02/2026 18:11:20.476;0;0;0;0;
06/02/2026 18:12:18.452;0;1;0;0;
06/02/2026 18:12:20.7;0;0;0;0;
06/02/2026 18:12:38.553;0;0;1;0;
06/02/2026 18:12:39.967;0;0;0;0;
06/02/2026 18:19:59.948;0;0;1;0;
06/02/2026 18:20:01.309;0;0;0;0;
06/02/2026 18:20:18.969;0;1;0;0;
06/02/2026 18:20:20.519;0;0;0;0;
06/02/2026 18:20:39.160;0;1;0;0;
06/02/2026 18:20:40.910;0;0;0;0;
06/02/2026 18:20:58.790;0;1;1;0;
06/02/2026 18:21:00.410;0;0;0;0;
06/02/2026 18:22:38.848;0;1;0;0;
06/02/2026 18:22:40.382;0;0;0;0;
06/02/2026 18:22:58.863;0;0;1;0;
06/02/2026 18:23:00.202;0;0;0;0;
06/02/2026 18:24:58.831;0;1;1;0;
06/02/2026 18:25:00.416;0;0;0;0;
06/02/2026 18:25:58.833;0;0;1;0;
06/02/2026 18:26:00.177;0;0;0;0;
06/02/2026 18:26:18.843;0;1;0;0;
06/02/2026 18:26:20.398;0;0;0;0;
06/02/2026 18:26:38.954;0;0;1;0;
06/02/2026 18:26:40.318;0;0;0;0;
06/02/2026 18:26:58.964;0;0;1;0;
06/02/2026 18:27:00.118;0;0;0;0;
06/02/2026 18:28:39.17;0;0;1;0;
06/02/2026 18:28:40.291;0;0;0;0;
06/02/2026 18:28:59.27;0;0;1;0;
06/02/2026 18:29:00.472;0;0;0;0;
06/02/2026 18:29:08.36;1;0;0;0;
06/02/2026 18:29:08.37;1;1;1;0;
06/02/2026 18:29:20.442;1;0;0;0;
06/02/2026 18:30:00.293;0;0;0;0;
06/02/2026 18:45:43.82;1;0;0;0;
06/02/2026 18:46:20.996;1;0;1;0;
06/02/2026 18:46:34.603;1;0;0;0;
06/02/2026 18:46:45.475;0;0;0;0;
06/02/2026 18:47:23.164;0;1;1;0;
06/02/2026 18:47:28.959;0;0;0;0;
06/02/2026 18:49:43.219;0;1;0;0;
06/02/2026 18:49:44.879;0;0;0;0;
06/02/2026 18:50:03.235;0;1;0;0;
06/02/2026 18:50:05.710;0;0;0;0;
06/02/2026 18:50:23.246;0;1;0;0;
06/02/2026 18:50:24.940;0;0;0;0;
06/02/2026 18:51:03.267;0;1;0;0;
06/02/2026 18:51:04.810;0;0;0;0;
06/02/2026 18:52:43.329;0;1;0;0;
06/02/2026 18:52:45.3;0;0;0;0;
06/02/2026 18:53:03.325;0;1;0;0;
06/02/2026 18:53:04.884;0;0;0;0;
06/02/2026 18:53:23.240;0;1;0;0;
06/02/2026 18:53:24.914;0;0;0;0;
06/02/2026 18:54:03.261;0;1;0;0;
06/02/2026 18:54:04.725;0;0;0;0;
06/02/2026 18:58:03.458;0;1;0;0;
06/02/2026 18:58:05.61;0;0;0;0;
06/02/2026 18:59:03.504;0;1;1;0;
06/02/2026 18:59:05.23;0;0;0;0;
06/02/2026 19:00:23.622;0;1;0;0;
06/02/2026 19:00:25.85;0;0;0;0;
06/02/2026 19:01:23.453;0;1;0;0;
06/02/2026 19:01:25.36;0;0;0;0;
06/02/2026 19:01:43.463;0;1;0;0;
06/02/2026 19:01:45.47;0;0;0;0;
06/02/2026 19:02:03.574;0;1;0;0;
06/02/2026 19:02:05.47;0;0;0;0;
06/02/2026 19:02:23.579;0;1;1;0;
06/02/2026 19:02:25.228;0;0;0;0;
06/02/2026 19:02:43.595;0;0;1;0;
06/02/2026 19:02:44.878;0;0;0;0;
06/02/2026 19:03:43.626;0;1;0;0;
06/02/2026 19:03:45.140;0;0;0;0;
06/02/2026 19:04:43.900;0;1;0;0;
06/02/2026 19:04:45.792;0;0;0;0;
06/02/2026 19:05:03.669;0;1;0;0;
06/02/2026 19:05:05.382;0;0;0;0;
06/02/2026 19:12:24.112;0;0;1;0;
06/02/2026 19:12:25.363;0;0;0;0;
06/02/2026 19:12:43.790;0;0;1;0;
06/02/2026 19:12:45.134;0;0;0;0;
06/02/2026 19:13:43.821;0;1;0;0;
06/02/2026 19:13:45.766;0;0;0;0;
06/02/2026 19:14:03.842;0;1;0;0;
06/02/2026 19:14:05.396;0;0;0;0;
06/02/2026 19:22:44.345;0;1;0;0;
06/02/2026 19:22:45.829;0;0;0;0;
06/02/2026 19:23:06.358;0;0;1;0;
06/02/2026 19:23:07.511;0;0;0;0;
06/02/2026 19:23:24.456;0;0;1;0;
06/02/2026 19:23:25.760;0;0;0;0;
06/02/2026 19:26:04.272;0;0;1;0;
06/02/2026 19:26:05.734;0;0;0;0;
06/02/2026 19:26:44.483;0;0;1;0;
06/02/2026 19:26:45.855;0;0;0;0;
06/02/2026 19:27:24.222;0;1;0;0;
06/02/2026 19:27:25.836;0;0;0;0;
06/02/2026 19:35:04.404;0;1;0;0;
06/02/2026 19:35:06.27;0;0;0;0;
06/02/2026 19:37:24.577;0;0;1;0;
06/02/2026 19:37:25.731;0;0;0;0;
06/02/2026 19:37:44.588;0;1;0;0;
06/02/2026 19:37:46.61;0;0;0;0;
06/02/2026 19:38:04.598;0;0;1;0;
06/02/2026 19:38:05.862;0;0;0;0;
06/02/2026 19:39:24.603;0;1;0;0;
06/02/2026 19:39:26.304;0;0;0;0;
06/02/2026 19:46:25.64;0;1;0;0;
06/02/2026 19:46:26.625;0;0;0;0;
06/02/2026 19:47:04.782;0;1;0;0;
06/02/2026 19:47:06.306;0;0;0;0;
06/02/2026 19:53:04.946;0;1;0;0;
06/02/2026 19:53:06.535;0;0;0;0;
06/02/2026 19:57:25.168;0;1;0;0;
06/02/2026 19:57:26.792;0;0;0;0;
06/02/2026 20:05:45.302;0;1;0;0;
06/02/2026 20:05:46.915;0;0;0;0;
06/02/2026 20:11:05.632;0;1;0;0;
06/02/2026 20:11:07.244;0;0;0;0;
06/02/2026 20:12:45.493;0;0;1;0;
06/02/2026 20:12:46.746;0;0;0;0;
06/02/2026 20:13:05.503;0;0;1;0;
06/02/2026 20:13:06.847;0;0;0;0;
06/02/2026 20:18:05.661;0;1;0;0;
06/02/2026 20:18:07.365;0;0;0;0;
06/02/2026 20:22:25.879;0;1;0;0;
06/02/2026 20:22:27.442;0;0;0;0;
06/02/2026 20:27:17.16;1;0;0;0;
06/02/2026 20:27:17.17;1;1;1;0;
06/02/2026 20:27:20.643;1;0;0;0;
06/02/2026 20:27:42.315;0;0;0;0;
06/02/2026 20:28:17.69;0;1;1;0;
06/02/2026 20:28:19.93;0;0;0;0;
06/02/2026 20:28:37.78;0;1;1;0;
06/02/2026 20:28:38.453;0;0;0;0;
06/02/2026 20:28:57.12;0;1;1;0;
06/02/2026 20:28:58.293;0;0;0;0;
06/02/2026 20:29:17.145;0;1;1;0;
06/02/2026 20:29:18.364;0;0;0;0;
06/02/2026 20:29:37.265;0;0;1;0;
06/02/2026 20:29:38.495;0;0;0;0;
06/02/2026 20:29:57.11;0;0;1;0;
06/02/2026 20:29:58.175;0;0;0;0;
06/02/2026 20:30:17.31;0;0;1;0;
06/02/2026 20:30:18.166;0;0;0;0;
06/02/2026 20:30:37.22;0;0;1;0;
06/02/2026 20:30:38.246;0;0;0;0;
06/02/2026 20:30:57.32;0;0;1;0;
06/02/2026 20:30:58.407;0;0;0;0;
06/02/2026 20:31:17.138;0;0;1;0;
06/02/2026 20:31:18.277;0;0;0;0;
06/02/2026 20:31:37.153;0;0;1;0;
06/02/2026 20:31:38.408;0;0;0;0;
06/02/2026 20:31:57.198;0;0;1;0;
06/02/2026 20:31:58.338;0;0;0;0;
06/02/2026 20:32:17.438;0;0;1;0;
06/02/2026 20:32:18.709;0;0;0;0;
06/02/2026 20:32:37.449;0;0;1;0;
06/02/2026 20:32:38.690;0;0;0;0;
06/02/2026 20:32:57.216;0;0;1;0;
06/02/2026 20:32:58.380;0;0;0;0;
06/02/2026 20:33:17.246;0;0;1;0;
06/02/2026 20:33:18.521;0;0;0;0;
06/02/2026 20:33:37.217;0;0;1;0;
06/02/2026 20:33:38.491;0;0;0;0;
06/02/2026 20:33:57.227;0;0;1;0;
06/02/2026 20:33:58.462;0;0;0;0;
06/02/2026 20:34:17.238;0;0;1;0;
06/02/2026 20:34:18.532;0;0;0;0;
06/02/2026 20:34:37.258;0;0;1;0;
06/02/2026 20:34:38.633;0;0;0;0;
06/02/2026 20:34:57.339;0;0;1;0;
06/02/2026 20:34:58.563;0;0;0;0;
06/02/2026 20:35:17.350;0;0;1;0;
06/02/2026 20:35:18.574;0;0;0;0;
06/02/2026 20:35:37.480;0;0;1;0;
06/02/2026 20:35:38.825;0;0;0;0;
06/02/2026 20:35:57.191;0;0;1;0;
06/02/2026 20:35:58.475;0;0;0;0;
06/02/2026 20:36:17.212;0;0;1;0;
06/02/2026 20:36:18.556;0;0;0;0;
06/02/2026 20:36:37.202;0;0;1;0;
06/02/2026 20:36:38.336;0;0;0;0;
06/02/2026 20:36:57.202;0;0;1;0;
06/02/2026 20:36:58.457;0;0;0;0;
06/02/2026 20:37:17.343;0;0;1;0;
06/02/2026 20:37:18.477;0;0;0;0;
06/02/2026 20:37:37.323;0;0;1;0;
06/02/2026 20:37:38.608;0;0;0;0;
06/02/2026 20:37:57.417;0;0;1;0;
06/02/2026 20:37:58.558;0;0;0;0;
06/02/2026 20:38:17.538;0;0;1;0;
06/02/2026 20:38:18.809;0;0;0;0;
06/02/2026 20:38:37.350;0;0;1;0;
06/02/2026 20:38:38.559;0;0;0;0;
06/02/2026 20:38:57.366;0;0;1;0;
06/02/2026 20:38:58.520;0;0;0;0;
06/02/2026 20:39:17.376;0;0;1;0;
06/02/2026 20:39:18.751;0;0;0;0;
06/02/2026 20:39:37.387;0;0;1;0;
06/02/2026 20:39:38.601;0;0;0;0;
06/02/2026 20:39:57.397;0;0;1;0;
06/02/2026 20:39:58.542;0;0;0;0;
06/02/2026 20:40:17.428;0;0;1;0;
06/02/2026 20:40:18.572;0;0;0;0;
06/02/2026 20:40:37.428;0;0;1;0;
06/02/2026 20:40:38.663;0;0;0;0;
06/02/2026 20:40:57.449;0;0;1;0;
06/02/2026 20:40:58.733;0;0;0;0;
06/02/2026 20:41:19.582;0;0;1;0;
06/02/2026 20:41:20.716;0;0;0;0;
06/02/2026 20:41:37.350;0;0;1;0;
06/02/2026 20:41:38.494;0;0;0;0;
06/02/2026 20:41:57.360;0;0;1;0;
06/02/2026 20:41:58.525;0;0;0;0;
06/02/2026 20:42:17.381;0;0;1;0;
06/02/2026 20:42:18.605;0;0;0;0;
06/02/2026 20:42:37.371;0;0;1;0;
06/02/2026 20:42:38.566;0;0;0;0;
06/02/2026 20:42:57.380;0;0;1;0;
06/02/2026 20:42:58.546;0;0;0;0;
06/02/2026 20:43:17.493;1;0;0;0;
06/02/2026 20:43:17.494;1;0;1;0;
06/02/2026 20:43:18.637;1;0;0;0;
06/02/2026 20:43:37.517;1;0;1;0;
06/02/2026 20:43:37.917;0;0;1;0;
06/02/2026 20:43:38.808;0;0;0;0;
06/02/2026 20:43:57.757;1;0;1;0;
06/02/2026 20:43:57.758;1;0;1;0;
06/02/2026 20:43:58.989;1;0;0;0;
06/02/2026 20:44:06.807;0;0;0;0;
06/02/2026 20:44:17.768;0;0;1;0;
06/02/2026 20:44:19.69;0;0;0;0;
06/02/2026 20:44:37.530;1;0;0;0;
06/02/2026 20:44:37.531;1;0;1;0;
06/02/2026 20:44:38.689;1;0;0;0;
06/02/2026 20:44:56.498;0;0;0;0;
06/02/2026 20:44:57.545;0;1;1;0;
06/02/2026 20:44:57.546;1;1;1;0;
06/02/2026 20:44:58.790;1;0;0;0;
06/02/2026 20:45:05.337;0;0;0;0;
06/02/2026 20:45:17.556;0;0;1;0;
06/02/2026 20:45:18.871;0;0;0;0;
06/02/2026 20:45:37.567;0;0;1;0;
06/02/2026 20:45:38.871;0;0;0;0;
06/02/2026 20:45:57.577;0;0;1;0;
06/02/2026 20:45:58.722;0;0;0;0;
06/02/2026 20:46:17.588;1;0;0;0;
06/02/2026 20:46:17.589;1;0;1;0;
06/02/2026 20:46:18.822;1;0;0;0;
06/02/2026 20:46:25.389;0;0;0;0;
06/02/2026 20:46:37.769;0;0;1;0;
06/02/2026 20:46:38.903;0;0;0;0;
06/02/2026 20:46:57.669;0;0;1;0;
06/02/2026 20:46:58.803;0;0;0;0;
06/02/2026 20:47:17.790;1;0;0;0;
06/02/2026 20:47:17.790;1;0;1;0;
06/02/2026 20:47:18.934;1;0;0;0;
06/02/2026 20:47:26.842;0;0;0;0;
06/02/2026 20:47:37.530;0;0;1;0;
06/02/2026 20:47:38.664;0;0;0;0;
06/02/2026 20:47:57.540;0;0;1;0;
06/02/2026 20:47:58.705;0;0;0;0;
06/02/2026 20:48:17.561;0;0;1;0;
06/02/2026 20:48:18.695;0;0;0;0;
06/02/2026 20:48:37.552;0;0;1;0;
06/02/2026 20:48:38.686;0;0;0;0;
06/02/2026 20:48:57.552;1;0;0;0;
06/02/2026 20:48:57.553;1;0;1;0;
06/02/2026 20:48:58.787;1;0;0;0;
06/02/2026 20:49:09.568;0;0;0;0;
06/02/2026 20:49:17.663;0;0;1;0;
06/02/2026 20:49:18.807;0;0;0;0;
06/02/2026 20:49:37.747;1;0;0;0;
06/02/2026 20:49:37.748;1;0;1;0;
06/02/2026 20:49:39.68;1;0;0;0;
06/02/2026 20:49:46.556;0;0;0;0;
06/02/2026 20:49:57.875;0;0;1;0;
06/02/2026 20:49:59.8;0;0;0;0;
06/02/2026 20:50:17.694;1;0;0;0;
06/02/2026 20:50:17.695;1;0;1;0;
06/02/2026 20:50:18.999;1;0;0;0;
06/02/2026 20:50:36.647;0;0;0;0;
06/02/2026 20:50:37.705;0;0;1;0;
06/02/2026 20:50:38.919;0;0;0;0;
06/02/2026 20:50:57.716;0;0;1;0;
06/02/2026 20:50:58.930;0;0;0;0;
06/02/2026 20:51:17.726;0;0;1;0;
06/02/2026 20:51:18.881;0;0;0;0;
06/02/2026 20:51:37.737;0;0;1;0;
06/02/2026 20:51:38.891;0;0;0;0;
06/02/2026 20:51:57.747;1;0;0;0;
06/02/2026 20:51:57.748;1;0;1;0;
06/02/2026 20:51:58.892;1;0;0;0;
06/02/2026 20:52:07.20;0;0;0;0;
06/02/2026 20:52:17.758;0;0;1;0;
06/02/2026 20:52:18.902;0;0;0;0;
06/02/2026 20:52:37.898;0;0;1;0;
06/02/2026 20:52:39.93;0;0;0;0;
06/02/2026 20:52:57.909;0;0;1;0;
06/02/2026 20:52:59.43;0;0;0;0;
06/02/2026 20:53:17.689;1;0;0;0;
06/02/2026 20:53:17.690;1;0;1;0;
06/02/2026 20:53:18.944;1;0;0;0;
06/02/2026 20:53:36.862;0;0;0;0;
06/02/2026 20:53:37.700;0;0;1;0;
06/02/2026 20:53:38.834;0;0;0;0;
06/02/2026 20:53:57.711;0;1;1;0;
06/02/2026 20:53:58.995;0;0;0;0;
06/02/2026 20:54:17.731;0;1;1;0;
06/02/2026 20:54:19.106;0;0;0;0;
06/02/2026 20:54:37.735;0;1;1;0;
06/02/2026 20:54:39.16;0;0;0;0;
06/02/2026 20:54:57.735;1;0;0;0;
06/02/2026 20:54:57.736;1;1;1;0;
06/02/2026 20:54:59.27;1;0;0;0;
06/02/2026 20:55:07.35;0;0;0;0;
06/02/2026 20:55:17.864;0;1;1;0;
06/02/2026 20:55:19.127;0;0;0;0;
06/02/2026 20:55:38.108;0;1;1;0;
06/02/2026 20:55:39.398;0;0;0;0;
06/02/2026 20:55:58.107;1;0;0;0;
06/02/2026 20:55:58.108;1;1;1;0;
06/02/2026 20:55:59.399;1;0;0;0;
06/02/2026 20:56:17.287;0;0;0;0;
06/02/2026 20:56:17.875;0;0;1;0;
06/02/2026 20:56:19.179;0;0;0;0;
06/02/2026 20:56:37.895;0;0;1;0;
06/02/2026 20:56:39.49;0;0;0;0;
06/02/2026 20:56:57.891;0;0;1;0;
06/02/2026 20:56:59.40;0;0;0;0;
06/02/2026 20:57:17.906;0;0;1;0;
06/02/2026 20:57:19.61;0;0;0;0;
06/02/2026 20:57:37.917;0;0;1;0;
06/02/2026 20:57:39.221;0;0;0;0;
06/02/2026 20:57:57.928;1;0;0;0;
06/02/2026 20:57:57.929;1;0;1;0;
06/02/2026 20:57:59.202;1;0;0;0;
06/02/2026 20:58:07.240;0;0;0;0;
06/02/2026 20:58:18.148;0;0;1;0;
06/02/2026 20:58:19.403;0;0;0;0;
06/02/2026 20:58:38.139;0;0;1;0;
06/02/2026 20:58:39.273;0;0;0;0;
06/02/2026 20:59:00.161;1;0;0;0;
06/02/2026 20:59:00.162;1;0;1;0;
06/02/2026 20:59:01.306;1;0;0;0;
06/02/2026 20:59:17.869;1;1;1;0;
06/02/2026 20:59:19.154;1;0;0;0;
06/02/2026 20:59:19.324;0;0;0;0;
06/02/2026 20:59:37.880;0;1;1;0;
06/02/2026 20:59:39.135;0;0;0;0;
06/02/2026 20:59:57.891;0;0;1;0;
06/02/2026 20:59:59.205;0;0;0;0;
06/02/2026 21:00:17.911;0;0;1;0;
06/02/2026 21:00:19.46;0;0;0;0;
06/02/2026 21:00:37.897;0;0;1;0;
06/02/2026 21:00:39.186;0;0;0;0;
06/02/2026 21:00:57.967;0;0;1;0;
06/02/2026 21:00:59.257;0;0;0;0;
06/02/2026 21:01:18.97;0;0;1;0;
06/02/2026 21:01:19.358;0;0;0;0;
06/02/2026 21:01:38.217;1;0;0;0;
06/02/2026 21:01:38.218;1;0;1;0;
06/02/2026 21:01:39.478;1;0;0;0;
06/02/2026 21:01:47.516;0;0;0;0;
06/02/2026 21:01:58.338;0;0;1;0;
06/02/2026 21:01:59.489;0;0;0;0;
06/02/2026 21:02:18.55;1;0;0;0;
06/02/2026 21:02:18.55;1;0;1;0;
06/02/2026 21:02:19.209;1;0;0;0;
06/02/2026 21:02:37.238;0;0;0;0;
06/02/2026 21:02:38.66;0;0;1;0;
06/02/2026 21:02:39.340;0;0;0;0;
06/02/2026 21:02:58.76;0;0;1;0;
06/02/2026 21:02:59.230;0;0;0;0;
06/02/2026 21:03:18.87;0;0;1;0;
06/02/2026 21:03:19.391;0;0;0;0;
06/02/2026 21:03:38.97;0;0;1;0;
06/02/2026 21:03:39.391;0;0;0;0;
06/02/2026 21:03:58.107;0;0;1;0;
06/02/2026 21:03:59.252;0;0;0;0;
06/02/2026 21:04:18.239;1;0;0;0;
06/02/2026 21:04:18.239;1;0;1;0;
06/02/2026 21:04:19.382;1;0;0;0;
06/02/2026 21:04:27.511;0;0;0;0;
06/02/2026 21:04:38.339;0;0;1;0;
06/02/2026 21:04:39.613;0;0;0;0;
06/02/2026 21:04:58.39;1;0;0;0;
06/02/2026 21:04:58.40;1;0;1;0;
06/02/2026 21:04:59.183;1;0;0;0;
06/02/2026 21:05:17.202;0;0;0;0;
06/02/2026 21:05:18.50;0;0;1;0;
06/02/2026 21:05:19.364;0;0;0;0;
06/02/2026 21:05:38.60;0;0;1;0;
06/02/2026 21:05:39.195;0;0;0;0;
06/02/2026 21:05:58.80;0;0;1;0;
06/02/2026 21:05:59.395;0;0;0;0;
06/02/2026 21:06:18.91;0;0;1;0;
06/02/2026 21:06:19.236;0;0;0;0;
06/02/2026 21:06:38.72;0;0;1;0;
06/02/2026 21:06:39.356;0;0;0;0;
06/02/2026 21:06:58.186;0;0;1;0;
06/02/2026 21:06:59.477;0;0;0;0;
06/02/2026 21:07:18.435;0;0;1;0;
06/02/2026 21:07:19.578;0;0;0;0;
06/02/2026 21:07:38.437;1;0;1;0;
06/02/2026 21:07:38.438;1;0;1;0;
06/02/2026 21:07:39.578;1;0;0;0;
06/02/2026 21:07:47.506;0;0;0;0;
06/02/2026 21:07:58.214;0;0;1;0;
06/02/2026 21:07:59.359;0;0;0;0;
06/02/2026 21:08:18.225;0;0;1;0;
06/02/2026 21:08:19.379;0;0;0;0;
06/02/2026 21:08:38.235;0;0;1;0;
06/02/2026 21:08:39.420;0;0;0;0;
06/02/2026 21:08:58.246;0;0;1;0;
06/02/2026 21:08:59.420;0;0;0;0;
06/02/2026 21:09:18.277;1;0;0;0;
06/02/2026 21:09:18.278;1;0;1;0;
06/02/2026 21:09:19.501;1;0;0;0;
06/02/2026 21:09:37.539;0;0;0;0;
06/02/2026 21:09:38.267;0;0;1;0;
06/02/2026 21:09:39.502;0;0;0;0;
06/02/2026 21:09:58.448;0;0;1;0;
06/02/2026 21:09:59.592;0;0;0;0;
06/02/2026 21:10:18.459;0;0;1;0;
06/02/2026 21:10:19.593;0;0;0;0;
06/02/2026 21:10:38.469;0;0;1;0;
06/02/2026 21:10:39.663;0;0;0;0;
06/02/2026 21:10:58.210;0;0;1;0;
06/02/2026 21:10:59.344;0;0;0;0;
06/02/2026 21:11:18.220;1;0;0;0;
06/02/2026 21:11:18.221;1;0;1;0;
06/02/2026 21:11:19.364;1;0;0;0;
06/02/2026 21:11:27.693;0;0;0;0;
06/02/2026 21:11:38.230;0;0;1;0;
06/02/2026 21:11:39.515;0;0;0;0;
06/02/2026 21:11:58.251;0;0;1;0;
06/02/2026 21:11:59.385;0;0;0;0;
06/02/2026 21:12:18.242;0;0;1;0;
06/02/2026 21:12:19.376;0;0;0;0;
06/02/2026 21:12:40.305;1;0;0;0;
06/02/2026 21:12:40.306;1;0;1;0;
06/02/2026 21:12:41.509;1;0;0;0;
06/02/2026 21:12:59.687;0;0;0;0;
06/02/2026 21:13:00.436;0;1;1;0;
06/02/2026 21:13:01.759;0;0;0;0;
06/02/2026 21:13:18.548;1;0;0;0;
06/02/2026 21:13:18.549;1;0;1;0;
06/02/2026 21:13:19.688;1;0;0;0;
06/02/2026 21:13:26.345;0;0;0;0;
06/02/2026 21:13:38.668;0;1;1;0;
06/02/2026 21:13:39.969;0;0;0;0;
06/02/2026 21:13:58.389;1;0;0;0;
06/02/2026 21:13:58.390;1;0;1;0;
06/02/2026 21:13:59.709;1;0;0;0;
06/02/2026 21:14:06.206;0;0;0;0;
06/02/2026 21:14:18.395;0;0;1;0;
06/02/2026 21:14:19.549;0;0;0;0;
06/02/2026 21:14:38.405;0;0;1;0;
06/02/2026 21:14:39.560;0;0;0;0;
06/02/2026 21:14:58.416;1;0;0;0;
06/02/2026 21:14:58.417;1;0;1;0;
06/02/2026 21:14:59.661;1;0;0;0;
06/02/2026 21:15:07.719;0;0;0;0;
06/02/2026 21:15:18.427;0;0;1;0;
06/02/2026 21:15:19.611;0;0;0;0;
06/02/2026 21:15:38.447;0;0;1;0;
06/02/2026 21:15:39.592;0;0;0;0;
06/02/2026 21:15:58.568;0;0;1;0;
06/02/2026 21:15:59.712;0;0;0;0;
06/02/2026 21:16:18.708;1;0;0;0;
06/02/2026 21:16:18.709;1;0;1;0;
06/02/2026 21:16:19.973;1;0;0;0;
06/02/2026 21:16:37.873;0;0;0;0;
06/02/2026 21:16:38.519;0;0;1;0;
06/02/2026 21:16:39.653;0;0;0;0;
06/02/2026 21:16:58.379;0;0;1;0;
06/02/2026 21:16:59.514;0;0;0;0;
06/02/2026 21:17:18.390;0;0;1;0;
06/02/2026 21:17:19.704;0;0;0;0;
06/02/2026 21:17:38.400;0;0;1;0;
06/02/2026 21:17:39.685;0;0;0;0;
06/02/2026 21:17:58.424;1;0;0;0;
06/02/2026 21:17:58.425;1;0;1;0;
06/02/2026 21:17:59.716;1;0;0;0;
06/02/2026 21:18:07.714;0;0;0;0;
06/02/2026 21:18:18.425;0;0;1;0;
06/02/2026 21:18:19.716;0;0;0;0;
06/02/2026 21:18:38.554;0;0;1;0;
06/02/2026 21:18:39.837;0;0;0;0;
06/02/2026 21:18:58.803;0;0;1;0;
06/02/2026 21:18:59.937;0;0;0;0;
06/02/2026 21:19:21.630;0;0;1;0;
06/02/2026 21:19:22.781;0;0;0;0;
06/02/2026 21:19:39.586;1;0;0;0;
06/02/2026 21:19:39.587;1;0;1;0;
06/02/2026 21:19:40.829;1;0;0;0;
06/02/2026 21:19:58.565;1;1;1;0;
06/02/2026 21:19:58.748;0;1;1;0;
06/02/2026 21:19:59.899;0;0;0;0;
06/02/2026 21:20:18.575;0;1;1;0;
06/02/2026 21:20:19.910;0;0;0;0;
06/02/2026 21:20:38.586;1;0;0;0;
06/02/2026 21:20:38.587;1;0;1;0;
06/02/2026 21:20:39.830;1;0;0;0;
06/02/2026 21:20:47.878;0;0;0;0;
06/02/2026 21:20:58.596;0;0;1;0;
06/02/2026 21:20:59.901;0;0;0;0;
06/02/2026 21:21:18.607;0;0;1;0;
06/02/2026 21:21:19.761;0;0;0;0;
06/02/2026 21:21:38.808;0;0;1;0;
06/02/2026 21:21:40.72;0;0;0;0;
06/02/2026 21:21:58.829;0;0;1;0;
06/02/2026 21:21:59.963;0;0;0;0;
06/02/2026 21:22:20.841;1;0;0;0;
06/02/2026 21:22:20.842;1;0;1;0;
06/02/2026 21:22:22.135;1;0;0;0;
06/02/2026 21:22:38.549;1;1;1;0;
06/02/2026 21:22:39.743;1;0;0;0;
06/02/2026 21:22:39.994;0;0;0;0;
06/02/2026 21:22:58.560;0;1;1;0;
06/02/2026 21:22:59.844;0;0;0;0;
06/02/2026 21:23:18.571;0;1;1;0;
06/02/2026 21:23:19.855;0;0;0;0;
06/02/2026 21:23:38.601;1;0;0;0;
06/02/2026 21:23:38.602;1;1;1;0;
06/02/2026 21:23:39.895;1;0;0;0;
06/02/2026 21:23:47.893;0;0;0;0;
06/02/2026 21:23:58.602;0;1;1;0;
06/02/2026 21:23:59.886;0;0;0;0;
06/02/2026 21:24:18.655;0;1;1;0;
06/02/2026 21:24:19.976;0;0;0;0;
06/02/2026 21:24:38.783;0;1;1;0;
06/02/2026 21:24:40.67;0;0;0;0;
06/02/2026 21:24:58.906;0;1;1;0;
06/02/2026 21:25:00.168;0;0;0;0;
06/02/2026 21:25:18.724;0;1;1;0;
06/02/2026 21:25:20.8;0;0;0;0;
06/02/2026 21:25:38.734;0;1;1;0;
06/02/2026 21:25:40.9;0;0;0;0;
06/02/2026 21:25:58.745;0;1;1;0;
06/02/2026 21:26:00.9;0;0;0;0;
06/02/2026 21:26:18.755;1;0;0;0;
06/02/2026 21:26:18.756;1;1;1;0;
06/02/2026 21:26:20.30;1;0;0;0;
06/02/2026 21:26:37.908;0;0;0;0;
06/02/2026 21:26:38.766;0;1;1;0;
06/02/2026 21:26:40.70;0;0;0;0;
06/02/2026 21:26:58.777;0;1;1;0;
06/02/2026 21:27:00.51;0;0;0;0;
06/02/2026 21:27:18.817;0;1;1;0;
06/02/2026 21:27:20.102;0;0;0;0;
06/02/2026 21:27:40.950;1;0;0;0;
06/02/2026 21:27:40.951;1;1;1;0;
06/02/2026 21:27:42.214;1;0;0;0;
06/02/2026 21:27:50.243;0;0;0;0;
06/02/2026 21:27:59.43;0;0;1;0;
06/02/2026 21:28:00.173;0;0;0;0;
06/02/2026 21:28:18.819;1;0;0;0;
06/02/2026 21:28:18.819;1;1;1;0;
06/02/2026 21:28:20.984;1;0;0;0;
06/02/2026 21:28:28.730;1;1;1;0;
06/02/2026 21:28:29.863;1;0;0;0;
06/02/2026 21:28:36.727;1;1;1;0;
06/02/2026 21:28:37.871;1;0;0;0;
06/02/2026 21:28:46.722;1;1;1;0;
06/02/2026 21:28:47.862;1;0;0;0;
06/02/2026 21:28:58.363;0;0;0;0;
06/02/2026 21:29:38.823;0;1;1;0;
06/02/2026 21:29:44.300;0;0;0;0;
06/02/2026 21:29:58.783;0;0;1;0;
06/02/2026 21:30:00.246;0;0;0;0;
06/02/2026 21:30:18.905;0;0;1;0;
06/02/2026 21:30:20.197;0;0;0;0;
06/02/2026 21:31:38.910;0;1;0;0;
06/02/2026 21:31:40.609;0;0;0;0;
06/02/2026 21:31:58.925;0;1;0;0;
06/02/2026 21:32:00.860;0;0;0;0;
06/02/2026 21:32:18.936;0;1;1;0;
06/02/2026 21:32:20.871;0;0;0;0;
06/02/2026 21:32:38.947;0;1;1;0;
06/02/2026 21:32:41.21;0;0;0;0;
06/02/2026 21:32:58.957;0;1;1;0;
06/02/2026 21:33:01.182;0;0;0;0;
06/02/2026 21:33:19.168;0;1;1;0;
06/02/2026 21:33:21.183;0;0;0;0;
06/02/2026 21:33:39.178;0;0;1;0;
06/02/2026 21:33:40.453;0;0;0;0;
06/02/2026 21:33:58.999;0;1;0;0;
06/02/2026 21:34:00.643;0;0;0;0;
06/02/2026 21:54:39.624;0;1;0;0;
06/02/2026 21:54:41.198;0;0;0;0;
06/02/2026 21:56:59.913;0;1;0;0;
06/02/2026 21:57:01.503;0;0;0;0;
06/02/2026 22:00:19.764;0;1;0;0;
06/02/2026 22:00:21.258;0;0;0;0;
06/02/2026 22:03:39.769;0;1;0;0;
06/02/2026 22:03:41.294;0;0;0;0;
06/02/2026 22:15:00.209;0;0;1;0;
06/02/2026 22:15:01.523;0;0;0;0;
06/02/2026 22:15:20.239;0;1;0;0;
06/02/2026 22:15:21.693;0;0;0;0;
06/02/2026 22:16:40.284;0;1;0;0;
06/02/2026 22:16:41.896;0;0;0;0;
06/02/2026 22:24:20.434;0;1;0;0;
06/02/2026 22:24:21.959;0;0;0;0;
06/02/2026 22:26:00.757;0;1;0;0;
06/02/2026 22:26:02.352;0;0;0;0;
06/02/2026 22:28:40.708;0;1;0;0;
06/02/2026 22:28:42.176;0;0;0;0;
06/02/2026 22:31:40.967;0;1;0;0;
06/02/2026 22:31:42.511;0;0;0;0;
06/02/2026 22:34:00.654;0;0;1;0;
06/02/2026 22:34:01.844;0;0;0;0;
06/02/2026 22:34:20.775;0;0;1;0;
06/02/2026 22:34:22.65;0;0;0;0;
06/02/2026 22:41:00.832;0;0;1;0;
06/02/2026 22:41:02.56;0;0;0;0;
06/02/2026 22:41:20.822;0;0;1;0;
06/02/2026 22:41:22.136;0;0;0;0;
06/02/2026 22:42:40.949;0;1;0;0;
06/02/2026 22:42:42.699;0;0;0;0;
06/02/2026 22:43:21.176;0;1;0;0;
06/02/2026 22:43:22.750;0;0;0;0;
06/02/2026 22:45:41.59;0;1;0;0;
06/02/2026 22:45:42.604;0;0;0;0;
06/02/2026 22:46:41.180;0;0;1;0;
06/02/2026 22:46:42.315;0;0;0;0;
06/02/2026 22:47:41.2;0;0;1;0;
06/02/2026 22:47:42.256;0;0;0;0;
06/02/2026 22:48:01.3;0;1;0;0;
06/02/2026 22:48:02.587;0;0;0;0;
06/02/2026 22:49:21.145;0;0;1;0;
06/02/2026 22:49:22.589;0;0;0;0;
06/02/2026 22:49:41.226;0;1;1;0;
06/02/2026 22:49:43.70;0;0;0;0;
06/02/2026 22:51:21.208;0;1;0;0;
06/02/2026 22:51:23.13;0;0;0;0;
06/02/2026 22:54:01.183;0;1;0;0;
06/02/2026 22:54:02.706;0;0;0;0;
06/02/2026 22:54:21.193;0;0;1;0;
06/02/2026 22:54:22.337;0;0;0;0;
06/02/2026 22:54:41.303;0;0;1;0;
06/02/2026 22:54:42.587;0;0;0;0;
06/02/2026 22:56:01.476;0;1;0;0;
06/02/2026 22:56:03.110;0;0;0;0;
06/02/2026 22:57:41.418;0;1;0;0;
06/02/2026 22:57:42.982;0;0;0;0;
06/02/2026 22:58:21.429;0;1;0;0;
06/02/2026 22:58:22.853;0;0;0;0;
06/02/2026 22:59:01.340;0;1;1;0;
06/02/2026 22:59:03.14;0;0;0;0;
06/02/2026 23:01:21.494;0;1;0;0;
06/02/2026 23:01:22.998;0;0;0;0;
06/02/2026 23:02:01.514;0;1;0;0;
06/02/2026 23:02:03.109;0;0;0;0;
06/02/2026 23:02:21.525;0;1;0;0;
06/02/2026 23:02:23.99;0;0;0;0;
06/02/2026 23:06:01.663;0;1;0;0;
06/02/2026 23:06:03.365;0;0;0;0;
06/02/2026 23:06:41.714;0;1;0;0;
06/02/2026 23:06:43.286;0;0;0;0;
06/02/2026 23:08:41.735;0;1;0;0;
06/02/2026 23:08:43.879;0;0;0;0;
06/02/2026 23:09:21.725;0;1;0;0;
06/02/2026 23:09:23.240;0;0;0;0;
06/02/2026 23:10:42.128;0;1;0;0;
06/02/2026 23:10:43.572;0;0;0;0;
06/02/2026 23:14:01.974;0;1;0;0;
06/02/2026 23:14:03.447;0;0;0;0;
06/02/2026 23:14:22.67;0;0;1;0;
06/02/2026 23:14:23.357;0;0;0;0;
06/02/2026 23:17:20.145;1;0;0;0;
06/02/2026 23:17:20.146;1;1;1;0;
06/02/2026 23:17:32.731;1;0;0;0;
06/02/2026 23:18:12.882;0;0;0;0;
07/02/2026 00:52:07.641;1;0;0;0;
07/02/2026 00:52:45.821;1;0;1;0;
07/02/2026 00:52:59.615;1;0;0;0;
07/02/2026 00:53:10.266;0;0;0;0;
07/02/2026 00:53:47.703;0;1;1;0;
07/02/2026 00:53:53.520;0;0;0;0;
07/02/2026 00:54:07.712;0;0;1;0;
07/02/2026 00:54:09.66;0;0;0;0;
07/02/2026 00:55:07.744;0;0;1;0;
07/02/2026 00:55:09.138;0;0;0;0;
07/02/2026 00:55:27.755;0;1;0;0;
07/02/2026 00:55:29.989;0;0;0;0;
07/02/2026 00:55:47.765;0;1;0;0;
07/02/2026 00:55:49.770;0;0;0;0;
07/02/2026 00:56:07.906;0;1;0;0;
07/02/2026 00:56:09.620;0;0;0;0;
07/02/2026 00:56:27.806;0;0;1;0;
07/02/2026 00:56:29.280;0;0;0;0;
07/02/2026 00:58:07.739;0;0;1;0;
07/02/2026 00:58:09.113;0;0;0;0;
07/02/2026 00:59:27.761;0;1;0;0;
07/02/2026 00:59:29.195;0;0;0;0;
07/02/2026 01:02:47.967;0;1;0;0;
07/02/2026 01:02:49.651;0;0;0;0;
07/02/2026 01:05:07.960;0;1;0;0;
07/02/2026 01:05:09.514;0;0;0;0;
07/02/2026 01:05:28.51;0;0;1;0;
07/02/2026 01:05:29.184;0;0;0;0;
07/02/2026 01:05:48.142;0;0;1;0;
07/02/2026 01:05:49.395;0;0;0;0;
07/02/2026 01:08:08.126;0;1;0;0;
07/02/2026 01:08:09.609;0;0;0;0;
07/02/2026 01:10:09.120;0;1;1;0;
07/02/2026 01:10:10.683;0;0;0;0;
07/02/2026 01:10:28.99;0;0;1;0;
07/02/2026 01:10:29.412;0;0;0;0;
07/02/2026 01:11:08.130;0;1;0;0;
07/02/2026 01:11:10.44;0;0;0;0;
07/02/2026 01:12:28.252;0;1;0;0;
07/02/2026 01:12:29.806;0;0;0;0;
07/02/2026 01:13:28.304;0;1;0;0;
07/02/2026 01:13:30.328;0;0;0;0;
07/02/2026 01:13:48.585;0;1;0;0;
07/02/2026 01:13:50.278;0;0;0;0;
07/02/2026 01:15:08.336;0;1;0;0;
07/02/2026 01:15:09.930;0;0;0;0;
07/02/2026 01:17:28.392;0;1;0;0;
07/02/2026 01:17:29.894;0;0;0;0;
07/02/2026 01:18:28.331;0;1;0;0;
07/02/2026 01:18:29.795;0;0;0;0;
07/02/2026 01:19:08.453;0;0;1;0;
07/02/2026 01:19:09.676;0;0;0;0;
07/02/2026 01:19:28.463;0;0;1;0;
07/02/2026 01:19:29.787;0;0;0;0;
07/02/2026 01:19:48.474;0;1;0;0;
07/02/2026 01:19:50.378;0;0;0;0;
07/02/2026 01:22:28.833;0;0;1;0;
07/02/2026 01:22:30.262;0;0;0;0;
07/02/2026 01:23:08.533;0;0;1;0;
07/02/2026 01:23:09.842;0;0;0;0;
07/02/2026 01:26:28.664;0;0;1;0;
07/02/2026 01:26:29.807;0;0;0;0;
07/02/2026 01:27:08.680;0;0;1;0;
07/02/2026 01:27:09.948;0;0;0;0;
07/02/2026 01:28:08.716;0;1;0;0;
07/02/2026 01:28:10.550;0;0;0;0;
07/02/2026 01:28:28.777;0;1;0;0;
07/02/2026 01:28:30.531;0;0;0;0;
07/02/2026 01:33:49.176;0;1;0;0;
07/02/2026 01:33:50.899;0;0;0;0;
07/02/2026 01:34:08.885;0;1;0;0;
07/02/2026 01:34:10.489;0;0;0;0;
07/02/2026 01:38:08.891;0;1;0;0;
07/02/2026 01:38:10.355;0;0;0;0;
07/02/2026 01:40:49.354;0;1;0;0;
07/02/2026 01:40:50.989;0;0;0;0;
07/02/2026 01:46:09.223;0;0;1;0;
07/02/2026 01:46:10.497;0;0;0;0;
07/02/2026 01:46:29.234;0;0;1;0;
07/02/2026 01:46:30.627;0;0;0;0;
07/02/2026 02:03:09.644;0;1;0;0;
07/02/2026 02:03:11.293;0;0;0;0;
07/02/2026 02:04:49.702;0;1;0;0;
07/02/2026 02:04:51.256;0;0;0;0;
07/02/2026 02:05:09.787;0;0;1;0;
07/02/2026 02:05:11.16;0;0;0;0;
07/02/2026 02:05:29.803;0;1;1;0;
07/02/2026 02:05:31.427;0;0;0;0;
07/02/2026 02:07:10.78;0;1;0;0;
07/02/2026 02:07:11.610;0;0;0;0;
07/02/2026 02:17:50.172;0;1;0;0;
07/02/2026 02:17:51.796;0;0;0;0;
07/02/2026 02:20:30.257;0;1;0;0;
07/02/2026 02:20:31.821;0;0;0;0;
07/02/2026 02:24:30.373;0;1;0;0;
07/02/2026 02:24:32.17;0;0;0;0;
07/02/2026 02:29:10.681;0;1;0;0;
07/02/2026 02:29:12.235;0;0;0;0;
07/02/2026 02:36:30.723;0;1;0;0;
07/02/2026 02:36:32.336;0;0;0;0;
07/02/2026 02:39:42.748;1;0;0;0;
07/02/2026 02:39:42.749;1;1;1;0;
07/02/2026 02:39:46.356;1;0;0;0;
07/02/2026 02:40:11.582;0;0;0;0;
07/02/2026 02:40:53.132;0;1;1;0;
07/02/2026 02:40:55.176;0;0;0;0;
07/02/2026 02:41:12.951;0;1;1;0;
07/02/2026 02:41:14.366;0;0;0;0;
07/02/2026 02:41:33.162;0;1;1;0;
07/02/2026 02:41:34.437;0;0;0;0;
07/02/2026 02:41:52.892;0;0;1;0;
07/02/2026 02:41:54.157;0;0;0;0;
07/02/2026 02:42:12.903;0;0;1;0;
07/02/2026 02:42:14.147;0;0;0;0;
07/02/2026 02:42:32.913;0;0;1;0;
07/02/2026 02:42:34.178;0;0;0;0;
07/02/2026 02:42:52.924;0;0;1;0;
07/02/2026 02:42:54.78;0;0;0;0;
07/02/2026 02:43:12.935;0;0;1;0;
07/02/2026 02:43:14.209;0;0;0;0;
07/02/2026 02:43:32.945;0;0;1;0;
07/02/2026 02:43:34.160;0;0;0;0;
07/02/2026 02:43:52.977;0;0;1;0;
07/02/2026 02:43:54.270;0;0;0;0;
07/02/2026 02:44:13.101;0;0;1;0;
07/02/2026 02:44:14.241;0;0;0;0;
07/02/2026 02:44:33.219;0;0;1;0;
07/02/2026 02:44:34.351;0;0;0;0;
07/02/2026 02:44:52.887;0;0;1;0;
07/02/2026 02:44:54.202;0;0;0;0;
07/02/2026 02:45:12.898;0;0;1;0;
07/02/2026 02:45:14.32;0;0;0;0;
07/02/2026 02:45:32.938;0;0;1;0;
07/02/2026 02:45:34.193;0;0;0;0;
07/02/2026 02:45:52.919;0;0;1;0;
07/02/2026 02:45:54.173;0;0;0;0;
07/02/2026 02:46:12.939;0;0;1;0;
07/02/2026 02:46:14.204;0;0;0;0;
07/02/2026 02:46:32.930;0;0;1;0;
07/02/2026 02:46:34.184;0;0;0;0;
07/02/2026 02:46:52.970;0;0;1;0;
07/02/2026 02:46:54.315;0;0;0;0;
07/02/2026 02:47:13.191;0;0;1;0;
07/02/2026 02:47:14.506;0;0;0;0;
07/02/2026 02:47:33.312;0;0;1;0;
07/02/2026 02:47:34.687;0;0;0;0;
07/02/2026 02:47:53.73;0;0;1;0;
07/02/2026 02:47:54.337;0;0;0;0;
07/02/2026 02:48:13.83;0;0;1;0;
07/02/2026 02:48:14.447;0;0;0;0;
07/02/2026 02:48:33.93;0;0;1;0;
07/02/2026 02:48:34.428;0;0;0;0;
07/02/2026 02:48:53.104;0;0;1;0;
07/02/2026 02:48:54.498;0;0;0;0;
07/02/2026 02:49:13.114;0;0;1;0;
07/02/2026 02:49:14.269;0;0;0;0;
07/02/2026 02:49:33.125;0;0;1;0;
07/02/2026 02:49:34.369;0;0;0;0;
07/02/2026 02:49:53.348;0;0;1;0;
07/02/2026 02:49:54.490;0;0;0;0;
07/02/2026 02:50:13.247;0;0;1;0;
07/02/2026 02:50:14.621;0;0;0;0;
07/02/2026 02:50:33.360;0;0;1;0;
07/02/2026 02:50:34.721;0;0;0;0;
07/02/2026 02:50:53.168;0;0;1;0;
07/02/2026 02:50:54.322;0;0;0;0;
07/02/2026 02:51:13.98;0;0;1;0;
07/02/2026 02:51:14.232;0;0;0;0;
07/02/2026 02:51:33.83;0;0;1;0;
07/02/2026 02:51:34.343;0;0;0;0;
07/02/2026 02:51:53.99;0;0;1;0;
07/02/2026 02:51:54.233;0;0;0;0;
07/02/2026 02:52:13.120;0;0;1;0;
07/02/2026 02:52:14.464;0;0;0;0;
07/02/2026 02:52:33.215;0;0;1;0;
07/02/2026 02:52:34.595;0;0;0;0;
07/02/2026 02:52:53.111;0;0;1;0;
07/02/2026 02:52:54.365;0;0;0;0;
07/02/2026 02:53:15.343;0;0;1;0;
07/02/2026 02:53:16.638;0;0;0;0;
07/02/2026 02:53:33.667;0;0;1;0;
07/02/2026 02:53:34.866;0;0;0;0;
07/02/2026 02:53:53.242;0;0;1;0;
07/02/2026 02:53:54.497;0;0;0;0;
07/02/2026 02:54:13.263;0;0;1;0;
07/02/2026 02:54:14.417;0;0;0;0;
07/02/2026 02:54:33.263;0;0;1;0;
07/02/2026 02:54:34.528;0;0;0;0;
07/02/2026 02:54:53.274;0;1;1;0;
07/02/2026 02:54:54.488;0;0;0;0;
07/02/2026 02:55:13.284;0;0;1;0;
07/02/2026 02:55:14.489;0;0;0;0;
07/02/2026 02:55:33.295;0;0;1;0;
07/02/2026 02:55:34.539;0;0;0;0;
07/02/2026 02:55:53.306;0;0;1;0;
07/02/2026 02:55:54.450;0;0;0;0;
07/02/2026 02:56:13.389;0;0;1;0;
07/02/2026 02:56:14.620;0;0;0;0;
07/02/2026 02:56:33.511;0;0;1;0;
07/02/2026 02:56:34.741;0;0;0;0;
07/02/2026 02:56:53.631;0;0;1;0;
07/02/2026 02:56:54.822;0;0;0;0;
07/02/2026 02:57:13.358;0;0;1;0;
07/02/2026 02:57:14.632;0;0;0;0;
07/02/2026 02:57:33.258;0;0;1;0;
07/02/2026 02:57:34.543;0;0;0;0;
07/02/2026 02:57:53.269;0;0;1;0;
07/02/2026 02:57:54.403;0;0;0;0;
07/02/2026 02:58:13.290;0;0;1;0;
07/02/2026 02:58:14.604;0;0;0;0;
07/02/2026 02:58:33.275;0;0;1;0;
07/02/2026 02:58:34.414;0;0;0;0;
07/02/2026 02:58:53.281;0;0;1;0;
07/02/2026 02:58:54.415;0;0;0;0;
07/02/2026 02:59:13.391;0;0;1;0;
07/02/2026 02:59:14.525;0;0;0;0;
07/02/2026 02:59:33.612;0;0;1;0;
07/02/2026 02:59:34.866;0;0;0;0;
07/02/2026 02:59:53.412;0;0;1;0;
07/02/2026 02:59:54.546;0;0;0;0;
07/02/2026 03:00:13.423;0;0;1;0;
07/02/2026 03:00:14.597;0;0;0;0;
07/02/2026 03:00:33.433;0;0;1;0;
07/02/2026 03:00:34.668;0;0;0;0;
07/02/2026 03:00:53.454;1;0;0;0;
07/02/2026 03:00:53.454;1;1;1;0;
07/02/2026 03:00:58.502;1;0;0;0;
07/02/2026 03:01:03.450;1;1;1;0;
07/02/2026 03:01:04.879;1;0;0;0;
07/02/2026 03:01:11.352;1;1;1;0;
07/02/2026 03:01:12.486;1;0;0;0;
07/02/2026 03:01:21.462;1;1;1;0;
07/02/2026 03:01:22.607;1;0;0;0;
07/02/2026 03:01:30.515;0;0;0;0;
07/02/2026 03:02:15.580;0;1;1;0;
07/02/2026 03:02:20.957;0;0;0;0;
07/02/2026 03:02:33.901;0;0;1;0;
07/02/2026 03:02:35.352;0;0;0;0;
07/02/2026 03:02:53.802;0;0;1;0;
07/02/2026 03:02:55.32;0;0;0;0;
07/02/2026 03:03:13.438;0;0;1;0;
07/02/2026 03:03:14.722;0;0;0;0;
07/02/2026 03:03:33.443;0;1;0;0;
07/02/2026 03:03:35.393;0;0;0;0;
07/02/2026 03:03:53.459;0;1;0;0;
07/02/2026 03:03:55.374;0;0;0;0;
07/02/2026 03:04:13.479;0;1;1;0;
07/02/2026 03:04:15.364;0;0;0;0;
07/02/2026 03:04:33.463;0;1;1;0;
07/02/2026 03:04:35.565;0;0;0;0;
07/02/2026 03:04:53.471;0;1;1;0;
07/02/2026 03:04:55.806;0;0;0;0;
07/02/2026 03:05:13.882;0;1;1;0;
07/02/2026 03:05:15.616;0;0;0;0;
07/02/2026 03:05:33.783;0;0;1;0;
07/02/2026 03:05:35.96;0;0;0;0;
07/02/2026 03:06:13.633;0;1;0;0;
07/02/2026 03:06:15.147;0;0;0;0;
07/02/2026 03:23:14.192;0;1;0;0;
07/02/2026 03:23:15.716;0;0;0;0;
07/02/2026 03:24:34.144;0;1;1;0;
07/02/2026 03:24:35.718;0;0;0;0;
07/02/2026 03:29:54.293;0;1;0;0;
07/02/2026 03:29:55.807;0;0;0;0;
07/02/2026 03:31:54.356;0;1;0;0;
07/02/2026 03:31:55.920;0;0;0;0;
07/02/2026 03:39:14.468;0;1;0;0;
07/02/2026 03:39:16.143;0;0;0;0;
07/02/2026 03:40:14.510;0;1;0;0;
07/02/2026 03:40:16.64;0;0;0;0;
07/02/2026 03:48:34.824;0;1;0;0;
07/02/2026 03:48:36.398;0;0;0;0;
07/02/2026 03:49:14.845;0;0;1;0;
07/02/2026 03:49:15.999;0;0;0;0;
07/02/2026 03:49:34.885;0;0;1;0;
07/02/2026 03:49:36.189;0;0;0;0;
07/02/2026 03:50:55.188;0;1;0;0;
07/02/2026 03:50:56.772;0;0;0;0;
07/02/2026 03:51:54.829;0;1;0;0;
07/02/2026 03:51:56.474;0;0;0;0;
07/02/2026 03:52:34.840;0;1;0;0;
07/02/2026 03:52:36.425;0;0;0;0;
07/02/2026 04:00:35.148;0;1;0;0;
07/02/2026 04:00:36.748;0;0;0;0;
07/02/2026 04:01:15.174;0;1;0;0;
07/02/2026 04:01:16.779;0;0;0;0;
07/02/2026 04:04:55.180;0;0;1;0;
07/02/2026 04:04:56.314;0;0;0;0;
07/02/2026 04:05:15.181;0;0;1;0;
07/02/2026 04:05:16.435;0;0;0;0;
07/02/2026 04:12:15.612;0;1;0;0;
07/02/2026 04:12:17.376;0;0;0;0;
07/02/2026 04:12:55.503;0;1;0;0;
07/02/2026 04:12:56.997;0;0;0;0;
07/02/2026 04:13:15.514;0;0;1;0;
07/02/2026 04:13:16.927;0;0;0;0;
07/02/2026 04:13:35.524;0;1;0;0;
07/02/2026 04:13:37.328;0;0;0;0;
07/02/2026 04:13:55.534;0;0;1;0;
07/02/2026 04:13:56.999;0;0;0;0;
07/02/2026 04:14:35.597;0;1;0;0;
07/02/2026 04:14:37.400;0;0;0;0;
07/02/2026 04:15:57.802;0;1;0;0;
07/02/2026 04:15:59.324;0;0;0;0;
07/02/2026 04:16:55.529;0;1;0;0;
07/02/2026 04:16:57.233;0;0;0;0;
07/02/2026 04:17:15.539;0;1;0;0;
07/02/2026 04:17:17.184;0;0;0;0;
07/02/2026 04:17:55.550;0;0;1;0;
07/02/2026 04:17:56.684;0;0;0;0;
07/02/2026 04:18:15.701;0;0;1;0;
07/02/2026 04:18:16.985;0;0;0;0;
07/02/2026 04:19:55.703;0;1;0;0;
07/02/2026 04:19:57.158;0;0;0;0;
07/02/2026 04:24:55.741;0;0;1;0;
07/02/2026 04:24:56.965;0;0;0;0;
07/02/2026 04:25:35.862;0;0;1;0;
07/02/2026 04:25:37.266;0;0;0;0;
07/02/2026 04:26:16.73;0;0;1;0;
07/02/2026 04:26:17.457;0;0;0;0;
07/02/2026 04:30:15.904;0;0;1;0;
07/02/2026 04:30:17.283;0;0;0;0;
07/02/2026 04:30:55.940;0;0;1;0;
07/02/2026 04:30:57.284;0;0;0;0;
07/02/2026 04:32:36.62;0;0;1;0;
07/02/2026 04:32:37.327;0;0;0;0;
07/02/2026 04:32:56.343;0;0;1;0;
07/02/2026 04:32:57.757;0;0;0;0;
07/02/2026 04:34:56.136;0;0;1;0;
07/02/2026 04:34:57.460;0;0;0;0;
07/02/2026 04:35:56.167;0;1;0;0;
07/02/2026 04:35:57.722;0;0;0;0;
07/02/2026 04:36:16.78;0;0;1;0;
07/02/2026 04:36:17.452;0;0;0;0;
07/02/2026 04:36:36.171;0;1;1;0;
07/02/2026 04:36:38.13;0;0;0;0;
07/02/2026 04:36:58.281;0;1;0;0;
07/02/2026 04:36:59.835;0;0;0;0;
07/02/2026 04:37:36.130;0;1;0;0;
07/02/2026 04:37:37.774;0;0;0;0;
07/02/2026 04:37:50.224;1;0;0;0;
07/02/2026 04:37:50.225;1;1;1;0;
07/02/2026 04:38:02.760;1;0;0;0;
07/02/2026 04:38:42.551;0;0;0;0;
07/02/2026 04:45:56.725;1;0;0;0;
07/02/2026 04:46:34.744;1;0;1;0;
07/02/2026 04:46:48.577;1;0;0;0;
07/02/2026 04:46:59.468;0;0;0;0;
07/02/2026 04:47:36.975;0;1;1;0;
07/02/2026 04:47:42.342;0;0;0;0;
07/02/2026 04:47:57.318;0;1;0;0;
07/02/2026 04:47:59.89;0;0;0;0;
07/02/2026 04:48:17.159;0;1;0;0;
07/02/2026 04:48:18.940;0;0;0;0;
07/02/2026 04:48:36.916;0;1;1;0;
07/02/2026 04:48:38.500;0;0;0;0;
07/02/2026 04:49:16.937;0;1;1;0;
07/02/2026 04:49:18.721;0;0;0;0;
07/02/2026 04:53:36.964;0;1;0;0;
07/02/2026 04:53:38.457;0;0;0;0;
07/02/2026 04:55:57.309;0;0;1;0;
07/02/2026 04:55:58.581;0;0;0;0;
07/02/2026 04:56:17.403;0;0;1;0;
07/02/2026 04:56:18.732;0;0;0;0;
07/02/2026 04:57:57.220;0;1;0;0;
07/02/2026 04:57:58.824;0;0;0;0;
07/02/2026 04:58:57.132;0;1;0;0;
07/02/2026 04:58:58.776;0;0;0;0;
07/02/2026 04:59:37.253;0;1;1;0;
07/02/2026 04:59:38.777;0;0;0;0;
07/02/2026 05:00:17.464;0;1;0;0;
07/02/2026 05:00:19.208;0;0;0;0;
07/02/2026 05:01:17.290;0;0;1;0;
07/02/2026 05:01:18.429;0;0;0;0;
07/02/2026 05:01:37.306;0;0;1;0;
07/02/2026 05:01:38.590;0;0;0;0;
07/02/2026 05:05:17.322;0;1;0;0;
07/02/2026 05:05:19.206;0;0;0;0;
07/02/2026 05:06:37.353;0;1;0;0;
07/02/2026 05:06:38.997;0;0;0;0;
07/02/2026 05:10:17.569;0;0;1;0;
07/02/2026 05:10:18.713;0;0;0;0;
07/02/2026 05:10:37.575;0;1;1;0;
07/02/2026 05:10:39.13;0;0;0;0;
07/02/2026 05:14:17.675;0;1;0;0;
07/02/2026 05:14:19.339;0;0;0;0;
07/02/2026 05:18:57.992;0;1;0;0;
07/02/2026 05:18:59.516;0;0;0;0;
07/02/2026 05:20:17.734;0;0;1;0;
07/02/2026 05:20:18.958;0;0;0;0;
07/02/2026 05:24:37.871;0;1;0;0;
07/02/2026 05:24:39.454;0;0;0;0;
07/02/2026 05:25:58.137;0;1;0;0;
07/02/2026 05:25:59.937;0;0;0;0;
07/02/2026 05:26:17.913;0;1;0;0;
07/02/2026 05:26:19.467;0;0;0;0;
07/02/2026 05:27:18.35;0;1;0;0;
07/02/2026 05:27:19.869;0;0;0;0;
07/02/2026 05:27:58.51;0;0;1;0;
07/02/2026 05:27:59.379;0;0;0;0;
07/02/2026 05:28:58.107;0;1;0;0;
07/02/2026 05:28:59.631;0;0;0;0;
07/02/2026 05:29:58.119;0;1;0;0;
07/02/2026 05:29:59.743;0;0;0;0;
07/02/2026 05:31:18.61;0;1;0;0;
07/02/2026 05:31:19.735;0;0;0;0;
07/02/2026 05:37:58.246;0;1;0;0;
07/02/2026 05:37:59.835;0;0;0;0;
07/02/2026 05:45:18.566;0;1;0;0;
07/02/2026 05:45:20.116;0;0;0;0;
07/02/2026 05:45:38.725;0;0;1;0;
07/02/2026 05:45:39.886;0;0;0;0;
07/02/2026 05:45:58.473;0;0;1;0;
07/02/2026 05:45:59.757;0;0;0;0;
07/02/2026 05:50:38.721;0;1;0;0;
07/02/2026 05:50:40.314;0;0;0;0;
07/02/2026 05:53:18.785;0;1;0;0;
07/02/2026 05:53:20.318;0;0;0;0;
07/02/2026 06:04:01.134;0;1;0;0;
07/02/2026 06:04:02.728;0;0;0;0;
07/02/2026 06:08:59.260;0;1;0;0;
07/02/2026 06:09:00.813;0;0;0;0;
07/02/2026 06:17:59.414;0;1;0;0;
07/02/2026 06:18:01.58;0;0;0;0;
07/02/2026 06:22:19.725;0;1;0;0;
07/02/2026 06:22:21.275;0;0;0;0;
07/02/2026 06:25:19.891;0;0;1;0;
07/02/2026 06:25:21.130;0;0;0;0;
07/02/2026 06:26:19.768;0;0;1;0;
07/02/2026 06:26:21.71;0;0;0;0;
07/02/2026 06:32:03.263;1;0;0;0;
07/02/2026 06:32:03.264;1;1;1;0;
07/02/2026 06:32:06.876;1;0;0;0;
07/02/2026 06:32:32.503;0;0;0;0;
07/02/2026 06:33:12.973;0;1;1;0;
07/02/2026 06:33:15.6;0;0;0;0;
07/02/2026 06:33:33.12;0;1;1;0;
07/02/2026 06:33:34.386;0;0;0;0;
07/02/2026 06:33:52.982;0;1;1;0;
07/02/2026 06:33:54.297;0;0;0;0;
07/02/2026 06:34:12.983;0;0;1;0;
07/02/2026 06:34:14.207;0;0;0;0;
07/02/2026 06:34:33.214;0;0;1;0;
07/02/2026 06:34:34.438;0;0;0;0;
07/02/2026 06:34:53.334;0;0;1;0;
07/02/2026 06:34:54.569;0;0;0;0;
07/02/2026 06:35:13.115;0;0;1;0;
07/02/2026 06:35:14.259;0;0;0;0;
07/02/2026 06:35:33.125;0;0;1;0;
07/02/2026 06:35:34.430;0;0;0;0;
07/02/2026 06:35:53.136;0;0;1;0;
07/02/2026 06:35:54.280;0;0;0;0;
07/02/2026 06:36:13.146;0;0;1;0;
07/02/2026 06:36:14.391;0;0;0;0;
07/02/2026 06:36:33.157;0;0;1;0;
07/02/2026 06:36:34.311;0;0;0;0;
07/02/2026 06:36:53.167;0;0;1;0;
07/02/2026 06:36:54.562;0;0;0;0;
07/02/2026 06:37:13.181;0;0;1;0;
07/02/2026 06:37:14.563;0;0;0;0;
07/02/2026 06:37:33.362;0;0;1;0;
07/02/2026 06:37:34.503;0;0;0;0;
07/02/2026 06:37:53.433;0;0;1;0;
07/02/2026 06:37:54.684;0;0;0;0;
07/02/2026 06:38:13.209;0;0;1;0;
07/02/2026 06:38:14.524;0;0;0;0;
07/02/2026 06:38:33.120;0;0;1;0;
07/02/2026 06:38:34.254;0;0;0;0;
07/02/2026 06:38:53.126;0;0;1;0;
07/02/2026 06:38:54.265;0;0;0;0;
07/02/2026 06:39:13.172;0;0;1;0;
07/02/2026 06:39:14.426;0;0;0;0;
07/02/2026 06:39:33.162;0;0;1;0;
07/02/2026 06:39:34.506;0;0;0;0;
07/02/2026 06:39:53.172;0;0;1;0;
07/02/2026 06:39:54.457;0;0;0;0;
07/02/2026 06:40:13.273;0;1;1;0;
07/02/2026 06:40:14.677;0;0;0;0;
07/02/2026 06:40:33.444;0;0;1;0;
07/02/2026 06:40:34.738;0;0;0;0;
07/02/2026 06:40:55.576;0;0;1;0;
07/02/2026 06:40:56.911;0;0;0;0;
07/02/2026 06:41:13.285;0;0;1;0;
07/02/2026 06:41:14.449;0;0;0;0;
07/02/2026 06:41:33.295;0;0;1;0;
07/02/2026 06:41:34.580;0;0;0;0;
07/02/2026 06:41:53.306;0;0;1;0;
07/02/2026 06:41:54.620;0;0;0;0;
07/02/2026 06:42:13.316;0;0;1;0;
07/02/2026 06:42:14.681;0;0;0;0;
07/02/2026 06:42:33.327;0;0;1;0;
07/02/2026 06:42:34.481;0;0;0;0;
07/02/2026 06:42:53.337;0;0;1;0;
07/02/2026 06:42:54.552;0;0;0;0;
07/02/2026 06:43:15.420;0;0;1;0;
07/02/2026 06:43:16.614;0;0;0;0;
07/02/2026 06:43:33.531;0;0;1;0;
07/02/2026 06:43:34.853;0;0;0;0;
07/02/2026 06:43:53.653;0;0;1;0;
07/02/2026 06:43:54.944;0;0;0;0;
07/02/2026 06:44:13.379;0;0;1;0;
07/02/2026 06:44:14.714;0;0;0;0;
07/02/2026 06:44:33.290;0;0;1;0;
07/02/2026 06:44:34.484;0;0;0;0;
07/02/2026 06:44:53.310;0;0;1;0;
07/02/2026 06:44:54.615;0;0;0;0;
07/02/2026 06:45:13.311;0;0;1;0;
07/02/2026 06:45:14.445;0;0;0;0;
07/02/2026 06:45:33.332;0;0;1;0;
07/02/2026 06:45:34.586;0;0;0;0;
07/02/2026 06:45:53.317;0;0;1;0;
07/02/2026 06:45:54.457;0;0;0;0;
07/02/2026 06:46:13.433;0;0;1;0;
07/02/2026 06:46:14.717;0;0;0;0;
07/02/2026 06:46:33.654;0;0;1;0;
07/02/2026 06:46:34.788;0;0;0;0;
07/02/2026 06:46:53.444;0;0;1;0;
07/02/2026 06:46:54.698;0;0;0;0;
07/02/2026 06:47:13.450;0;0;1;0;
07/02/2026 06:47:14.649;0;0;0;0;
07/02/2026 06:47:33.466;0;0;1;0;
07/02/2026 06:47:34.700;0;0;0;0;
07/02/2026 06:47:53.476;0;0;1;0;
07/02/2026 06:47:54.630;0;0;0;0;
07/02/2026 06:48:13.486;0;0;1;0;
07/02/2026 06:48:14.731;0;0;0;0;
07/02/2026 06:48:33.497;0;0;1;0;
07/02/2026 06:48:34.771;0;0;0;0;
07/02/2026 06:48:53.511;0;0;1;0;
07/02/2026 06:48:54.782;0;0;0;0;
07/02/2026 06:49:15.644;0;0;1;0;
07/02/2026 06:49:16.784;0;0;0;0;
07/02/2026 06:49:33.763;0;0;1;0;
07/02/2026 06:49:35.83;0;0;0;0;
07/02/2026 06:49:53.559;0;0;1;0;
07/02/2026 06:49:54.693;0;0;0;0;
07/02/2026 06:50:13.550;0;0;1;0;
07/02/2026 06:50:14.684;0;0;0;0;
07/02/2026 06:50:33.460;0;0;1;0;
07/02/2026 06:50:34.684;0;0;0;0;
07/02/2026 06:50:53.470;0;0;1;0;
07/02/2026 06:50:54.785;0;0;0;0;
07/02/2026 06:51:13.481;0;0;1;0;
07/02/2026 06:51:14.616;0;0;0;0;
07/02/2026 06:51:33.502;0;0;1;0;
07/02/2026 06:51:34.636;0;0;0;0;
07/02/2026 06:51:53.602;0;0;1;0;
07/02/2026 06:51:54.827;0;0;0;0;
07/02/2026 06:52:13.673;0;0;1;0;
07/02/2026 06:52:14.807;0;0;0;0;
07/02/2026 06:52:33.894;0;0;1;0;
07/02/2026 06:52:35.28;0;0;0;0;
07/02/2026 06:52:53.654;0;0;1;0;
07/02/2026 06:52:54.788;0;0;0;0;
07/02/2026 06:53:13.664;1;0;0;0;
07/02/2026 06:53:13.665;1;1;1;0;
07/02/2026 06:53:18.743;1;0;0;0;
07/02/2026 06:53:23.646;1;1;1;0;
07/02/2026 06:53:25.69;1;0;0;0;
07/02/2026 06:53:31.542;1;1;1;0;
07/02/2026 06:53:32.677;1;0;0;0;
07/02/2026 06:53:41.543;1;1;1;0;
07/02/2026 06:53:42.688;1;0;0;0;
07/02/2026 06:53:50.726;0;0;0;0;
07/02/2026 06:54:33.699;0;1;1;0;
07/02/2026 06:54:38.715;0;0;0;0;
07/02/2026 06:54:53.759;0;1;1;0;
07/02/2026 06:54:55.412;0;0;0;0;
07/02/2026 06:55:13.881;0;1;1;0;
07/02/2026 06:55:15.923;0;0;0;0;
07/02/2026 06:55:34.10;0;1;0;0;
07/02/2026 06:55:35.534;0;0;0;0;
07/02/2026 06:55:53.749;0;0;1;0;
07/02/2026 06:55:55.84;0;0;0;0;
07/02/2026 06:56:13.750;0;1;0;0;
07/02/2026 06:56:15.334;0;0;0;0;
07/02/2026 06:56:53.671;0;0;1;0;
07/02/2026 06:56:54.835;0;0;0;0;
07/02/2026 06:57:13.682;0;0;1;0;
07/02/2026 06:57:14.996;0;0;0;0;
07/02/2026 06:59:33.846;0;1;0;0;
07/02/2026 06:59:35.660;0;0;0;0;
07/02/2026 07:00:13.867;0;1;0;0;
07/02/2026 07:00:15.421;0;0;0;0;
07/02/2026 07:03:54.13;0;1;0;0;
07/02/2026 07:03:55.477;0;0;0;0;
07/02/2026 07:04:33.984;0;0;1;0;
07/02/2026 07:04:35.298;0;0;0;0;
07/02/2026 07:09:14.32;0;1;0;0;
07/02/2026 07:09:15.646;0;0;0;0;
07/02/2026 07:10:34.155;0;0;1;0;
07/02/2026 07:10:35.538;0;0;0;0;
07/02/2026 07:11:14.175;0;0;1;0;
07/02/2026 07:11:15.539;0;0;0;0;
07/02/2026 07:15:54.453;0;1;0;0;
07/02/2026 07:15:56.128;0;0;0;0;
07/02/2026 07:17:14.355;0;1;0;0;
07/02/2026 07:17:15.980;0;0;0;0;
07/02/2026 07:24:54.856;0;1;0;0;
07/02/2026 07:24:56.393;0;0;0;0;
07/02/2026 07:25:14.589;0;0;1;0;
07/02/2026 07:25:15.793;0;0;0;0;
07/02/2026 07:25:34.629;0;0;1;0;
07/02/2026 07:25:35.924;0;0;0;0;
07/02/2026 07:26:14.520;0;1;0;0;
07/02/2026 07:26:16.105;0;0;0;0;
07/02/2026 07:27:54.554;0;0;1;0;
07/02/2026 07:27:55.968;0;0;0;0;
07/02/2026 07:28:34.674;0;0;1;0;
07/02/2026 07:28:36.29;0;0;0;0;
07/02/2026 07:37:14.929;0;0;1;0;
07/02/2026 07:37:16.193;0;0;0;0;
07/02/2026 07:37:34.960;0;1;0;0;
07/02/2026 07:37:36.454;0;0;0;0;
07/02/2026 07:39:35.273;0;1;0;0;
07/02/2026 07:39:36.788;0;0;0;0;
07/02/2026 07:40:55.30;0;1;0;0;
07/02/2026 07:40:56.650;0;0;0;0;
07/02/2026 07:42:35.361;0;1;1;0;
07/02/2026 07:42:37.73;0;0;0;0;
07/02/2026 07:44:55.122;0;0;1;0;
07/02/2026 07:44:56.556;0;0;0;0;
07/02/2026 07:45:15.242;0;0;1;0;
07/02/2026 07:45:16.557;0;0;0;0;
07/02/2026 07:49:55.300;0;1;0;0;
07/02/2026 07:49:56.934;0;0;0;0;
07/02/2026 07:50:55.302;0;1;0;0;
07/02/2026 07:50:56.826;0;0;0;0;
07/02/2026 07:51:55.244;0;0;1;0;
07/02/2026 07:51:56.377;0;0;0;0;
07/02/2026 07:52:15.249;0;0;1;0;
07/02/2026 07:52:16.538;0;0;0;0;
07/02/2026 07:54:15.572;0;1;0;0;
07/02/2026 07:54:17.112;0;0;0;0;
07/02/2026 07:54:55.438;0;1;0;0;
07/02/2026 07:54:57.3;0;0;0;0;
07/02/2026 08:01:35.629;0;1;0;0;
07/02/2026 08:01:37.263;0;0;0;0;
07/02/2026 08:02:35.560;0;1;0;0;
07/02/2026 08:02:37.145;0;0;0;0;
07/02/2026 08:03:15.662;0;0;1;0;
07/02/2026 08:03:16.886;0;0;0;0;
07/02/2026 08:03:35.862;0;0;1;0;
07/02/2026 08:03:37.176;0;0;0;0;
07/02/2026 08:10:16.43;0;1;0;0;
07/02/2026 08:10:17.477;0;0;0;0;
07/02/2026 08:11:15.904;0;0;1;0;
07/02/2026 08:11:17.38;0;0;0;0;
07/02/2026 08:11:35.915;0;1;1;0;
07/02/2026 08:11:37.469;0;0;0;0;
07/02/2026 08:13:56.367;0;1;0;0;
07/02/2026 08:13:57.873;0;0;0;0;
07/02/2026 08:14:36.20;0;1;0;0;
07/02/2026 08:14:37.874;0;0;0;0;
07/02/2026 08:14:56.30;0;0;1;0;
07/02/2026 08:14:57.184;0;0;0;0;
07/02/2026 08:15:15.931;0;1;1;0;
07/02/2026 08:15:17.755;0;0;0;0;
07/02/2026 08:15:55.951;0;1;1;0;
07/02/2026 08:15:57.566;0;0;0;0;
07/02/2026 08:21:36.240;0;1;0;0;
07/02/2026 08:21:37.924;0;0;0;0;
07/02/2026 08:21:56.125;0;0;1;0;
07/02/2026 08:21:57.444;0;0;0;0;
07/02/2026 08:22:16.141;0;1;0;0;
07/02/2026 08:22:17.785;0;0;0;0;
07/02/2026 08:24:36.304;0;1;0;0;
07/02/2026 08:24:37.829;0;0;0;0;
07/02/2026 08:31:16.835;0;0;1;0;
07/02/2026 08:31:18.209;0;0;0;0;
07/02/2026 08:32:56.587;0;0;1;0;
07/02/2026 08:32:57.961;0;0;0;0;
07/02/2026 08:33:16.557;0;1;0;0;
07/02/2026 08:33:18.592;0;0;0;0;
07/02/2026 08:33:36.568;0;0;1;0;
07/02/2026 08:33:38.22;0;0;0;0;
07/02/2026 08:33:56.578;0;1;1;0;
07/02/2026 08:33:58.293;0;0;0;0;
07/02/2026 08:34:16.632;0;0;1;0;
07/02/2026 08:34:17.863;0;0;0;0;
07/02/2026 08:35:36.531;0;1;0;0;
07/02/2026 08:35:37.965;0;0;0;0;
07/02/2026 08:36:22.658;1;0;0;0;
07/02/2026 08:36:22.659;1;1;1;0;
07/02/2026 08:36:35.43;1;0;0;0;
07/02/2026 08:37:14.884;0;0;0;0;
07/02/2026 08:51:58.926;1;0;0;0;
07/02/2026 08:52:36.940;1;0;1;0;
07/02/2026 08:52:50.893;1;0;0;0;
07/02/2026 08:53:01.214;0;0;0;0;
07/02/2026 08:53:38.991;0;1;1;0;
07/02/2026 08:53:41.505;0;0;0;0;
07/02/2026 08:53:59.0;0;1;1;0;
07/02/2026 08:54:01.395;0;0;0;0;
07/02/2026 08:54:19.111;0;1;0;0;
07/02/2026 08:54:20.905;0;0;0;0;
07/02/2026 08:54:39.141;0;1;1;0;
07/02/2026 08:54:40.796;0;0;0;0;
07/02/2026 08:54:59.332;0;0;1;0;
07/02/2026 08:55:00.626;0;0;0;0;
07/02/2026 08:55:39.433;0;0;1;0;
07/02/2026 08:55:40.797;0;0;0;0;
07/02/2026 08:57:59.227;0;1;0;0;
07/02/2026 08:58:00.791;0;0;0;0;
07/02/2026 09:03:39.671;0;1;0;0;
07/02/2026 09:03:41.210;0;0;0;0;
07/02/2026 09:07:41.775;0;0;1;0;
07/02/2026 09:07:43.18;0;0;0;0;
07/02/2026 09:07:59.507;0;0;1;0;
07/02/2026 09:08:00.836;0;0;0;0;
07/02/2026 09:10:59.602;0;0;1;0;
07/02/2026 09:11:00.851;0;0;0;0;
07/02/2026 09:11:19.708;0;0;1;0;
07/02/2026 09:11:21.81;0;0;0;0;
07/02/2026 09:18:39.799;0;0;1;0;
07/02/2026 09:18:40.932;0;0;0;0;
07/02/2026 09:18:59.899;0;0;1;0;
07/02/2026 09:19:01.153;0;0;0;0;
07/02/2026 09:19:39.760;0;1;0;0;
07/02/2026 09:19:41.614;0;0;0;0;
07/02/2026 09:19:59.871;0;1;0;0;
07/02/2026 09:20:01.455;0;0;0;0;
07/02/2026 09:20:39.892;0;1;0;0;
07/02/2026 09:20:41.676;0;0;0;0;
07/02/2026 09:26:20.191;0;1;0;0;
07/02/2026 09:26:21.714;0;0;0;0;
07/02/2026 09:27:40.92;0;1;0;0;
07/02/2026 09:27:41.576;0;0;0;0;
07/02/2026 09:28:00.103;0;0;1;0;
07/02/2026 09:28:01.377;0;0;0;0;
07/02/2026 09:28:20.113;0;0;1;0;
07/02/2026 09:28:21.477;0;0;0;0;
07/02/2026 09:29:00.135;0;1;0;0;
07/02/2026 09:29:01.828;0;0;0;0;
07/02/2026 09:33:20.391;0;1;0;0;
07/02/2026 09:33:21.945;0;0;0;0;
07/02/2026 09:36:20.446;0;1;0;0;
07/02/2026 09:36:21.979;0;0;0;0;
07/02/2026 09:37:40.272;0;1;0;0;
07/02/2026 09:37:41.831;0;0;0;0;
07/02/2026 09:38:20.299;0;1;0;0;
07/02/2026 09:38:21.942;0;0;0;0;
07/02/2026 09:43:40.779;0;1;0;0;
07/02/2026 09:43:42.421;0;0;0;0;
07/02/2026 09:47:20.642;0;1;0;0;
07/02/2026 09:47:22.186;0;0;0;0;
07/02/2026 09:50:40.647;0;0;1;0;
07/02/2026 09:50:41.811;0;0;0;0;
07/02/2026 09:51:00.658;0;1;0;0;
07/02/2026 09:51:02.332;0;0;0;0;
07/02/2026 09:51:20.668;0;1;0;0;
07/02/2026 09:51:22.202;0;0;0;0;
07/02/2026 09:52:40.840;0;1;0;0;
07/02/2026 09:52:42.574;0;0;0;0;
07/02/2026 09:53:21.52;0;1;1;0;
07/02/2026 09:53:22.585;0;0;0;0;
07/02/2026 09:54:00.842;0;1;0;0;
07/02/2026 09:54:02.506;0;0;0;0;
07/02/2026 09:55:20.884;0;1;0;0;
07/02/2026 09:55:22.368;0;0;0;0;
07/02/2026 09:56:43.182;0;1;0;0;
07/02/2026 09:56:44.613;0;0;0;0;
07/02/2026 10:03:41.32;0;1;0;0;
07/02/2026 10:03:42.621;0;0;0;0;
07/02/2026 10:13:41.418;0;1;0;0;
07/02/2026 10:13:43.47;0;0;0;0;
07/02/2026 10:16:41.418;0;1;1;0;
07/02/2026 10:16:43.32;0;0;0;0;
07/02/2026 10:17:01.429;0;0;1;0;
07/02/2026 10:17:02.772;0;0;0;0;
07/02/2026 10:25:01.772;0;1;0;0;
07/02/2026 10:25:03.376;0;0;0;0;
07/02/2026 10:28:01.857;0;1;0;0;
07/02/2026 10:28:03.410;0;0;0;0;
07/02/2026 10:31:41.953;0;1;0;0;
07/02/2026 10:31:43.526;0;0;0;0;
07/02/2026 10:33:22.108;0;1;0;0;
07/02/2026 10:33:23.699;0;0;0;0;
07/02/2026 10:35:06.61;1;0;0;0;
07/02/2026 10:35:06.62;1;1;1;0;
07/02/2026 10:35:09.688;1;0;0;0;
07/02/2026 10:35:34.63;0;0;0;0;
07/02/2026 10:36:16.185;0;1;1;0;
07/02/2026 10:36:18.289;0;0;0;0;
07/02/2026 10:36:36.324;0;1;1;0;
07/02/2026 10:36:37.718;0;0;0;0;
07/02/2026 10:36:56.555;0;1;1;0;
07/02/2026 10:36:57.849;0;0;0;0;
07/02/2026 10:37:16.145;0;1;1;0;
07/02/2026 10:37:17.409;0;0;0;0;
07/02/2026 10:37:36.176;0;0;1;0;
07/02/2026 10:37:37.370;0;0;0;0;
07/02/2026 10:37:56.176;0;0;1;0;
07/02/2026 10:37:57.380;0;0;0;0;
07/02/2026 10:38:16.77;0;0;1;0;
07/02/2026 10:38:17.211;0;0;0;0;
07/02/2026 10:38:36.87;0;0;1;0;
07/02/2026 10:38:37.311;0;0;0;0;
07/02/2026 10:38:56.142;0;0;1;0;
07/02/2026 10:38:57.282;0;0;0;0;
07/02/2026 10:39:18.400;0;0;1;0;
07/02/2026 10:39:19.535;0;0;0;0;
07/02/2026 10:39:36.383;0;0;1;0;
07/02/2026 10:39:37.523;0;0;0;0;
07/02/2026 10:39:56.109;0;0;1;0;
07/02/2026 10:39:57.454;0;0;0;0;
07/02/2026 10:40:16.130;0;0;1;0;
07/02/2026 10:40:17.264;0;0;0;0;
07/02/2026 10:40:36.230;0;0;1;0;
07/02/2026 10:40:37.575;0;0;0;0;
07/02/2026 10:40:56.241;0;0;1;0;
07/02/2026 10:40:57.615;0;0;0;0;
07/02/2026 10:41:16.251;0;0;1;0;
07/02/2026 10:41:17.506;0;0;0;0;
07/02/2026 10:41:36.262;0;0;1;0;
07/02/2026 10:41:37.416;0;0;0;0;
07/02/2026 10:41:56.273;0;0;1;0;
07/02/2026 10:41:57.577;0;0;0;0;
07/02/2026 10:42:16.393;0;0;1;0;
07/02/2026 10:42:17.608;0;0;0;0;
07/02/2026 10:42:36.514;0;0;1;0;
07/02/2026 10:42:37.878;0;0;0;0;
07/02/2026 10:42:56.299;0;0;1;0;
07/02/2026 10:42:57.458;0;0;0;0;
07/02/2026 10:43:16.315;0;0;1;0;
07/02/2026 10:43:17.459;0;0;0;0;
07/02/2026 10:43:36.335;0;0;1;0;
07/02/2026 10:43:37.620;0;0;0;0;
07/02/2026 10:43:56.346;0;0;1;0;
07/02/2026 10:43:57.600;0;0;0;0;
07/02/2026 10:44:16.246;0;0;1;0;
07/02/2026 10:44:17.381;0;0;0;0;
07/02/2026 10:44:36.257;0;0;1;0;
07/02/2026 10:44:37.391;0;0;0;0;
07/02/2026 10:44:56.481;0;0;1;0;
07/02/2026 10:44:57.632;0;0;0;0;
07/02/2026 10:45:16.481;0;0;1;0;
07/02/2026 10:45:17.622;0;0;0;0;
07/02/2026 10:45:36.289;0;0;1;0;
07/02/2026 10:45:37.423;0;0;0;0;
07/02/2026 10:45:56.289;0;0;1;0;
07/02/2026 10:45:57.513;0;0;0;0;
07/02/2026 10:46:16.289;0;0;1;0;
07/02/2026 10:46:17.664;0;0;0;0;
07/02/2026 10:46:36.401;0;0;1;0;
07/02/2026 10:46:37.535;0;0;0;0;
07/02/2026 10:46:56.411;0;0;1;0;
07/02/2026 10:46:57.795;0;0;0;0;
07/02/2026 10:47:16.421;0;0;1;0;
07/02/2026 10:47:17.776;0;0;0;0;
07/02/2026 10:47:36.472;0;0;1;0;
07/02/2026 10:47:37.626;0;0;0;0;
07/02/2026 10:47:56.482;0;0;1;0;
07/02/2026 10:47:57.867;0;0;0;0;
07/02/2026 10:48:16.604;0;0;1;0;
07/02/2026 10:48:17.828;0;0;0;0;
07/02/2026 10:48:36.854;0;0;1;0;
07/02/2026 10:48:38.249;0;0;0;0;
07/02/2026 10:48:56.474;0;0;1;0;
07/02/2026 10:48:57.859;0;0;0;0;
07/02/2026 10:49:16.484;0;0;1;0;
07/02/2026 10:49:17.629;0;0;0;0;
07/02/2026 10:49:36.505;0;0;1;0;
07/02/2026 10:49:37.750;0;0;0;0;
07/02/2026 10:49:56.526;0;0;1;0;
07/02/2026 10:49:57.660;0;0;0;0;
07/02/2026 10:50:16.416;0;0;1;0;
07/02/2026 10:50:17.671;0;0;0;0;
07/02/2026 10:50:36.457;0;0;1;0;
07/02/2026 10:50:37.591;0;0;0;0;
07/02/2026 10:50:56.571;0;0;1;0;
07/02/2026 10:50:57.772;0;0;0;0;
07/02/2026 10:51:16.691;0;0;1;0;
07/02/2026 10:51:18.33;0;0;0;0;
07/02/2026 10:51:36.468;0;0;1;0;
07/02/2026 10:51:37.823;0;0;0;0;
07/02/2026 10:51:56.459;0;0;1;0;
07/02/2026 10:51:57.593;0;0;0;0;
07/02/2026 10:52:16.469;0;0;1;0;
07/02/2026 10:52:17.604;0;0;0;0;
07/02/2026 10:52:36.580;0;0;1;0;
07/02/2026 10:52:37.925;0;0;0;0;
07/02/2026 10:52:56.591;0;0;1;0;
07/02/2026 10:52:57.965;0;0;0;0;
07/02/2026 10:53:16.602;0;0;1;0;
07/02/2026 10:53:17.736;0;0;0;0;
07/02/2026 10:53:36.607;0;0;1;0;
07/02/2026 10:53:37.756;0;0;0;0;
07/02/2026 10:53:56.692;0;0;1;0;
07/02/2026 10:53:57.937;0;0;0;0;
07/02/2026 10:54:16.813;0;0;1;0;
07/02/2026 10:54:17.967;0;0;0;0;
07/02/2026 10:54:36.944;0;0;1;0;
07/02/2026 10:54:38.308;0;0;0;0;
07/02/2026 10:54:56.654;0;0;1;0;
07/02/2026 10:54:58.9;0;0;0;0;
07/02/2026 10:55:16.664;0;0;1;0;
07/02/2026 10:55:17.899;0;0;0;0;
07/02/2026 10:55:36.686;0;0;1;0;
07/02/2026 10:55:37.830;0;0;0;0;
07/02/2026 10:55:56.696;0;0;1;0;
07/02/2026 10:55:57.990;0;0;0;0;
07/02/2026 10:56:16.606;1;0;0;0;
07/02/2026 10:56:16.607;1;1;1;0;
07/02/2026 10:56:19.813;1;0;0;0;
07/02/2026 10:56:26.610;1;1;1;0;
07/02/2026 10:56:28.11;1;0;0;0;
07/02/2026 10:56:34.660;1;1;1;0;
07/02/2026 10:56:35.809;1;0;0;0;
07/02/2026 10:56:44.727;1;1;1;0;
07/02/2026 10:56:45.869;1;0;0;0;
07/02/2026 10:56:55.139;0;0;0;0;
07/02/2026 10:57:36.671;0;1;1;0;
07/02/2026 10:57:39.484;0;0;0;0;
07/02/2026 10:58:16.670;0;0;1;0;
07/02/2026 10:58:18.134;0;0;0;0;
07/02/2026 10:59:16.802;0;1;0;0;
07/02/2026 10:59:18.346;0;0;0;0;
07/02/2026 11:00:56.854;0;1;0;0;
07/02/2026 11:00:58.539;0;0;0;0;
07/02/2026 11:01:36.886;0;1;0;0;
07/02/2026 11:01:38.410;0;0;0;0;
07/02/2026 11:18:17.324;0;1;0;0;
07/02/2026 11:18:18.808;0;0;0;0;
07/02/2026 11:18:37.334;0;0;1;0;
07/02/2026 11:18:38.698;0;0;0;0;
07/02/2026 11:20:17.479;0;1;0;0;
07/02/2026 11:20:19.121;0;0;0;0;
07/02/2026 11:27:37.484;0;1;0;0;
07/02/2026 11:27:39.74;0;0;0;0;
07/02/2026 11:31:57.809;0;1;0;0;
07/02/2026 11:31:59.391;0;0;0;0;
07/02/2026 11:40:18.50;0;1;0;0;
07/02/2026 11:40:19.695;0;0;0;0;
07/02/2026 11:40:58.147;0;1;0;0;
07/02/2026 11:40:59.776;0;0;0;0;
07/02/2026 11:45:18.19;0;0;1;0;
07/02/2026 11:45:19.153;0;0;0;0;
07/02/2026 11:45:38.9;0;1;1;0;
07/02/2026 11:45:39.564;0;0;0;0;
07/02/2026 11:46:18.120;0;1;0;0;
07/02/2026 11:46:19.615;0;0;0;0;
07/02/2026 11:51:58.230;0;1;0;0;
07/02/2026 11:52:00.4;0;0;0;0;
07/02/2026 11:52:58.702;0;1;0;0;
07/02/2026 11:53:00.276;0;0;0;0;
07/02/2026 11:56:38.322;0;1;0;0;
07/02/2026 11:56:39.852;0;0;0;0;
07/02/2026 11:57:58.349;0;0;1;0;
07/02/2026 11:57:59.483;0;0;0;0;
07/02/2026 11:58:38.601;0;0;1;0;
07/02/2026 11:58:39.855;0;0;0;0;
07/02/2026 12:04:58.826;0;1;0;0;
07/02/2026 12:05:00.656;0;0;0;0;
07/02/2026 12:05:38.647;0;1;0;0;
07/02/2026 12:05:40.246;0;0;0;0;
07/02/2026 12:06:18.673;0;1;0;0;
07/02/2026 12:06:20.367;0;0;0;0;
07/02/2026 12:11:18.986;0;1;0;0;
07/02/2026 12:11:20.495;0;0;0;0;
07/02/2026 12:11:58.832;0;0;1;0;
07/02/2026 12:12:00.96;0;0;0;0;
07/02/2026 12:12:18.842;0;0;1;0;
07/02/2026 12:12:20.206;0;0;0;0;
07/02/2026 12:13:38.894;0;1;0;0;
07/02/2026 12:13:40.819;0;0;0;0;
07/02/2026 12:13:58.895;0;0;1;0;
07/02/2026 12:14:00.159;0;0;0;0;
07/02/2026 12:14:59.180;0;1;0;0;
07/02/2026 12:15:01.41;0;0;0;0;
07/02/2026 12:15:38.842;0;1;1;0;
07/02/2026 12:15:40.402;0;0;0;0;
07/02/2026 12:16:58.879;0;1;0;0;
07/02/2026 12:17:00.434;0;0;0;0;
07/02/2026 12:17:19.15;0;0;1;0;
07/02/2026 12:17:20.454;0;0;0;0;
07/02/2026 12:18:19.442;0;0;1;0;
07/02/2026 12:18:20.766;0;0;0;0;
07/02/2026 12:18:39.22;0;1;0;0;
07/02/2026 12:18:40.526;0;0;0;0;
07/02/2026 12:20:59.120;0;1;0;0;
07/02/2026 12:21:00.810;0;0;0;0;
07/02/2026 12:22:19.38;0;1;0;0;
07/02/2026 12:22:20.652;0;0;0;0;
07/02/2026 12:23:19.99;0;1;0;0;
07/02/2026 12:23:20.593;0;0;0;0;
07/02/2026 12:23:39.69;0;0;1;0;
07/02/2026 12:23:40.203;0;0;0;0;
07/02/2026 12:23:59.70;0;0;1;0;
07/02/2026 12:24:00.354;0;0;0;0;
07/02/2026 12:25:19.212;0;1;0;0;
07/02/2026 12:25:20.696;0;0;0;0;
07/02/2026 12:25:59.233;0;1;0;0;
07/02/2026 12:26:00.897;0;0;0;0;
07/02/2026 12:29:19.238;0;1;0;0;
07/02/2026 12:29:20.732;0;0;0;0;
07/02/2026 12:33:39.454;0;0;1;0;
07/02/2026 12:33:40.879;0;0;0;0;
07/02/2026 12:34:19.476;0;0;1;0;
07/02/2026 12:34:20.829;0;0;0;0;
07/02/2026 12:35:19.622;0;1;0;0;
07/02/2026 12:35:21.181;0;0;0;0;
07/02/2026 12:35:39.412;0;1;0;0;
07/02/2026 12:35:40.942;0;0;0;0;
07/02/2026 12:36:19.438;0;1;0;0;
07/02/2026 12:36:21.73;0;0;0;0;
07/02/2026 12:36:59.449;0;1;0;0;
07/02/2026 12:37:00.984;0;0;0;0;
07/02/2026 12:37:22.543;1;0;0;0;
07/02/2026 12:37:22.544;1;1;1;0;
07/02/2026 12:37:35.58;1;0;0;0;
07/02/2026 12:38:14.789;0;0;0;0;
07/02/2026 13:02:05.68;1;0;0;0;
07/02/2026 13:02:43.72;1;0;1;0;
07/02/2026 13:02:56.735;1;0;0;0;
07/02/2026 13:03:07.146;0;0;0;0;
07/02/2026 13:03:45.335;0;1;1;0;
07/02/2026 13:03:51.241;0;0;0;0;
07/02/2026 13:04:05.586;0;0;1;0;
07/02/2026 13:04:07.7;0;0;0;0;
07/02/2026 13:05:05.294;0;0;1;0;
07/02/2026 13:05:06.778;0;0;0;0;
07/02/2026 13:05:45.310;0;1;0;0;
07/02/2026 13:05:47.470;0;0;0;0;
07/02/2026 13:06:05.346;0;1;0;0;
07/02/2026 13:06:07.511;0;0;0;0;
07/02/2026 13:06:25.347;0;1;0;0;
07/02/2026 13:06:26.880;0;0;0;0;
07/02/2026 13:07:05.258;0;1;0;0;
07/02/2026 13:07:06.721;0;0;0;0;
07/02/2026 13:12:45.810;0;1;0;0;
07/02/2026 13:12:47.781;0;0;0;0;
07/02/2026 13:13:05.432;0;1;0;0;
07/02/2026 13:13:07.21;0;0;0;0;
07/02/2026 13:14:25.489;0;1;0;0;
07/02/2026 13:14:27.163;0;0;0;0;
07/02/2026 13:14:45.479;0;0;1;0;
07/02/2026 13:14:46.823;0;0;0;0;
07/02/2026 13:15:25.601;0;1;0;0;
07/02/2026 13:15:27.445;0;0;0;0;
07/02/2026 13:15:45.662;0;0;1;0;
07/02/2026 13:15:46.985;0;0;0;0;
07/02/2026 13:17:45.675;0;1;0;0;
07/02/2026 13:17:47.278;0;0;0;0;
07/02/2026 13:18:25.695;0;0;1;0;
07/02/2026 13:18:26.839;0;0;0;0;
07/02/2026 13:18:45.716;0;1;0;0;
07/02/2026 13:18:47.410;0;0;0;0;
07/02/2026 13:19:45.916;0;0;1;0;
07/02/2026 13:19:47.201;0;0;0;0;
07/02/2026 13:20:25.943;0;1;0;0;
07/02/2026 13:20:27.603;0;0;0;0;
07/02/2026 13:20:45.679;0;0;1;0;
07/02/2026 13:20:46.992;0;0;0;0;
07/02/2026 13:21:25.680;0;1;0;0;
07/02/2026 13:21:27.264;0;0;0;0;
07/02/2026 13:26:25.838;0;1;0;0;
07/02/2026 13:26:27.361;0;0;0;0;
07/02/2026 13:26:45.843;0;1;1;0;
07/02/2026 13:26:47.452;0;0;0;0;
07/02/2026 13:27:05.902;0;0;1;0;
07/02/2026 13:27:07.192;0;0;0;0;
07/02/2026 13:28:46.1;0;1;0;0;
07/02/2026 13:28:47.665;0;0;0;0;
07/02/2026 13:29:26.22;0;1;0;0;
07/02/2026 13:29:27.626;0;0;0;0;
07/02/2026 13:33:26.48;0;1;0;0;
07/02/2026 13:33:27.752;0;0;0;0;
07/02/2026 13:34:26.283;0;1;0;0;
07/02/2026 13:34:27.874;0;0;0;0;
07/02/2026 13:37:46.265;0;1;0;0;
07/02/2026 13:37:48.219;0;0;0;0;
07/02/2026 13:38:06.437;0;1;0;0;
07/02/2026 13:38:08.29;0;0;0;0;
07/02/2026 13:42:06.524;0;0;1;0;
07/02/2026 13:42:07.755;0;0;0;0;
07/02/2026 13:42:26.634;0;1;0;0;
07/02/2026 13:42:28.116;0;0;0;0;
07/02/2026 13:42:46.402;0;0;1;0;
07/02/2026 13:42:47.706;0;0;0;0;
07/02/2026 13:48:28.626;0;1;0;0;
07/02/2026 13:48:30.257;0;0;0;0;
07/02/2026 13:51:46.936;0;1;0;0;
07/02/2026 13:51:48.580;0;0;0;0;
07/02/2026 13:52:46.598;0;1;0;0;
07/02/2026 13:52:48.181;0;0;0;0;
07/02/2026 13:53:06.698;0;0;1;0;
07/02/2026 13:53:07.861;0;0;0;0;
07/02/2026 13:53:26.618;0;0;1;0;
07/02/2026 13:53:27.872;0;0;0;0;
07/02/2026 13:53:46.639;0;1;0;0;
07/02/2026 13:53:48.313;0;0;0;0;
07/02/2026 13:57:46.836;0;1;0;0;
07/02/2026 13:57:48.339;0;0;0;0;
07/02/2026 14:08:47.157;0;1;0;0;
07/02/2026 14:08:48.936;0;0;0;0;
07/02/2026 14:10:27.215;0;1;0;0;
07/02/2026 14:10:28.809;0;0;0;0;
07/02/2026 14:13:49.335;0;1;0;0;
07/02/2026 14:13:50.866;0;0;0;0;
07/02/2026 14:14:47.341;0;1;0;0;
07/02/2026 14:14:48.945;0;0;0;0;
07/02/2026 14:23:27.815;0;0;1;0;
07/02/2026 14:23:29.49;0;0;0;0;
07/02/2026 14:23:47.596;0;0;1;0;
07/02/2026 14:23:48.889;0;0;0;0;
07/02/2026 14:25:07.538;0;1;0;0;
07/02/2026 14:25:09.182;0;0;0;0;
07/02/2026 14:26:27.565;0;1;0;0;
07/02/2026 14:26:29.184;0;0;0;0;
07/02/2026 14:27:47.707;0;1;0;0;
07/02/2026 14:27:49.306;0;0;0;0;
07/02/2026 14:29:08.60;0;1;0;0;
07/02/2026 14:29:09.618;0;0;0;0;
07/02/2026 14:34:27.903;0;1;0;0;
07/02/2026 14:34:29.657;0;0;0;0;
07/02/2026 14:36:27.976;0;1;0;0;
07/02/2026 14:36:29.490;0;0;0;0;
07/02/2026 14:42:48.157;0;1;0;0;
07/02/2026 14:42:49.981;0;0;0;0;
07/02/2026 14:43:28.120;0;1;1;0;
07/02/2026 14:43:29.792;0;0;0;0;
07/02/2026 14:43:43.232;1;0;0;0;
07/02/2026 14:43:43.233;1;1;1;0;
07/02/2026 14:43:46.899;1;0;0;0;
07/02/2026 14:44:11.214;0;0;0;0;
07/02/2026 14:44:53.226;0;1;1;0;
07/02/2026 14:44:55.269;0;0;0;0;
07/02/2026 14:45:13.235;0;1;1;0;
07/02/2026 14:45:14.649;0;0;0;0;
07/02/2026 14:45:33.266;0;1;1;0;
07/02/2026 14:45:34.520;0;0;0;0;
07/02/2026 14:45:53.276;0;1;1;0;
07/02/2026 14:45:54.520;0;0;0;0;
07/02/2026 14:46:13.166;0;0;1;0;
07/02/2026 14:46:14.391;0;0;0;0;
07/02/2026 14:46:33.270;0;0;1;0;
07/02/2026 14:46:34.491;0;0;0;0;
07/02/2026 14:46:53.392;0;0;1;0;
07/02/2026 14:46:54.532;0;0;0;0;
07/02/2026 14:47:13.208;0;0;1;0;
07/02/2026 14:47:14.432;0;0;0;0;
07/02/2026 14:47:33.198;0;0;1;0;
07/02/2026 14:47:34.333;0;0;0;0;
07/02/2026 14:47:53.199;0;0;1;0;
07/02/2026 14:47:54.553;0;0;0;0;
07/02/2026 14:48:13.199;0;0;1;0;
07/02/2026 14:48:14.354;0;0;0;0;
07/02/2026 14:48:33.310;0;0;1;0;
07/02/2026 14:48:34.575;0;0;0;0;
07/02/2026 14:48:53.320;0;0;1;0;
07/02/2026 14:48:54.575;0;0;0;0;
07/02/2026 14:49:13.331;0;0;1;0;
07/02/2026 14:49:14.596;0;0;0;0;
07/02/2026 14:49:33.382;0;0;1;0;
07/02/2026 14:49:34.686;0;0;0;0;
07/02/2026 14:49:53.513;0;0;1;0;
07/02/2026 14:49:54.877;0;0;0;0;
07/02/2026 14:50:13.633;0;0;1;0;
07/02/2026 14:50:14.787;0;0;0;0;
07/02/2026 14:50:33.373;0;0;1;0;
07/02/2026 14:50:34.648;0;0;0;0;
07/02/2026 14:50:53.384;0;0;1;0;
07/02/2026 14:50:54.678;0;0;0;0;
07/02/2026 14:51:13.404;0;0;1;0;
07/02/2026 14:51:14.639;0;0;0;0;
07/02/2026 14:51:33.415;0;0;1;0;
07/02/2026 14:51:34.649;0;0;0;0;
07/02/2026 14:51:53.435;0;0;1;0;
07/02/2026 14:51:54.570;0;0;0;0;
07/02/2026 14:52:13.540;0;0;1;0;
07/02/2026 14:52:14.801;0;0;0;0;
07/02/2026 14:52:33.477;0;0;1;0;
07/02/2026 14:52:34.791;0;0;0;0;
07/02/2026 14:52:53.601;0;0;1;0;
07/02/2026 14:52:54.742;0;0;0;0;
07/02/2026 14:53:13.352;0;0;1;0;
07/02/2026 14:53:14.642;0;0;0;0;
07/02/2026 14:53:33.373;0;0;1;0;
07/02/2026 14:53:34.723;0;0;0;0;
07/02/2026 14:53:53.369;0;0;1;0;
07/02/2026 14:53:54.593;0;0;0;0;
07/02/2026 14:54:13.379;0;0;1;0;
07/02/2026 14:54:14.694;0;0;0;0;
07/02/2026 14:54:33.490;0;0;1;0;
07/02/2026 14:54:34.774;0;0;0;0;
07/02/2026 14:54:53.540;0;0;1;0;
07/02/2026 14:54:54.885;0;0;0;0;
07/02/2026 14:55:13.511;0;0;1;0;
07/02/2026 14:55:14.776;0;0;0;0;
07/02/2026 14:55:33.602;0;0;1;0;
07/02/2026 14:55:34.936;0;0;0;0;
07/02/2026 14:55:53.922;0;0;1;0;
07/02/2026 14:55:55.227;0;0;0;0;
07/02/2026 14:56:13.543;0;0;1;0;
07/02/2026 14:56:14.907;0;0;0;0;
07/02/2026 14:56:33.553;0;0;1;0;
07/02/2026 14:56:34.708;0;0;0;0;
07/02/2026 14:56:53.564;0;0;1;0;
07/02/2026 14:56:54.718;0;0;0;0;
07/02/2026 14:57:13.569;0;0;1;0;
07/02/2026 14:57:14.829;0;0;0;0;
07/02/2026 14:57:33.585;0;0;1;0;
07/02/2026 14:57:34.729;0;0;0;0;
07/02/2026 14:57:53.606;0;0;1;0;
07/02/2026 14:57:54.900;0;0;0;0;
07/02/2026 14:58:13.576;0;0;1;0;
07/02/2026 14:58:14.921;0;0;0;0;
07/02/2026 14:58:33.695;0;0;1;0;
07/02/2026 14:58:35.41;0;0;0;0;
07/02/2026 14:58:53.821;0;0;1;0;
07/02/2026 14:58:55.162;0;0;0;0;
07/02/2026 14:59:13.537;0;0;1;0;
07/02/2026 14:59:14.672;0;0;0;0;
07/02/2026 14:59:33.558;0;0;1;0;
07/02/2026 14:59:34.753;0;0;0;0;
07/02/2026 14:59:53.549;0;0;1;0;
07/02/2026 14:59:54.773;0;0;0;0;
07/02/2026 15:00:13.550;0;0;1;0;
07/02/2026 15:00:14.774;0;0;0;0;
07/02/2026 15:00:33.660;0;0;1;0;
07/02/2026 15:00:34.974;0;0;0;0;
07/02/2026 15:00:53.670;0;0;1;0;
07/02/2026 15:00:55.15;0;0;0;0;
07/02/2026 15:01:13.711;0;0;1;0;
07/02/2026 15:01:15.6;0;0;0;0;
07/02/2026 15:01:33.842;0;0;1;0;
07/02/2026 15:01:35.196;0;0;0;0;
07/02/2026 15:01:53.962;0;0;1;0;
07/02/2026 15:01:55.207;0;0;0;0;
07/02/2026 15:02:13.713;0;0;1;0;
07/02/2026 15:02:15.17;0;0;0;0;
07/02/2026 15:02:33.723;0;0;1;0;
07/02/2026 15:02:34.978;0;0;0;0;
07/02/2026 15:02:53.764;0;0;1;0;
07/02/2026 15:02:55.118;0;0;0;0;
07/02/2026 15:03:13.744;0;1;1;0;
07/02/2026 15:03:14.979;0;0;0;0;
07/02/2026 15:03:33.755;0;0;1;0;
07/02/2026 15:03:34.989;0;0;0;0;
07/02/2026 15:03:53.879;0;0;1;0;
07/02/2026 15:03:55.170;0;0;0;0;
07/02/2026 15:04:13.810;0;0;1;0;
07/02/2026 15:04:14.940;0;0;0;0;
07/02/2026 15:04:33.941;0;0;1;0;
07/02/2026 15:04:35.71;0;0;0;0;
07/02/2026 15:04:53.697;1;0;0;0;
07/02/2026 15:04:53.698;1;1;1;0;
07/02/2026 15:04:55.892;1;0;0;0;
07/02/2026 15:05:03.709;1;1;1;0;
07/02/2026 15:05:04.842;1;0;0;0;
07/02/2026 15:05:11.716;1;1;1;0;
07/02/2026 15:05:12.850;1;0;0;0;
07/02/2026 15:05:21.705;1;1;1;0;
07/02/2026 15:05:22.840;1;0;0;0;
07/02/2026 15:05:32.20;0;0;0;0;
07/02/2026 15:06:13.751;0;1;1;0;
07/02/2026 15:06:16.435;0;0;0;0;
07/02/2026 15:06:33.910;0;1;0;0;
07/02/2026 15:06:36.616;0;0;0;0;
07/02/2026 15:06:53.861;0;1;0;0;
07/02/2026 15:06:55.876;0;0;0;0;
07/02/2026 15:07:13.971;0;1;1;0;
07/02/2026 15:07:15.546;0;0;0;0;
07/02/2026 15:07:34.287;0;0;1;0;
07/02/2026 15:07:35.586;0;0;0;0;
07/02/2026 15:09:53.956;0;1;0;0;
07/02/2026 15:09:55.620;0;0;0;0;
07/02/2026 15:10:33.877;0;1;0;0;
07/02/2026 15:10:35.551;0;0;0;0;
07/02/2026 15:15:34.266;0;1;0;0;
07/02/2026 15:15:35.820;0;0;0;0;
07/02/2026 15:20:34.264;0;1;0;0;
07/02/2026 15:20:35.868;0;0;0;0;
07/02/2026 15:23:34.249;0;1;0;0;
07/02/2026 15:23:35.953;0;0;0;0;
07/02/2026 15:28:34.398;0;1;0;0;
07/02/2026 15:28:36.72;0;0;0;0;
07/02/2026 15:29:34.419;0;0;1;0;
07/02/2026 15:29:35.703;0;0;0;0;
07/02/2026 15:29:54.590;0;0;1;0;
07/02/2026 15:29:55.844;0;0;0;0;
07/02/2026 15:31:34.572;0;1;0;0;
07/02/2026 15:31:36.197;0;0;0;0;
07/02/2026 15:31:54.603;0;0;1;0;
07/02/2026 15:31:56.57;0;0;0;0;
07/02/2026 15:36:54.721;0;1;0;0;
07/02/2026 15:36:56.316;0;0;0;0;
07/02/2026 15:37:14.752;0;0;1;0;
07/02/2026 15:37:16.156;0;0;0;0;
07/02/2026 15:39:54.817;0;1;0;0;
07/02/2026 15:39:56.401;0;0;0;0;
07/02/2026 15:56:15.371;0;1;0;0;
07/02/2026 15:56:16.978;0;0;0;0;
07/02/2026 15:57:15.355;0;1;0;0;
07/02/2026 15:57:16.950;0;0;0;0;
07/02/2026 16:03:35.527;0;1;0;0;
07/02/2026 16:03:36.960;0;0;0;0;
07/02/2026 16:03:55.426;0;0;1;0;
07/02/2026 16:03:56.650;0;0;0;0;
07/02/2026 16:04:15.437;0;0;1;0;
07/02/2026 16:04:16.781;0;0;0;0;
07/02/2026 16:06:35.591;0;1;0;0;
07/02/2026 16:06:37.215;0;0;0;0;
07/02/2026 16:10:15.608;0;0;1;0;
07/02/2026 16:10:17.11;0;0;0;0;
07/02/2026 16:10:55.728;0;0;1;0;
07/02/2026 16:10:57.42;0;0;0;0;
07/02/2026 16:18:35.926;0;0;1;0;
07/02/2026 16:18:37.65;0;0;0;0;
07/02/2026 16:18:55.941;0;0;1;0;
07/02/2026 16:18:57.245;0;0;0;0;
07/02/2026 16:20:16.198;0;1;0;0;
07/02/2026 16:20:17.738;0;0;0;0;
07/02/2026 16:21:56.46;0;1;0;0;
07/02/2026 16:21:57.641;0;0;0;0;
07/02/2026 16:22:56.78;0;1;0;0;
07/02/2026 16:22:57.602;0;0;0;0;
07/02/2026 16:23:55.989;0;1;0;0;
07/02/2026 16:23:57.544;0;0;0;0;
07/02/2026 16:29:16.528;0;1;0;0;
07/02/2026 16:29:18.143;0;0;0;0;
07/02/2026 16:29:36.433;0;1;0;0;
07/02/2026 16:29:37.993;0;0;0;0;
07/02/2026 16:30:16.159;0;1;0;0;
07/02/2026 16:30:17.804;0;0;0;0;
07/02/2026 16:31:56.335;0;1;0;0;
07/02/2026 16:31:57.876;0;0;0;0;
07/02/2026 16:32:16.456;0;1;0;0;
07/02/2026 16:32:17.937;0;0;0;0;
07/02/2026 16:32:56.344;0;0;1;0;
07/02/2026 16:32:57.498;0;0;0;0;
07/02/2026 16:33:16.354;0;0;1;0;
07/02/2026 16:33:17.628;0;0;0;0;
07/02/2026 16:33:36.365;0;1;0;0;
07/02/2026 16:33:37.959;0;0;0;0;
07/02/2026 16:33:56.375;0;1;0;0;
07/02/2026 16:33:57.960;0;0;0;0;
07/02/2026 16:35:56.348;0;1;0;0;
07/02/2026 16:35:57.933;0;0;0;0;
07/02/2026 16:37:36.456;0;1;0;0;
07/02/2026 16:37:38.686;0;0;0;0;
07/02/2026 16:39:16.508;0;1;0;0;
07/02/2026 16:39:18.18;0;0;0;0;
07/02/2026 16:39:56.529;0;1;0;0;
07/02/2026 16:39:58.89;0;0;0;0;
07/02/2026 16:40:16.540;0;1;0;0;
07/02/2026 16:40:18.129;0;0;0;0;
07/02/2026 16:41:16.476;0;1;0;0;
07/02/2026 16:41:18.1;0;0;0;0;
07/02/2026 16:42:36.558;0;1;0;0;
07/02/2026 16:42:38.123;0;0;0;0;
07/02/2026 16:42:56.519;0;0;1;0;
07/02/2026 16:42:57.653;0;0;0;0;
07/02/2026 16:43:16.521;0;0;1;0;
07/02/2026 16:43:17.803;0;0;0;0;
07/02/2026 16:43:56.641;0;1;0;0;
07/02/2026 16:43:58.195;0;0;0;0;
07/02/2026 16:44:36.661;0;1;0;0;
07/02/2026 16:44:38.346;0;0;0;0;
07/02/2026 16:45:16.860;0;1;0;0;
07/02/2026 16:45:18.457;0;0;0;0;
07/02/2026 16:45:56.704;0;1;0;0;
07/02/2026 16:45:58.338;0;0;0;0;
07/02/2026 16:46:56.735;0;1;0;0;
07/02/2026 16:46:58.329;0;0;0;0;
07/02/2026 16:50:36.831;0;1;0;0;
07/02/2026 16:50:38.485;0;0;0;0;
07/02/2026 16:51:16.846;0;1;0;0;
07/02/2026 16:51:18.987;0;0;0;0;
07/02/2026 16:52:17.127;0;1;0;0;
07/02/2026 16:52:18.938;0;0;0;0;
07/02/2026 16:52:56.904;0;1;0;0;
07/02/2026 16:52:58.438;0;0;0;0;
07/02/2026 16:53:16.909;0;0;1;0;
07/02/2026 16:53:18.109;0;0;0;0;
07/02/2026 16:54:56.877;0;0;1;0;
07/02/2026 16:54:58.281;0;0;0;0;
07/02/2026 16:55:16.988;0;0;1;0;
07/02/2026 16:55:18.332;0;0;0;0;
07/02/2026 16:56:36.899;0;0;1;0;
07/02/2026 16:56:38.123;0;0;0;0;
07/02/2026 16:57:57.41;0;0;1;0;
07/02/2026 16:57:58.456;0;0;0;0;
07/02/2026 16:58:37.96;0;1;0;0;
07/02/2026 16:58:38.817;0;0;0;0;
07/02/2026 16:58:57.196;0;0;1;0;
07/02/2026 16:58:58.587;0;0;0;0;
07/02/2026 16:59:17.305;0;1;0;0;
07/02/2026 16:59:18.818;0;0;0;0;
07/02/2026 16:59:37.94;0;0;1;0;
07/02/2026 16:59:38.518;0;0;0;0;
07/02/2026 16:59:57.104;0;1;1;0;
07/02/2026 16:59:58.789;0;0;0;0;
07/02/2026 17:00:17.115;0;0;1;0;
07/02/2026 17:00:18.529;0;0;0;0;
07/02/2026 17:00:37.146;0;0;1;0;
07/02/2026 17:00:38.299;0;0;0;0;
07/02/2026 17:02:17.138;0;0;1;0;
07/02/2026 17:02:18.362;0;0;0;0;
07/02/2026 17:02:37.239;0;0;1;0;
07/02/2026 17:02:38.643;0;0;0;0;
07/02/2026 17:03:57.211;0;0;1;0;
07/02/2026 17:03:58.675;0;0;0;0;
07/02/2026 17:04:17.221;0;1;1;0;
07/02/2026 17:04:18.855;0;0;0;0;
07/02/2026 17:04:37.231;0;0;1;0;
07/02/2026 17:04:38.486;0;0;0;0;
07/02/2026 17:04:57.243;0;0;1;0;
07/02/2026 17:04:58.726;0;0;0;0;
07/02/2026 17:05:37.455;0;0;1;0;
07/02/2026 17:05:38.757;0;0;0;0;
07/02/2026 17:05:57.328;0;0;1;0;
07/02/2026 17:05:58.568;0;0;0;0;
07/02/2026 17:06:17.431;0;0;1;0;
07/02/2026 17:06:18.908;0;0;0;0;
07/02/2026 17:06:57.300;0;0;1;0;
07/02/2026 17:06:58.689;0;0;0;0;
07/02/2026 17:07:17.335;0;0;1;0;
07/02/2026 17:07:18.690;0;0;0;0;
07/02/2026 17:07:24.322;1;0;0;0;
07/02/2026 17:07:24.323;1;1;1;0;
07/02/2026 17:07:36.768;1;0;0;0;
07/02/2026 17:08:17.150;0;0;0;0;
07/02/2026 17:23:41.366;1;0;0;0;
07/02/2026 17:24:19.466;1;0;1;0;
07/02/2026 17:24:33.83;1;0;0;0;
07/02/2026 17:24:42.343;0;0;0;0;
07/02/2026 17:25:21.897;0;1;1;0;
07/02/2026 17:25:27.149;0;0;0;0;
07/02/2026 17:25:41.756;0;0;1;0;
07/02/2026 17:25:43.505;0;0;0;0;
07/02/2026 17:26:01.542;0;0;1;0;
07/02/2026 17:26:02.845;0;0;0;0;
07/02/2026 17:26:21.552;0;0;1;0;
07/02/2026 17:26:22.826;0;0;0;0;
07/02/2026 17:26:41.562;0;0;1;0;
07/02/2026 17:26:43.76;0;0;0;0;
07/02/2026 17:27:21.583;0;0;1;0;
07/02/2026 17:27:22.957;0;0;0;0;
07/02/2026 17:28:01.605;0;1;0;0;
07/02/2026 17:28:03.369;0;0;0;0;
07/02/2026 17:28:21.625;0;1;1;0;
07/02/2026 17:28:23.760;0;0;0;0;
07/02/2026 17:28:41.626;0;1;0;0;
07/02/2026 17:28:44.20;0;0;0;0;
07/02/2026 17:29:01.681;0;1;1;0;
07/02/2026 17:29:03.991;0;0;0;0;
07/02/2026 17:29:21.779;0;1;1;0;
07/02/2026 17:29:23.331;0;0;0;0;
07/02/2026 17:29:41.557;0;0;1;0;
07/02/2026 17:29:42.841;0;0;0;0;
07/02/2026 17:30:21.568;0;1;0;0;
07/02/2026 17:30:23.62;0;0;0;0;
07/02/2026 17:34:01.774;0;1;0;0;
07/02/2026 17:34:03.368;0;0;0;0;
07/02/2026 17:35:01.816;0;1;0;0;
07/02/2026 17:35:03.299;0;0;0;0;
07/02/2026 17:35:41.726;0;1;1;0;
07/02/2026 17:35:43.430;0;0;0;0;
07/02/2026 17:39:21.933;0;1;0;0;
07/02/2026 17:39:23.866;0;0;0;0;
07/02/2026 17:39:41.938;0;1;1;0;
07/02/2026 17:39:43.517;0;0;0;0;
07/02/2026 17:40:02.44;0;1;0;0;
07/02/2026 17:40:03.677;0;0;0;0;
07/02/2026 17:40:41.989;0;1;1;0;
07/02/2026 17:40:43.698;0;0;0;0;
07/02/2026 17:41:42.176;0;1;0;0;
07/02/2026 17:41:43.850;0;0;0;0;
07/02/2026 17:45:22.295;0;1;0;0;
07/02/2026 17:45:23.745;0;0;0;0;
07/02/2026 17:45:42.395;0;1;0;0;
07/02/2026 17:45:43.936;0;0;0;0;
07/02/2026 17:46:22.128;0;1;0;0;
07/02/2026 17:46:23.967;0;0;0;0;
07/02/2026 17:46:42.144;0;1;0;0;
07/02/2026 17:46:43.917;0;0;0;0;
07/02/2026 17:47:02.154;0;0;1;0;
07/02/2026 17:47:03.387;0;0;0;0;
07/02/2026 17:47:22.184;0;1;1;0;
07/02/2026 17:47:23.918;0;0;0;0;
07/02/2026 17:51:02.270;0;1;0;0;
07/02/2026 17:51:03.774;0;0;0;0;
07/02/2026 17:54:02.395;0;1;0;0;
07/02/2026 17:54:03.938;0;0;0;0;
07/02/2026 18:00:42.565;0;0;1;0;
07/02/2026 18:00:43.858;0;0;0;0;
07/02/2026 18:01:02.605;0;1;1;0;
07/02/2026 18:01:04.179;0;0;0;0;
07/02/2026 18:04:42.671;0;1;0;0;
07/02/2026 18:04:44.415;0;0;0;0;
07/02/2026 18:05:22.691;0;1;0;0;
07/02/2026 18:05:24.355;0;0;0;0;
07/02/2026 18:15:42.917;0;1;0;0;
07/02/2026 18:15:44.481;0;0;0;0;
07/02/2026 18:18:23.61;0;1;0;0;
07/02/2026 18:18:24.605;0;0;0;0;
07/02/2026 18:19:23.93;0;0;1;0;
07/02/2026 18:19:24.336;0;0;0;0;
07/02/2026 18:19:43.104;0;1;0;0;
07/02/2026 18:19:44.757;0;0;0;0;
07/02/2026 18:23:45.462;0;1;0;0;
07/02/2026 18:23:47.6;0;0;0;0;
07/02/2026 18:31:03.431;0;0;1;0;
07/02/2026 18:31:04.765;0;0;0;0;
07/02/2026 18:34:43.447;0;1;0;0;
07/02/2026 18:34:44.970;0;0;0;0;
07/02/2026 18:39:23.767;0;1;0;0;
07/02/2026 18:39:25.388;0;0;0;0;
07/02/2026 18:42:44.95;0;1;0;0;
07/02/2026 18:42:45.774;0;0;0;0;
07/02/2026 18:43:23.775;0;1;0;0;
07/02/2026 18:43:25.364;0;0;0;0;
07/02/2026 18:49:43.971;0;1;0;0;
07/02/2026 18:49:45.504;0;0;0;0;
07/02/2026 18:56:04.161;0;1;0;0;
07/02/2026 18:56:05.825;0;0;0;0;
07/02/2026 18:57:04.192;0;1;0;0;
07/02/2026 18:57:05.676;0;0;0;0;
07/02/2026 18:57:24.203;0;1;1;0;
07/02/2026 18:57:25.927;0;0;0;0;
07/02/2026 18:57:44.256;0;0;1;0;
07/02/2026 18:57:45.527;0;0;0;0;
07/02/2026 19:01:44.331;0;1;0;0;
07/02/2026 19:01:45.834;0;0;0;0;
07/02/2026 19:03:25.414;0;1;0;0;
07/02/2026 19:03:26.988;0;0;0;0;
07/02/2026 19:04:07.531;1;0;0;0;
07/02/2026 19:04:07.532;1;1;1;0;
07/02/2026 19:04:11.283;1;0;0;0;
07/02/2026 19:04:34.908;0;0;0;0;
07/02/2026 19:05:17.590;0;1;1;0;
07/02/2026 19:05:19.623;0;0;0;0;
07/02/2026 19:05:37.689;0;1;1;0;
07/02/2026 19:05:39.93;0;0;0;0;
07/02/2026 19:05:57.700;0;1;1;0;
07/02/2026 19:05:58.964;0;0;0;0;
07/02/2026 19:06:17.740;0;0;1;0;
07/02/2026 19:06:19.4;0;0;0;0;
07/02/2026 19:06:37.720;0;0;1;0;
07/02/2026 19:06:38.935;0;0;0;0;
07/02/2026 19:06:57.731;0;0;1;0;
07/02/2026 19:06:58.945;0;0;0;0;
07/02/2026 19:07:17.742;0;0;1;0;
07/02/2026 19:07:18.986;0;0;0;0;
07/02/2026 19:07:37.886;0;0;1;0;
07/02/2026 19:07:39.37;0;0;0;0;
07/02/2026 19:07:57.965;0;0;1;0;
07/02/2026 19:07:59.117;0;0;0;0;
07/02/2026 19:08:17.773;0;0;1;0;
07/02/2026 19:08:18.918;0;0;0;0;
07/02/2026 19:08:37.784;0;0;1;0;
07/02/2026 19:08:38.928;0;0;0;0;
07/02/2026 19:08:57.804;0;0;1;0;
07/02/2026 19:08:59.159;0;0;0;0;
07/02/2026 19:09:17.735;0;0;1;0;
07/02/2026 19:09:18.979;0;0;0;0;
07/02/2026 19:09:37.715;0;0;1;0;
07/02/2026 19:09:39.0;0;0;0;0;
07/02/2026 19:09:57.726;0;0;1;0;
07/02/2026 19:09:59.10;0;0;0;0;
07/02/2026 19:10:17.766;0;0;1;0;
07/02/2026 19:10:19.81;0;0;0;0;
07/02/2026 19:10:37.847;0;0;1;0;
07/02/2026 19:10:39.102;0;0;0;0;
07/02/2026 19:10:57.968;0;0;1;0;
07/02/2026 19:10:59.252;0;0;0;0;
07/02/2026 19:11:17.748;0;0;1;0;
07/02/2026 19:11:18.882;0;0;0;0;
07/02/2026 19:11:37.859;0;0;1;0;
07/02/2026 19:11:39.93;0;0;0;0;
07/02/2026 19:11:57.899;0;0;1;0;
07/02/2026 19:11:59.34;0;0;0;0;
07/02/2026 19:12:17.880;0;0;1;0;
07/02/2026 19:12:19.24;0;0;0;0;
07/02/2026 19:12:37.890;0;0;1;0;
07/02/2026 19:12:39.155;0;0;0;0;
07/02/2026 19:12:57.896;0;0;1;0;
07/02/2026 19:12:59.45;0;0;0;0;
07/02/2026 19:13:17.911;0;1;1;0;
07/02/2026 19:13:19.246;0;0;0;0;
07/02/2026 19:13:38.953;0;0;1;0;
07/02/2026 19:13:40.97;0;0;0;0;
07/02/2026 19:13:58.153;0;0;1;0;
07/02/2026 19:13:59.307;0;0;0;0;
07/02/2026 19:14:17.938;0;0;1;0;
07/02/2026 19:14:19.208;0;0;0;0;
07/02/2026 19:14:37.954;0;0;1;0;
07/02/2026 19:14:39.218;0;0;0;0;
07/02/2026 19:14:57.985;0;0;1;0;
07/02/2026 19:14:59.219;0;0;0;0;
07/02/2026 19:15:17.870;0;0;1;0;
07/02/2026 19:15:19.9;0;0;0;0;
07/02/2026 19:15:37.885;0;0;1;0;
07/02/2026 19:15:39.140;0;0;0;0;
07/02/2026 19:15:57.896;0;0;1;0;
07/02/2026 19:15:59.120;0;0;0;0;
07/02/2026 19:16:17.916;0;0;1;0;
07/02/2026 19:16:19.51;0;0;0;0;
07/02/2026 19:16:38.37;0;0;1;0;
07/02/2026 19:16:39.322;0;0;0;0;
07/02/2026 19:16:58.158;0;0;1;0;
07/02/2026 19:16:59.292;0;0;0;0;
07/02/2026 19:17:17.928;0;0;1;0;
07/02/2026 19:17:19.243;0;0;0;0;
07/02/2026 19:17:38.39;0;0;1;0;
07/02/2026 19:17:39.413;0;0;0;0;
07/02/2026 19:17:58.49;0;0;1;0;
07/02/2026 19:17:59.344;0;0;0;0;
07/02/2026 19:18:18.60;0;0;1;0;
07/02/2026 19:18:19.354;0;0;0;0;
07/02/2026 19:18:38.70;0;0;1;0;
07/02/2026 19:18:39.225;0;0;0;0;
07/02/2026 19:18:58.81;0;0;1;0;
07/02/2026 19:18:59.315;0;0;0;0;
07/02/2026 19:19:18.139;0;0;1;0;
07/02/2026 19:19:19.296;0;0;0;0;
07/02/2026 19:19:38.226;0;0;1;0;
07/02/2026 19:19:39.587;0;0;0;0;
07/02/2026 19:20:00.358;0;0;1;0;
07/02/2026 19:20:01.699;0;0;0;0;
07/02/2026 19:20:18.123;0;0;1;0;
07/02/2026 19:20:19.267;0;0;0;0;
07/02/2026 19:20:38.134;0;0;1;0;
07/02/2026 19:20:39.438;0;0;0;0;
07/02/2026 19:20:58.159;0;0;1;0;
07/02/2026 19:20:59.499;0;0;0;0;
07/02/2026 19:21:18.155;0;0;1;0;
07/02/2026 19:21:19.289;0;0;0;0;
07/02/2026 19:21:38.66;0;0;1;0;
07/02/2026 19:21:39.320;0;0;0;0;
07/02/2026 19:21:58.76;0;0;1;0;
07/02/2026 19:21:59.300;0;0;0;0;
07/02/2026 19:22:18.116;0;0;1;0;
07/02/2026 19:22:19.251;0;0;0;0;
07/02/2026 19:22:38.237;0;0;1;0;
07/02/2026 19:22:39.522;0;0;0;0;
07/02/2026 19:22:58.403;0;0;1;0;
07/02/2026 19:22:59.542;0;0;0;0;
07/02/2026 19:23:18.108;0;0;1;0;
07/02/2026 19:23:19.453;0;0;0;0;
07/02/2026 19:23:38.219;0;0;1;0;
07/02/2026 19:23:39.583;0;0;0;0;
07/02/2026 19:23:58.239;0;0;1;0;
07/02/2026 19:23:59.374;0;0;0;0;
07/02/2026 19:24:18.240;0;0;1;0;
07/02/2026 19:24:19.504;0;0;0;0;
07/02/2026 19:24:38.250;0;0;1;0;
07/02/2026 19:24:39.515;0;0;0;0;
07/02/2026 19:24:58.261;0;0;1;0;
07/02/2026 19:24:59.535;0;0;0;0;
07/02/2026 19:25:18.295;1;0;0;0;
07/02/2026 19:25:18.296;1;1;1;0;
07/02/2026 19:25:20.377;1;0;0;0;
07/02/2026 19:25:28.361;1;1;1;0;
07/02/2026 19:25:29.506;1;0;0;0;
07/02/2026 19:25:38.427;1;1;1;0;
07/02/2026 19:25:39.577;1;0;0;0;
07/02/2026 19:25:46.474;1;1;1;0;
07/02/2026 19:25:47.625;1;0;0;0;
07/02/2026 19:25:56.794;0;0;0;0;
07/02/2026 19:26:38.340;0;1;1;0;
07/02/2026 19:26:43.923;0;0;0;0;
07/02/2026 19:26:58.355;0;0;1;0;
07/02/2026 19:26:59.729;0;0;0;0;
07/02/2026 19:27:18.255;0;0;1;0;
07/02/2026 19:27:19.509;0;0;0;0;
07/02/2026 19:28:38.467;0;1;0;0;
07/02/2026 19:28:40.202;0;0;0;0;
07/02/2026 19:28:58.569;0;1;0;0;
07/02/2026 19:29:01.23;0;0;0;0;
07/02/2026 19:29:18.308;0;1;0;0;
07/02/2026 19:29:19.923;0;0;0;0;
07/02/2026 19:29:38.419;0;0;1;0;
07/02/2026 19:29:39.763;0;0;0;0;
07/02/2026 19:36:38.651;0;1;0;0;
07/02/2026 19:36:40.195;0;0;0;0;
07/02/2026 19:36:58.631;0;0;1;0;
07/02/2026 19:36:59.875;0;0;0;0;
07/02/2026 19:39:38.611;0;1;0;0;
07/02/2026 19:39:40.260;0;0;0;0;
07/02/2026 19:48:18.951;0;1;0;0;
07/02/2026 19:48:20.605;0;0;0;0;
07/02/2026 19:50:39.45;0;1;0;0;
07/02/2026 19:50:40.639;0;0;0;0;
07/02/2026 19:54:59.267;0;1;0;0;
07/02/2026 19:55:01.16;0;0;0;0;
07/02/2026 19:55:39.158;0;0;1;0;
07/02/2026 19:55:40.397;0;0;0;0;
07/02/2026 19:55:59.168;0;0;1;0;
07/02/2026 19:56:00.488;0;0;0;0;
07/02/2026 19:56:19.184;0;1;0;0;
07/02/2026 19:56:20.768;0;0;0;0;
07/02/2026 20:01:59.364;0;1;0;0;
07/02/2026 20:02:01.88;0;0;0;0;
07/02/2026 20:07:19.508;0;1;0;0;
07/02/2026 20:07:21.47;0;0;0;0;
07/02/2026 20:12:19.675;0;1;0;0;
07/02/2026 20:12:21.335;0;0;0;0;
07/02/2026 20:13:19.693;0;1;0;0;
07/02/2026 20:13:21.237;0;0;0;0;
07/02/2026 20:17:19.789;0;1;0;0;
07/02/2026 20:17:21.494;0;0;0;0;
07/02/2026 20:18:40.46;0;1;0;0;
07/02/2026 20:18:41.616;0;0;0;0;
07/02/2026 20:21:21.888;0;1;0;0;
07/02/2026 20:21:23.412;0;0;0;0;
07/02/2026 20:22:00.112;0;0;1;0;
07/02/2026 20:22:01.251;0;0;0;0;
07/02/2026 20:22:19.858;0;0;1;0;
07/02/2026 20:22:21.142;0;0;0;0;
07/02/2026 20:22:59.849;0;1;0;0;
07/02/2026 20:23:01.463;0;0;0;0;
07/02/2026 20:23:39.970;0;0;1;0;
07/02/2026 20:23:41.414;0;0;0;0;
07/02/2026 20:24:20.42;0;0;1;0;
07/02/2026 20:24:21.405;0;0;0;0;
07/02/2026 20:28:40.13;0;1;0;0;
07/02/2026 20:28:41.542;0;0;0;0;
07/02/2026 20:29:40.150;0;0;1;0;
07/02/2026 20:29:41.344;0;0;0;0;
07/02/2026 20:30:00.160;0;0;1;0;
07/02/2026 20:30:01.484;0;0;0;0;
07/02/2026 20:32:20.234;0;1;0;0;
07/02/2026 20:32:21.869;0;0;0;0;
07/02/2026 20:34:00.447;0;1;0;0;
07/02/2026 20:34:02.61;0;0;0;0;
07/02/2026 20:35:20.209;0;1;1;0;
07/02/2026 20:35:21.793;0;0;0;0;
07/02/2026 20:41:00.378;0;1;0;0;
07/02/2026 20:41:02.173;0;0;0;0;
07/02/2026 20:41:40.510;0;0;1;0;
07/02/2026 20:41:41.763;0;0;0;0;
07/02/2026 20:42:00.500;0;1;0;0;
07/02/2026 20:42:02.274;0;0;0;0;
07/02/2026 20:44:00.563;0;1;0;0;
07/02/2026 20:44:02.247;0;0;0;0;
07/02/2026 20:44:40.584;0;1;0;0;
07/02/2026 20:44:42.148;0;0;0;0;
07/02/2026 20:47:00.567;0;1;0;0;
07/02/2026 20:47:02.92;0;0;0;0;
07/02/2026 20:48:20.679;0;1;0;0;
07/02/2026 20:48:22.234;0;0;0;0;
07/02/2026 20:48:40.685;0;1;0;0;
07/02/2026 20:48:42.214;0;0;0;0;
07/02/2026 20:49:20.744;0;1;0;0;
07/02/2026 20:49:22.496;0;0;0;0;
07/02/2026 20:50:00.970;0;1;0;0;
07/02/2026 20:50:02.727;0;0;0;0;
07/02/2026 20:50:20.743;0;1;0;0;
07/02/2026 20:50:22.467;0;0;0;0;
07/02/2026 20:50:40.754;0;1;0;0;
07/02/2026 20:50:42.257;0;0;0;0;
07/02/2026 20:51:20.774;0;0;1;0;
07/02/2026 20:51:22.98;0;0;0;0;
07/02/2026 20:51:40.795;0;1;0;0;
07/02/2026 20:51:42.389;0;0;0;0;
07/02/2026 20:52:00.790;0;1;0;0;
07/02/2026 20:52:02.289;0;0;0;0;
07/02/2026 20:53:40.738;0;1;0;0;
07/02/2026 20:53:42.232;0;0;0;0;
07/02/2026 20:54:40.860;0;0;1;0;
07/02/2026 20:54:42.53;0;0;0;0;
07/02/2026 20:55:00.870;0;1;1;0;
07/02/2026 20:55:02.574;0;0;0;0;
07/02/2026 20:55:40.901;0;0;1;0;
07/02/2026 20:55:42.345;0;0;0;0;
07/02/2026 20:56:21.31;0;1;0;0;
07/02/2026 20:56:22.666;0;0;0;0;
07/02/2026 20:57:00.933;0;1;0;0;
07/02/2026 20:57:02.677;0;0;0;0;
07/02/2026 20:57:20.938;0;0;1;0;
07/02/2026 20:57:22.257;0;0;0;0;
07/02/2026 20:58:20.975;0;1;0;0;
07/02/2026 20:58:22.679;0;0;0;0;
07/02/2026 20:58:40.885;0;1;0;0;
07/02/2026 20:58:42.319;0;0;0;0;
07/02/2026 20:59:00.896;0;0;1;0;
07/02/2026 20:59:02.30;0;0;0;0;
07/02/2026 20:59:20.991;0;1;1;0;
07/02/2026 20:59:22.641;0;0;0;0;
07/02/2026 21:00:01.112;0;1;0;0;
07/02/2026 21:00:02.732;0;0;0;0;
07/02/2026 21:02:21.81;0;0;1;0;
07/02/2026 21:02:22.495;0;0;0;0;
07/02/2026 21:03:21.235;0;0;1;0;
07/02/2026 21:03:22.597;0;0;0;0;
07/02/2026 21:03:41.336;0;1;1;0;
07/02/2026 21:03:43.17;0;0;0;0;
07/02/2026 21:04:21.144;0;0;1;0;
07/02/2026 21:04:22.748;0;0;0;0;
07/02/2026 21:04:41.164;0;0;1;0;
07/02/2026 21:04:42.428;0;0;0;0;
07/02/2026 21:05:01.165;0;1;1;0;
07/02/2026 21:05:02.779;0;0;0;0;
07/02/2026 21:05:21.75;0;1;1;0;
07/02/2026 21:05:23.80;0;0;0;0;
07/02/2026 21:06:01.97;0;1;0;0;
07/02/2026 21:06:03.371;0;0;0;0;
07/02/2026 21:06:21.102;0;1;1;0;
07/02/2026 21:06:22.991;0;0;0;0;
07/02/2026 21:07:01.278;0;1;1;0;
07/02/2026 21:07:03.12;0;0;0;0;
07/02/2026 21:07:41.129;0;0;1;0;
07/02/2026 21:07:42.353;0;0;0;0;
07/02/2026 21:11:41.365;0;1;0;0;
07/02/2026 21:11:42.809;0;0;0;0;
07/02/2026 21:15:21.445;0;0;1;0;
07/02/2026 21:15:22.594;0;0;0;0;
07/02/2026 21:17:01.503;0;0;1;0;
07/02/2026 21:17:02.927;0;0;0;0;
07/02/2026 21:17:21.513;0;1;0;0;
07/02/2026 21:17:23.558;0;0;0;0;
07/02/2026 21:17:41.524;0;1;1;0;
07/02/2026 21:17:43.479;0;0;0;0;
07/02/2026 21:17:45.519;1;0;0;0;
07/02/2026 21:17:45.520;1;1;1;0;
07/02/2026 21:17:57.613;1;0;0;0;
07/02/2026 21:18:37.644;0;0;0;0;
07/02/2026 21:34:35.377;1;0;0;0;
07/02/2026 21:35:13.286;1;0;1;0;
07/02/2026 21:35:27.354;1;0;0;0;
07/02/2026 21:35:37.515;0;0;0;0;
07/02/2026 21:36:15.462;0;1;0;0;
07/02/2026 21:36:21.450;0;0;0;0;
07/02/2026 21:36:55.582;0;0;1;0;
07/02/2026 21:36:56.816;0;0;0;0;
07/02/2026 21:37:35.688;0;0;1;0;
07/02/2026 21:37:37.57;0;0;0;0;
07/02/2026 21:38:35.435;0;1;0;0;
07/02/2026 21:38:38.100;0;0;0;0;
07/02/2026 21:38:55.445;0;1;0;0;
07/02/2026 21:38:57.540;0;0;0;0;
07/02/2026 21:39:15.466;0;0;1;0;
07/02/2026 21:39:16.869;0;0;0;0;
07/02/2026 21:39:35.456;0;1;0;0;
07/02/2026 21:39:36.890;0;0;0;0;
07/02/2026 21:40:35.588;0;0;1;0;
07/02/2026 21:40:36.912;0;0;0;0;
07/02/2026 21:41:15.666;0;0;1;0;
07/02/2026 21:41:17.93;0;0;0;0;
07/02/2026 21:41:35.763;0;1;0;0;
07/02/2026 21:41:37.574;0;0;0;0;
07/02/2026 21:43:15.672;0;0;1;0;
07/02/2026 21:43:17.56;0;0;0;0;
07/02/2026 21:44:15.604;0;1;0;0;
07/02/2026 21:44:17.157;0;0;0;0;
07/02/2026 21:48:35.830;0;1;0;0;
07/02/2026 21:48:37.434;0;0;0;0;
07/02/2026 21:49:15.881;0;1;1;0;
07/02/2026 21:49:17.535;0;0;0;0;
07/02/2026 21:52:55.940;0;0;1;0;
07/02/2026 21:52:57.201;0;0;0;0;
07/02/2026 21:53:15.988;0;0;1;0;
07/02/2026 21:53:17.361;0;0;0;0;
07/02/2026 21:54:35.995;0;1;0;0;
07/02/2026 21:54:37.774;0;0;0;0;
07/02/2026 21:55:16.31;0;1;0;0;
07/02/2026 21:55:17.605;0;0;0;0;
07/02/2026 21:57:36.217;0;1;0;0;
07/02/2026 21:57:37.708;0;0;0;0;
07/02/2026 21:58:56.26;0;1;0;0;
07/02/2026 21:58:57.490;0;0;0;0;
07/02/2026 22:00:16.168;0;0;1;0;
07/02/2026 22:00:17.302;0;0;0;0;
07/02/2026 22:00:36.189;0;0;1;0;
07/02/2026 22:00:37.462;0;0;0;0;
07/02/2026 22:01:16.295;0;1;0;0;
07/02/2026 22:01:18.104;0;0;0;0;
07/02/2026 22:04:16.194;0;0;1;0;
07/02/2026 22:04:17.628;0;0;0;0;
07/02/2026 22:04:36.267;0;1;0;0;
07/02/2026 22:04:38.149;0;0;0;0;
07/02/2026 22:04:56.369;0;1;1;0;
07/02/2026 22:04:58.39;0;0;0;0;
07/02/2026 22:06:36.358;0;1;0;0;
07/02/2026 22:06:37.912;0;0;0;0;
07/02/2026 22:06:56.368;0;0;1;0;
07/02/2026 22:06:57.622;0;0;0;0;
07/02/2026 22:07:56.400;0;1;0;0;
07/02/2026 22:07:58.94;0;0;0;0;
07/02/2026 22:12:16.619;0;0;1;0;
07/02/2026 22:12:17.930;0;0;0;0;
07/02/2026 22:14:16.589;0;1;0;0;
07/02/2026 22:14:18.333;0;0;0;0;
07/02/2026 22:15:16.671;0;1;0;0;
07/02/2026 22:15:18.335;0;0;0;0;
07/02/2026 22:16:56.668;0;1;0;0;
07/02/2026 22:16:58.157;0;0;0;0;
07/02/2026 22:19:36.954;0;1;0;0;
07/02/2026 22:19:38.752;0;0;0;0;
07/02/2026 22:20:16.768;0;1;0;0;
07/02/2026 22:20:18.352;0;0;0;0;
07/02/2026 22:21:16.800;0;1;0;0;
07/02/2026 22:21:18.344;0;0;0;0;
07/02/2026 22:21:56.821;0;1;0;0;
07/02/2026 22:21:58.305;0;0;0;0;
07/02/2026 22:22:36.947;0;1;0;0;
07/02/2026 22:22:38.456;0;0;0;0;
07/02/2026 22:22:57.83;0;1;1;0;
07/02/2026 22:22:58.937;0;0;0;0;
07/02/2026 22:24:16.794;0;1;0;0;
07/02/2026 22:24:18.318;0;0;0;0;
07/02/2026 22:28:37.11;0;1;0;0;
07/02/2026 22:28:38.785;0;0;0;0;
07/02/2026 22:29:57.83;0;1;0;0;
07/02/2026 22:29:58.757;0;0;0;0;
07/02/2026 22:31:57.36;0;1;0;0;
07/02/2026 22:31:58.650;0;0;0;0;
07/02/2026 22:32:39.272;0;1;0;0;
07/02/2026 22:32:40.963;0;0;0;0;
07/02/2026 22:39:57.334;0;0;1;0;
07/02/2026 22:39:58.472;0;0;0;0;
07/02/2026 22:45:17.628;0;1;0;0;
07/02/2026 22:45:19.241;0;0;0;0;
07/02/2026 22:45:39.752;0;0;1;0;
07/02/2026 22:45:41.23;0;0;0;0;
07/02/2026 22:46:17.529;0;1;0;0;
07/02/2026 22:46:19.152;0;0;0;0;
07/02/2026 22:47:57.581;0;1;0;0;
07/02/2026 22:47:59.445;0;0;0;0;
07/02/2026 22:48:57.633;0;1;0;0;
07/02/2026 22:48:59.357;0;0;0;0;
07/02/2026 22:55:37.843;0;1;0;0;
07/02/2026 22:55:39.577;0;0;0;0;
07/02/2026 22:57:58.65;0;1;0;0;
07/02/2026 22:57:59.621;0;0;0;0;
07/02/2026 23:00:17.941;0;1;0;0;
07/02/2026 23:00:19.515;0;0;0;0;
07/02/2026 23:01:37.993;0;1;0;0;
07/02/2026 23:01:39.637;0;0;0;0;
07/02/2026 23:15:41.523;1;0;0;0;
07/02/2026 23:15:41.524;1;1;1;0;
07/02/2026 23:15:45.145;1;0;0;0;
07/02/2026 23:16:09.320;0;0;0;0;
07/02/2026 23:16:51.581;0;1;1;0;
07/02/2026 23:16:53.625;0;0;0;0;
07/02/2026 23:17:11.590;0;1;1;0;
07/02/2026 23:17:12.985;0;0;0;0;
07/02/2026 23:17:31.601;0;1;1;0;
07/02/2026 23:17:32.896;0;0;0;0;
07/02/2026 23:17:51.611;0;1;1;0;
07/02/2026 23:17:52.846;0;0;0;0;
07/02/2026 23:18:11.632;0;0;1;0;
07/02/2026 23:18:12.847;0;0;0;0;
07/02/2026 23:18:31.532;0;0;1;0;
07/02/2026 23:18:32.757;0;0;0;0;
07/02/2026 23:18:51.624;0;0;1;0;
07/02/2026 23:18:52.758;0;0;0;0;
07/02/2026 23:19:11.748;0;0;1;0;
07/02/2026 23:19:12.938;0;0;0;0;
07/02/2026 23:19:31.564;0;0;1;0;
07/02/2026 23:19:32.699;0;0;0;0;
07/02/2026 23:19:51.580;0;0;1;0;
07/02/2026 23:19:52.809;0;0;0;0;
07/02/2026 23:20:11.570;0;0;1;0;
07/02/2026 23:20:12.950;0;0;0;0;
07/02/2026 23:20:31.579;0;0;1;0;
07/02/2026 23:20:32.780;0;0;0;0;
07/02/2026 23:20:51.696;0;0;1;0;
07/02/2026 23:20:52.991;0;0;0;0;
07/02/2026 23:21:11.707;0;0;1;0;
07/02/2026 23:21:12.992;0;0;0;0;
07/02/2026 23:21:31.718;0;0;1;0;
07/02/2026 23:21:32.852;0;0;0;0;
07/02/2026 23:21:51.738;0;0;1;0;
07/02/2026 23:21:53.63;0;0;0;0;
07/02/2026 23:22:11.969;0;0;1;0;
07/02/2026 23:22:13.253;0;0;0;0;
07/02/2026 23:22:31.979;0;0;1;0;
07/02/2026 23:22:33.134;0;0;0;0;
07/02/2026 23:22:51.760;0;0;1;0;
07/02/2026 23:22:52.914;0;0;0;0;
07/02/2026 23:23:11.770;0;0;1;0;
07/02/2026 23:23:12.925;0;0;0;0;
07/02/2026 23:23:31.781;0;0;1;0;
07/02/2026 23:23:33.75;0;0;0;0;
07/02/2026 23:23:51.791;0;0;1;0;
07/02/2026 23:23:53.86;0;0;0;0;
07/02/2026 23:24:11.822;0;0;1;0;
07/02/2026 23:24:12.956;0;0;0;0;
07/02/2026 23:24:31.813;0;0;1;0;
07/02/2026 23:24:33.37;0;0;0;0;
07/02/2026 23:24:53.847;0;0;1;0;
07/02/2026 23:24:54.990;0;0;0;0;
07/02/2026 23:25:13.970;0;0;1;0;
07/02/2026 23:25:15.250;0;0;0;0;
07/02/2026 23:25:31.744;0;0;1;0;
07/02/2026 23:25:32.878;0;0;0;0;
07/02/2026 23:25:51.765;0;0;1;0;
07/02/2026 23:25:53.79;0;0;0;0;
07/02/2026 23:26:11.755;0;0;1;0;
07/02/2026 23:26:12.890;0;0;0;0;
07/02/2026 23:26:31.761;0;0;1;0;
07/02/2026 23:26:32.900;0;0;0;0;
07/02/2026 23:26:51.876;0;0;1;0;
07/02/2026 23:26:53.131;0;0;0;0;
07/02/2026 23:27:11.887;0;0;1;0;
07/02/2026 23:27:13.201;0;0;0;0;
07/02/2026 23:27:31.897;0;0;1;0;
07/02/2026 23:27:33.32;0;0;0;0;
07/02/2026 23:27:51.968;0;0;1;0;
07/02/2026 23:27:53.213;0;0;0;0;
07/02/2026 23:28:12.99;0;0;1;0;
07/02/2026 23:28:13.403;0;0;0;0;
07/02/2026 23:28:32.220;0;0;1;0;
07/02/2026 23:28:33.464;0;0;0;0;
07/02/2026 23:28:51.940;0;0;1;0;
07/02/2026 23:28:53.94;0;0;0;0;
07/02/2026 23:29:11.945;0;0;1;0;
07/02/2026 23:29:13.285;0;0;0;0;
07/02/2026 23:29:31.961;0;0;1;0;
07/02/2026 23:29:33.105;0;0;0;0;
07/02/2026 23:29:51.971;0;0;1;0;
07/02/2026 23:29:53.326;0;0;0;0;
07/02/2026 23:30:11.992;0;0;1;0;
07/02/2026 23:30:13.347;0;0;0;0;
07/02/2026 23:30:31.992;0;0;1;0;
07/02/2026 23:30:33.197;0;0;0;0;
07/02/2026 23:30:52.66;0;0;1;0;
07/02/2026 23:30:53.358;0;0;0;0;
07/02/2026 23:31:12.306;0;0;1;0;
07/02/2026 23:31:13.618;0;0;0;0;
07/02/2026 23:31:31.924;0;0;1;0;
07/02/2026 23:31:33.239;0;0;0;0;
07/02/2026 23:31:51.945;0;0;1;0;
07/02/2026 23:31:53.79;0;0;0;0;
07/02/2026 23:32:11.936;0;0;1;0;
07/02/2026 23:32:13.70;0;0;0;0;
07/02/2026 23:32:31.936;0;0;1;0;
07/02/2026 23:32:33.190;0;0;0;0;
07/02/2026 23:32:52.46;0;0;1;0;
07/02/2026 23:32:53.361;0;0;0;0;
07/02/2026 23:33:12.57;0;0;1;0;
07/02/2026 23:33:13.191;0;0;0;0;
07/02/2026 23:33:32.77;0;0;1;0;
07/02/2026 23:33:33.242;0;0;0;0;
07/02/2026 23:33:54.210;0;0;1;0;
07/02/2026 23:33:55.485;0;0;0;0;
07/02/2026 23:34:12.324;0;0;1;0;
07/02/2026 23:34:13.653;0;0;0;0;
07/02/2026 23:34:32.100;0;0;1;0;
07/02/2026 23:34:33.374;0;0;0;0;
07/02/2026 23:34:52.110;0;0;1;0;
07/02/2026 23:34:53.444;0;0;0;0;
07/02/2026 23:35:12.120;0;0;1;0;
07/02/2026 23:35:13.285;0;0;0;0;
07/02/2026 23:35:32.131;0;0;1;0;
07/02/2026 23:35:33.425;0;0;0;0;
07/02/2026 23:35:52.141;0;0;1;0;
07/02/2026 23:35:53.496;0;0;0;0;
07/02/2026 23:36:12.162;0;0;1;0;
07/02/2026 23:36:13.396;0;0;0;0;
07/02/2026 23:36:32.172;0;0;1;0;
07/02/2026 23:36:33.427;0;0;0;0;
07/02/2026 23:36:52.297;1;0;0;0;
07/02/2026 23:36:52.297;1;1;1;0;
07/02/2026 23:36:54.398;1;0;0;0;
07/02/2026 23:37:02.477;1;1;1;0;
07/02/2026 23:37:03.608;1;0;0;0;
07/02/2026 23:37:10.81;1;1;1;0;
07/02/2026 23:37:11.226;1;0;0;0;
07/02/2026 23:37:20.91;1;1;1;0;
07/02/2026 23:37:21.236;1;0;0;0;
07/02/2026 23:37:30.816;0;0;0;0;
07/02/2026 23:38:12.127;0;1;1;0;
07/02/2026 23:38:17.564;0;0;0;0;
07/02/2026 23:38:32.126;0;0;1;0;
07/02/2026 23:38:33.681;0;0;0;0;
07/02/2026 23:38:52.237;0;1;1;0;
07/02/2026 23:38:53.781;0;0;0;0;
07/02/2026 23:39:12.247;0;1;0;0;
07/02/2026 23:39:14.52;0;0;0;0;
07/02/2026 23:39:32.318;0;1;0;0;
07/02/2026 23:39:34.253;0;0;0;0;
07/02/2026 23:39:52.444;0;1;1;0;
07/02/2026 23:39:54.524;0;0;0;0;
07/02/2026 23:40:12.569;0;1;1;0;
07/02/2026 23:40:14.744;0;0;0;0;
07/02/2026 23:40:32.290;0;1;1;0;
07/02/2026 23:40:34.465;0;0;0;0;
07/02/2026 23:40:52.300;0;1;1;0;
07/02/2026 23:40:54.25;0;0;0;0;
07/02/2026 23:41:12.311;0;0;1;0;
07/02/2026 23:41:13.585;0;0;0;0;
07/02/2026 23:45:12.437;0;1;0;0;
07/02/2026 23:45:14.52;0;0;0;0;
07/02/2026 23:47:12.481;0;1;0;0;
07/02/2026 23:47:14.165;0;0;0;0;
07/02/2026 23:50:12.466;0;1;0;0;
07/02/2026 23:50:14.80;0;0;0;0;
07/02/2026 23:55:32.635;0;1;0;0;
07/02/2026 23:55:34.219;0;0;0;0;
07/02/2026 23:56:12.676;0;0;1;0;
07/02/2026 23:56:13.990;0;0;0;0;
07/02/2026 23:57:52.789;0;1;0;0;
07/02/2026 23:57:54.483;0;0;0;0;
08/02/2026 00:05:53.205;0;1;0;0;
08/02/2026 00:05:54.837;0;0;0;0;
08/02/2026 00:07:12.964;0;1;0;0;
08/02/2026 00:07:14.559;0;0;0;0;
08/02/2026 00:13:53.146;0;1;0;0;
08/02/2026 00:13:54.730;0;0;0;0;
08/02/2026 00:14:53.267;0;1;0;0;
08/02/2026 00:14:54.882;0;0;0;0;
08/02/2026 00:18:33.284;0;1;0;0;
08/02/2026 00:18:34.808;0;0;0;0;
08/02/2026 00:19:33.405;0;1;0;0;
08/02/2026 00:19:34.930;0;0;0;0;
08/02/2026 00:22:33.491;0;0;1;0;
08/02/2026 00:22:34.734;0;0;0;0;
08/02/2026 00:22:53.612;0;1;1;0;
08/02/2026 00:22:55.596;0;0;0;0;
08/02/2026 00:23:33.522;0;1;0;0;
08/02/2026 00:23:35.257;0;0;0;0;
08/02/2026 00:25:33.520;0;1;0;0;
08/02/2026 00:25:35.230;0;0;0;0;
08/02/2026 00:26:33.597;0;1;0;0;
08/02/2026 00:26:35.221;0;0;0;0;
08/02/2026 00:27:13.618;0;1;0;0;
08/02/2026 00:27:15.583;0;0;0;0;
08/02/2026 00:27:53.639;0;1;0;0;
08/02/2026 00:27:55.424;0;0;0;0;
08/02/2026 00:35:13.852;0;0;1;0;
08/02/2026 00:35:15.15;0;0;0;0;
08/02/2026 00:38:33.947;0;0;1;0;
08/02/2026 00:38:35.171;0;0;0;0;
08/02/2026 00:40:14.83;0;1;0;0;
08/02/2026 00:40:15.774;0;0;0;0;
08/02/2026 00:41:14.444;0;1;0;0;
08/02/2026 00:41:15.976;0;0;0;0;
08/02/2026 00:43:13.994;0;1;0;0;
08/02/2026 00:43:15.519;0;0;0;0;
08/02/2026 00:46:14.170;0;0;1;0;
08/02/2026 00:46:15.323;0;0;0;0;
08/02/2026 00:46:34.213;0;1;1;0;
08/02/2026 00:46:35.814;0;0;0;0;
08/02/2026 00:48:34.138;0;0;1;0;
08/02/2026 00:48:35.547;0;0;0;0;
08/02/2026 00:49:14.164;0;1;0;0;
08/02/2026 00:49:15.698;0;0;0;0;
08/02/2026 00:49:34.185;0;0;1;0;
08/02/2026 00:49:35.499;0;0;0;0;
08/02/2026 00:51:14.307;0;0;1;0;
08/02/2026 00:51:15.441;0;0;0;0;
08/02/2026 00:51:34.318;0;1;1;0;
08/02/2026 00:51:35.922;0;0;0;0;
08/02/2026 00:54:34.423;0;0;1;0;
08/02/2026 00:54:35.817;0;0;0;0;
08/02/2026 00:55:14.333;0;0;1;0;
08/02/2026 00:55:15.648;0;0;0;0;
08/02/2026 00:55:34.384;0;1;0;0;
08/02/2026 00:55:35.938;0;0;0;0;
08/02/2026 00:57:54.498;0;0;1;0;
08/02/2026 00:57:55.722;0;0;0;0;
08/02/2026 00:58:34.519;0;1;0;0;
08/02/2026 00:58:36.123;0;0;0;0;
08/02/2026 00:59:14.573;0;0;1;0;
08/02/2026 00:59:15.994;0;0;0;0;
08/02/2026 00:59:56.934;0;0;1;0;
08/02/2026 00:59:58.277;0;0;0;0;
08/02/2026 01:01:34.514;0;1;0;0;
08/02/2026 01:01:36.48;0;0;0;0;
08/02/2026 01:02:14.535;0;1;1;0;
08/02/2026 01:02:16.179;0;0;0;0;
08/02/2026 01:02:54.725;0;1;0;0;
08/02/2026 01:02:56.520;0;0;0;0;
08/02/2026 01:03:14.836;0;1;1;0;
08/02/2026 01:03:16.421;0;0;0;0;
08/02/2026 01:03:54.677;0;0;1;0;
08/02/2026 01:03:56.21;0;0;0;0;
08/02/2026 01:04:14.682;0;0;1;0;
08/02/2026 01:04:15.821;0;0;0;0;
08/02/2026 01:04:54.708;0;1;0;0;
08/02/2026 01:04:56.403;0;0;0;0;
08/02/2026 01:05:56.804;0;1;0;0;
08/02/2026 01:05:58.637;0;0;0;0;
08/02/2026 01:06:14.902;0;0;1;0;
08/02/2026 01:06:16.175;0;0;0;0;
08/02/2026 01:09:14.920;0;1;0;0;
08/02/2026 01:09:16.510;0;0;0;0;
08/02/2026 01:09:34.896;0;1;0;0;
08/02/2026 01:09:36.480;0;0;0;0;
08/02/2026 01:11:14.888;0;1;0;0;
08/02/2026 01:11:16.693;0;0;0;0;
08/02/2026 01:15:14.914;0;1;0;0;
08/02/2026 01:15:16.408;0;0;0;0;
08/02/2026 01:16:14.965;0;0;1;0;
08/02/2026 01:16:16.189;0;0;0;0;
08/02/2026 01:16:35.66;0;0;1;0;
08/02/2026 01:16:36.410;0;0;0;0;
08/02/2026 01:18:15.78;0;1;0;0;
08/02/2026 01:18:16.673;0;0;0;0;
08/02/2026 01:18:35.89;0;1;0;0;
08/02/2026 01:18:36.623;0;0;0;0;
08/02/2026 01:19:15.110;0;0;1;0;
08/02/2026 01:19:16.504;0;0;0;0;
08/02/2026 01:19:35.120;0;1;0;0;
08/02/2026 01:19:36.635;0;0;0;0;
08/02/2026 01:20:35.345;0;0;1;0;
08/02/2026 01:20:36.636;0;0;0;0;
08/02/2026 01:21:55.94;0;1;0;0;
08/02/2026 01:21:56.858;0;0;0;0;
08/02/2026 01:22:15.99;0;1;1;0;
08/02/2026 01:22:16.629;0;0;0;0;
08/02/2026 01:23:35.156;0;0;1;0;
08/02/2026 01:23:36.471;0;0;0;0;
08/02/2026 01:25:15.269;0;0;1;0;
08/02/2026 01:25:16.663;0;0;0;0;
08/02/2026 01:25:35.279;0;0;1;0;
08/02/2026 01:25:36.694;0;0;0;0;
08/02/2026 01:25:42.286;1;0;0;0;
08/02/2026 01:25:42.287;1;1;1;0;
08/02/2026 01:25:54.832;1;0;0;0;
08/02/2026 01:26:34.593;0;0;0;0;
08/02/2026 01:43:09.903;1;0;0;0;
08/02/2026 01:43:47.817;1;0;1;0;
08/02/2026 01:44:01.825;1;0;0;0;
08/02/2026 01:44:11.985;0;0;0;0;
08/02/2026 01:44:49.993;0;1;0;0;
08/02/2026 01:44:56.10;0;0;0;0;
08/02/2026 01:45:10.44;0;0;1;0;
08/02/2026 01:45:11.316;0;0;0;0;
08/02/2026 01:46:11.70;0;0;1;0;
08/02/2026 01:46:12.519;0;0;0;0;
08/02/2026 01:47:29.971;0;1;0;0;
08/02/2026 01:47:31.770;0;0;0;0;
08/02/2026 01:47:49.986;0;1;0;0;
08/02/2026 01:47:52.51;0;0;0;0;
08/02/2026 01:48:09.997;0;1;1;0;
08/02/2026 01:48:12.1;0;0;0;0;
08/02/2026 01:49:30.119;0;1;0;0;
08/02/2026 01:49:31.553;0;0;0;0;
08/02/2026 01:49:50.340;0;0;1;0;
08/02/2026 01:49:51.713;0;0;0;0;
08/02/2026 01:56:30.330;0;0;1;0;
08/02/2026 01:56:31.493;0;0;0;0;
08/02/2026 01:56:50.341;0;0;1;0;
08/02/2026 01:56:51.634;0;0;0;0;
08/02/2026 02:02:10.561;0;0;1;0;
08/02/2026 02:02:11.852;0;0;0;0;
08/02/2026 02:02:30.652;0;0;1;0;
08/02/2026 02:02:32.33;0;0;0;0;
08/02/2026 02:06:10.720;0;1;0;0;
08/02/2026 02:06:12.239;0;0;0;0;
08/02/2026 02:07:10.546;0;1;0;0;
08/02/2026 02:07:12.160;0;0;0;0;
08/02/2026 02:09:50.763;0;0;1;0;
08/02/2026 02:09:52.4;0;0;0;0;
08/02/2026 02:13:10.715;0;1;0;0;
08/02/2026 02:13:12.269;0;0;0;0;
08/02/2026 02:14:30.767;0;1;0;0;
08/02/2026 02:14:32.291;0;0;0;0;
08/02/2026 02:19:11.14;0;1;0;0;
08/02/2026 02:19:12.878;0;0;0;0;
08/02/2026 02:20:11.6;0;1;0;0;
08/02/2026 02:20:12.740;0;0;0;0;
08/02/2026 02:24:51.416;0;0;1;0;
08/02/2026 02:24:52.677;0;0;0;0;
08/02/2026 02:25:11.163;0;0;1;0;
08/02/2026 02:25:12.517;0;0;0;0;
08/02/2026 02:27:51.307;0;1;0;0;
08/02/2026 02:27:52.921;0;0;0;0;
08/02/2026 02:28:11.418;0;0;1;0;
08/02/2026 02:28:12.642;0;0;0;0;
08/02/2026 02:28:31.158;0;1;0;0;
08/02/2026 02:28:32.802;0;0;0;0;
08/02/2026 02:43:31.711;0;1;0;0;
08/02/2026 02:43:33.495;0;0;0;0;
08/02/2026 02:43:51.936;0;0;1;0;
08/02/2026 02:43:53.125;0;0;0;0;
08/02/2026 02:44:51.754;0;1;0;0;
08/02/2026 02:44:53.377;0;0;0;0;
08/02/2026 02:49:11.870;0;1;0;0;
08/02/2026 02:49:13.434;0;0;0;0;
08/02/2026 03:04:52.405;0;1;0;0;
08/02/2026 03:04:53.989;0;0;0;0;
08/02/2026 03:05:32.311;0;0;1;0;
08/02/2026 03:05:33.570;0;0;0;0;
08/02/2026 03:11:12.415;0;1;0;0;
08/02/2026 03:11:13.999;0;0;0;0;
08/02/2026 03:14:32.641;0;1;0;0;
08/02/2026 03:14:34.184;0;0;0;0;
08/02/2026 03:15:32.627;0;1;0;0;
08/02/2026 03:15:34.226;0;0;0;0;
08/02/2026 03:17:52.757;0;1;0;0;
08/02/2026 03:17:54.340;0;0;0;0;
08/02/2026 03:18:52.628;0;1;0;0;
08/02/2026 03:18:54.271;0;0;0;0;
08/02/2026 03:27:02.214;1;0;0;0;
08/02/2026 03:27:02.215;1;1;1;0;
08/02/2026 03:27:05.826;1;0;0;0;
08/02/2026 03:27:29.801;0;0;0;0;
08/02/2026 03:28:12.32;0;1;1;0;
08/02/2026 03:28:14.86;0;0;0;0;
08/02/2026 03:28:32.41;0;1;1;0;
08/02/2026 03:28:33.436;0;0;0;0;
08/02/2026 03:28:52.52;0;1;1;0;
08/02/2026 03:28:53.377;0;0;0;0;
08/02/2026 03:29:12.63;0;1;1;0;
08/02/2026 03:29:13.297;0;0;0;0;
08/02/2026 03:29:32.277;0;0;1;0;
08/02/2026 03:29:33.508;0;0;0;0;
08/02/2026 03:29:52.228;0;0;1;0;
08/02/2026 03:29:53.428;0;0;0;0;
08/02/2026 03:30:11.994;0;0;1;0;
08/02/2026 03:30:13.249;0;0;0;0;
08/02/2026 03:30:32.5;0;0;1;0;
08/02/2026 03:30:33.319;0;0;0;0;
08/02/2026 03:30:52.15;0;0;1;0;
08/02/2026 03:30:53.150;0;0;0;0;
08/02/2026 03:31:12.26;0;0;1;0;
08/02/2026 03:31:13.160;0;0;0;0;
08/02/2026 03:31:32.56;0;0;1;0;
08/02/2026 03:31:33.401;0;0;0;0;
08/02/2026 03:31:52.37;0;0;1;0;
08/02/2026 03:31:53.171;0;0;0;0;
08/02/2026 03:32:12.188;0;0;1;0;
08/02/2026 03:32:13.442;0;0;0;0;
08/02/2026 03:32:32.238;0;0;1;0;
08/02/2026 03:32:33.493;0;0;0;0;
08/02/2026 03:32:52.379;0;0;1;0;
08/02/2026 03:32:53.513;0;0;0;0;
08/02/2026 03:33:12.169;0;0;1;0;
08/02/2026 03:33:13.434;0;0;0;0;
08/02/2026 03:33:32.180;0;0;1;0;
08/02/2026 03:33:33.324;0;0;0;0;
08/02/2026 03:33:52.190;0;0;1;0;
08/02/2026 03:33:53.345;0;0;0;0;
08/02/2026 03:34:12.201;0;0;1;0;
08/02/2026 03:34:13.445;0;0;0;0;
08/02/2026 03:34:32.212;0;0;1;0;
08/02/2026 03:34:33.366;0;0;0;0;
08/02/2026 03:34:52.222;0;0;1;0;
08/02/2026 03:34:53.577;0;0;0;0;
08/02/2026 03:35:12.232;0;0;1;0;
08/02/2026 03:35:13.587;0;0;0;0;
08/02/2026 03:35:32.328;0;0;1;0;
08/02/2026 03:35:33.578;0;0;0;0;
08/02/2026 03:35:52.457;0;0;1;0;
08/02/2026 03:35:53.588;0;0;0;0;
08/02/2026 03:36:12.159;0;0;1;0;
08/02/2026 03:36:13.489;0;0;0;0;
08/02/2026 03:36:32.170;0;0;1;0;
08/02/2026 03:36:33.299;0;0;0;0;
08/02/2026 03:36:52.180;0;0;1;0;
08/02/2026 03:36:53.320;0;0;0;0;
08/02/2026 03:37:12.196;0;0;1;0;
08/02/2026 03:37:13.420;0;0;0;0;
08/02/2026 03:37:32.216;0;0;1;0;
08/02/2026 03:37:33.501;0;0;0;0;
08/02/2026 03:37:52.207;0;0;1;0;
08/02/2026 03:37:53.341;0;0;0;0;
08/02/2026 03:38:12.227;0;0;1;0;
08/02/2026 03:38:13.452;0;0;0;0;
08/02/2026 03:38:32.478;0;0;1;0;
08/02/2026 03:38:33.763;0;0;0;0;
08/02/2026 03:38:52.564;0;0;1;0;
08/02/2026 03:38:53.853;0;0;0;0;
08/02/2026 03:39:12.344;0;0;1;0;
08/02/2026 03:39:13.584;0;0;0;0;
08/02/2026 03:39:32.360;0;0;1;0;
08/02/2026 03:39:33.654;0;0;0;0;
08/02/2026 03:39:52.370;0;0;1;0;
08/02/2026 03:39:53.525;0;0;0;0;
08/02/2026 03:40:12.381;0;0;1;0;
08/02/2026 03:40:13.655;0;0;0;0;
08/02/2026 03:40:32.391;0;0;1;0;
08/02/2026 03:40:33.546;0;0;0;0;
08/02/2026 03:40:52.402;0;0;1;0;
08/02/2026 03:40:53.677;0;0;0;0;
08/02/2026 03:41:12.587;0;0;1;0;
08/02/2026 03:41:13.887;0;0;0;0;
08/02/2026 03:41:32.532;0;0;1;0;
08/02/2026 03:41:33.888;0;0;0;0;
08/02/2026 03:41:52.657;0;0;1;0;
08/02/2026 03:41:53.788;0;0;0;0;
08/02/2026 03:42:12.344;0;0;1;0;
08/02/2026 03:42:13.478;0;0;0;0;
08/02/2026 03:42:32.355;0;0;1;0;
08/02/2026 03:42:33.639;0;0;0;0;
08/02/2026 03:42:52.365;0;0;1;0;
08/02/2026 03:42:53.710;0;0;0;0;
08/02/2026 03:43:12.376;0;0;1;0;
08/02/2026 03:43:13.630;0;0;0;0;
08/02/2026 03:43:32.396;0;0;1;0;
08/02/2026 03:43:33.621;0;0;0;0;
08/02/2026 03:43:52.487;0;0;1;0;
08/02/2026 03:43:53.772;0;0;0;0;
08/02/2026 03:44:12.427;0;0;1;0;
08/02/2026 03:44:13.562;0;0;0;0;
08/02/2026 03:44:32.658;0;0;1;0;
08/02/2026 03:44:33.793;0;0;0;0;
08/02/2026 03:44:52.954;0;0;1;0;
08/02/2026 03:44:54.93;0;0;0;0;
08/02/2026 03:45:12.530;0;0;1;0;
08/02/2026 03:45:13.814;0;0;0;0;
08/02/2026 03:45:32.535;0;0;1;0;
08/02/2026 03:45:33.894;0;0;0;0;
08/02/2026 03:45:52.551;0;0;1;0;
08/02/2026 03:45:53.795;0;0;0;0;
08/02/2026 03:46:12.581;0;0;1;0;
08/02/2026 03:46:13.885;0;0;0;0;
08/02/2026 03:46:32.571;0;0;1;0;
08/02/2026 03:46:33.846;0;0;0;0;
08/02/2026 03:46:52.582;0;0;1;0;
08/02/2026 03:46:53.917;0;0;0;0;
08/02/2026 03:47:12.615;0;0;1;0;
08/02/2026 03:47:13.877;0;0;0;0;
08/02/2026 03:47:32.737;0;0;1;0;
08/02/2026 03:47:34.28;0;0;0;0;
08/02/2026 03:47:52.858;0;0;1;0;
08/02/2026 03:47:54.78;0;0;0;0;
08/02/2026 03:48:12.524;1;0;0;0;
08/02/2026 03:48:12.525;1;1;1;0;
08/02/2026 03:48:14.860;1;0;0;0;
08/02/2026 03:48:22.536;1;1;1;0;
08/02/2026 03:48:23.669;1;0;0;0;
08/02/2026 03:48:30.532;1;1;1;0;
08/02/2026 03:48:31.677;1;0;0;0;
08/02/2026 03:48:40.533;1;1;1;0;
08/02/2026 03:48:41.677;1;0;0;0;
08/02/2026 03:48:50.807;0;0;0;0;
08/02/2026 03:49:10.644;0;0;1;0;
08/02/2026 03:49:12.109;0;0;0;0;
08/02/2026 03:49:32.628;0;1;1;0;
08/02/2026 03:49:38.225;0;0;0;0;
08/02/2026 03:49:52.587;0;1;1;0;
08/02/2026 03:49:54.562;0;0;0;0;
08/02/2026 03:50:12.648;0;1;1;0;
08/02/2026 03:50:14.533;0;0;0;0;
08/02/2026 03:50:32.763;0;1;0;0;
08/02/2026 03:50:34.713;0;0;0;0;
08/02/2026 03:50:52.994;0;1;1;0;
08/02/2026 03:50:55.44;0;0;0;0;
08/02/2026 03:51:12.730;0;1;1;0;
08/02/2026 03:51:15.75;0;0;0;0;
08/02/2026 03:51:32.735;0;1;1;0;
08/02/2026 03:51:34.515;0;0;0;0;
08/02/2026 03:51:52.751;0;0;1;0;
08/02/2026 03:51:54.55;0;0;0;0;
08/02/2026 03:52:12.761;0;1;0;0;
08/02/2026 03:52:14.366;0;0;0;0;
08/02/2026 04:01:32.917;0;1;0;0;
08/02/2026 04:01:34.501;0;0;0;0;
08/02/2026 04:03:53.81;0;1;0;0;
08/02/2026 04:03:54.685;0;0;0;0;
08/02/2026 04:09:53.251;0;1;0;0;
08/02/2026 04:09:54.856;0;0;0;0;
08/02/2026 04:14:13.279;0;1;0;0;
08/02/2026 04:14:14.863;0;0;0;0;
08/02/2026 04:17:33.495;0;1;0;0;
08/02/2026 04:17:35.99;0;0;0;0;
08/02/2026 04:21:33.601;0;1;0;0;
08/02/2026 04:21:35.325;0;0;0;0;
08/02/2026 04:22:13.695;0;0;1;0;
08/02/2026 04:22:15.56;0;0;0;0;
08/02/2026 04:23:33.685;0;1;0;0;
08/02/2026 04:23:35.269;0;0;0;0;
08/02/2026 04:25:13.742;0;1;0;0;
08/02/2026 04:25:15.271;0;0;0;0;
08/02/2026 04:29:13.844;0;1;0;0;
08/02/2026 04:29:15.418;0;0;0;0;
08/02/2026 04:33:54.85;0;1;0;0;
08/02/2026 04:33:55.646;0;0;0;0;
08/02/2026 04:35:53.915;0;1;0;0;
08/02/2026 04:35:55.559;0;0;0;0;
08/02/2026 04:40:34.158;0;1;0;0;
08/02/2026 04:40:36.87;0;0;0;0;
08/02/2026 04:40:54.153;0;1;0;0;
08/02/2026 04:40:55.728;0;0;0;0;
08/02/2026 04:41:34.174;0;1;0;0;
08/02/2026 04:41:35.629;0;0;0;0;
08/02/2026 04:45:34.444;0;0;1;0;
08/02/2026 04:45:35.635;0;0;0;0;
08/02/2026 04:47:14.354;0;1;0;0;
08/02/2026 04:47:15.928;0;0;0;0;
08/02/2026 04:47:34.344;0;0;1;0;
08/02/2026 04:47:35.658;0;0;0;0;
08/02/2026 04:48:34.476;0;1;0;0;
08/02/2026 04:48:36.151;0;0;0;0;
08/02/2026 04:55:14.467;0;0;1;0;
08/02/2026 04:55:15.781;0;0;0;0;
08/02/2026 04:56:54.650;0;1;0;0;
08/02/2026 04:56:56.414;0;0;0;0;
08/02/2026 04:58:34.642;0;1;0;0;
08/02/2026 04:58:36.267;0;0;0;0;
08/02/2026 05:00:34.836;0;1;0;0;
08/02/2026 05:00:36.450;0;0;0;0;
08/02/2026 05:00:54.616;0;1;0;0;
08/02/2026 05:00:56.110;0;0;0;0;
08/02/2026 05:01:14.631;0;1;1;0;
08/02/2026 05:01:16.641;0;0;0;0;
08/02/2026 05:02:54.944;0;1;0;0;
08/02/2026 05:02:56.664;0;0;0;0;
08/02/2026 05:03:34.989;0;0;1;0;
08/02/2026 05:03:36.435;0;0;0;0;
08/02/2026 05:04:34.802;0;0;1;0;
08/02/2026 05:04:36.166;0;0;0;0;
08/02/2026 05:05:34.913;0;1;0;0;
08/02/2026 05:05:36.448;0;0;0;0;
08/02/2026 05:06:35.165;0;1;0;0;
08/02/2026 05:06:37.200;0;0;0;0;
08/02/2026 05:06:54.775;0;0;1;0;
08/02/2026 05:06:56.9;0;0;0;0;
08/02/2026 05:07:54.797;0;1;0;0;
08/02/2026 05:07:56.441;0;0;0;0;
08/02/2026 05:08:14.797;0;1;0;0;
08/02/2026 05:08:16.372;0;0;0;0;
08/02/2026 05:09:35.94;0;1;0;0;
08/02/2026 05:09:36.754;0;0;0;0;
08/02/2026 05:11:14.982;0;1;0;0;
08/02/2026 05:11:16.527;0;0;0;0;
08/02/2026 05:13:14.945;0;1;0;0;
08/02/2026 05:13:16.379;0;0;0;0;
08/02/2026 05:14:14.987;0;1;0;0;
08/02/2026 05:14:16.601;0;0;0;0;
08/02/2026 05:14:35.11;0;1;0;0;
08/02/2026 05:14:36.481;0;0;0;0;
08/02/2026 05:14:54.978;0;0;1;0;
08/02/2026 05:14:56.202;0;0;0;0;
08/02/2026 05:15:15.41;0;1;1;0;
08/02/2026 05:15:17.113;0;0;0;0;
08/02/2026 05:15:35.353;0;1;0;0;
08/02/2026 05:15:36.883;0;0;0;0;
08/02/2026 05:16:15.384;0;1;0;0;
08/02/2026 05:16:17.465;0;0;0;0;
08/02/2026 05:17:15.151;0;1;0;0;
08/02/2026 05:17:16.816;0;0;0;0;
08/02/2026 05:20:35.157;0;1;1;0;
08/02/2026 05:20:36.621;0;0;0;0;
08/02/2026 05:20:55.177;0;0;1;0;
08/02/2026 05:20:56.551;0;0;0;0;
08/02/2026 05:22:57.572;0;1;0;0;
08/02/2026 05:22:59.167;0;0;0;0;
08/02/2026 05:25:15.383;0;1;0;0;
08/02/2026 05:25:16.888;0;0;0;0;
08/02/2026 05:27:15.347;0;1;1;0;
08/02/2026 05:27:16.931;0;0;0;0;
08/02/2026 05:28:35.469;0;1;0;0;
08/02/2026 05:28:36.963;0;0;0;0;
08/02/2026 05:31:55.634;0;1;0;0;
08/02/2026 05:31:57.228;0;0;0;0;
08/02/2026 05:32:15.604;0;1;0;0;
08/02/2026 05:32:17.118;0;0;0;0;
08/02/2026 05:32:35.619;0;0;1;0;
08/02/2026 05:32:36.748;0;0;0;0;
08/02/2026 05:32:55.830;0;1;0;0;
08/02/2026 05:32:57.450;0;0;0;0;
08/02/2026 05:33:15.735;0;1;1;0;
08/02/2026 05:33:17.350;0;0;0;0;
08/02/2026 05:33:35.526;0;1;0;0;
08/02/2026 05:33:37.140;0;0;0;0;
08/02/2026 05:33:55.537;0;0;1;0;
08/02/2026 05:33:56.970;0;0;0;0;
08/02/2026 05:34:15.557;0;0;1;0;
08/02/2026 05:34:16.901;0;0;0;0;
08/02/2026 05:34:35.547;0;1;1;0;
08/02/2026 05:34:37.162;0;0;0;0;
08/02/2026 05:34:55.543;0;0;1;0;
08/02/2026 05:34:56.892;0;0;0;0;
08/02/2026 05:37:25.731;1;0;0;0;
08/02/2026 05:37:25.732;1;1;1;0;
08/02/2026 05:37:38.477;1;0;0;0;
08/02/2026 05:38:18.208;0;0;0;0;
08/02/2026 06:12:36.359;1;0;0;0;
08/02/2026 06:13:14.368;1;0;1;0;
08/02/2026 06:13:28.516;1;0;0;0;
08/02/2026 06:13:37.686;0;0;0;0;
08/02/2026 06:14:16.445;0;1;0;0;
08/02/2026 06:14:22.431;0;0;0;0;
08/02/2026 06:15:16.474;0;1;1;0;
08/02/2026 06:15:18.549;0;0;0;0;
08/02/2026 06:15:36.485;0;1;1;0;
08/02/2026 06:15:39.0;0;0;0;0;
08/02/2026 06:15:56.515;0;1;0;0;
08/02/2026 06:15:57.969;0;0;0;0;
08/02/2026 06:17:36.629;0;1;0;0;
08/02/2026 06:17:38.152;0;0;0;0;
08/02/2026 06:18:36.455;0;1;0;0;
08/02/2026 06:18:37.924;0;0;0;0;
08/02/2026 06:19:36.591;0;1;0;0;
08/02/2026 06:19:38.336;0;0;0;0;
08/02/2026 06:22:16.931;0;0;1;0;
08/02/2026 06:22:18.310;0;0;0;0;
08/02/2026 06:23:56.628;0;1;0;0;
08/02/2026 06:23:58.272;0;0;0;0;
08/02/2026 06:24:36.639;0;1;0;0;
08/02/2026 06:24:38.283;0;0;0;0;
08/02/2026 06:24:56.650;0;1;0;0;
08/02/2026 06:24:58.344;0;0;0;0;
08/02/2026 06:25:36.793;0;1;0;0;
08/02/2026 06:25:38.265;0;0;0;0;
08/02/2026 06:27:16.854;0;1;0;0;
08/02/2026 06:27:18.728;0;0;0;0;
08/02/2026 06:27:56.845;0;1;0;0;
08/02/2026 06:27:58.499;0;0;0;0;
08/02/2026 06:28:36.876;0;0;1;0;
08/02/2026 06:28:38.19;0;0;0;0;
08/02/2026 06:28:56.879;0;0;1;0;
08/02/2026 06:28:58.150;0;0;0;0;
08/02/2026 06:29:56.908;0;1;0;0;
08/02/2026 06:29:58.401;0;0;0;0;
08/02/2026 06:31:56.981;0;1;0;0;
08/02/2026 06:31:58.675;0;0;0;0;
08/02/2026 06:35:17.81;0;1;0;0;
08/02/2026 06:35:19.200;0;0;0;0;
08/02/2026 06:35:37.76;0;0;1;0;
08/02/2026 06:35:38.210;0;0;0;0;
08/02/2026 06:35:56.982;0;0;1;0;
08/02/2026 06:35:58.270;0;0;0;0;
08/02/2026 06:36:57.28;0;1;0;0;
08/02/2026 06:36:58.943;0;0;0;0;
08/02/2026 06:37:17.19;0;0;1;0;
08/02/2026 06:37:18.453;0;0;0;0;
08/02/2026 06:37:57.170;0;0;1;0;
08/02/2026 06:37:58.494;0;0;0;0;
08/02/2026 06:38:17.361;0;1;0;0;
08/02/2026 06:38:19.65;0;0;0;0;
08/02/2026 06:38:57.162;0;1;0;0;
08/02/2026 06:38:58.996;0;0;0;0;
08/02/2026 06:40:17.204;0;1;0;0;
08/02/2026 06:40:19.78;0;0;0;0;
08/02/2026 06:41:17.235;0;1;0;0;
08/02/2026 06:41:18.929;0;0;0;0;
08/02/2026 06:41:37.308;0;1;1;0;
08/02/2026 06:41:38.890;0;0;0;0;
08/02/2026 06:41:57.409;0;0;1;0;
08/02/2026 06:41:58.630;0;0;0;0;
08/02/2026 06:42:17.167;0;1;0;0;
08/02/2026 06:42:19.111;0;0;0;0;
08/02/2026 06:54:57.646;0;1;0;0;
08/02/2026 06:54:59.720;0;0;0;0;
08/02/2026 06:55:57.699;0;1;0;0;
08/02/2026 06:55:59.461;0;0;0;0;
08/02/2026 06:58:37.711;0;1;0;0;
08/02/2026 06:58:39.265;0;0;0;0;
08/02/2026 06:59:57.993;0;0;1;0;
08/02/2026 06:59:59.237;0;0;0;0;
08/02/2026 07:00:17.759;0;1;1;0;
08/02/2026 07:00:19.388;0;0;0;0;
08/02/2026 07:02:17.949;0;1;0;0;
08/02/2026 07:02:19.481;0;0;0;0;
08/02/2026 07:05:17.911;0;1;0;0;
08/02/2026 07:05:19.475;0;0;0;0;
08/02/2026 07:12:38.173;0;1;0;0;
08/02/2026 07:12:39.716;0;0;0;0;
08/02/2026 07:18:38.442;0;0;1;0;
08/02/2026 07:18:39.655;0;0;0;0;
08/02/2026 07:20:38.370;0;1;0;0;
08/02/2026 07:20:39.959;0;0;0;0;
08/02/2026 07:38:19.113;0;1;0;0;
08/02/2026 07:38:20.687;0;0;0;0;
08/02/2026 07:40:59.50;0;1;0;0;
08/02/2026 07:41:00.661;0;0;0;0;
08/02/2026 07:46:59.239;0;1;0;0;
08/02/2026 07:47:00.851;0;0;0;0;
08/02/2026 07:47:59.78;0;1;0;0;
08/02/2026 07:48:00.632;0;0;0;0;
08/02/2026 07:58:59.637;0;0;1;0;
08/02/2026 07:59:00.770;0;0;0;0;
08/02/2026 08:00:19.428;0;0;1;0;
08/02/2026 08:00:20.652;0;0;0;0;
08/02/2026 08:00:31.520;1;0;0;0;
08/02/2026 08:00:31.521;1;1;1;0;
08/02/2026 08:00:35.197;1;0;0;0;
08/02/2026 08:00:59.732;0;0;0;0;
08/02/2026 08:01:41.889;0;1;1;0;
08/02/2026 08:01:43.988;0;0;0;0;
08/02/2026 08:02:01.763;0;1;1;0;
08/02/2026 08:02:03.187;0;0;0;0;
08/02/2026 08:02:21.878;0;1;1;0;
08/02/2026 08:02:23.148;0;0;0;0;
08/02/2026 08:02:41.603;0;0;1;0;
08/02/2026 08:02:42.928;0;0;0;0;
08/02/2026 08:03:01.614;0;0;1;0;
08/02/2026 08:03:02.849;0;0;0;0;
08/02/2026 08:03:21.635;0;0;1;0;
08/02/2026 08:03:22.779;0;0;0;0;
08/02/2026 08:03:41.645;0;0;1;0;
08/02/2026 08:03:42.920;0;0;0;0;
08/02/2026 08:04:01.546;0;0;1;0;
08/02/2026 08:04:02.680;0;0;0;0;
08/02/2026 08:04:23.619;0;0;1;0;
08/02/2026 08:04:24.843;0;0;0;0;
08/02/2026 08:04:41.728;0;0;1;0;
08/02/2026 08:04:42.861;0;0;0;0;
08/02/2026 08:05:01.851;0;0;1;0;
08/02/2026 08:05:02.982;0;0;0;0;
08/02/2026 08:05:21.598;0;0;1;0;
08/02/2026 08:05:22.942;0;0;0;0;
08/02/2026 08:05:41.588;0;0;1;0;
08/02/2026 08:05:42.723;0;0;0;0;
08/02/2026 08:06:01.599;0;0;1;0;
08/02/2026 08:06:02.733;0;0;0;0;
08/02/2026 08:06:21.710;0;0;1;0;
08/02/2026 08:06:22.844;0;0;0;0;
08/02/2026 08:06:41.720;0;0;1;0;
08/02/2026 08:06:42.855;0;0;0;0;
08/02/2026 08:07:01.731;0;0;1;0;
08/02/2026 08:07:02.965;0;0;0;0;
08/02/2026 08:07:21.742;0;0;1;0;
08/02/2026 08:07:22.886;0;0;0;0;
08/02/2026 08:07:41.863;0;0;1;0;
08/02/2026 08:07:43.16;0;0;0;0;
08/02/2026 08:08:01.972;0;0;1;0;
08/02/2026 08:08:03.117;0;0;0;0;
08/02/2026 08:08:21.773;0;0;1;0;
08/02/2026 08:08:22.927;0;0;0;0;
08/02/2026 08:08:41.783;0;0;1;0;
08/02/2026 08:08:42.938;0;0;0;0;
08/02/2026 08:09:01.824;0;0;1;0;
08/02/2026 08:09:02.968;0;0;0;0;
08/02/2026 08:09:21.815;0;0;1;0;
08/02/2026 08:09:23.19;0;0;0;0;
08/02/2026 08:09:41.825;0;0;1;0;
08/02/2026 08:09:42.959;0;0;0;0;
08/02/2026 08:10:01.725;0;0;1;0;
08/02/2026 08:10:02.860;0;0;0;0;
08/02/2026 08:10:21.811;0;0;1;0;
08/02/2026 08:10:23.1;0;0;0;0;
08/02/2026 08:10:42.188;0;0;1;0;
08/02/2026 08:10:43.321;0;0;0;0;
08/02/2026 08:11:01.757;0;0;1;0;
08/02/2026 08:11:02.892;0;0;0;0;
08/02/2026 08:11:21.778;0;0;1;0;
08/02/2026 08:11:22.912;0;0;0;0;
08/02/2026 08:11:41.768;0;0;1;0;
08/02/2026 08:11:42.903;0;0;0;0;
08/02/2026 08:12:01.789;0;0;1;0;
08/02/2026 08:12:03.103;0;0;0;0;
08/02/2026 08:12:21.890;0;0;1;0;
08/02/2026 08:12:23.24;0;0;0;0;
08/02/2026 08:12:41.901;0;1;1;0;
08/02/2026 08:12:43.225;0;0;0;0;
08/02/2026 08:13:01.911;0;0;1;0;
08/02/2026 08:13:03.45;0;0;0;0;
08/02/2026 08:13:22.176;0;0;1;0;
08/02/2026 08:13:23.416;0;0;0;0;
08/02/2026 08:13:42.132;0;0;1;0;
08/02/2026 08:13:43.336;0;0;0;0;
08/02/2026 08:14:02.182;0;0;1;0;
08/02/2026 08:14:03.337;0;0;0;0;
08/02/2026 08:14:21.953;0;0;1;0;
08/02/2026 08:14:23.227;0;0;0;0;
08/02/2026 08:14:41.963;0;0;1;0;
08/02/2026 08:14:43.328;0;0;0;0;
08/02/2026 08:15:01.974;0;0;1;0;
08/02/2026 08:15:03.118;0;0;0;0;
08/02/2026 08:15:21.984;0;0;1;0;
08/02/2026 08:15:23.309;0;0;0;0;
08/02/2026 08:15:42.5;0;0;1;0;
08/02/2026 08:15:43.139;0;0;0;0;
08/02/2026 08:16:01.907;0;0;1;0;
08/02/2026 08:16:03.40;0;0;0;0;
08/02/2026 08:16:22.29;0;0;1;0;
08/02/2026 08:16:23.161;0;0;0;0;
08/02/2026 08:16:42.958;0;0;1;0;
08/02/2026 08:16:44.92;0;0;0;0;
08/02/2026 08:17:01.938;0;0;1;0;
08/02/2026 08:17:03.162;0;0;0;0;
08/02/2026 08:17:21.958;0;0;1;0;
08/02/2026 08:17:23.92;0;0;0;0;
08/02/2026 08:17:41.948;0;0;1;0;
08/02/2026 08:17:43.323;0;0;0;0;
08/02/2026 08:18:01.959;0;0;1;0;
08/02/2026 08:18:03.333;0;0;0;0;
08/02/2026 08:18:22.69;0;0;1;0;
08/02/2026 08:18:23.264;0;0;0;0;
08/02/2026 08:18:42.80;0;0;1;0;
08/02/2026 08:18:43.304;0;0;0;0;
08/02/2026 08:19:02.92;0;0;1;0;
08/02/2026 08:19:03.235;0;0;0;0;
08/02/2026 08:19:24.414;0;0;1;0;
08/02/2026 08:19:25.568;0;0;0;0;
08/02/2026 08:19:42.282;0;0;1;0;
08/02/2026 08:19:43.436;0;0;0;0;
08/02/2026 08:20:02.413;0;0;1;0;
08/02/2026 08:20:03.717;0;0;0;0;
08/02/2026 08:20:22.133;0;0;1;0;
08/02/2026 08:20:23.497;0;0;0;0;
08/02/2026 08:20:42.143;0;0;1;0;
08/02/2026 08:20:43.448;0;0;0;0;
08/02/2026 08:21:02.154;0;0;1;0;
08/02/2026 08:21:03.448;0;0;0;0;
08/02/2026 08:21:22.160;0;0;1;0;
08/02/2026 08:21:23.319;0;0;0;0;
08/02/2026 08:21:42.195;1;0;0;0;
08/02/2026 08:21:42.196;1;1;1;0;
08/02/2026 08:21:45.752;1;0;0;0;
08/02/2026 08:21:52.207;1;1;1;0;
08/02/2026 08:21:53.620;1;0;0;0;
08/02/2026 08:22:00.134;1;1;1;0;
08/02/2026 08:22:01.288;1;0;0;0;
08/02/2026 08:22:10.444;1;1;1;0;
08/02/2026 08:22:11.588;1;0;0;0;
08/02/2026 08:22:20.77;0;0;0;0;
08/02/2026 08:23:02.149;0;1;1;0;
08/02/2026 08:23:06.855;0;0;0;0;
08/02/2026 08:23:22.158;0;1;1;0;
08/02/2026 08:23:23.983;0;0;0;0;
08/02/2026 08:23:42.169;0;1;1;0;
08/02/2026 08:23:44.304;0;0;0;0;
08/02/2026 08:24:22.265;0;0;1;0;
08/02/2026 08:24:23.584;0;0;0;0;
08/02/2026 08:30:42.451;0;1;0;0;
08/02/2026 08:30:43.915;0;0;0;0;
08/02/2026 08:31:42.482;0;0;1;0;
08/02/2026 08:31:43.696;0;0;0;0;
08/02/2026 08:32:02.494;0;0;1;0;
08/02/2026 08:32:03.827;0;0;0;0;
08/02/2026 08:34:42.477;0;1;0;0;
08/02/2026 08:34:44.302;0;0;0;0;
08/02/2026 08:35:22.508;0;0;1;0;
08/02/2026 08:35:23.953;0;0;0;0;
08/02/2026 08:36:22.610;0;0;1;0;
08/02/2026 08:36:23.924;0;0;0;0;
08/02/2026 08:36:42.881;0;1;0;0;
08/02/2026 08:36:44.425;0;0;0;0;
08/02/2026 08:46:22.802;0;1;0;0;
08/02/2026 08:46:24.391;0;0;0;0;
08/02/2026 08:48:23.30;0;1;0;0;
08/02/2026 08:48:24.565;0;0;0;0;
08/02/2026 08:49:03.242;0;0;1;0;
08/02/2026 08:49:04.426;0;0;0;0;
08/02/2026 08:49:22.982;0;0;1;0;
08/02/2026 08:49:24.286;0;0;0;0;
08/02/2026 09:12:03.710;0;1;0;0;
08/02/2026 09:12:05.184;0;0;0;0;
08/02/2026 09:12:43.651;0;0;1;0;
08/02/2026 09:12:44.915;0;0;0;0;
08/02/2026 09:13:03.661;0;1;1;0;
08/02/2026 09:13:05.256;0;0;0;0;
08/02/2026 09:15:23.900;0;1;0;0;
08/02/2026 09:15:25.400;0;0;0;0;
08/02/2026 09:18:03.910;0;1;0;0;
08/02/2026 09:18:05.444;0;0;0;0;
08/02/2026 09:22:23.837;0;1;0;0;
08/02/2026 09:22:25.361;0;0;0;0;
08/02/2026 09:22:43.847;0;0;1;0;
08/02/2026 09:22:45.101;0;0;0;0;
08/02/2026 09:23:03.858;0;1;0;0;
08/02/2026 09:23:05.472;0;0;0;0;
08/02/2026 09:24:24.150;0;0;1;0;
08/02/2026 09:24:25.554;0;0;0;0;
08/02/2026 09:25:04.31;0;0;1;0;
08/02/2026 09:25:05.375;0;0;0;0;
08/02/2026 09:30:44.265;0;1;0;0;
08/02/2026 09:30:45.765;0;0;0;0;
08/02/2026 09:32:44.224;0;1;0;0;
08/02/2026 09:32:46.298;0;0;0;0;
08/02/2026 09:33:24.267;0;1;0;0;
08/02/2026 09:33:25.769;0;0;0;0;
08/02/2026 09:34:04.499;0;1;0;0;
08/02/2026 09:34:05.990;0;0;0;0;
08/02/2026 09:35:24.228;0;1;0;0;
08/02/2026 09:35:25.692;0;0;0;0;
08/02/2026 09:35:44.228;0;0;1;0;
08/02/2026 09:35:45.362;0;0;0;0;
08/02/2026 09:36:04.219;0;0;1;0;
08/02/2026 09:36:05.503;0;0;0;0;
08/02/2026 09:38:44.403;0;1;0;0;
08/02/2026 09:38:45.887;0;0;0;0;
08/02/2026 09:39:24.424;0;1;0;0;
08/02/2026 09:39:26.18;0;0;0;0;
08/02/2026 09:40:24.698;0;1;0;0;
08/02/2026 09:40:26.841;0;0;0;0;
08/02/2026 09:40:44.751;0;1;0;0;
08/02/2026 09:40:46.661;0;0;0;0;
08/02/2026 09:42:24.408;0;1;0;0;
08/02/2026 09:42:26.23;0;0;0;0;
08/02/2026 09:42:44.409;0;1;0;0;
08/02/2026 09:42:46.214;0;0;0;0;
08/02/2026 09:43:04.499;0;0;1;0;
08/02/2026 09:43:05.633;0;0;0;0;
08/02/2026 09:43:24.650;0;0;1;0;
08/02/2026 09:43:25.934;0;0;0;0;
08/02/2026 09:43:44.761;0;1;0;0;
08/02/2026 09:43:46.385;0;0;0;0;
08/02/2026 09:45:04.573;0;1;0;0;
08/02/2026 09:45:06.357;0;0;0;0;
08/02/2026 09:45:44.594;0;0;1;0;
08/02/2026 09:45:46.78;0;0;0;0;
08/02/2026 09:46:24.615;0;1;1;0;
08/02/2026 09:46:27.290;0;0;0;0;
08/02/2026 09:46:44.698;0;1;0;0;
08/02/2026 09:46:47.60;0;0;0;0;
08/02/2026 09:47:04.804;0;1;1;0;
08/02/2026 09:47:06.981;0;0;0;0;
08/02/2026 09:47:24.547;0;1;0;0;
08/02/2026 09:47:26.581;0;0;0;0;
08/02/2026 09:47:44.557;0;0;1;0;
08/02/2026 09:47:45.981;0;0;0;0;
08/02/2026 09:51:04.737;0;1;0;0;
08/02/2026 09:51:06.756;0;0;0;0;
08/02/2026 09:51:24.752;0;1;0;0;
08/02/2026 09:51:26.236;0;0;0;0;
08/02/2026 09:52:44.795;0;1;0;0;
08/02/2026 09:52:46.509;0;0;0;0;
08/02/2026 09:53:04.805;0;0;1;0;
08/02/2026 09:53:06.39;0;0;0;0;
08/02/2026 09:53:46.901;0;0;1;0;
08/02/2026 09:53:48.242;0;0;0;0;
08/02/2026 09:54:24.741;0;1;0;0;
08/02/2026 09:54:26.241;0;0;0;0;
08/02/2026 09:57:04.921;0;0;1;0;
08/02/2026 09:57:06.55;0;0;0;0;
08/02/2026 09:57:25.31;0;1;0;0;
08/02/2026 09:57:26.626;0;0;0;0;
08/02/2026 09:57:45.177;0;0;1;0;
08/02/2026 09:57:46.456;0;0;0;0;
08/02/2026 09:58:24.953;0;0;1;0;
08/02/2026 09:58:26.407;0;0;0;0;
08/02/2026 09:59:44.995;0;0;1;0;
08/02/2026 09:59:46.289;0;0;0;0;
08/02/2026 10:03:45.91;0;0;1;0;
08/02/2026 10:03:46.555;0;0;0;0;
08/02/2026 10:04:05.101;0;0;1;0;
08/02/2026 10:04:06.485;0;0;0;0;
08/02/2026 10:05:25.423;0;0;1;0;
08/02/2026 10:05:26.697;0;0;0;0;
08/02/2026 10:05:45.154;0;1;0;0;
08/02/2026 10:05:46.728;0;0;0;0;
08/02/2026 10:06:25.174;0;0;1;0;
08/02/2026 10:06:26.589;0;0;0;0;
08/02/2026 10:06:31.180;1;0;0;0;
08/02/2026 10:06:31.181;1;1;1;0;
08/02/2026 10:06:44.7;1;0;0;0;
08/02/2026 10:07:23.407;0;0;0;0;
08/02/2026 10:18:09.194;1;0;0;0;
08/02/2026 10:18:47.133;1;0;1;0;
08/02/2026 10:19:01.161;1;0;0;0;
08/02/2026 10:19:11.572;0;0;0;0;
08/02/2026 10:19:49.280;0;1;1;0;
08/02/2026 10:19:55.97;0;0;0;0;
08/02/2026 10:20:29.279;0;0;1;0;
08/02/2026 10:20:30.773;0;0;0;0;
08/02/2026 10:20:49.374;0;0;1;0;
08/02/2026 10:20:50.754;0;0;0;0;
08/02/2026 10:23:29.374;0;1;0;0;
08/02/2026 10:23:31.999;0;0;0;0;
08/02/2026 10:23:49.384;0;1;0;0;
08/02/2026 10:23:51.379;0;0;0;0;
08/02/2026 10:24:09.395;0;1;0;0;
08/02/2026 10:24:10.849;0;0;0;0;
08/02/2026 10:27:09.390;0;1;0;0;
08/02/2026 10:27:11.3;0;0;0;0;
08/02/2026 10:28:49.693;0;0;1;0;
08/02/2026 10:28:50.826;0;0;0;0;
08/02/2026 10:29:29.553;0;1;0;0;
08/02/2026 10:29:31.147;0;0;0;0;
08/02/2026 10:30:09.575;0;0;1;0;
08/02/2026 10:30:10.818;0;0;0;0;
08/02/2026 10:30:49.595;0;1;0;0;
08/02/2026 10:30:51.109;0;0;0;0;
08/02/2026 10:32:09.637;0;1;0;0;
08/02/2026 10:32:11.211;0;0;0;0;
08/02/2026 10:33:09.871;0;1;0;0;
08/02/2026 10:33:11.563;0;0;0;0;
08/02/2026 10:34:49.601;0;1;0;0;
08/02/2026 10:34:51.155;0;0;0;0;
08/02/2026 10:36:29.814;0;1;0;0;
08/02/2026 10:36:31.508;0;0;0;0;
08/02/2026 10:36:49.905;0;1;1;0;
08/02/2026 10:36:51.689;0;0;0;0;
08/02/2026 10:37:09.995;0;1;1;0;
08/02/2026 10:37:11.629;0;0;0;0;
08/02/2026 10:38:09.837;0;1;0;0;
08/02/2026 10:38:11.460;0;0;0;0;
08/02/2026 10:39:29.748;0;1;0;0;
08/02/2026 10:39:31.272;0;0;0;0;
08/02/2026 10:48:10.124;0;0;1;0;
08/02/2026 10:48:11.265;0;0;0;0;
08/02/2026 10:48:32.297;0;1;1;0;
08/02/2026 10:48:33.808;0;0;0;0;
08/02/2026 10:49:30.134;0;1;0;0;
08/02/2026 10:49:31.708;0;0;0;0;
08/02/2026 10:52:10.338;0;1;0;0;
08/02/2026 10:52:12.12;0;0;0;0;
08/02/2026 10:55:10.302;0;1;0;0;
08/02/2026 10:55:11.826;0;0;0;0;
08/02/2026 10:56:12.499;0;1;0;0;
08/02/2026 10:56:14.420;0;0;0;0;
08/02/2026 10:56:50.350;0;1;0;0;
08/02/2026 10:56:52.209;0;0;0;0;
08/02/2026 11:02:10.513;0;0;1;0;
08/02/2026 11:02:11.746;0;0;0;0;
08/02/2026 11:03:50.870;0;1;0;0;
08/02/2026 11:03:52.580;0;0;0;0;
08/02/2026 11:08:30.702;0;1;0;0;
08/02/2026 11:08:32.286;0;0;0;0;
08/02/2026 11:08:50.713;0;0;1;0;
08/02/2026 11:08:52.6;0;0;0;0;
08/02/2026 11:11:10.786;0;1;0;0;
08/02/2026 11:11:12.290;0;0;0;0;
08/02/2026 11:12:50.739;0;1;0;0;
08/02/2026 11:12:52.383;0;0;0;0;
08/02/2026 11:16:10.919;0;1;0;0;
08/02/2026 11:16:12.518;0;0;0;0;
08/02/2026 11:18:51.18;0;1;0;0;
08/02/2026 11:18:52.612;0;0;0;0;
08/02/2026 11:26:51.310;0;0;1;0;
08/02/2026 11:26:52.534;0;0;0;0;
08/02/2026 11:27:11.511;0;0;1;0;
08/02/2026 11:27:12.855;0;0;0;0;
08/02/2026 11:34:51.453;0;1;0;0;
08/02/2026 11:34:52.987;0;0;0;0;
08/02/2026 11:42:51.934;0;1;0;0;
08/02/2026 11:42:53.570;0;0;0;0;
08/02/2026 11:47:31.808;0;1;0;0;
08/02/2026 11:47:33.397;0;0;0;0;
08/02/2026 11:50:31.908;0;1;0;0;
08/02/2026 11:50:33.432;0;0;0;0;
08/02/2026 11:52:12.151;0;0;1;0;
08/02/2026 11:52:13.284;0;0;0;0;
08/02/2026 11:54:52.187;0;1;0;0;
08/02/2026 11:54:53.819;0;0;0;0;
08/02/2026 12:01:52.221;0;1;0;0;
08/02/2026 12:01:53.780;0;0;0;0;
08/02/2026 12:02:12.237;0;0;1;0;
08/02/2026 12:02:13.480;0;0;0;0;
08/02/2026 12:05:32.332;0;1;0;0;
08/02/2026 12:05:33.916;0;0;0;0;
08/02/2026 12:06:12.373;0;1;0;0;
08/02/2026 12:06:14.67;0;0;0;0;
08/02/2026 12:08:07.310;1;0;0;0;
08/02/2026 12:08:07.311;1;1;1;0;
08/02/2026 12:08:10.957;1;0;0;0;
08/02/2026 12:08:36.173;0;0;0;0;
08/02/2026 12:09:17.464;0;1;1;0;
08/02/2026 12:09:19.548;0;0;0;0;
08/02/2026 12:09:37.494;0;1;1;0;
08/02/2026 12:09:38.888;0;0;0;0;
08/02/2026 12:09:57.617;0;1;1;0;
08/02/2026 12:09:58.948;0;0;0;0;
08/02/2026 12:10:17.738;0;1;1;0;
08/02/2026 12:10:19.9;0;0;0;0;
08/02/2026 12:10:37.505;0;0;1;0;
08/02/2026 12:10:38.749;0;0;0;0;
08/02/2026 12:10:57.515;0;0;1;0;
08/02/2026 12:10:58.730;0;0;0;0;
08/02/2026 12:11:17.526;0;0;1;0;
08/02/2026 12:11:18.730;0;0;0;0;
08/02/2026 12:11:37.546;0;0;1;0;
08/02/2026 12:11:38.801;0;0;0;0;
08/02/2026 12:11:57.547;0;0;1;0;
08/02/2026 12:11:58.681;0;0;0;0;
08/02/2026 12:12:17.457;0;0;1;0;
08/02/2026 12:12:18.712;0;0;0;0;
08/02/2026 12:12:37.498;0;0;1;0;
08/02/2026 12:12:38.632;0;0;0;0;
08/02/2026 12:12:57.659;0;0;1;0;
08/02/2026 12:12:58.893;0;0;0;0;
08/02/2026 12:13:17.749;0;0;1;0;
08/02/2026 12:13:18.884;0;0;0;0;
08/02/2026 12:13:37.510;0;0;1;0;
08/02/2026 12:13:38.764;0;0;0;0;
08/02/2026 12:13:57.500;0;0;1;0;
08/02/2026 12:13:58.845;0;0;0;0;
08/02/2026 12:14:17.511;0;0;1;0;
08/02/2026 12:14:18.645;0;0;0;0;
08/02/2026 12:14:37.621;0;0;1;0;
08/02/2026 12:14:38.976;0;0;0;0;
08/02/2026 12:14:57.632;0;0;1;0;
08/02/2026 12:14:58.766;0;0;0;0;
08/02/2026 12:15:17.637;0;0;1;0;
08/02/2026 12:15:18.787;0;0;0;0;
08/02/2026 12:15:37.676;0;0;1;0;
08/02/2026 12:15:38.918;0;0;0;0;
08/02/2026 12:15:57.894;0;0;1;0;
08/02/2026 12:15:59.198;0;0;0;0;
08/02/2026 12:16:17.918;0;0;1;0;
08/02/2026 12:16:19.69;0;0;0;0;
08/02/2026 12:16:37.680;0;0;1;0;
08/02/2026 12:16:38.949;0;0;0;0;
08/02/2026 12:16:57.690;0;0;1;0;
08/02/2026 12:16:59.20;0;0;0;0;
08/02/2026 12:17:17.706;0;0;1;0;
08/02/2026 12:17:18.850;0;0;0;0;
08/02/2026 12:17:37.716;0;0;1;0;
08/02/2026 12:17:38.981;0;0;0;0;
08/02/2026 12:17:57.737;0;0;1;0;
08/02/2026 12:17:58.871;0;0;0;0;
08/02/2026 12:18:17.637;0;0;1;0;
08/02/2026 12:18:18.772;0;0;0;0;
08/02/2026 12:18:37.773;0;0;1;0;
08/02/2026 12:18:39.123;0;0;0;0;
08/02/2026 12:18:57.799;0;0;1;0;
08/02/2026 12:18:59.143;0;0;0;0;
08/02/2026 12:19:17.914;0;0;1;0;
08/02/2026 12:19:19.144;0;0;0;0;
08/02/2026 12:19:37.690;0;0;1;0;
08/02/2026 12:19:38.974;0;0;0;0;
08/02/2026 12:19:57.681;0;0;1;0;
08/02/2026 12:19:58.814;0;0;0;0;
08/02/2026 12:20:17.681;0;0;1;0;
08/02/2026 12:20:18.935;0;0;0;0;
08/02/2026 12:20:37.791;0;0;1;0;
08/02/2026 12:20:39.86;0;0;0;0;
08/02/2026 12:20:57.802;0;0;1;0;
08/02/2026 12:20:58.936;0;0;0;0;
08/02/2026 12:21:17.813;0;0;1;0;
08/02/2026 12:21:19.77;0;0;0;0;
08/02/2026 12:21:37.843;0;0;1;0;
08/02/2026 12:21:39.198;0;0;0;0;
08/02/2026 12:21:57.957;0;0;1;0;
08/02/2026 12:21:59.108;0;0;0;0;
08/02/2026 12:22:20.86;0;0;1;0;
08/02/2026 12:22:21.231;0;0;0;0;
08/02/2026 12:22:37.850;0;0;1;0;
08/02/2026 12:22:39.179;0;0;0;0;
08/02/2026 12:22:57.865;0;0;1;0;
08/02/2026 12:22:59.230;0;0;0;0;
08/02/2026 12:23:17.876;0;0;1;0;
08/02/2026 12:23:19.110;0;0;0;0;
08/02/2026 12:23:37.886;0;0;1;0;
08/02/2026 12:23:39.151;0;0;0;0;
08/02/2026 12:23:57.907;0;0;1;0;
08/02/2026 12:23:59.141;0;0;0;0;
08/02/2026 12:24:17.808;0;0;1;0;
08/02/2026 12:24:18.942;0;0;0;0;
08/02/2026 12:24:37.858;0;0;1;0;
08/02/2026 12:24:39.142;0;0;0;0;
08/02/2026 12:24:57.959;0;0;1;0;
08/02/2026 12:24:59.273;0;0;0;0;
08/02/2026 12:25:18.80;0;0;1;0;
08/02/2026 12:25:19.214;0;0;0;0;
08/02/2026 12:25:37.860;0;0;1;0;
08/02/2026 12:25:39.114;0;0;0;0;
08/02/2026 12:25:57.850;0;0;1;0;
08/02/2026 12:25:59.105;0;0;0;0;
08/02/2026 12:26:17.861;0;0;1;0;
08/02/2026 12:26:19.175;0;0;0;0;
08/02/2026 12:26:37.971;0;0;1;0;
08/02/2026 12:26:39.106;0;0;0;0;
08/02/2026 12:26:57.982;0;0;1;0;
08/02/2026 12:26:59.206;0;0;0;0;
08/02/2026 12:27:17.992;0;0;1;0;
08/02/2026 12:27:19.237;0;0;0;0;
08/02/2026 12:27:38.115;0;0;1;0;
08/02/2026 12:27:39.448;0;0;0;0;
08/02/2026 12:27:58.127;0;0;1;0;
08/02/2026 12:27:59.278;0;0;0;0;
08/02/2026 12:28:19.55;0;0;1;0;
08/02/2026 12:28:20.300;0;0;0;0;
08/02/2026 12:28:38.35;0;0;1;0;
08/02/2026 12:28:39.189;0;0;0;0;
08/02/2026 12:28:58.45;0;0;1;0;
08/02/2026 12:28:59.320;0;0;0;0;
08/02/2026 12:29:18.56;1;0;0;0;
08/02/2026 12:29:18.56;1;1;1;0;
08/02/2026 12:29:23.384;1;0;0;0;
08/02/2026 12:29:28.67;1;1;1;0;
08/02/2026 12:29:29.210;1;0;0;0;
08/02/2026 12:29:35.964;1;1;1;0;
08/02/2026 12:29:37.449;1;0;0;0;
08/02/2026 12:29:45.965;1;1;1;0;
08/02/2026 12:29:47.119;1;0;0;0;
08/02/2026 12:29:55.958;0;0;0;0;
08/02/2026 12:30:38.20;0;1;1;0;
08/02/2026 12:30:43.627;0;0;0;0;
08/02/2026 12:30:58.224;0;0;1;0;
08/02/2026 12:30:59.753;0;0;0;0;
08/02/2026 12:31:18.345;0;0;1;0;
08/02/2026 12:31:19.724;0;0;0;0;
08/02/2026 12:32:58.173;0;1;0;0;
08/02/2026 12:33:00.377;0;0;0;0;
08/02/2026 12:33:18.183;0;1;0;0;
08/02/2026 12:33:20.318;0;0;0;0;
08/02/2026 12:33:38.224;0;1;1;0;
08/02/2026 12:33:39.708;0;0;0;0;
08/02/2026 12:33:58.287;0;0;1;0;
08/02/2026 12:33:59.438;0;0;0;0;
08/02/2026 12:34:18.407;0;0;1;0;
08/02/2026 12:34:19.719;0;0;0;0;
08/02/2026 12:41:58.447;0;1;0;0;
08/02/2026 12:41:59.942;0;0;0;0;
08/02/2026 12:44:58.503;0;1;0;0;
08/02/2026 12:45:00.197;0;0;0;0;
08/02/2026 12:54:58.940;0;1;0;0;
08/02/2026 12:55:00.584;0;0;0;0;
08/02/2026 12:56:18.721;0;0;1;0;
08/02/2026 12:56:19.945;0;0;0;0;
08/02/2026 12:57:59.102;0;0;1;0;
08/02/2026 12:58:00.409;0;0;0;0;
08/02/2026 12:58:18.885;0;0;1;0;
08/02/2026 12:58:20.129;0;0;0;0;
08/02/2026 12:59:18.917;0;1;0;0;
08/02/2026 12:59:20.651;0;0;0;0;
08/02/2026 12:59:38.937;0;0;1;0;
08/02/2026 12:59:40.401;0;0;0;0;
08/02/2026 13:01:58.881;0;1;0;0;
08/02/2026 13:02:00.646;0;0;0;0;
08/02/2026 13:02:18.992;0;0;1;0;
08/02/2026 13:02:20.346;0;0;0;0;
08/02/2026 13:02:39.2;0;1;0;0;
08/02/2026 13:02:40.617;0;0;0;0;
08/02/2026 13:05:59.108;0;1;0;0;
08/02/2026 13:06:00.752;0;0;0;0;
08/02/2026 13:07:39.50;0;1;0;0;
08/02/2026 13:07:40.725;0;0;0;0;
08/02/2026 13:14:19.332;0;1;0;0;
08/02/2026 13:14:20.886;0;0;0;0;
08/02/2026 13:20:19.391;0;1;0;0;
08/02/2026 13:20:20.916;0;0;0;0;
08/02/2026 13:22:59.576;0;0;1;0;
08/02/2026 13:23:00.730;0;0;0;0;
08/02/2026 13:23:19.586;0;0;1;0;
08/02/2026 13:23:20.820;0;0;0;0;
08/02/2026 13:31:19.719;0;1;0;0;
08/02/2026 13:31:21.514;0;0;0;0;
08/02/2026 13:34:00.47;0;1;0;0;
08/02/2026 13:34:01.648;0;0;0;0;
08/02/2026 13:35:19.926;0;0;1;0;
08/02/2026 13:35:21.80;0;0;0;0;
08/02/2026 13:35:59.947;0;0;1;0;
08/02/2026 13:36:01.211;0;0;0;0;
08/02/2026 13:37:20.119;0;1;0;0;
08/02/2026 13:37:21.854;0;0;0;0;
08/02/2026 13:37:59.920;0;1;0;0;
08/02/2026 13:38:01.414;0;0;0;0;
08/02/2026 13:41:40.106;0;1;0;0;
08/02/2026 13:41:41.770;0;0;0;0;
08/02/2026 13:42:20.127;0;1;0;0;
08/02/2026 13:42:21.691;0;0;0;0;
08/02/2026 13:47:00.427;0;1;1;0;
08/02/2026 13:47:01.938;0;0;0;0;
08/02/2026 13:47:40.266;0;0;1;0;
08/02/2026 13:47:41.569;0;0;0;0;
08/02/2026 13:52:20.392;0;0;1;0;
08/02/2026 13:52:21.526;0;0;0;0;
08/02/2026 13:52:40.402;0;0;1;0;
08/02/2026 13:52:41.677;0;0;0;0;
08/02/2026 13:54:00.690;0;1;0;0;
08/02/2026 13:54:02.319;0;0;0;0;
08/02/2026 13:54:20.455;0;0;1;0;
08/02/2026 13:54:21.939;0;0;0;0;
08/02/2026 13:55:00.476;0;0;1;0;
08/02/2026 13:55:01.830;0;0;0;0;
08/02/2026 13:55:40.518;0;1;0;0;
08/02/2026 13:55:42.142;0;0;0;0;
08/02/2026 13:56:00.528;0;1;0;0;
08/02/2026 13:56:01.962;0;0;0;0;
08/02/2026 13:56:20.419;0;0;1;0;
08/02/2026 13:56:21.642;0;0;0;0;
08/02/2026 13:56:40.449;0;1;0;0;
08/02/2026 13:56:42.273;0;0;0;0;
08/02/2026 14:00:20.676;0;1;0;0;
08/02/2026 14:00:22.218;0;0;0;0;
08/02/2026 14:01:40.671;0;1;0;0;
08/02/2026 14:01:42.140;0;0;0;0;
08/02/2026 14:02:00.681;0;0;1;0;
08/02/2026 14:02:01.911;0;0;0;0;
08/02/2026 14:02:20.728;0;1;0;0;
08/02/2026 14:02:22.342;0;0;0;0;
08/02/2026 14:05:40.782;0;1;0;0;
08/02/2026 14:05:42.246;0;0;0;0;
08/02/2026 14:09:54.912;1;0;0;0;
08/02/2026 14:09:54.913;1;1;1;0;
08/02/2026 14:10:07.618;1;0;0;0;
08/02/2026 14:10:47.169;0;0;0;0;
08/02/2026 14:24:19.322;1;0;0;0;
08/02/2026 14:24:56.966;1;0;1;0;
08/02/2026 14:25:11.405;1;0;0;0;
08/02/2026 14:25:19.773;0;0;0;0;
08/02/2026 14:25:59.212;0;1;1;0;
08/02/2026 14:26:05.80;0;0;0;0;
08/02/2026 14:26:19.222;0;0;1;0;
08/02/2026 14:26:20.506;0;0;0;0;
08/02/2026 14:28:59.337;0;1;0;0;
08/02/2026 14:29:01.210;0;0;0;0;
08/02/2026 14:29:19.327;0;1;0;0;
08/02/2026 14:29:21.261;0;0;0;0;
08/02/2026 14:29:39.227;0;1;0;0;
08/02/2026 14:29:40.931;0;0;0;0;
08/02/2026 14:29:59.238;0;1;0;0;
08/02/2026 14:30:00.821;0;0;0;0;
08/02/2026 14:31:39.323;0;1;0;0;
08/02/2026 14:31:40.784;0;0;0;0;
08/02/2026 14:38:19.581;0;0;1;0;
08/02/2026 14:38:20.924;0;0;0;0;
08/02/2026 14:38:39.591;0;1;0;0;
08/02/2026 14:38:41.55;0;0;0;0;
08/02/2026 14:40:59.891;0;0;1;0;
08/02/2026 14:41:01.38;0;0;0;0;
08/02/2026 14:41:39.686;0;1;0;0;
08/02/2026 14:41:41.320;0;0;0;0;
08/02/2026 14:45:59.802;0;0;1;0;
08/02/2026 14:46:01.106;0;0;0;0;
08/02/2026 14:53:40.34;0;0;1;0;
08/02/2026 14:53:41.248;0;0;0;0;
08/02/2026 14:56:40.332;0;1;1;0;
08/02/2026 14:56:41.833;0;0;0;0;
08/02/2026 14:57:40.50;0;1;0;0;
08/02/2026 14:57:41.574;0;0;0;0;
08/02/2026 15:00:00.334;0;1;0;0;
08/02/2026 15:00:02.298;0;0;0;0;
08/02/2026 15:00:20.420;0;1;0;0;
08/02/2026 15:00:21.988;0;0;0;0;
08/02/2026 15:09:20.408;0;0;1;0;
08/02/2026 15:09:21.541;0;0;0;0;
08/02/2026 15:09:40.418;0;0;1;0;
08/02/2026 15:09:41.672;0;0;0;0;
08/02/2026 15:17:20.754;0;1;0;0;
08/02/2026 15:17:22.224;0;0;0;0;
08/02/2026 15:21:20.926;0;1;0;0;
08/02/2026 15:21:22.630;0;0;0;0;
08/02/2026 15:22:40.808;0;0;1;0;
08/02/2026 15:22:42.141;0;0;0;0;
08/02/2026 15:33:41.175;0;1;1;0;
08/02/2026 15:33:42.718;0;0;0;0;
08/02/2026 15:36:21.158;0;0;1;0;
08/02/2026 15:36:22.412;0;0;0;0;
08/02/2026 15:43:21.359;0;1;0;0;
08/02/2026 15:43:22.943;0;0;0;0;
08/02/2026 15:45:41.523;0;1;0;0;
08/02/2026 15:45:43.67;0;0;0;0;
08/02/2026 16:01:41.888;0;1;0;0;
08/02/2026 16:01:43.682;0;0;0;0;
08/02/2026 16:04:42.73;0;1;0;0;
08/02/2026 16:04:43.667;0;0;0;0;
08/02/2026 16:05:02.74;0;0;1;0;
08/02/2026 16:05:03.437;0;0;0;0;
08/02/2026 16:06:22.156;0;1;0;0;
08/02/2026 16:06:23.830;0;0;0;0;
08/02/2026 16:09:02.242;0;1;0;0;
08/02/2026 16:09:03.774;0;0;0;0;
08/02/2026 16:14:02.238;0;1;0;0;
08/02/2026 16:14:03.762;0;0;0;0;
08/02/2026 16:19:42.507;0;1;0;0;
08/02/2026 16:19:44.121;0;0;0;0;
08/02/2026 16:25:02.866;0;1;0;0;
08/02/2026 16:25:04.450;0;0;0;0;
08/02/2026 16:29:02.772;0;1;0;0;
08/02/2026 16:29:04.406;0;0;0;0;
08/02/2026 16:50:43.298;0;1;0;0;
08/02/2026 16:50:44.882;0;0;0;0;
08/02/2026 16:52:03.320;0;1;0;0;
08/02/2026 16:52:04.904;0;0;0;0;
08/02/2026 17:08:03.798;0;1;0;0;
08/02/2026 17:08:05.261;0;0;0;0;
08/02/2026 17:12:04.144;0;0;1;0;
08/02/2026 17:12:05.418;0;0;0;0;
08/02/2026 17:12:24.105;0;0;1;0;
08/02/2026 17:12:25.488;0;0;0;0;
08/02/2026 17:13:24.76;0;1;0;0;
08/02/2026 17:13:25.580;0;0;0;0;
08/02/2026 17:38:44.842;0;1;0;0;
08/02/2026 17:38:46.554;0;0;0;0;
08/02/2026 17:46:05.33;0;1;0;0;
08/02/2026 17:46:06.636;0;0;0;0;
08/02/2026 17:56:05.622;0;0;1;0;
08/02/2026 17:56:06.794;0;0;0;0;
08/02/2026 17:56:25.220;0;1;0;0;
08/02/2026 17:56:26.894;0;0;0;0;
08/02/2026 17:57:17.353;1;0;0;0;
08/02/2026 17:57:17.354;1;1;1;0;
08/02/2026 17:57:20.639;1;0;0;0;
08/02/2026 17:57:43.53;0;0;0;0;
08/02/2026 17:58:27.416;0;1;1;0;
08/02/2026 17:58:29.500;0;0;0;0;
08/02/2026 17:58:47.536;0;1;1;0;
08/02/2026 17:58:48.930;0;0;0;0;
08/02/2026 17:59:07.536;0;1;1;0;
08/02/2026 17:59:08.821;0;0;0;0;
08/02/2026 17:59:27.367;0;1;1;0;
08/02/2026 17:59:28.661;0;0;0;0;
08/02/2026 17:59:47.347;0;0;1;0;
08/02/2026 17:59:48.542;0;0;0;0;
08/02/2026 18:00:07.368;0;0;1;0;
08/02/2026 18:00:08.592;0;0;0;0;
08/02/2026 18:00:27.359;0;0;1;0;
08/02/2026 18:00:28.583;0;0;0;0;
08/02/2026 18:00:47.359;0;0;1;0;
08/02/2026 18:00:48.583;0;0;0;0;
08/02/2026 18:01:07.563;0;0;1;0;
08/02/2026 18:01:08.704;0;0;0;0;
08/02/2026 18:01:27.514;0;0;1;0;
08/02/2026 18:01:28.745;0;0;0;0;
08/02/2026 18:01:47.644;0;0;1;0;
08/02/2026 18:01:48.935;0;0;0;0;
08/02/2026 18:02:07.955;0;0;1;0;
08/02/2026 18:02:09.296;0;0;0;0;
08/02/2026 18:02:27.512;0;0;1;0;
08/02/2026 18:02:28.756;0;0;0;0;
08/02/2026 18:02:47.522;0;0;1;0;
08/02/2026 18:02:48.857;0;0;0;0;
08/02/2026 18:03:07.533;0;0;1;0;
08/02/2026 18:03:08.898;0;0;0;0;
08/02/2026 18:03:27.544;0;0;1;0;
08/02/2026 18:03:28.708;0;0;0;0;
08/02/2026 18:03:47.604;0;0;1;0;
08/02/2026 18:03:48.869;0;0;0;0;
08/02/2026 18:04:07.565;0;0;1;0;
08/02/2026 18:04:08.829;0;0;0;0;
08/02/2026 18:04:27.715;0;0;1;0;
08/02/2026 18:04:29.20;0;0;0;0;
08/02/2026 18:04:47.896;0;0;1;0;
08/02/2026 18:04:49.181;0;0;0;0;
08/02/2026 18:05:07.491;0;0;1;0;
08/02/2026 18:05:08.871;0;0;0;0;
08/02/2026 18:05:27.507;0;0;1;0;
08/02/2026 18:05:28.641;0;0;0;0;
08/02/2026 18:05:47.518;0;0;1;0;
08/02/2026 18:05:48.772;0;0;0;0;
08/02/2026 18:06:07.538;0;0;1;0;
08/02/2026 18:06:08.853;0;0;0;0;
08/02/2026 18:06:27.529;0;0;1;0;
08/02/2026 18:06:28.903;0;0;0;0;
08/02/2026 18:06:47.563;0;0;1;0;
08/02/2026 18:06:48.814;0;0;0;0;
08/02/2026 18:07:07.692;0;0;1;0;
08/02/2026 18:07:08.945;0;0;0;0;
08/02/2026 18:07:27.821;0;0;1;0;
08/02/2026 18:07:29.75;0;0;0;0;
08/02/2026 18:07:47.945;0;0;1;0;
08/02/2026 18:07:49.336;0;0;0;0;
08/02/2026 18:08:07.712;0;0;1;0;
08/02/2026 18:08:09.76;0;0;0;0;
08/02/2026 18:08:27.692;0;0;1;0;
08/02/2026 18:08:28.927;0;0;0;0;
08/02/2026 18:08:47.703;0;0;1;0;
08/02/2026 18:08:48.857;0;0;0;0;
08/02/2026 18:09:07.713;0;0;1;0;
08/02/2026 18:09:08.868;0;0;0;0;
08/02/2026 18:09:27.734;0;0;1;0;
08/02/2026 18:09:29.29;0;0;0;0;
08/02/2026 18:09:47.735;0;0;1;0;
08/02/2026 18:09:49.59;0;0;0;0;
08/02/2026 18:10:07.865;0;0;1;0;
08/02/2026 18:10:09.0;0;0;0;0;
08/02/2026 18:10:27.891;0;0;1;0;
08/02/2026 18:10:29.140;0;0;0;0;
08/02/2026 18:10:47.666;0;0;1;0;
08/02/2026 18:10:48.801;0;0;0;0;
08/02/2026 18:11:07.677;0;0;1;0;
08/02/2026 18:11:08.931;0;0;0;0;
08/02/2026 18:11:27.687;0;0;1;0;
08/02/2026 18:11:28.822;0;0;0;0;
08/02/2026 18:11:47.708;0;0;1;0;
08/02/2026 18:11:48.963;0;0;0;0;
08/02/2026 18:12:07.699;0;0;1;0;
08/02/2026 18:12:08.893;0;0;0;0;
08/02/2026 18:12:27.742;0;0;1;0;
08/02/2026 18:12:28.874;0;0;0;0;
08/02/2026 18:12:48.63;0;0;1;0;
08/02/2026 18:12:49.325;0;0;0;0;
08/02/2026 18:13:08.3;0;0;1;0;
08/02/2026 18:13:09.135;0;0;0;0;
08/02/2026 18:13:30.145;0;0;1;0;
08/02/2026 18:13:31.388;0;0;0;0;
08/02/2026 18:13:47.852;0;0;1;0;
08/02/2026 18:13:48.996;0;0;0;0;
08/02/2026 18:14:07.892;0;0;1;0;
08/02/2026 18:14:09.107;0;0;0;0;
08/02/2026 18:14:27.873;0;0;1;0;
08/02/2026 18:14:29.227;0;0;0;0;
08/02/2026 18:14:47.883;0;0;1;0;
08/02/2026 18:14:49.38;0;0;0;0;
08/02/2026 18:15:07.894;0;0;1;0;
08/02/2026 18:15:09.158;0;0;0;0;
08/02/2026 18:15:28.105;0;0;1;0;
08/02/2026 18:15:29.459;0;0;0;0;
08/02/2026 18:15:48.65;0;0;1;0;
08/02/2026 18:15:49.200;0;0;0;0;
08/02/2026 18:16:08.76;0;0;1;0;
08/02/2026 18:16:09.210;0;0;0;0;
08/02/2026 18:16:27.836;0;0;1;0;
08/02/2026 18:16:29.61;0;0;0;0;
08/02/2026 18:16:47.947;0;0;1;0;
08/02/2026 18:16:49.81;0;0;0;0;
08/02/2026 18:17:07.857;0;0;1;0;
08/02/2026 18:17:08.992;0;0;0;0;
08/02/2026 18:17:27.878;0;0;1;0;
08/02/2026 18:17:29.12;0;0;0;0;
08/02/2026 18:17:47.869;0;0;1;0;
08/02/2026 18:17:49.3;0;0;0;0;
08/02/2026 18:18:07.932;0;0;1;0;
08/02/2026 18:18:09.124;0;0;0;0;
08/02/2026 18:18:28.61;1;0;0;0;
08/02/2026 18:18:28.62;1;1;1;0;
08/02/2026 18:18:34.9;1;0;0;0;
08/02/2026 18:18:38.330;1;1;1;0;
08/02/2026 18:18:39.735;1;0;0;0;
08/02/2026 18:18:48.194;1;1;1;0;
08/02/2026 18:18:49.335;1;0;0;0;
08/02/2026 18:18:55.893;1;1;1;0;
08/02/2026 18:18:57.33;1;0;0;0;
08/02/2026 18:19:04.310;0;0;0;0;
08/02/2026 18:19:48.54;0;1;1;0;
08/02/2026 18:19:51.859;0;0;0;0;
08/02/2026 18:20:08.63;0;1;0;0;
08/02/2026 18:20:10.589;0;0;0;0;
08/02/2026 18:20:28.73;0;1;0;0;
08/02/2026 18:20:30.209;0;0;0;0;
08/02/2026 18:20:48.84;0;1;1;0;
08/02/2026 18:20:50.69;0;0;0;0;
08/02/2026 18:21:08.105;0;1;1;0;
08/02/2026 18:21:09.729;0;0;0;0;
08/02/2026 18:22:08.26;0;1;0;0;
08/02/2026 18:22:09.591;0;0;0;0;
08/02/2026 18:23:08.68;0;0;1;0;
08/02/2026 18:23:09.322;0;0;0;0;
08/02/2026 18:27:48.181;0;1;0;0;
08/02/2026 18:27:49.801;0;0;0;0;
08/02/2026 18:28:48.228;0;0;1;0;
08/02/2026 18:28:49.602;0;0;0;0;
08/02/2026 18:29:08.219;0;1;0;0;
08/02/2026 18:29:09.873;0;0;0;0;
08/02/2026 18:31:28.383;0;1;0;0;
08/02/2026 18:31:30.37;0;0;0;0;
08/02/2026 18:32:08.504;0;1;0;0;
08/02/2026 18:32:10.129;0;0;0;0;
08/02/2026 18:49:28.964;0;1;0;0;
08/02/2026 18:49:30.499;0;0;0;0;
08/02/2026 18:54:09.43;0;1;0;0;
08/02/2026 18:54:10.637;0;0;0;0;
08/02/2026 18:57:29.58;0;0;1;0;
08/02/2026 18:57:30.402;0;0;0;0;
08/02/2026 19:02:09.176;0;1;0;0;
08/02/2026 19:02:10.731;0;0;0;0;
08/02/2026 19:11:29.543;0;1;0;0;
08/02/2026 19:11:31.57;0;0;0;0;
08/02/2026 19:22:29.862;0;1;0;0;
08/02/2026 19:22:31.496;0;0;0;0;
08/02/2026 19:33:10.165;0;1;0;0;
08/02/2026 19:33:11.785;0;0;0;0;
08/02/2026 19:34:50.218;0;0;1;0;
08/02/2026 19:34:51.367;0;0;0;0;
08/02/2026 19:35:10.274;0;0;1;0;
08/02/2026 19:35:11.578;0;0;0;0;
08/02/2026 19:37:50.261;0;1;0;0;
08/02/2026 19:37:51.883;0;0;0;0;
08/02/2026 19:50:11.590;0;1;0;0;
08/02/2026 19:50:13.115;0;0;0;0;
08/02/2026 19:50:30.570;0;0;1;0;
08/02/2026 19:50:31.914;0;0;0;0;
08/02/2026 19:55:50.917;0;1;0;0;
08/02/2026 19:55:52.624;0;0;0;0;
08/02/2026 20:00:10.856;0;1;0;0;
08/02/2026 20:00:12.411;0;0;0;0;
08/02/2026 20:02:31.25;0;1;0;0;
08/02/2026 20:02:32.525;0;0;0;0;
08/02/2026 20:02:51.26;0;1;0;0;
08/02/2026 20:02:52.645;0;0;0;0;
08/02/2026 20:06:11.31;0;1;0;0;
08/02/2026 20:06:12.591;0;0;0;0;
08/02/2026 20:08:51.206;0;1;0;0;
08/02/2026 20:08:52.745;0;0;0;0;
08/02/2026 20:13:11.248;0;0;1;0;
08/02/2026 20:13:12.472;0;0;0;0;
08/02/2026 20:13:31.571;0;1;1;0;
08/02/2026 20:13:33.383;0;0;0;0;
08/02/2026 20:15:31.402;0;1;0;0;
08/02/2026 20:15:32.936;0;0;0;0;
08/02/2026 20:17:11.880;0;0;1;0;
08/02/2026 20:17:13.139;0;0;0;0;
08/02/2026 20:18:51.407;0;0;1;0;
08/02/2026 20:18:52.841;0;0;0;0;
08/02/2026 20:20:11.703;0;0;1;0;
08/02/2026 20:20:13.53;0;0;0;0;
08/02/2026 20:21:31.571;0;1;0;0;
08/02/2026 20:21:33.276;0;0;0;0;
08/02/2026 20:22:11.592;0;1;0;0;
08/02/2026 20:22:13.227;0;0;0;0;
08/02/2026 20:23:11.764;0;1;0;0;
08/02/2026 20:23:13.308;0;0;0;0;
08/02/2026 20:23:51.640;0;1;0;0;
08/02/2026 20:23:53.339;0;0;0;0;
08/02/2026 20:34:11.931;0;1;1;0;
08/02/2026 20:34:13.555;0;0;0;0;
08/02/2026 20:36:12.205;0;1;0;0;
08/02/2026 20:36:13.799;0;0;0;0;
08/02/2026 20:37:12.36;0;0;1;0;
08/02/2026 20:37:13.330;0;0;0;0;
08/02/2026 20:39:12.172;0;1;0;0;
08/02/2026 20:39:15.145;0;0;0;0;
08/02/2026 20:39:51.985;0;1;0;0;
08/02/2026 20:39:53.844;0;0;0;0;
08/02/2026 20:42:12.194;0;1;0;0;
08/02/2026 20:42:14.38;0;0;0;0;
08/02/2026 20:42:52.369;0;0;1;0;
08/02/2026 20:42:53.508;0;0;0;0;
08/02/2026 20:43:12.480;0;0;1;0;
08/02/2026 20:43:13.789;0;0;0;0;
08/02/2026 20:47:32.321;0;1;0;0;
08/02/2026 20:47:33.836;0;0;0;0;
08/02/2026 20:47:52.342;0;1;0;0;
08/02/2026 20:47:53.936;0;0;0;0;
08/02/2026 20:49:12.404;0;1;0;0;
08/02/2026 20:49:14.88;0;0;0;0;
08/02/2026 20:51:12.237;0;1;0;0;
08/02/2026 20:51:13.731;0;0;0;0;
08/02/2026 20:52:32.643;0;0;1;0;
08/02/2026 20:52:33.903;0;0;0;0;
08/02/2026 20:53:12.613;0;0;1;0;
08/02/2026 20:53:13.964;0;0;0;0;
08/02/2026 20:56:32.665;0;1;0;0;
08/02/2026 20:56:34.259;0;0;0;0;
08/02/2026 20:58:12.527;0;0;1;0;
08/02/2026 20:58:13.961;0;0;0;0;
08/02/2026 20:58:32.538;0;0;1;0;
08/02/2026 20:58:33.942;0;0;0;0;
08/02/2026 20:58:52.568;0;0;1;0;
08/02/2026 20:58:53.732;0;0;0;0;
08/02/2026 20:59:52.663;0;0;1;0;
08/02/2026 20:59:53.924;0;0;0;0;
08/02/2026 21:00:12.763;0;0;1;0;
08/02/2026 21:00:14.205;0;0;0;0;
08/02/2026 21:01:52.718;0;0;1;0;
08/02/2026 21:01:54.77;0;0;0;0;
08/02/2026 21:02:12.733;0;1;1;0;
08/02/2026 21:02:14.438;0;0;0;0;
08/02/2026 21:06:12.779;0;0;1;0;
08/02/2026 21:06:14.93;0;0;0;0;
08/02/2026 21:06:52.850;0;1;0;0;
08/02/2026 21:06:54.435;0;0;0;0;
08/02/2026 21:09:12.924;0;0;1;0;
08/02/2026 21:09:14.78;0;0;0;0;
08/02/2026 21:10:32.976;0;1;0;0;
08/02/2026 21:10:34.570;0;0;0;0;
08/02/2026 21:10:53.76;0;0;1;0;
08/02/2026 21:10:54.481;0;0;0;0;
08/02/2026 21:11:12.932;0;0;1;0;
08/02/2026 21:11:14.301;0;0;0;0;
08/02/2026 21:11:33.27;0;0;1;0;
08/02/2026 21:11:34.472;0;0;0;0;
08/02/2026 21:11:53.368;0;0;1;0;
08/02/2026 21:11:54.742;0;0;0;0;
08/02/2026 21:15:33.257;0;0;1;0;
08/02/2026 21:15:34.588;0;0;0;0;
08/02/2026 21:15:53.353;0;0;1;0;
08/02/2026 21:15:54.768;0;0;0;0;
08/02/2026 21:16:07.421;1;0;0;0;
08/02/2026 21:16:07.422;1;1;1;0;
08/02/2026 21:16:19.273;1;0;0;0;
08/02/2026 21:17:01.367;0;0;0;0;
08/02/2026 21:54:45.728;1;0;0;0;
08/02/2026 21:55:23.643;1;0;1;0;
08/02/2026 21:55:38.421;1;0;0;0;
08/02/2026 21:55:44.887;0;0;0;0;
08/02/2026 21:56:25.859;0;1;0;0;
08/02/2026 21:56:31.585;0;0;0;0;
08/02/2026 21:57:05.780;0;0;1;0;
08/02/2026 21:57:06.912;0;0;0;0;
08/02/2026 21:57:26.117;0;0;1;0;
08/02/2026 21:57:27.503;0;0;0;0;
08/02/2026 21:59:05.891;0;1;1;0;
08/02/2026 21:59:08.86;0;0;0;0;
08/02/2026 21:59:25.901;0;1;0;0;
08/02/2026 21:59:27.986;0;0;0;0;
08/02/2026 21:59:45.912;0;0;1;0;
08/02/2026 21:59:47.416;0;0;0;0;
08/02/2026 22:00:05.922;0;0;1;0;
08/02/2026 22:00:07.297;0;0;0;0;
08/02/2026 22:00:25.934;0;1;1;0;
08/02/2026 22:00:27.387;0;0;0;0;
08/02/2026 22:00:45.944;0;0;1;0;
08/02/2026 22:00:47.218;0;0;0;0;
08/02/2026 22:01:46.55;0;1;0;0;
08/02/2026 22:01:47.500;0;0;0;0;
08/02/2026 22:04:05.959;0;0;1;0;
08/02/2026 22:04:07.93;0;0;0;0;
08/02/2026 22:05:06.60;0;0;1;0;
08/02/2026 22:05:07.314;0;0;0;0;
08/02/2026 22:05:46.94;0;0;1;0;
08/02/2026 22:05:47.606;0;0;0;0;
08/02/2026 22:07:06.124;0;1;1;0;
08/02/2026 22:07:07.608;0;0;0;0;
08/02/2026 22:10:46.350;0;1;0;0;
08/02/2026 22:10:47.974;0;0;0;0;
08/02/2026 22:12:46.293;0;1;0;0;
08/02/2026 22:12:48.17;0;0;0;0;
08/02/2026 22:13:06.303;0;1;0;0;
08/02/2026 22:13:07.908;0;0;0;0;
08/02/2026 22:17:26.320;0;0;1;0;
08/02/2026 22:17:27.454;0;0;0;0;
08/02/2026 22:17:46.571;0;0;1;0;
08/02/2026 22:17:47.825;0;0;0;0;
08/02/2026 22:18:06.441;0;1;0;0;
08/02/2026 22:18:08.95;0;0;0;0;
08/02/2026 22:18:26.501;0;1;0;0;
08/02/2026 22:18:27.966;0;0;0;0;
08/02/2026 22:19:06.683;0;1;0;0;
08/02/2026 22:19:08.357;0;0;0;0;
08/02/2026 22:22:26.580;0;1;0;0;
08/02/2026 22:22:28.72;0;0;0;0;
08/02/2026 22:24:06.515;0;1;0;0;
08/02/2026 22:24:08.165;0;0;0;0;
08/02/2026 22:25:26.662;0;1;0;0;
08/02/2026 22:25:28.267;0;0;0;0;
08/02/2026 22:25:46.673;0;0;1;0;
08/02/2026 22:25:47.847;0;0;0;0;
08/02/2026 22:26:06.683;0;0;1;0;
08/02/2026 22:26:07.957;0;0;0;0;
08/02/2026 22:31:07.31;0;1;0;0;
08/02/2026 22:31:08.495;0;0;0;0;
08/02/2026 22:35:46.768;0;1;0;0;
08/02/2026 22:35:48.412;0;0;0;0;
08/02/2026 22:36:46.880;0;1;0;0;
08/02/2026 22:36:48.434;0;0;0;0;
08/02/2026 22:37:27.1;0;1;0;0;
08/02/2026 22:37:28.585;0;0;0;0;
08/02/2026 22:39:28.95;0;0;1;0;
08/02/2026 22:39:29.299;0;0;0;0;
08/02/2026 22:41:07.126;0;0;1;0;
08/02/2026 22:41:08.420;0;0;0;0;
08/02/2026 22:41:27.26;0;1;0;0;
08/02/2026 22:41:28.551;0;0;0;0;
08/02/2026 22:43:27.69;0;1;0;0;
08/02/2026 22:43:28.684;0;0;0;0;
08/02/2026 22:56:07.523;0;1;0;0;
08/02/2026 22:56:09.293;0;0;0;0;
08/02/2026 22:56:27.629;0;0;1;0;
08/02/2026 22:56:28.853;0;0;0;0;
08/02/2026 22:56:47.740;0;0;1;0;
08/02/2026 22:56:49.84;0;0;0;0;
08/02/2026 22:59:47.765;0;1;0;0;
08/02/2026 22:59:49.379;0;0;0;0;
08/02/2026 23:07:08.116;0;1;0;0;
08/02/2026 23:07:09.900;0;0;0;0;
08/02/2026 23:09:07.808;0;0;1;0;
08/02/2026 23:09:09.152;0;0;0;0;
08/02/2026 23:10:08.5;0;1;0;0;
08/02/2026 23:10:09.534;0;0;0;0;
08/02/2026 23:20:08.442;0;1;0;0;
08/02/2026 23:20:10.100;0;0;0;0;
08/02/2026 23:20:48.271;0;1;0;0;
08/02/2026 23:20:49.800;0;0;0;0;
08/02/2026 23:26:08.476;0;1;0;0;
08/02/2026 23:26:10.99;0;0;0;0;
08/02/2026 23:29:28.530;0;1;0;0;
08/02/2026 23:29:30.114;0;0;0;0;
08/02/2026 23:38:48.846;0;1;0;0;
08/02/2026 23:38:50.469;0;0;0;0;
08/02/2026 23:47:48.949;0;1;1;0;
08/02/2026 23:47:50.473;0;0;0;0;
08/02/2026 23:48:09.49;0;0;1;0;
08/02/2026 23:48:10.393;0;0;0;0;
09/02/2026 00:13:29.655;0;1;0;0;
09/02/2026 00:13:31.244;0;0;0;0;
09/02/2026 00:19:49.935;0;1;0;0;
09/02/2026 00:19:51.465;0;0;0;0;
09/02/2026 00:33:30.465;0;1;0;0;
09/02/2026 00:33:32.108;0;0;0;0;
09/02/2026 00:44:30.652;0;1;0;0;
09/02/2026 00:44:32.226;0;0;0;0;
09/02/2026 00:58:11.55;0;1;0;0;
09/02/2026 00:58:12.709;0;0;0;0;
09/02/2026 01:01:51.152;0;0;1;0;
09/02/2026 01:01:52.365;0;0;0;0;
09/02/2026 01:03:31.391;0;0;1;0;
09/02/2026 01:03:32.698;0;0;0;0;
09/02/2026 01:13:11.480;0;1;0;0;
09/02/2026 01:13:13.5;0;0;0;0;
09/02/2026 01:21:31.978;0;1;0;0;
09/02/2026 01:21:33.599;0;0;0;0;
09/02/2026 01:28:51.847;0;1;0;0;
09/02/2026 01:28:53.432;0;0;0;0;
09/02/2026 01:28:57.953;1;0;0;0;
09/02/2026 01:28:57.954;1;1;1;0;
09/02/2026 01:29:01.950;1;0;0;0;
09/02/2026 01:29:05.852;1;1;1;0;
09/02/2026 01:29:07.5;1;0;0;0;
09/02/2026 01:29:15.851;1;1;1;0;
09/02/2026 01:29:17.286;1;0;0;0;
09/02/2026 01:29:25.851;1;1;1;0;
09/02/2026 01:29:27.6;1;0;0;0;
09/02/2026 01:29:42.22;0;0;0;0;
09/02/2026 01:30:18.237;0;1;1;0;
09/02/2026 01:30:22.43;0;0;0;0;
09/02/2026 01:30:38.26;0;1;1;0;
09/02/2026 01:30:39.661;0;0;0;0;
09/02/2026 01:30:57.937;0;1;0;0;
09/02/2026 01:30:59.431;0;0;0;0;
09/02/2026 01:37:18.118;0;1;0;0;
09/02/2026 01:37:19.612;0;0;0;0;
09/02/2026 01:38:18.194;0;0;1;0;
09/02/2026 01:38:19.574;0;0;0;0;
09/02/2026 01:42:58.278;0;1;0;0;
09/02/2026 01:42:59.862;0;0;0;0;
09/02/2026 01:50:38.777;0;1;0;0;
09/02/2026 01:50:40.305;0;0;0;0;
09/02/2026 01:58:40.787;0;1;0;0;
09/02/2026 01:58:42.371;0;0;0;0;
09/02/2026 02:03:58.974;0;1;0;0;
09/02/2026 02:04:00.518;0;0;0;0;
09/02/2026 02:04:39.15;0;0;1;0;
09/02/2026 02:04:40.399;0;0;0;0;
09/02/2026 02:11:19.97;0;1;0;0;
09/02/2026 02:11:20.681;0;0;0;0;
09/02/2026 02:12:19.138;0;0;1;0;
09/02/2026 02:12:20.603;0;0;0;0;
09/02/2026 02:12:39.129;0;0;1;0;
09/02/2026 02:12:40.503;0;0;0;0;
09/02/2026 02:16:59.547;0;1;0;0;
09/02/2026 02:17:01.71;0;0;0;0;
09/02/2026 02:25:19.722;0;1;0;0;
09/02/2026 02:25:21.305;0;0;0;0;
09/02/2026 02:30:19.629;0;1;0;0;
09/02/2026 02:30:21.124;0;0;0;0;
09/02/2026 02:31:19.962;0;0;1;0;
09/02/2026 02:31:21.196;0;0;0;0;
09/02/2026 02:31:59.773;0;0;1;0;
09/02/2026 02:32:01.127;0;0;0;0;
09/02/2026 02:40:39.927;0;1;0;0;
09/02/2026 02:40:41.512;0;0;0;0;
09/02/2026 02:45:00.155;0;1;0;0;
09/02/2026 02:45:01.689;0;0;0;0;
09/02/2026 02:48:20.273;0;1;0;0;
09/02/2026 02:48:21.895;0;0;0;0;
09/02/2026 02:53:20.294;0;1;0;0;
09/02/2026 02:53:21.823;0;0;0;0;
09/02/2026 02:55:00.735;0;0;1;0;
09/02/2026 02:55:02.66;0;0;0;0;
09/02/2026 02:58:00.437;0;1;0;0;
09/02/2026 02:58:02.51;0;0;0;0;
09/02/2026 03:01:20.623;0;1;0;0;
09/02/2026 03:01:22.157;0;0;0;0;
09/02/2026 03:07:40.803;0;0;1;0;
09/02/2026 03:07:41.957;0;0;0;0;
09/02/2026 03:08:00.814;0;0;1;0;
09/02/2026 03:08:02.88;0;0;0;0;
09/02/2026 03:10:20.788;0;1;0;0;
09/02/2026 03:10:22.522;0;0;0;0;
09/02/2026 03:10:40.798;0;0;1;0;
09/02/2026 03:10:42.202;0;0;0;0;
09/02/2026 03:11:40.810;0;1;0;0;
09/02/2026 03:11:42.334;0;0;0;0;
09/02/2026 03:12:21.15;0;0;1;0;
09/02/2026 03:12:22.335;0;0;0;0;
09/02/2026 03:14:41.5;0;1;0;0;
09/02/2026 03:14:42.599;0;0;0;0;
09/02/2026 03:15:21.116;0;1;0;0;
09/02/2026 03:15:22.721;0;0;0;0;
09/02/2026 03:22:01.367;0;0;1;0;
09/02/2026 03:22:02.501;0;0;0;0;
09/02/2026 03:22:21.123;0;0;1;0;
09/02/2026 03:22:22.412;0;0;0;0;
09/02/2026 03:27:41.366;0;1;0;0;
09/02/2026 03:27:42.831;0;0;0;0;
09/02/2026 03:28:41.318;0;1;0;0;
09/02/2026 03:28:42.922;0;0;0;0;
09/02/2026 03:29:21.314;0;1;0;0;
09/02/2026 03:29:22.903;0;0;0;0;
09/02/2026 03:33:21.545;0;1;0;0;
09/02/2026 03:33:22.990;0;0;0;0;
09/02/2026 03:34:41.472;0;1;0;0;
09/02/2026 03:34:42.972;0;0;0;0;
09/02/2026 03:35:21.509;0;1;0;0;
09/02/2026 03:35:23.183;0;0;0;0;
09/02/2026 03:36:41.631;0;1;0;0;
09/02/2026 03:36:43.175;0;0;0;0;
09/02/2026 03:38:21.704;0;1;0;0;
09/02/2026 03:38:23.318;0;0;0;0;
09/02/2026 03:39:01.704;0;0;1;0;
09/02/2026 03:39:02.969;0;0;0;0;
09/02/2026 03:39:21.715;0;0;1;0;
09/02/2026 03:39:23.69;0;0;0;0;
09/02/2026 03:41:02.53;0;1;0;0;
09/02/2026 03:41:03.732;0;0;0;0;
09/02/2026 03:46:41.927;0;1;0;0;
09/02/2026 03:46:43.451;0;0;0;0;
09/02/2026 03:48:21.879;0;1;0;0;
09/02/2026 03:48:23.403;0;0;0;0;
09/02/2026 03:49:21.990;0;1;0;0;
09/02/2026 03:49:23.605;0;0;0;0;
09/02/2026 03:49:42.1;0;0;1;0;
09/02/2026 03:49:43.225;0;0;0;0;
09/02/2026 03:50:02.85;0;0;1;0;
09/02/2026 03:50:03.436;0;0;0;0;
09/02/2026 03:50:22.72;0;1;0;0;
09/02/2026 03:50:23.556;0;0;0;0;
09/02/2026 03:51:02.414;0;1;0;0;
09/02/2026 03:51:04.558;0;0;0;0;
09/02/2026 03:51:42.64;0;1;0;0;
09/02/2026 03:51:43.638;0;0;0;0;
09/02/2026 03:58:42.255;0;1;0;0;
09/02/2026 03:58:43.819;0;0;0;0;
09/02/2026 03:59:42.296;0;0;1;0;
09/02/2026 03:59:43.540;0;0;0;0;
09/02/2026 04:00:02.196;0;1;1;0;
09/02/2026 04:00:03.831;0;0;0;0;
09/02/2026 04:02:42.360;0;1;0;0;
09/02/2026 04:02:43.915;0;0;0;0;
09/02/2026 04:03:42.387;0;1;0;0;
09/02/2026 04:03:43.896;0;0;0;0;
09/02/2026 04:04:22.446;0;1;0;0;
09/02/2026 04:04:23.957;0;0;0;0;
09/02/2026 04:06:02.465;0;0;1;0;
09/02/2026 04:06:03.890;0;0;0;0;
09/02/2026 04:06:22.486;0;0;1;0;
09/02/2026 04:06:23.800;0;0;0;0;
09/02/2026 04:08:02.468;0;0;1;0;
09/02/2026 04:08:03.752;0;0;0;0;
09/02/2026 04:08:22.719;0;0;1;0;
09/02/2026 04:08:24.243;0;0;0;0;
09/02/2026 04:08:42.670;0;0;1;0;
09/02/2026 04:08:44.44;0;0;0;0;
09/02/2026 04:09:02.440;0;0;1;0;
09/02/2026 04:09:03.664;0;0;0;0;
09/02/2026 04:09:22.550;0;1;0;0;
09/02/2026 04:09:24.45;0;0;0;0;
09/02/2026 04:10:02.571;0;0;1;0;
09/02/2026 04:10:04.46;0;0;0;0;
09/02/2026 04:10:22.582;0;0;1;0;
09/02/2026 04:10:23.936;0;0;0;0;
09/02/2026 04:12:42.939;0;0;1;0;
09/02/2026 04:12:44.210;0;0;0;0;
09/02/2026 04:13:22.576;0;0;1;0;
09/02/2026 04:13:24.11;0;0;0;0;
09/02/2026 04:14:02.597;0;0;1;0;
09/02/2026 04:14:03.942;0;0;0;0;
09/02/2026 04:14:22.608;0;0;1;0;
09/02/2026 04:14:23.922;0;0;0;0;
09/02/2026 04:15:02.619;0;1;1;0;
09/02/2026 04:15:04.413;0;0;0;0;
09/02/2026 04:15:22.629;0;1;1;0;
09/02/2026 04:15:24.244;0;0;0;0;
09/02/2026 04:16:02.921;0;0;1;0;
09/02/2026 04:16:04.295;0;0;0;0;
09/02/2026 04:16:23.41;0;0;1;0;
09/02/2026 04:16:24.646;0;0;0;0;
09/02/2026 04:16:42.752;0;0;1;0;
09/02/2026 04:16:44.156;0;0;0;0;
09/02/2026 04:17:02.762;0;0;1;0;
09/02/2026 04:17:04.36;0;0;0;0;
09/02/2026 04:18:42.815;0;0;1;0;
09/02/2026 04:18:43.969;0;0;0;0;
09/02/2026 04:19:02.825;0;0;1;0;
09/02/2026 04:19:04.209;0;0;0;0;
09/02/2026 04:20:03.39;0;0;1;0;
09/02/2026 04:20:04.681;0;0;0;0;
09/02/2026 04:20:22.767;0;0;1;0;
09/02/2026 04:20:24.622;0;0;0;0;
09/02/2026 04:20:34.778;1;0;0;0;
09/02/2026 04:20:34.779;1;1;1;0;
09/02/2026 04:20:46.854;1;0;0;0;
09/02/2026 04:21:28.777;0;0;0;0;
09/02/2026 04:31:52.991;1;0;0;0;
09/02/2026 04:32:30.911;1;0;1;0;
09/02/2026 04:32:45.294;1;0;0;0;
09/02/2026 04:32:55.394;0;0;0;0;
09/02/2026 04:33:33.162;0;1;1;0;
09/02/2026 04:33:39.39;0;0;0;0;
09/02/2026 04:34:13.91;0;0;1;0;
09/02/2026 04:34:14.496;0;0;0;0;
09/02/2026 04:34:33.97;0;0;1;0;
09/02/2026 04:34:34.456;0;0;0;0;
09/02/2026 04:35:33.133;0;0;1;0;
09/02/2026 04:35:34.347;0;0;0;0;
09/02/2026 04:36:13.154;0;1;0;0;
09/02/2026 04:36:15.259;0;0;0;0;
09/02/2026 04:36:33.165;0;1;0;0;
09/02/2026 04:36:35.420;0;0;0;0;
09/02/2026 04:36:53.175;0;1;0;0;
09/02/2026 04:36:54.740;0;0;0;0;
09/02/2026 04:38:33.128;0;0;1;0;
09/02/2026 04:38:34.472;0;0;0;0;
09/02/2026 04:38:53.138;0;0;1;0;
09/02/2026 04:38:54.483;0;0;0;0;
09/02/2026 04:39:53.180;0;1;0;0;
09/02/2026 04:39:54.824;0;0;0;0;
09/02/2026 04:40:53.282;0;1;0;0;
09/02/2026 04:40:54.896;0;0;0;0;
09/02/2026 04:43:33.366;0;0;1;0;
09/02/2026 04:43:34.510;0;0;0;0;
09/02/2026 04:43:53.406;0;0;1;0;
09/02/2026 04:43:54.680;0;0;0;0;
09/02/2026 04:44:13.387;0;1;0;0;
09/02/2026 04:44:15.422;0;0;0;0;
09/02/2026 04:44:53.452;0;1;0;0;
09/02/2026 04:44:55.102;0;0;0;0;
09/02/2026 04:45:13.404;0;1;0;0;
09/02/2026 04:45:15.53;0;0;0;0;
09/02/2026 04:45:33.500;0;1;0;0;
09/02/2026 04:45:35.324;0;0;0;0;
09/02/2026 04:47:13.482;0;1;0;0;
09/02/2026 04:47:14.986;0;0;0;0;
09/02/2026 04:48:13.513;0;1;0;0;
09/02/2026 04:48:15.328;0;0;0;0;
09/02/2026 04:48:33.523;0;1;1;0;
09/02/2026 04:48:35.8;0;0;0;0;
09/02/2026 04:48:53.534;0;0;1;0;
09/02/2026 04:48:54.838;0;0;0;0;
09/02/2026 04:50:13.816;0;1;0;0;
09/02/2026 04:50:15.501;0;0;0;0;
09/02/2026 04:51:33.518;0;1;0;0;
09/02/2026 04:51:35.223;0;0;0;0;
09/02/2026 04:54:33.988;0;1;0;0;
09/02/2026 04:54:35.587;0;0;0;0;
09/02/2026 04:54:53.703;0;1;0;0;
09/02/2026 04:54:55.248;0;0;0;0;
09/02/2026 04:55:33.755;0;1;0;0;
09/02/2026 04:55:35.359;0;0;0;0;
09/02/2026 04:56:33.756;0;1;0;0;
09/02/2026 04:56:35.360;0;0;0;0;
09/02/2026 04:57:33.777;0;1;0;0;
09/02/2026 04:57:35.782;0;0;0;0;
09/02/2026 04:57:53.868;0;1;0;0;
09/02/2026 04:57:55.602;0;0;0;0;
09/02/2026 04:58:53.740;0;1;0;0;
09/02/2026 04:58:55.324;0;0;0;0;
09/02/2026 04:59:13.730;0;1;1;0;
09/02/2026 04:59:15.224;0;0;0;0;
09/02/2026 04:59:33.730;0;0;1;0;
09/02/2026 04:59:35.14;0;0;0;0;
09/02/2026 05:00:13.847;0;1;0;0;
09/02/2026 05:00:15.856;0;0;0;0;
09/02/2026 05:01:34.167;0;1;0;0;
09/02/2026 05:01:35.708;0;0;0;0;
09/02/2026 05:05:34.129;0;0;1;0;
09/02/2026 05:05:35.474;0;0;0;0;
09/02/2026 05:06:34.26;0;1;0;0;
09/02/2026 05:06:35.645;0;0;0;0;
09/02/2026 05:06:54.41;0;1;0;0;
09/02/2026 05:06:55.476;0;0;0;0;
09/02/2026 05:07:54.73;0;1;0;0;
09/02/2026 05:07:55.887;0;0;0;0;
09/02/2026 05:10:14.157;0;1;0;0;
09/02/2026 05:10:15.681;0;0;0;0;
09/02/2026 05:11:14.98;0;1;0;0;
09/02/2026 05:11:15.842;0;0;0;0;
09/02/2026 05:13:54.242;0;1;0;0;
09/02/2026 05:13:55.836;0;0;0;0;
09/02/2026 05:18:54.310;0;1;0;0;
09/02/2026 05:18:55.834;0;0;0;0;
09/02/2026 05:19:34.521;0;0;1;0;
09/02/2026 05:19:35.745;0;0;0;0;
09/02/2026 05:21:54.564;0;0;1;0;
09/02/2026 05:21:55.918;0;0;0;0;
09/02/2026 05:22:54.701;0;1;0;0;
09/02/2026 05:22:56.290;0;0;0;0;
09/02/2026 05:27:34.627;0;1;0;0;
09/02/2026 05:27:36.287;0;0;0;0;
09/02/2026 05:29:54.726;0;1;0;0;
09/02/2026 05:29:56.361;0;0;0;0;
09/02/2026 05:38:35.90;0;1;0;0;
09/02/2026 05:38:36.834;0;0;0;0;
09/02/2026 05:38:55.30;0;0;1;0;
09/02/2026 05:38:56.284;0;0;0;0;
09/02/2026 05:39:15.262;0;1;0;0;
09/02/2026 05:39:16.865;0;0;0;0;
09/02/2026 05:39:54.982;0;0;1;0;
09/02/2026 05:39:56.296;0;0;0;0;
09/02/2026 05:41:55.148;0;1;0;0;
09/02/2026 05:41:56.679;0;0;0;0;
09/02/2026 05:42:35.76;0;1;0;0;
09/02/2026 05:42:36.660;0;0;0;0;
09/02/2026 05:46:55.193;0;1;0;0;
09/02/2026 05:46:56.737;0;0;0;0;
09/02/2026 05:48:55.261;0;1;0;0;
09/02/2026 05:48:56.860;0;0;0;0;
09/02/2026 06:01:15.606;0;1;0;0;
09/02/2026 06:01:17.120;0;0;0;0;
09/02/2026 06:04:35.691;0;1;0;0;
09/02/2026 06:04:37.246;0;0;0;0;
09/02/2026 06:10:55.882;0;1;0;0;
09/02/2026 06:10:57.496;0;0;0;0;
09/02/2026 06:16:56.51;0;1;0;0;
09/02/2026 06:16:57.606;0;0;0;0;
09/02/2026 06:17:36.72;0;0;1;0;
09/02/2026 06:17:37.206;0;0;0;0;
09/02/2026 06:18:56.328;0;0;1;0;
09/02/2026 06:18:57.599;0;0;0;0;
09/02/2026 06:19:56.156;0;1;0;0;
09/02/2026 06:19:57.591;0;0;0;0;
09/02/2026 06:20:56.78;0;1;0;0;
09/02/2026 06:20:57.632;0;0;0;0;
09/02/2026 06:22:56.221;0;1;0;0;
09/02/2026 06:22:57.926;0;0;0;0;
09/02/2026 06:23:36.243;0;0;1;0;
09/02/2026 06:23:37.556;0;0;0;0;
09/02/2026 06:23:56.253;0;1;0;0;
09/02/2026 06:23:57.977;0;0;0;0;
09/02/2026 06:34:16.440;0;1;0;0;
09/02/2026 06:34:17.964;0;0;0;0;
09/02/2026 06:38:16.657;0;1;0;0;
09/02/2026 06:38:18.191;0;0;0;0;
09/02/2026 06:41:56.753;0;1;0;0;
09/02/2026 06:41:58.237;0;0;0;0;
09/02/2026 06:42:36.969;0;1;0;0;
09/02/2026 06:42:38.569;0;0;0;0;
09/02/2026 06:47:27.913;1;0;0;0;
09/02/2026 06:47:27.914;1;1;1;0;
09/02/2026 06:47:33.181;1;0;0;0;
09/02/2026 06:47:35.812;1;1;1;0;
09/02/2026 06:47:36.945;1;0;0;0;
09/02/2026 06:47:45.911;1;1;1;0;
09/02/2026 06:47:47.356;1;0;0;0;
09/02/2026 06:47:55.811;1;1;1;0;
09/02/2026 06:47:56.946;1;0;0;0;
09/02/2026 06:48:05.912;1;1;1;0;
09/02/2026 06:48:07.56;1;0;0;0;
09/02/2026 06:48:16.676;0;0;0;0;
09/02/2026 06:48:57.987;0;1;1;0;
09/02/2026 06:49:01.42;0;0;0;0;
09/02/2026 06:49:18.6;0;0;1;0;
09/02/2026 06:49:19.501;0;0;0;0;
09/02/2026 06:49:37.907;0;0;1;0;
09/02/2026 06:49:39.221;0;0;0;0;
09/02/2026 06:50:17.928;0;1;1;0;
09/02/2026 06:50:19.452;0;0;0;0;
09/02/2026 06:50:37.951;0;0;1;0;
09/02/2026 06:50:39.83;0;0;0;0;
09/02/2026 06:51:00.86;0;0;1;0;
09/02/2026 06:51:01.375;0;0;0;0;
09/02/2026 07:13:38.608;0;1;0;0;
09/02/2026 07:13:40.312;0;0;0;0;
09/02/2026 07:14:38.830;0;1;0;0;
09/02/2026 07:14:40.444;0;0;0;0;
09/02/2026 07:17:59.256;0;0;1;0;
09/02/2026 07:18:00.580;0;0;0;0;
09/02/2026 07:27:59.122;0;1;0;0;
09/02/2026 07:28:00.937;0;0;0;0;
09/02/2026 07:28:39.203;0;1;0;0;
09/02/2026 07:28:40.848;0;0;0;0;
09/02/2026 07:31:39.138;0;1;0;0;
09/02/2026 07:31:40.603;0;0;0;0;
09/02/2026 07:36:39.277;0;0;1;0;
09/02/2026 07:36:40.471;0;0;0;0;
09/02/2026 07:36:59.287;0;0;1;0;
09/02/2026 07:37:00.572;0;0;0;0;
09/02/2026 07:38:39.331;0;1;0;0;
09/02/2026 07:38:41.35;0;0;0;0;
09/02/2026 07:46:59.790;0;1;0;0;
09/02/2026 07:47:01.429;0;0;0;0;
09/02/2026 07:49:21.701;0;1;0;0;
09/02/2026 07:49:23.285;0;0;0;0;
09/02/2026 07:53:20.106;0;1;0;0;
09/02/2026 07:53:21.730;0;0;0;0;
09/02/2026 07:54:39.797;0;1;0;0;
09/02/2026 07:54:41.392;0;0;0;0;
09/02/2026 08:00:39.978;0;1;0;0;
09/02/2026 08:00:41.502;0;0;0;0;
09/02/2026 08:01:00.108;0;0;1;0;
09/02/2026 08:01:01.342;0;0;0;0;
09/02/2026 08:01:19.998;0;0;1;0;
09/02/2026 08:01:21.343;0;0;0;0;
09/02/2026 08:04:20.184;0;1;0;0;
09/02/2026 08:04:21.788;0;0;0;0;
09/02/2026 08:08:00.390;0;1;0;0;
09/02/2026 08:08:01.884;0;0;0;0;
09/02/2026 08:08:40.301;0;0;1;0;
09/02/2026 08:08:41.745;0;0;0;0;
09/02/2026 08:09:00.312;0;1;0;0;
09/02/2026 08:09:01.836;0;0;0;0;
09/02/2026 08:09:20.322;0;0;1;0;
09/02/2026 08:09:21.726;0;0;0;0;
09/02/2026 08:12:40.327;0;1;0;0;
09/02/2026 08:12:41.942;0;0;0;0;
09/02/2026 08:13:00.338;0;0;1;0;
09/02/2026 08:13:01.632;0;0;0;0;
09/02/2026 08:13:20.348;0;1;0;0;
09/02/2026 08:13:21.903;0;0;0;0;
09/02/2026 08:15:00.486;0;1;0;0;
09/02/2026 08:15:02.15;0;0;0;0;
09/02/2026 08:15:40.512;0;0;1;0;
09/02/2026 08:15:41.876;0;0;0;0;
09/02/2026 08:16:00.523;0;1;0;0;
09/02/2026 08:16:02.187;0;0;0;0;
09/02/2026 08:17:40.806;0;1;0;0;
09/02/2026 08:17:42.590;0;0;0;0;
09/02/2026 08:18:40.567;0;1;0;0;
09/02/2026 08:18:42.121;0;0;0;0;
09/02/2026 08:19:00.517;0;1;1;0;
09/02/2026 08:19:02.252;0;0;0;0;
09/02/2026 08:20:20.723;0;1;0;0;
09/02/2026 08:20:22.244;0;0;0;0;
09/02/2026 08:20:40.841;0;0;1;0;
09/02/2026 08:20:42.195;0;0;0;0;
09/02/2026 08:21:00.561;0;1;0;0;
09/02/2026 08:21:02.145;0;0;0;0;
09/02/2026 08:21:40.682;0;1;0;0;
09/02/2026 08:21:42.306;0;0;0;0;
09/02/2026 08:24:01.16;0;1;0;0;
09/02/2026 08:24:02.640;0;0;0;0;
09/02/2026 08:24:40.771;0;1;0;0;
09/02/2026 08:24:43.412;0;0;0;0;
09/02/2026 08:25:00.687;0;1;0;0;
09/02/2026 08:25:02.361;0;0;0;0;
09/02/2026 08:25:20.697;0;1;0;0;
09/02/2026 08:25:22.402;0;0;0;0;
09/02/2026 08:27:00.730;0;1;1;0;
09/02/2026 08:27:02.224;0;0;0;0;
09/02/2026 08:27:40.852;0;0;1;0;
09/02/2026 08:27:42.145;0;0;0;0;
09/02/2026 08:28:40.883;0;1;0;0;
09/02/2026 08:28:42.577;0;0;0;0;
09/02/2026 08:29:00.923;0;1;0;0;
09/02/2026 08:29:02.588;0;0;0;0;
09/02/2026 08:30:21.186;0;1;0;0;
09/02/2026 08:30:22.690;0;0;0;0;
09/02/2026 08:31:00.966;0;1;0;0;
09/02/2026 08:31:02.601;0;0;0;0;
09/02/2026 08:31:20.962;0;0;1;0;
09/02/2026 08:31:22.391;0;0;0;0;
09/02/2026 08:32:00.888;0;1;0;0;
09/02/2026 08:32:02.412;0;0;0;0;
09/02/2026 08:32:40.932;0;1;1;0;
09/02/2026 08:32:43.84;0;0;0;0;
09/02/2026 08:33:40.930;0;1;0;0;
09/02/2026 08:33:42.395;0;0;0;0;
09/02/2026 08:34:01.41;0;1;0;0;
09/02/2026 08:34:02.655;0;0;0;0;
09/02/2026 08:34:21.52;0;0;1;0;
09/02/2026 08:34:22.316;0;0;0;0;
09/02/2026 08:34:41.62;0;1;1;0;
09/02/2026 08:34:43.227;0;0;0;0;
09/02/2026 08:36:41.255;0;1;0;0;
09/02/2026 08:36:43.90;0;0;0;0;
09/02/2026 08:37:41.167;0;1;0;0;
09/02/2026 08:37:42.851;0;0;0;0;
09/02/2026 08:39:01.170;0;0;1;0;
09/02/2026 08:39:02.423;0;0;0;0;
09/02/2026 08:40:21.394;0;1;0;0;
09/02/2026 08:40:23.75;0;0;0;0;
09/02/2026 08:40:41.504;0;1;0;0;
09/02/2026 08:40:43.426;0;0;0;0;
09/02/2026 08:41:21.282;0;1;1;0;
09/02/2026 08:41:22.977;0;0;0;0;
09/02/2026 08:42:21.284;0;1;0;0;
09/02/2026 08:42:23.98;0;0;0;0;
09/02/2026 08:43:41.676;0;1;0;0;
09/02/2026 08:43:43.441;0;0;0;0;
09/02/2026 08:45:01.268;0;0;1;0;
09/02/2026 08:45:02.612;0;0;0;0;
09/02/2026 08:45:41.289;0;0;1;0;
09/02/2026 08:45:42.663;0;0;0;0;
09/02/2026 08:46:21.320;0;0;1;0;
09/02/2026 08:46:22.734;0;0;0;0;
09/02/2026 08:47:01.464;0;0;1;0;
09/02/2026 08:47:02.815;0;0;0;0;
09/02/2026 08:48:21.463;0;0;1;0;
09/02/2026 08:48:22.947;0;0;0;0;
09/02/2026 08:48:41.474;0;0;1;0;
09/02/2026 08:48:42.897;0;0;0;0;
09/02/2026 08:50:01.515;0;0;1;0;
09/02/2026 08:50:02.749;0;0;0;0;
09/02/2026 08:50:21.526;0;0;1;0;
09/02/2026 08:50:23.30;0;0;0;0;
09/02/2026 08:50:41.606;0;0;1;0;
09/02/2026 08:50:42.940;0;0;0;0;
09/02/2026 08:51:41.468;0;1;0;0;
09/02/2026 08:51:42.992;0;0;0;0;
09/02/2026 08:52:21.589;0;1;0;0;
09/02/2026 08:52:23.143;0;0;0;0;
09/02/2026 08:52:41.504;0;1;0;0;
09/02/2026 08:52:43.294;0;0;0;0;
09/02/2026 08:53:01.500;0;1;1;0;
09/02/2026 08:53:03.174;0;0;0;0;
09/02/2026 08:53:21.500;0;1;1;0;
09/02/2026 08:53:23.205;0;0;0;0;
09/02/2026 08:53:41.674;0;0;1;0;
09/02/2026 08:53:42.935;0;0;0;0;
09/02/2026 08:54:01.621;0;0;1;0;
09/02/2026 08:54:02.755;0;0;0;0;
09/02/2026 08:54:21.666;0;0;1;0;
09/02/2026 08:54:23.46;0;0;0;0;
09/02/2026 08:55:01.864;0;0;1;0;
09/02/2026 08:55:03.227;0;0;0;0;
09/02/2026 08:55:41.669;0;0;1;0;
09/02/2026 08:55:43.298;0;0;0;0;
09/02/2026 08:56:01.685;0;0;1;0;
09/02/2026 08:56:03.138;0;0;0;0;
09/02/2026 08:56:41.706;0;0;1;0;
09/02/2026 08:56:42.939;0;0;0;0;
09/02/2026 08:57:01.716;0;0;1;0;
09/02/2026 08:57:03.160;0;0;0;0;
09/02/2026 08:57:21.806;0;0;1;0;
09/02/2026 08:57:23.140;0;0;0;0;
09/02/2026 08:58:01.667;0;0;1;0;
09/02/2026 08:58:02.921;0;0;0;0;
09/02/2026 08:58:21.978;0;0;1;0;
09/02/2026 08:58:23.382;0;0;0;0;
09/02/2026 08:58:25.61;1;0;0;0;
09/02/2026 08:58:25.62;1;1;1;0;
09/02/2026 08:58:37.687;1;0;0;0;
09/02/2026 08:59:17.498;0;0;0;0;
09/02/2026 09:09:33.897;1;0;0;0;
09/02/2026 09:10:11.931;1;0;1;0;
09/02/2026 09:10:26.255;1;0;0;0;
09/02/2026 09:10:34.833;0;0;0;0;
09/02/2026 09:11:14.104;0;1;0;0;
09/02/2026 09:11:20.60;0;0;0;0;
09/02/2026 09:11:54.284;0;1;0;0;
09/02/2026 09:11:56.107;0;0;0;0;
09/02/2026 09:12:14.376;0;1;0;0;
09/02/2026 09:12:17.78;0;0;0;0;
09/02/2026 09:12:34.113;0;1;0;0;
09/02/2026 09:12:35.567;0;0;0;0;
09/02/2026 09:13:54.156;0;1;0;0;
09/02/2026 09:13:55.639;0;0;0;0;
09/02/2026 09:16:34.139;0;0;1;0;
09/02/2026 09:16:35.513;0;0;0;0;
09/02/2026 09:17:14.170;0;0;1;0;
09/02/2026 09:17:15.604;0;0;0;0;
09/02/2026 09:18:54.278;0;0;1;0;
09/02/2026 09:18:55.597;0;0;0;0;
09/02/2026 09:20:16.555;0;1;0;0;
09/02/2026 09:20:18.81;0;0;0;0;
09/02/2026 09:20:34.335;0;1;0;0;
09/02/2026 09:20:35.820;0;0;0;0;
09/02/2026 09:21:34.367;0;1;1;0;
09/02/2026 09:21:35.961;0;0;0;0;
09/02/2026 09:21:54.387;0;1;1;0;
09/02/2026 09:21:56.402;0;0;0;0;
09/02/2026 09:23:14.499;0;1;1;0;
09/02/2026 09:23:15.994;0;0;0;0;
09/02/2026 09:23:34.370;0;0;1;0;
09/02/2026 09:23:35.954;0;0;0;0;
09/02/2026 09:23:54.466;0;0;1;0;
09/02/2026 09:23:55.965;0;0;0;0;
09/02/2026 09:24:14.766;0;1;0;0;
09/02/2026 09:24:16.356;0;0;0;0;
09/02/2026 09:24:54.452;0;1;1;0;
09/02/2026 09:24:55.976;0;0;0;0;
09/02/2026 09:25:14.463;0;1;0;0;
09/02/2026 09:25:15.987;0;0;0;0;
09/02/2026 09:25:34.473;0;0;1;0;
09/02/2026 09:25:35.777;0;0;0;0;
09/02/2026 09:26:14.494;0;1;1;0;
09/02/2026 09:26:16.399;0;0;0;0;
09/02/2026 09:26:34.504;0;1;0;0;
09/02/2026 09:26:36.349;0;0;0;0;
09/02/2026 09:27:34.559;0;1;1;0;
09/02/2026 09:27:36.541;0;0;0;0;
09/02/2026 09:27:55.573;0;0;1;0;
09/02/2026 09:27:56.882;0;0;0;0;
09/02/2026 09:28:34.840;0;1;0;0;
09/02/2026 09:28:36.422;0;0;0;0;
09/02/2026 09:28:54.478;0;1;0;0;
09/02/2026 09:28:55.972;0;0;0;0;
09/02/2026 09:29:34.499;0;1;0;0;
09/02/2026 09:29:36.324;0;0;0;0;
09/02/2026 09:30:14.530;0;1;0;0;
09/02/2026 09:30:16.205;0;0;0;0;
09/02/2026 09:30:54.531;0;1;0;0;
09/02/2026 09:30:56.85;0;0;0;0;
09/02/2026 09:32:14.883;0;1;0;0;
09/02/2026 09:32:16.668;0;0;0;0;
09/02/2026 09:34:14.736;0;0;1;0;
09/02/2026 09:34:16.0;0;0;0;0;
09/02/2026 09:34:34.747;0;0;1;0;
09/02/2026 09:34:36.131;0;0;0;0;
09/02/2026 09:37:14.721;0;1;0;0;
09/02/2026 09:37:16.245;0;0;0;0;
09/02/2026 09:38:14.837;0;1;0;0;
09/02/2026 09:38:16.457;0;0;0;0;
09/02/2026 09:41:34.957;0;1;0;0;
09/02/2026 09:41:36.432;0;0;0;0;
09/02/2026 09:43:54.911;0;1;0;0;
09/02/2026 09:43:56.435;0;0;0;0;
09/02/2026 09:44:55.27;0;1;0;0;
09/02/2026 09:44:56.647;0;0;0;0;
09/02/2026 09:45:35.53;0;0;1;0;
09/02/2026 09:45:36.207;0;0;0;0;
09/02/2026 09:45:55.64;0;0;1;0;
09/02/2026 09:45:56.338;0;0;0;0;
09/02/2026 09:47:35.352;0;1;0;0;
09/02/2026 09:47:37.31;0;0;0;0;
09/02/2026 09:48:15.147;0;0;1;0;
09/02/2026 09:48:16.602;0;0;0;0;
09/02/2026 09:48:55.59;0;0;1;0;
09/02/2026 09:48:56.402;0;0;0;0;
09/02/2026 09:55:15.343;0;1;0;0;
09/02/2026 09:55:17.383;0;0;0;0;
09/02/2026 09:55:55.269;0;1;0;0;
09/02/2026 09:55:57.153;0;0;0;0;
09/02/2026 09:57:55.596;0;1;0;0;
09/02/2026 09:57:57.367;0;0;0;0;
09/02/2026 09:58:35.444;0;1;0;0;
09/02/2026 09:58:36.977;0;0;0;0;
09/02/2026 09:58:55.453;0;1;0;0;
09/02/2026 09:58:56.988;0;0;0;0;
09/02/2026 09:59:15.464;0;1;0;0;
09/02/2026 09:59:17.8;0;0;0;0;
09/02/2026 09:59:35.474;0;0;1;0;
09/02/2026 09:59:36.718;0;0;0;0;
09/02/2026 10:02:15.458;0;1;0;0;
09/02/2026 10:02:16.923;0;0;0;0;
09/02/2026 10:10:15.680;0;1;0;0;
09/02/2026 10:10:17.325;0;0;0;0;
09/02/2026 10:13:55.947;0;1;0;0;
09/02/2026 10:13:57.661;0;0;0;0;
09/02/2026 10:15:55.844;0;1;0;0;
09/02/2026 10:15:57.434;0;0;0;0;
09/02/2026 10:18:56.24;0;1;0;0;
09/02/2026 10:18:57.779;0;0;0;0;
09/02/2026 10:19:36.45;0;1;0;0;
09/02/2026 10:19:37.710;0;0;0;0;
09/02/2026 10:28:36.219;0;1;0;0;
09/02/2026 10:28:37.714;0;0;0;0;
09/02/2026 10:28:56.433;0;0;1;0;
09/02/2026 10:28:57.704;0;0;0;0;
09/02/2026 10:29:16.314;0;0;1;0;
09/02/2026 10:29:17.685;0;0;0;0;
09/02/2026 10:32:16.435;0;1;0;0;
09/02/2026 10:32:18.70;0;0;0;0;
09/02/2026 10:45:36.817;0;1;0;0;
09/02/2026 10:45:38.491;0;0;0;0;
09/02/2026 10:46:16.848;0;0;1;0;
09/02/2026 10:46:18.72;0;0;0;0;
09/02/2026 10:48:16.781;0;1;0;0;
09/02/2026 10:48:18.395;0;0;0;0;
09/02/2026 10:53:57.213;0;1;0;0;
09/02/2026 10:53:58.795;0;0;0;0;
09/02/2026 10:54:36.951;0;0;1;0;
09/02/2026 10:54:38.385;0;0;0;0;
09/02/2026 10:55:17.72;0;1;0;0;
09/02/2026 10:55:18.627;0;0;0;0;
09/02/2026 10:55:37.83;0;0;1;0;
09/02/2026 10:55:38.427;0;0;0;0;
09/02/2026 11:18:37.631;0;0;1;0;
09/02/2026 11:18:38.825;0;0;0;0;
09/02/2026 11:24:57.907;0;0;1;0;
09/02/2026 11:24:59.136;0;0;0;0;
09/02/2026 11:26:18.139;0;1;0;0;
09/02/2026 11:26:19.829;0;0;0;0;
09/02/2026 11:26:42.88;1;0;0;0;
09/02/2026 11:26:42.89;1;1;1;0;
09/02/2026 11:26:46.496;1;0;0;0;
09/02/2026 11:26:48.957;1;1;1;0;
09/02/2026 11:26:50.110;1;0;0;0;
09/02/2026 11:26:58.956;1;1;1;0;
09/02/2026 11:27:00.400;1;0;0;0;
09/02/2026 11:27:08.956;1;1;1;0;
09/02/2026 11:27:10.100;1;0;0;0;
09/02/2026 11:27:19.56;1;1;1;0;
09/02/2026 11:27:20.201;1;0;0;0;
09/02/2026 11:27:30.672;0;0;0;0;
09/02/2026 11:28:11.17;0;1;1;0;
09/02/2026 11:28:13.836;0;0;0;0;
09/02/2026 11:28:51.31;0;0;1;0;
09/02/2026 11:28:52.436;0;0;0;0;
09/02/2026 11:32:51.158;0;1;0;0;
09/02/2026 11:32:52.743;0;0;0;0;
09/02/2026 11:36:31.355;0;1;0;0;
09/02/2026 11:36:33.49;0;0;0;0;
09/02/2026 11:40:51.632;0;1;0;0;
09/02/2026 11:40:53.186;0;0;0;0;
09/02/2026 11:44:51.499;0;1;0;0;
09/02/2026 11:44:53.203;0;0;0;0;
09/02/2026 11:48:31.695;0;1;0;0;
09/02/2026 11:48:33.389;0;0;0;0;
09/02/2026 11:51:31.700;0;1;0;0;
09/02/2026 11:51:33.314;0;0;0;0;
09/02/2026 11:58:51.983;0;1;0;0;
09/02/2026 11:58:53.527;0;0;0;0;
09/02/2026 11:59:32.4;0;0;1;0;
09/02/2026 11:59:33.338;0;0;0;0;
09/02/2026 12:02:52.4;0;1;0;0;
09/02/2026 12:02:53.594;0;0;0;0;
09/02/2026 12:07:52.148;0;1;0;0;
09/02/2026 12:07:53.732;0;0;0;0;
09/02/2026 12:08:32.169;0;1;0;0;
09/02/2026 12:08:33.723;0;0;0;0;
09/02/2026 12:14:32.339;0;1;0;0;
09/02/2026 12:14:33.864;0;0;0;0;
09/02/2026 12:16:12.473;0;0;1;0;
09/02/2026 12:16:13.666;0;0;0;0;
09/02/2026 12:17:12.504;0;1;0;0;
09/02/2026 12:17:14.128;0;0;0;0;
09/02/2026 12:21:32.526;0;1;0;0;
09/02/2026 12:21:34.56;0;0;0;0;
09/02/2026 12:22:52.674;0;1;0;0;
09/02/2026 12:22:54.208;0;0;0;0;
09/02/2026 12:26:12.680;0;0;1;0;
09/02/2026 12:26:13.933;0;0;0;0;
09/02/2026 12:26:52.850;0;0;1;0;
09/02/2026 12:26:54.104;0;0;0;0;
09/02/2026 12:28:32.843;0;0;1;0;
09/02/2026 12:28:34.307;0;0;0;0;
09/02/2026 12:29:34.940;0;0;1;0;
09/02/2026 12:29:36.271;0;0;0;0;
09/02/2026 12:29:53.95;0;1;0;0;
09/02/2026 12:29:54.580;0;0;0;0;
09/02/2026 12:34:12.993;0;1;0;0;
09/02/2026 12:34:14.617;0;0;0;0;
09/02/2026 12:35:53.258;0;1;0;0;
09/02/2026 12:35:54.850;0;0;0;0;
09/02/2026 12:36:53.97;0;1;0;0;
09/02/2026 12:36:54.672;0;0;0;0;
09/02/2026 12:44:53.431;0;0;1;0;
09/02/2026 12:44:54.565;0;0;0;0;
09/02/2026 12:45:13.191;0;1;1;0;
09/02/2026 12:45:14.775;0;0;0;0;
09/02/2026 12:47:33.488;0;1;0;0;
09/02/2026 12:47:35.29;0;0;0;0;
09/02/2026 12:48:53.407;0;1;0;0;
09/02/2026 12:48:55.102;0;0;0;0;
09/02/2026 12:49:33.319;0;1;0;0;
09/02/2026 12:49:34.902;0;0;0;0;
09/02/2026 13:00:13.711;0;1;1;0;
09/02/2026 13:00:15.370;0;0;0;0;
09/02/2026 13:00:33.721;0;0;1;0;
09/02/2026 13:00:35.10;0;0;0;0;
09/02/2026 13:01:33.773;0;1;0;0;
09/02/2026 13:01:35.502;0;0;0;0;
09/02/2026 13:04:53.843;0;1;0;0;
09/02/2026 13:04:55.868;0;0;0;0;
09/02/2026 13:05:13.864;0;1;0;0;
09/02/2026 13:05:15.468;0;0;0;0;
09/02/2026 13:05:33.864;0;1;0;0;
09/02/2026 13:05:35.368;0;0;0;0;
09/02/2026 13:09:35.214;0;1;0;0;
09/02/2026 13:09:36.826;0;0;0;0;
09/02/2026 13:09:53.886;0;0;1;0;
09/02/2026 13:09:55.25;0;0;0;0;
09/02/2026 13:10:13.891;0;1;1;0;
09/02/2026 13:10:15.536;0;0;0;0;
09/02/2026 13:11:34.33;0;1;0;0;
09/02/2026 13:11:36.18;0;0;0;0;
09/02/2026 13:11:54.55;0;1;0;0;
09/02/2026 13:11:56.549;0;0;0;0;
09/02/2026 13:12:14.107;0;0;1;0;
09/02/2026 13:12:15.589;0;0;0;0;
09/02/2026 13:13:14.86;0;1;0;0;
09/02/2026 13:13:15.590;0;0;0;0;
09/02/2026 13:13:34.96;0;1;1;0;
09/02/2026 13:13:36.41;0;0;0;0;
09/02/2026 13:13:54.107;0;1;0;0;
09/02/2026 13:13:55.701;0;0;0;0;
09/02/2026 13:14:14.128;0;0;1;0;
09/02/2026 13:14:15.261;0;0;0;0;
09/02/2026 13:14:34.128;0;0;1;0;
09/02/2026 13:14:35.382;0;0;0;0;
09/02/2026 13:16:54.82;0;1;0;0;
09/02/2026 13:16:55.546;0;0;0;0;
09/02/2026 13:17:34.202;0;1;0;0;
09/02/2026 13:17:35.787;0;0;0;0;
09/02/2026 13:17:54.213;0;1;0;0;
09/02/2026 13:17:56.78;0;0;0;0;
09/02/2026 13:18:14.223;0;0;1;0;
09/02/2026 13:18:15.477;0;0;0;0;
09/02/2026 13:18:54.264;0;1;0;0;
09/02/2026 13:18:56.169;0;0;0;0;
09/02/2026 13:19:34.470;0;1;0;0;
09/02/2026 13:19:36.40;0;0;0;0;
09/02/2026 13:20:54.327;0;1;0;0;
09/02/2026 13:20:55.822;0;0;0;0;
09/02/2026 13:26:54.719;0;1;0;0;
09/02/2026 13:26:56.311;0;0;0;0;
09/02/2026 13:28:54.449;0;0;1;0;
09/02/2026 13:28:55.733;0;0;0;0;
09/02/2026 13:29:34.470;0;0;1;0;
09/02/2026 13:29:35.814;0;0;0;0;
09/02/2026 13:29:54.551;0;1;0;0;
09/02/2026 13:29:56.45;0;0;0;0;
09/02/2026 13:30:54.592;0;0;1;0;
09/02/2026 13:30:56.47;0;0;0;0;
09/02/2026 13:31:34.613;0;0;1;0;
09/02/2026 13:31:36.68;0;0;0;0;
09/02/2026 13:31:54.624;0;0;1;0;
09/02/2026 13:31:55.868;0;0;0;0;
09/02/2026 13:32:14.634;0;0;1;0;
09/02/2026 13:32:16.89;0;0;0;0;
09/02/2026 13:32:34.645;0;0;1;0;
09/02/2026 13:32:36.69;0;0;0;0;
09/02/2026 13:32:54.655;0;0;1;0;
09/02/2026 13:32:56.140;0;0;0;0;
09/02/2026 13:33:34.719;0;1;1;0;
09/02/2026 13:33:36.371;0;0;0;0;
09/02/2026 13:33:54.812;0;0;1;0;
09/02/2026 13:33:56.451;0;0;0;0;
09/02/2026 13:34:14.910;0;1;1;0;
09/02/2026 13:34:16.412;0;0;0;0;
09/02/2026 13:34:54.618;0;1;1;0;
09/02/2026 13:34:56.203;0;0;0;0;
09/02/2026 13:35:34.634;0;1;0;0;
09/02/2026 13:35:36.134;0;0;0;0;
09/02/2026 13:36:14.655;0;0;1;0;
09/02/2026 13:36:15.854;0;0;0;0;
09/02/2026 13:36:37.758;1;0;0;0;
09/02/2026 13:36:37.759;1;1;1;0;
09/02/2026 13:36:50.600;1;0;0;0;
09/02/2026 13:37:30.321;0;0;0;0;
09/02/2026 13:50:41.868;1;0;0;0;
09/02/2026 13:51:19.772;1;0;1;0;
09/02/2026 13:51:34.195;1;0;0;0;
09/02/2026 13:51:44.225;0;0;0;0;
09/02/2026 13:52:21.952;0;1;1;0;
09/02/2026 13:52:27.850;0;0;0;0;
09/02/2026 13:52:41.962;0;0;1;0;
09/02/2026 13:52:43.406;0;0;0;0;
09/02/2026 13:53:44.128;0;0;1;0;
09/02/2026 13:53:45.480;0;0;0;0;
09/02/2026 13:54:01.904;0;0;1;0;
09/02/2026 13:54:03.388;0;0;0;0;
09/02/2026 13:54:21.914;0;0;1;0;
09/02/2026 13:54:23.178;0;0;0;0;
09/02/2026 13:54:41.925;0;1;0;0;
09/02/2026 13:54:43.780;0;0;0;0;
09/02/2026 13:55:01.935;0;1;1;0;
09/02/2026 13:55:03.550;0;0;0;0;
09/02/2026 13:55:21.956;0;1;0;0;
09/02/2026 13:55:24.261;0;0;0;0;
09/02/2026 13:56:01.947;0;1;0;0;
09/02/2026 13:56:03.441;0;0;0;0;
09/02/2026 13:56:21.957;0;0;1;0;
09/02/2026 13:56:23.332;0;0;0;0;
09/02/2026 13:57:42.255;0;0;1;0;
09/02/2026 13:57:43.734;0;0;0;0;
09/02/2026 13:58:42.131;0;0;1;0;
09/02/2026 13:58:43.495;0;0;0;0;
09/02/2026 14:01:42.359;0;1;0;0;
09/02/2026 14:01:43.940;0;0;0;0;
09/02/2026 14:02:02.121;0;1;0;0;
09/02/2026 14:02:03.590;0;0;0;0;
09/02/2026 14:02:22.132;0;1;0;0;
09/02/2026 14:02:23.661;0;0;0;0;
09/02/2026 14:02:42.132;0;0;1;0;
09/02/2026 14:02:43.271;0;0;0;0;
09/02/2026 14:03:02.248;0;1;1;0;
09/02/2026 14:03:04.473;0;0;0;0;
09/02/2026 14:04:22.291;0;0;1;0;
09/02/2026 14:04:23.744;0;0;0;0;
09/02/2026 14:05:02.321;0;0;1;0;
09/02/2026 14:05:03.685;0;0;0;0;
09/02/2026 14:05:42.502;0;0;1;0;
09/02/2026 14:05:43.646;0;0;0;0;
09/02/2026 14:06:02.613;0;0;1;0;
09/02/2026 14:06:03.877;0;0;0;0;
09/02/2026 14:06:42.373;0;1;0;0;
09/02/2026 14:06:44.58;0;0;0;0;
09/02/2026 14:07:02.274;0;1;0;0;
09/02/2026 14:07:04.48;0;0;0;0;
09/02/2026 14:07:42.295;0;1;0;0;
09/02/2026 14:07:43.969;0;0;0;0;
09/02/2026 14:09:02.425;0;1;0;0;
09/02/2026 14:09:03.891;0;0;0;0;
09/02/2026 14:09:22.592;0;1;0;0;
09/02/2026 14:09:24.122;0;0;0;0;
09/02/2026 14:10:22.464;0;0;1;0;
09/02/2026 14:10:23.693;0;0;0;0;
09/02/2026 14:10:42.480;0;0;1;0;
09/02/2026 14:10:43.814;0;0;0;0;
09/02/2026 14:11:22.521;0;1;0;0;
09/02/2026 14:11:24.275;0;0;0;0;
09/02/2026 14:13:22.574;0;1;0;0;
09/02/2026 14:13:24.428;0;0;0;0;
09/02/2026 14:13:42.659;0;1;0;0;
09/02/2026 14:13:44.309;0;0;0;0;
09/02/2026 14:14:42.516;0;1;0;0;
09/02/2026 14:14:44.430;0;0;0;0;
09/02/2026 14:15:02.506;0;1;0;0;
09/02/2026 14:15:04.181;0;0;0;0;
09/02/2026 14:15:42.507;0;1;0;0;
09/02/2026 14:15:44.212;0;0;0;0;
09/02/2026 14:17:02.713;0;1;0;0;
09/02/2026 14:17:04.254;0;0;0;0;
09/02/2026 14:18:02.681;0;1;0;0;
09/02/2026 14:18:04.285;0;0;0;0;
09/02/2026 14:21:42.686;0;0;1;0;
09/02/2026 14:21:43.940;0;0;0;0;
09/02/2026 14:22:02.687;0;0;1;0;
09/02/2026 14:22:04.31;0;0;0;0;
09/02/2026 14:29:22.998;0;1;0;0;
09/02/2026 14:29:24.672;0;0;0;0;
09/02/2026 14:29:43.8;0;0;1;0;
09/02/2026 14:29:44.202;0;0;0;0;
09/02/2026 14:31:23.131;0;1;0;0;
09/02/2026 14:31:24.765;0;0;0;0;
09/02/2026 14:41:23.319;0;0;1;0;
09/02/2026 14:41:24.460;0;0;0;0;
09/02/2026 14:43:43.410;0;1;0;0;
09/02/2026 14:43:44.924;0;0;0;0;
09/02/2026 14:44:03.421;0;0;1;0;
09/02/2026 14:44:04.694;0;0;0;0;
09/02/2026 14:45:03.535;0;1;0;0;
09/02/2026 14:45:05.126;0;0;0;0;
09/02/2026 14:53:03.584;0;1;0;0;
09/02/2026 14:53:05.258;0;0;0;0;
09/02/2026 14:54:03.615;0;1;0;0;
09/02/2026 14:54:05.230;0;0;0;0;
09/02/2026 15:06:23.975;0;1;0;0;
09/02/2026 15:06:25.589;0;0;0;0;
09/02/2026 15:10:04.166;0;1;1;0;
09/02/2026 15:10:05.735;0;0;0;0;
09/02/2026 15:10:24.181;0;0;1;0;
09/02/2026 15:10:25.485;0;0;0;0;
09/02/2026 15:14:04.387;0;1;0;0;
09/02/2026 15:14:05.882;0;0;0;0;
09/02/2026 15:15:04.309;0;1;0;0;
09/02/2026 15:15:05.973;0;0;0;0;
09/02/2026 15:17:44.408;0;1;0;0;
09/02/2026 15:17:45.987;0;0;0;0;
09/02/2026 15:20:24.788;0;1;0;0;
09/02/2026 15:20:26.442;0;0;0;0;
09/02/2026 15:36:44.864;0;1;0;0;
09/02/2026 15:36:46.418;0;0;0;0;
09/02/2026 15:40:45.71;0;1;0;0;
09/02/2026 15:40:46.705;0;0;0;0;
09/02/2026 15:45:25.193;0;1;0;0;
09/02/2026 15:45:26.733;0;0;0;0;
09/02/2026 15:46:45.241;0;1;0;0;
09/02/2026 15:46:46.815;0;0;0;0;
09/02/2026 15:59:05.715;0;1;0;0;
09/02/2026 15:59:07.396;0;0;0;0;
09/02/2026 16:00:05.643;0;1;0;0;
09/02/2026 16:00:07.177;0;0;0;0;
09/02/2026 16:07:25.755;0;0;1;0;
09/02/2026 16:07:26.889;0;0;0;0;
09/02/2026 16:07:45.871;0;0;1;0;
09/02/2026 16:07:47.130;0;0;0;0;
09/02/2026 16:09:02.784;1;0;0;0;
09/02/2026 16:09:02.785;1;1;1;0;
09/02/2026 16:09:07.413;1;0;0;0;
09/02/2026 16:09:10.799;1;1;1;0;
09/02/2026 16:09:11.937;1;0;0;0;
09/02/2026 16:09:20.783;1;1;1;0;
09/02/2026 16:09:22.218;1;0;0;0;
09/02/2026 16:09:30.783;1;1;1;0;
09/02/2026 16:09:31.918;1;0;0;0;
09/02/2026 16:09:40.783;1;1;1;0;
09/02/2026 16:09:41.918;1;0;0;0;
09/02/2026 16:09:51.578;0;0;0;0;
09/02/2026 16:10:33.49;0;1;1;0;
09/02/2026 16:10:35.794;0;0;0;0;
09/02/2026 16:11:12.954;0;0;1;0;
09/02/2026 16:11:14.433;0;0;0;0;
09/02/2026 16:19:13.286;0;1;0;0;
09/02/2026 16:19:14.827;0;0;0;0;
09/02/2026 16:21:13.156;0;0;1;0;
09/02/2026 16:21:14.470;0;0;0;0;
09/02/2026 16:22:33.689;0;1;0;0;
09/02/2026 16:22:35.403;0;0;0;0;
09/02/2026 16:26:13.284;0;1;0;0;
09/02/2026 16:26:14.959;0;0;0;0;
09/02/2026 16:28:53.449;0;1;0;0;
09/02/2026 16:28:55.84;0;0;0;0;
09/02/2026 16:37:13.713;0;1;0;0;
09/02/2026 16:37:15.248;0;0;0;0;
09/02/2026 16:39:13.737;0;1;0;0;
09/02/2026 16:39:15.351;0;0;0;0;
09/02/2026 16:48:34.28;0;1;0;0;
09/02/2026 16:48:35.627;0;0;0;0;
09/02/2026 16:49:53.965;0;0;1;0;
09/02/2026 16:49:55.99;0;0;0;0;
09/02/2026 16:51:34.98;0;1;0;0;
09/02/2026 16:51:35.682;0;0;0;0;
09/02/2026 17:03:54.449;0;0;1;0;
09/02/2026 17:03:55.723;0;0;0;0;
09/02/2026 17:16:14.810;0;1;0;0;
09/02/2026 17:16:16.475;0;0;0;0;
09/02/2026 17:17:15.106;0;1;0;0;
09/02/2026 17:17:16.727;0;0;0;0;
09/02/2026 17:18:54.795;0;1;0;0;
09/02/2026 17:18:56.319;0;0;0;0;
09/02/2026 17:21:34.959;0;1;0;0;
09/02/2026 17:21:36.494;0;0;0;0;
09/02/2026 17:25:35.116;0;1;0;0;
09/02/2026 17:25:36.760;0;0;0;0;
09/02/2026 17:26:35.103;0;1;0;0;
09/02/2026 17:26:36.632;0;0;0;0;
09/02/2026 17:28:55.433;0;0;1;0;
09/02/2026 17:28:56.666;0;0;0;0;
09/02/2026 17:29:15.192;0;0;1;0;
09/02/2026 17:29:16.546;0;0;0;0;
09/02/2026 17:32:35.288;0;1;0;0;
09/02/2026 17:32:36.942;0;0;0;0;
09/02/2026 17:34:15.372;0;1;0;0;
09/02/2026 17:34:16.915;0;0;0;0;
09/02/2026 17:35:15.372;0;1;0;0;
09/02/2026 17:35:17.387;0;0;0;0;
09/02/2026 17:36:15.304;0;1;0;0;
09/02/2026 17:36:17.68;0;0;0;0;
09/02/2026 17:39:55.500;0;1;0;0;
09/02/2026 17:39:57.194;0;0;0;0;
09/02/2026 17:40:15.532;0;1;0;0;
09/02/2026 17:40:17.135;0;0;0;0;
09/02/2026 17:41:35.553;0;0;1;0;
09/02/2026 17:41:36.757;0;0;0;0;
09/02/2026 17:42:15.574;0;1;1;0;
09/02/2026 17:42:17.8;0;0;0;0;
09/02/2026 17:44:55.638;0;0;1;0;
09/02/2026 17:44:56.812;0;0;0;0;
09/02/2026 17:45:55.670;0;0;1;0;
09/02/2026 17:45:56.944;0;0;0;0;
09/02/2026 17:46:55.883;0;1;0;0;
09/02/2026 17:46:57.866;0;0;0;0;
09/02/2026 17:47:35.717;0;1;1;0;
09/02/2026 17:47:37.307;0;0;0;0;
09/02/2026 17:48:15.748;0;0;1;0;
09/02/2026 17:48:17.78;0;0;0;0;
09/02/2026 17:51:15.828;0;1;0;0;
09/02/2026 17:51:17.423;0;0;0;0;
09/02/2026 17:51:35.839;0;1;0;0;
09/02/2026 17:51:37.513;0;0;0;0;
09/02/2026 17:51:55.849;0;1;0;0;
09/02/2026 17:51:57.424;0;0;0;0;
09/02/2026 17:52:15.860;0;1;0;0;
09/02/2026 17:52:17.374;0;0;0;0;
09/02/2026 17:54:35.943;0;0;1;0;
09/02/2026 17:54:37.77;0;0;0;0;
09/02/2026 17:54:55.839;0;0;1;0;
09/02/2026 17:54:57.128;0;0;0;0;
09/02/2026 17:56:16.6;0;0;1;0;
09/02/2026 17:56:17.470;0;0;0;0;
09/02/2026 17:56:36.117;0;0;1;0;
09/02/2026 17:56:37.461;0;0;0;0;
09/02/2026 17:56:55.887;0;0;1;0;
09/02/2026 17:56:57.141;0;0;0;0;
09/02/2026 17:57:56.19;0;1;0;0;
09/02/2026 17:57:57.723;0;0;0;0;
09/02/2026 17:59:16.201;0;1;0;0;
09/02/2026 17:59:17.745;0;0;0;0;
09/02/2026 18:00:36.103;0;1;0;0;
09/02/2026 18:00:37.717;0;0;0;0;
09/02/2026 18:00:56.128;0;1;0;0;
09/02/2026 18:00:58.609;0;0;0;0;
09/02/2026 18:01:36.29;0;1;0;0;
09/02/2026 18:01:37.528;0;0;0;0;
09/02/2026 18:01:56.75;0;1;0;0;
09/02/2026 18:01:57.779;0;0;0;0;
09/02/2026 18:02:16.56;0;1;0;0;
09/02/2026 18:02:17.549;0;0;0;0;
09/02/2026 18:02:56.281;0;0;1;0;
09/02/2026 18:02:57.510;0;0;0;0;
09/02/2026 18:03:16.267;0;0;1;0;
09/02/2026 18:03:17.581;0;0;0;0;
09/02/2026 18:03:56.178;0;1;0;0;
09/02/2026 18:03:57.652;0;0;0;0;
09/02/2026 18:04:56.209;0;1;0;0;
09/02/2026 18:04:57.754;0;0;0;0;
09/02/2026 18:08:16.214;0;0;1;0;
09/02/2026 18:08:17.348;0;0;0;0;
09/02/2026 18:08:36.225;0;1;0;0;
09/02/2026 18:08:37.899;0;0;0;0;
09/02/2026 18:12:36.431;0;0;1;0;
09/02/2026 18:12:37.785;0;0;0;0;
09/02/2026 18:12:56.441;0;0;1;0;
09/02/2026 18:12:57.835;0;0;0;0;
09/02/2026 18:13:36.485;0;0;1;0;
09/02/2026 18:13:37.866;0;0;0;0;
09/02/2026 18:14:36.778;0;0;1;0;
09/02/2026 18:14:38.98;0;0;0;0;
09/02/2026 18:16:56.457;0;1;0;0;
09/02/2026 18:16:57.981;0;0;0;0;
09/02/2026 18:17:56.770;0;0;1;0;
09/02/2026 18:17:58.183;0;0;0;0;
09/02/2026 18:18:16.869;0;0;1;0;
09/02/2026 18:18:18.284;0;0;0;0;
09/02/2026 18:19:16.616;0;0;1;0;
09/02/2026 18:19:18.95;0;0;0;0;
09/02/2026 18:20:36.663;0;0;1;0;
09/02/2026 18:20:38.27;0;0;0;0;
09/02/2026 18:20:56.683;0;0;1;0;
09/02/2026 18:20:57.997;0;0;0;0;
09/02/2026 18:21:16.713;0;0;1;0;
09/02/2026 18:21:18.328;0;0;0;0;
09/02/2026 18:21:27.694;1;0;0;0;
09/02/2026 18:21:27.695;1;1;1;0;
09/02/2026 18:21:40.261;1;0;0;0;
09/02/2026 18:22:19.851;0;0;0;0;
09/02/2026 18:26:11.530;1;0;0;0;
09/02/2026 18:26:49.351;1;0;1;0;
09/02/2026 18:27:04.15;1;0;0;0;
09/02/2026 18:27:21.643;0;0;0;0;
09/02/2026 18:28:01.537;0;1;1;0;
09/02/2026 18:28:07.309;0;0;0;0;
09/02/2026 18:28:21.551;0;0;1;0;
09/02/2026 18:28:23.156;0;0;0;0;
09/02/2026 18:29:01.702;0;1;1;0;
09/02/2026 18:29:03.687;0;0;0;0;
09/02/2026 18:29:21.803;0;1;1;0;
09/02/2026 18:29:24.308;0;0;0;0;
09/02/2026 18:29:41.613;0;1;0;0;
09/02/2026 18:29:43.468;0;0;0;0;
09/02/2026 18:33:01.961;0;1;1;0;
09/02/2026 18:33:03.583;0;0;0;0;
09/02/2026 18:33:21.913;0;1;0;0;
09/02/2026 18:33:23.473;0;0;0;0;
09/02/2026 18:33:42.3;0;1;0;0;
09/02/2026 18:33:44.235;0;0;0;0;
09/02/2026 18:34:41.751;0;1;0;0;
09/02/2026 18:34:43.285;0;0;0;0;
09/02/2026 18:35:21.762;0;0;1;0;
09/02/2026 18:35:22.916;0;0;0;0;
09/02/2026 18:35:41.772;0;0;1;0;
09/02/2026 18:35:43.127;0;0;0;0;
09/02/2026 18:36:01.783;0;1;1;0;
09/02/2026 18:36:03.497;0;0;0;0;
09/02/2026 18:36:21.823;0;1;0;0;
09/02/2026 18:36:23.318;0;0;0;0;
09/02/2026 18:36:41.909;0;1;0;0;
09/02/2026 18:36:43.488;0;0;0;0;
09/02/2026 18:37:21.950;0;1;0;0;
09/02/2026 18:37:23.630;0;0;0;0;
09/02/2026 18:37:41.735;0;1;0;0;
09/02/2026 18:37:43.590;0;0;0;0;
09/02/2026 18:38:01.756;0;1;0;0;
09/02/2026 18:38:03.310;0;0;0;0;
09/02/2026 18:38:21.766;0;1;0;0;
09/02/2026 18:38:23.471;0;0;0;0;
09/02/2026 18:39:21.863;0;1;0;0;
09/02/2026 18:39:23.693;0;0;0;0;
09/02/2026 18:39:41.879;0;1;0;0;
09/02/2026 18:39:43.493;0;0;0;0;
09/02/2026 18:42:21.972;0;1;0;0;
09/02/2026 18:42:23.657;0;0;0;0;
09/02/2026 18:42:41.973;0;1;0;0;
09/02/2026 18:42:43.678;0;0;0;0;
09/02/2026 18:43:01.994;0;1;1;0;
09/02/2026 18:43:04.159;0;0;0;0;
09/02/2026 18:43:21.994;0;1;0;0;
09/02/2026 18:43:23.608;0;0;0;0;
09/02/2026 18:43:41.904;0;1;0;0;
09/02/2026 18:43:43.609;0;0;0;0;
09/02/2026 18:44:42.66;0;1;0;0;
09/02/2026 18:44:43.620;0;0;0;0;
09/02/2026 18:46:22.68;0;1;0;0;
09/02/2026 18:46:23.713;0;0;0;0;
09/02/2026 18:47:02.89;0;1;0;0;
09/02/2026 18:47:03.684;0;0;0;0;
09/02/2026 18:49:22.158;0;1;0;0;
09/02/2026 18:49:24.218;0;0;0;0;
09/02/2026 18:49:42.194;0;0;1;0;
09/02/2026 18:49:43.428;0;0;0;0;
09/02/2026 18:50:02.184;0;1;1;0;
09/02/2026 18:50:04.189;0;0;0;0;
09/02/2026 18:52:02.307;0;1;0;0;
09/02/2026 18:52:04.132;0;0;0;0;
09/02/2026 18:52:22.658;0;1;0;0;
09/02/2026 18:52:24.453;0;0;0;0;
09/02/2026 18:53:42.280;0;0;1;0;
09/02/2026 18:53:43.754;0;0;0;0;
09/02/2026 18:54:22.301;0;0;1;0;
09/02/2026 18:54:23.665;0;0;0;0;
09/02/2026 19:04:22.486;0;0;1;0;
09/02/2026 19:04:23.650;0;0;0;0;
09/02/2026 19:05:02.728;0;0;1;0;
09/02/2026 19:05:03.951;0;0;0;0;
09/02/2026 19:07:22.671;0;1;0;0;
09/02/2026 19:07:24.695;0;0;0;0;
09/02/2026 19:07:42.681;0;1;0;0;
09/02/2026 19:07:44.286;0;0;0;0;
09/02/2026 19:08:02.692;0;1;0;0;
09/02/2026 19:08:04.176;0;0;0;0;
09/02/2026 19:11:22.747;0;1;0;0;
09/02/2026 19:11:24.271;0;0;0;0;
09/02/2026 19:17:43.98;0;1;0;0;
09/02/2026 19:17:44.862;0;0;0;0;
09/02/2026 19:18:03.68;0;0;1;0;
09/02/2026 19:18:04.262;0;0;0;0;
09/02/2026 19:18:23.284;0;1;0;0;
09/02/2026 19:18:24.963;0;0;0;0;
09/02/2026 19:21:43.113;0;1;0;0;
09/02/2026 19:21:44.648;0;0;0;0;
09/02/2026 19:23:03.36;0;1;0;0;
09/02/2026 19:23:04.650;0;0;0;0;
09/02/2026 19:25:14.189;1;0;0;0;
09/02/2026 19:25:14.190;1;1;1;0;
09/02/2026 19:25:20.780;1;0;0;0;
09/02/2026 19:25:22.89;1;1;1;0;
09/02/2026 19:25:23.242;1;0;0;0;
09/02/2026 19:25:32.83;1;1;1;0;
09/02/2026 19:25:33.463;1;0;0;0;
09/02/2026 19:25:42.83;1;1;1;0;
09/02/2026 19:25:43.223;1;0;0;0;
09/02/2026 19:25:52.89;1;1;1;0;
09/02/2026 19:25:53.223;1;0;0;0;
09/02/2026 19:26:02.82;1;1;1;0;
09/02/2026 19:26:03.233;1;0;0;0;
09/02/2026 19:26:12.89;1;1;1;0;
09/02/2026 19:26:13.223;1;0;0;0;
09/02/2026 19:26:22.89;1;1;1;0;
09/02/2026 19:26:23.234;1;0;0;0;
09/02/2026 19:26:34.796;0;0;0;0;
09/02/2026 19:27:14.505;0;1;1;0;
09/02/2026 19:27:19.862;0;0;0;0;
09/02/2026 19:27:34.314;0;1;1;0;
09/02/2026 19:27:36.249;0;0;0;0;
09/02/2026 19:27:54.214;0;1;1;0;
09/02/2026 19:27:55.919;0;0;0;0;
09/02/2026 19:28:14.225;0;0;1;0;
09/02/2026 19:28:15.599;0;0;0;0;
09/02/2026 19:28:54.256;0;1;0;0;
09/02/2026 19:28:55.690;0;0;0;0;
09/02/2026 19:30:14.541;0;1;0;0;
09/02/2026 19:30:16.43;0;0;0;0;
09/02/2026 19:30:54.379;0;1;0;0;
09/02/2026 19:30:56.124;0;0;0;0;
09/02/2026 19:31:54.411;0;1;0;0;
09/02/2026 19:31:55.985;0;0;0;0;
09/02/2026 19:32:34.452;0;1;0;0;
09/02/2026 19:32:36.247;0;0;0;0;
09/02/2026 19:33:14.663;0;1;0;0;
09/02/2026 19:33:16.238;0;0;0;0;
09/02/2026 19:34:34.395;0;1;0;0;
09/02/2026 19:34:36.10;0;0;0;0;
09/02/2026 19:35:36.482;0;1;0;0;
09/02/2026 19:35:38.114;0;0;0;0;
09/02/2026 19:35:56.753;0;0;1;0;
09/02/2026 19:35:58.84;0;0;0;0;
09/02/2026 19:37:14.590;0;1;0;0;
09/02/2026 19:37:16.434;0;0;0;0;
09/02/2026 19:38:34.597;0;1;0;0;
09/02/2026 19:38:36.216;0;0;0;0;
09/02/2026 19:39:14.818;0;1;0;0;
09/02/2026 19:39:16.438;0;0;0;0;
09/02/2026 19:40:14.555;0;1;0;0;
09/02/2026 19:40:16.139;0;0;0;0;
09/02/2026 19:43:54.751;0;1;0;0;
09/02/2026 19:43:56.776;0;0;0;0;
09/02/2026 19:44:34.772;0;1;0;0;
09/02/2026 19:44:36.456;0;0;0;0;
09/02/2026 19:50:55.63;0;1;0;0;
09/02/2026 19:50:56.537;0;0;0;0;
09/02/2026 19:51:15.193;0;0;1;0;
09/02/2026 19:51:16.397;0;0;0;0;
09/02/2026 19:52:54.916;0;1;0;0;
09/02/2026 19:52:56.800;0;0;0;0;
09/02/2026 19:54:14.938;0;1;0;0;
09/02/2026 19:54:16.472;0;0;0;0;
09/02/2026 20:00:15.103;0;1;1;0;
09/02/2026 20:00:16.812;0;0;0;0;
09/02/2026 20:00:55.229;0;1;1;0;
09/02/2026 20:00:56.783;0;0;0;0;
09/02/2026 20:02:35.282;0;1;0;0;
09/02/2026 20:02:37.6;0;0;0;0;
09/02/2026 20:02:55.432;0;1;0;0;
09/02/2026 20:02:57.7;0;0;0;0;
09/02/2026 20:03:15.523;0;1;0;0;
09/02/2026 20:03:17.217;0;0;0;0;
09/02/2026 20:03:55.334;0;1;1;0;
09/02/2026 20:03:56.948;0;0;0;0;
09/02/2026 20:04:55.268;0;0;1;0;
09/02/2026 20:04:56.469;0;0;0;0;
09/02/2026 20:08:15.451;0;1;0;0;
09/02/2026 20:08:17.45;0;0;0;0;
09/02/2026 20:11:55.579;0;1;0;0;
09/02/2026 20:11:57.81;0;0;0;0;
09/02/2026 20:12:15.700;0;0;1;0;
09/02/2026 20:12:16.921;0;0;0;0;
09/02/2026 20:13:35.599;0;1;0;0;
09/02/2026 20:13:37.264;0;0;0;0;
09/02/2026 20:13:55.610;0;1;1;0;
09/02/2026 20:13:57.354;0;0;0;0;
09/02/2026 20:14:15.620;0;0;1;0;
09/02/2026 20:14:16.864;0;0;0;0;
09/02/2026 20:14:55.641;0;1;0;0;
09/02/2026 20:14:57.636;0;0;0;0;
09/02/2026 20:15:15.732;0;1;0;0;
09/02/2026 20:15:17.326;0;0;0;0;
09/02/2026 20:17:15.615;0;0;1;0;
09/02/2026 20:17:17.19;0;0;0;0;
09/02/2026 20:17:55.631;0;0;1;0;
09/02/2026 20:17:56.950;0;0;0;0;
09/02/2026 20:19:16.25;0;0;1;0;
09/02/2026 20:19:17.172;0;0;0;0;
09/02/2026 20:20:55.820;0;1;0;0;
09/02/2026 20:20:57.295;0;0;0;0;
09/02/2026 20:21:22.837;1;0;0;0;
09/02/2026 20:21:22.838;1;1;1;0;
09/02/2026 20:21:37.66;1;0;0;0;
09/02/2026 20:21:57.627;0;0;0;0;
09/02/2026 20:38:20.556;0;1;0;0;
09/02/2026 20:38:20.556;1;1;0;0;
09/02/2026 20:38:22.131;1;0;0;0;
09/02/2026 20:38:58.475;1;0;1;0;
09/02/2026 20:39:11.331;1;0;0;0;
09/02/2026 20:39:30.191;0;0;0;0;
09/02/2026 20:40:10.471;0;1;0;0;
09/02/2026 20:40:16.989;0;0;0;0;
09/02/2026 20:40:50.470;0;1;1;0;
09/02/2026 20:40:52.866;0;0;0;0;
09/02/2026 20:41:10.481;0;1;1;0;
09/02/2026 20:41:13.26;0;0;0;0;
09/02/2026 20:41:30.491;0;1;1;0;
09/02/2026 20:41:31.966;0;0;0;0;
09/02/2026 20:42:30.700;0;0;1;0;
09/02/2026 20:42:32.87;0;0;0;0;
09/02/2026 20:45:50.628;0;1;0;0;
09/02/2026 20:45:52.453;0;0;0;0;
09/02/2026 20:46:10.639;0;1;0;0;
09/02/2026 20:46:12.493;0;0;0;0;
09/02/2026 20:46:30.650;0;0;1;0;
09/02/2026 20:46:31.783;0;0;0;0;
09/02/2026 20:46:50.670;0;0;1;0;
09/02/2026 20:46:51.984;0;0;0;0;
09/02/2026 20:47:10.910;0;0;1;0;
09/02/2026 20:47:12.134;0;0;0;0;
09/02/2026 20:47:30.811;0;1;0;0;
09/02/2026 20:47:32.605;0;0;0;0;
09/02/2026 20:48:30.792;0;0;1;0;
09/02/2026 20:48:31.936;0;0;0;0;
09/02/2026 20:48:50.803;0;1;0;0;
09/02/2026 20:48:52.667;0;0;0;0;
09/02/2026 20:49:30.824;0;1;0;0;
09/02/2026 20:49:32.388;0;0;0;0;
09/02/2026 20:49:50.864;0;0;1;0;
09/02/2026 20:49:52.108;0;0;0;0;
09/02/2026 20:50:10.845;0;1;0;0;
09/02/2026 20:50:12.449;0;0;0;0;
09/02/2026 20:54:50.982;0;1;0;0;
09/02/2026 20:54:52.536;0;0;0;0;
09/02/2026 20:55:51.274;0;1;0;0;
09/02/2026 20:55:52.898;0;0;0;0;
09/02/2026 20:56:11.14;0;0;1;0;
09/02/2026 20:56:12.248;0;0;0;0;
09/02/2026 20:56:31.24;0;1;1;0;
09/02/2026 20:56:33.109;0;0;0;0;
09/02/2026 20:57:31.56;0;1;0;0;
09/02/2026 20:57:32.560;0;0;0;0;
09/02/2026 21:00:31.30;0;1;0;0;
09/02/2026 21:00:33.35;0;0;0;0;
09/02/2026 21:00:51.31;0;0;1;0;
09/02/2026 21:00:52.285;0;0;0;0;
09/02/2026 21:01:11.41;0;1;0;0;
09/02/2026 21:01:12.776;0;0;0;0;
09/02/2026 21:04:31.256;0;1;0;0;
09/02/2026 21:04:32.941;0;0;0;0;
09/02/2026 21:05:11.167;0;1;0;0;
09/02/2026 21:05:12.752;0;0;0;0;
09/02/2026 21:07:11.210;0;1;0;0;
09/02/2026 21:07:12.765;0;0;0;0;
09/02/2026 21:07:51.321;0;1;0;0;
09/02/2026 21:07:53.56;0;0;0;0;
09/02/2026 21:10:51.416;0;1;0;0;
09/02/2026 21:10:53.10;0;0;0;0;
09/02/2026 21:11:31.437;0;0;1;0;
09/02/2026 21:11:32.571;0;0;0;0;
09/02/2026 21:11:51.370;0;1;1;0;
09/02/2026 21:11:52.952;0;0;0;0;
09/02/2026 21:32:31.950;0;1;1;0;
09/02/2026 21:32:33.534;0;0;0;0;
09/02/2026 21:33:32.52;0;1;0;0;
09/02/2026 21:33:33.606;0;0;0;0;
09/02/2026 21:36:15.119;1;0;0;0;
09/02/2026 21:36:15.120;1;1;1;0;
09/02/2026 21:36:21.939;1;0;0;0;
09/02/2026 21:36:23.128;1;1;1;0;
09/02/2026 21:36:24.261;1;0;0;0;
09/02/2026 21:36:33.117;1;1;1;0;
09/02/2026 21:36:34.271;1;0;0;0;
09/02/2026 21:36:43.117;1;1;1;0;
09/02/2026 21:36:44.582;1;0;0;0;
09/02/2026 21:36:53.118;1;1;1;0;
09/02/2026 21:36:54.252;1;0;0;0;
09/02/2026 21:37:03.117;1;1;1;0;
09/02/2026 21:37:04.252;1;0;0;0;
09/02/2026 21:37:13.118;1;1;1;0;
09/02/2026 21:37:14.252;1;0;0;0;
09/02/2026 21:37:23.118;1;1;1;0;
09/02/2026 21:37:24.253;1;0;0;0;
09/02/2026 21:37:35.254;0;0;0;0;
09/02/2026 21:38:15.629;0;1;1;0;
09/02/2026 21:38:19.720;0;0;0;0;
09/02/2026 21:38:55.323;0;1;1;0;
09/02/2026 21:38:57.188;0;0;0;0;
09/02/2026 21:39:15.364;0;0;1;0;
09/02/2026 21:39:16.608;0;0;0;0;
09/02/2026 21:39:55.350;0;1;0;0;
09/02/2026 21:39:56.829;0;0;0;0;
09/02/2026 21:40:55.397;0;1;0;0;
09/02/2026 21:40:57.21;0;0;0;0;
09/02/2026 21:42:15.329;0;1;0;0;
09/02/2026 21:42:16.853;0;0;0;0;
09/02/2026 21:44:15.552;0;1;0;0;
09/02/2026 21:44:17.166;0;0;0;0;
09/02/2026 21:45:35.514;0;1;0;0;
09/02/2026 21:45:37.149;0;0;0;0;
09/02/2026 21:46:35.546;0;1;0;0;
09/02/2026 21:46:37.260;0;0;0;0;
09/02/2026 21:47:55.488;0;1;0;0;
09/02/2026 21:47:57.12;0;0;0;0;
09/02/2026 21:51:55.695;0;0;1;0;
09/02/2026 21:51:57.29;0;0;0;0;
09/02/2026 21:52:15.705;0;1;0;0;
09/02/2026 21:52:17.309;0;0;0;0;
09/02/2026 21:53:55.658;0;1;0;0;
09/02/2026 21:53:57.242;0;0;0;0;
09/02/2026 21:56:15.872;0;1;0;0;
09/02/2026 21:56:17.486;0;0;0;0;
09/02/2026 21:58:15.865;0;1;0;0;
09/02/2026 21:58:17.439;0;0;0;0;
09/02/2026 22:00:15.828;0;0;1;0;
09/02/2026 22:00:16.962;0;0;0;0;
09/02/2026 22:00:35.839;0;0;1;0;
09/02/2026 22:00:37.93;0;0;0;0;
09/02/2026 22:01:15.870;0;1;0;0;
09/02/2026 22:01:17.694;0;0;0;0;
09/02/2026 22:01:35.910;0;0;1;0;
09/02/2026 22:01:37.355;0;0;0;0;
09/02/2026 22:02:36.372;0;1;0;0;
09/02/2026 22:02:37.967;0;0;0;0;
09/02/2026 22:03:56.24;0;0;1;0;
09/02/2026 22:03:57.358;0;0;0;0;
09/02/2026 22:08:16.141;0;0;1;0;
09/02/2026 22:08:17.365;0;0;0;0;
09/02/2026 22:11:36.639;0;1;0;0;
09/02/2026 22:11:38.582;0;0;0;0;
09/02/2026 22:12:16.168;0;1;0;0;
09/02/2026 22:12:17.752;0;0;0;0;
09/02/2026 22:13:16.209;0;1;0;0;
09/02/2026 22:13:17.674;0;0;0;0;
09/02/2026 22:13:56.220;0;1;0;0;
09/02/2026 22:13:57.775;0;0;0;0;
09/02/2026 22:14:16.631;0;1;1;0;
09/02/2026 22:14:18.376;0;0;0;0;
09/02/2026 22:14:36.562;0;0;1;0;
09/02/2026 22:14:37.816;0;0;0;0;
09/02/2026 22:14:56.322;0;1;1;0;
09/02/2026 22:14:58.117;0;0;0;0;
09/02/2026 22:15:16.333;0;1;1;0;
09/02/2026 22:15:18.257;0;0;0;0;
09/02/2026 22:17:36.621;0;0;1;0;
09/02/2026 22:17:38.51;0;0;0;0;
09/02/2026 22:18:16.327;0;1;0;0;
09/02/2026 22:18:18.182;0;0;0;0;
09/02/2026 22:18:56.348;0;1;0;0;
09/02/2026 22:18:58.83;0;0;0;0;
09/02/2026 22:19:36.379;0;0;1;0;
09/02/2026 22:19:37.724;0;0;0;0;
09/02/2026 22:22:16.534;0;0;1;0;
09/02/2026 22:22:17.688;0;0;0;0;
09/02/2026 22:22:36.544;0;0;1;0;
09/02/2026 22:22:37.818;0;0;0;0;
09/02/2026 22:22:56.555;0;1;1;0;
09/02/2026 22:22:58.690;0;0;0;0;
09/02/2026 22:23:16.785;0;0;1;0;
09/02/2026 22:23:18.90;0;0;0;0;
09/02/2026 22:23:36.700;0;1;1;0;
09/02/2026 22:23:38.491;0;0;0;0;
09/02/2026 22:23:56.813;0;1;0;0;
09/02/2026 22:23:58.451;0;0;0;0;
09/02/2026 22:24:56.518;0;0;1;0;
09/02/2026 22:24:57.982;0;0;0;0;
09/02/2026 22:25:36.539;0;0;1;0;
09/02/2026 22:25:37.883;0;0;0;0;
09/02/2026 22:31:20.791;1;0;0;0;
09/02/2026 22:31:20.792;1;1;1;0;
09/02/2026 22:31:34.859;1;0;0;0;
09/02/2026 22:31:55.670;0;0;0;0;
09/02/2026 22:35:38.86;0;1;0;0;
09/02/2026 22:35:38.87;1;1;0;0;
09/02/2026 22:35:39.782;1;0;0;0;
09/02/2026 22:36:15.985;1;0;1;0;
09/02/2026 22:36:28.482;1;0;0;0;
09/02/2026 22:36:49.583;0;0;0;0;
09/02/2026 22:37:28.72;0;1;1;0;
09/02/2026 22:37:32.878;0;0;0;0;
09/02/2026 22:37:48.381;0;0;1;0;
09/02/2026 22:37:49.725;0;0;0;0;
09/02/2026 22:38:08.276;0;0;1;0;
09/02/2026 22:38:09.625;0;0;0;0;
09/02/2026 22:38:30.489;0;1;1;0;
09/02/2026 22:38:32.689;0;0;0;0;
09/02/2026 22:38:48.202;0;1;0;0;
09/02/2026 22:38:50.367;0;0;0;0;
09/02/2026 22:39:08.213;0;0;1;0;
09/02/2026 22:39:09.777;0;0;0;0;
09/02/2026 22:39:28.223;0;1;1;0;
09/02/2026 22:39:30.508;0;0;0;0;
09/02/2026 22:39:48.234;0;1;1;0;
09/02/2026 22:39:49.778;0;0;0;0;
09/02/2026 22:40:08.244;0;1;1;0;
09/02/2026 22:40:09.999;0;0;0;0;
09/02/2026 22:40:28.255;0;0;1;0;
09/02/2026 22:40:29.589;0;0;0;0;
09/02/2026 22:40:48.266;0;1;0;0;
09/02/2026 22:40:50.130;0;0;0;0;
09/02/2026 22:42:08.572;0;0;1;0;
09/02/2026 22:42:09.832;0;0;0;0;
09/02/2026 22:43:08.259;0;0;1;0;
09/02/2026 22:43:09.583;0;0;0;0;
09/02/2026 22:44:08.260;0;0;1;0;
09/02/2026 22:44:09.484;0;0;0;0;
09/02/2026 22:44:28.261;0;1;0;0;
09/02/2026 22:44:30.175;0;0;0;0;
09/02/2026 22:44:48.291;0;1;1;0;
09/02/2026 22:44:50.156;0;0;0;0;
09/02/2026 22:46:08.403;0;1;0;0;
09/02/2026 22:46:10.8;0;0;0;0;
09/02/2026 22:46:48.425;0;1;0;0;
09/02/2026 22:46:49.969;0;0;0;0;
09/02/2026 22:51:08.441;0;0;1;0;
09/02/2026 22:51:09.575;0;0;0;0;
09/02/2026 22:51:28.456;0;0;1;0;
09/02/2026 22:51:29.775;0;0;0;0;
09/02/2026 22:52:28.873;0;1;0;0;
09/02/2026 22:52:30.467;0;0;0;0;
09/02/2026 22:52:48.763;0;1;0;0;
09/02/2026 22:52:50.278;0;0;0;0;
09/02/2026 22:53:08.864;0;1;0;0;
09/02/2026 22:53:10.709;0;0;0;0;
09/02/2026 22:53:48.615;0;1;0;0;
09/02/2026 22:53:50.840;0;0;0;0;
09/02/2026 22:54:28.636;0;1;0;0;
09/02/2026 22:54:30.320;0;0;0;0;
09/02/2026 22:54:48.641;0;1;0;0;
09/02/2026 22:54:50.151;0;0;0;0;
09/02/2026 22:56:48.604;0;1;0;0;
09/02/2026 22:56:50.164;0;0;0;0;
09/02/2026 22:57:08.630;0;0;1;0;
09/02/2026 22:57:09.824;0;0;0;0;
09/02/2026 22:57:28.620;0;1;0;0;
09/02/2026 22:57:30.235;0;0;0;0;
09/02/2026 22:59:50.956;0;1;0;0;
09/02/2026 22:59:52.520;0;0;0;0;
09/02/2026 23:00:48.805;0;1;0;0;
09/02/2026 23:00:50.410;0;0;0;0;
09/02/2026 23:04:08.801;0;0;1;0;
09/02/2026 23:04:09.934;0;0;0;0;
09/02/2026 23:06:29.99;0;0;1;0;
09/02/2026 23:06:30.338;0;0;0;0;
09/02/2026 23:09:49.199;0;1;0;0;
09/02/2026 23:09:50.874;0;0;0;0;
09/02/2026 23:11:09.1;0;1;0;0;
09/02/2026 23:11:10.685;0;0;0;0;
09/02/2026 23:17:49.162;0;1;0;0;
09/02/2026 23:17:50.686;0;0;0;0;
09/02/2026 23:22:09.472;0;1;0;0;
09/02/2026 23:22:11.33;0;0;0;0;
09/02/2026 23:22:29.592;0;0;1;0;
09/02/2026 23:22:30.723;0;0;0;0;
09/02/2026 23:22:49.319;0;0;1;0;
09/02/2026 23:22:50.573;0;0;0;0;
09/02/2026 23:32:49.685;0;0;1;0;
09/02/2026 23:32:50.899;0;0;0;0;
09/02/2026 23:33:52.729;1;0;0;0;
09/02/2026 23:33:52.730;1;1;1;0;
09/02/2026 23:33:59.940;1;0;0;0;
09/02/2026 23:34:00.624;1;1;1;0;
09/02/2026 23:34:01.762;1;0;0;0;
09/02/2026 23:34:10.723;1;1;1;0;
09/02/2026 23:34:12.133;1;0;0;0;
09/02/2026 23:34:20.728;1;1;1;0;
09/02/2026 23:34:21.863;1;0;0;0;
09/02/2026 23:34:30.723;1;1;1;0;
09/02/2026 23:34:31.863;1;0;0;0;
09/02/2026 23:34:41.29;1;1;1;0;
09/02/2026 23:34:42.164;1;0;0;0;
09/02/2026 23:34:50.829;1;1;1;0;
09/02/2026 23:34:51.964;1;0;0;0;
09/02/2026 23:35:00.929;1;1;1;0;
09/02/2026 23:35:02.64;1;0;0;0;
09/02/2026 23:35:12.835;0;0;0;0;
09/02/2026 23:35:52.925;0;1;0;0;
09/02/2026 23:35:57.221;0;0;0;0;
09/02/2026 23:36:12.934;0;1;0;0;
09/02/2026 23:36:14.749;0;0;0;0;
09/02/2026 23:36:32.944;0;1;1;0;
09/02/2026 23:36:34.549;0;0;0;0;
09/02/2026 23:36:52.959;0;0;1;0;
09/02/2026 23:36:54.229;0;0;0;0;
09/02/2026 23:38:52.918;0;1;0;0;
09/02/2026 23:38:54.383;0;0;0;0;
09/02/2026 23:40:33.201;0;1;0;0;
09/02/2026 23:40:34.936;0;0;0;0;
09/02/2026 23:41:53.103;0;1;0;0;
09/02/2026 23:41:54.668;0;0;0;0;
09/02/2026 23:47:13.527;0;1;0;0;
09/02/2026 23:47:15.237;0;0;0;0;
09/02/2026 23:47:53.268;0;1;0;0;
09/02/2026 23:47:54.838;0;0;0;0;
09/02/2026 23:50:13.610;0;0;1;0;
09/02/2026 23:50:14.901;0;0;0;0;
10/02/2026 00:01:35.789;0;0;1;0;
10/02/2026 00:01:36.922;0;0;0;0;
10/02/2026 00:03:53.760;0;0;1;0;
10/02/2026 00:03:55.14;0;0;0;0;
10/02/2026 00:09:33.859;0;0;1;0;
10/02/2026 00:09:35.103;0;0;0;0;
10/02/2026 00:10:54.91;0;1;0;0;
10/02/2026 00:10:55.796;0;0;0;0;
10/02/2026 00:11:33.942;0;1;0;0;
10/02/2026 00:11:35.827;0;0;0;0;
10/02/2026 00:15:34.39;0;0;1;0;
10/02/2026 00:15:35.233;0;0;0;0;
10/02/2026 00:15:53.979;0;1;0;0;
10/02/2026 00:15:55.503;0;0;0;0;
10/02/2026 00:16:34.360;0;0;1;0;
10/02/2026 00:16:35.645;0;0;0;0;
10/02/2026 00:16:54.241;0;0;1;0;
10/02/2026 00:16:55.445;0;0;0;0;
10/02/2026 00:18:34.143;0;1;0;0;
10/02/2026 00:18:35.778;0;0;0;0;
10/02/2026 00:19:34.238;0;1;0;0;
10/02/2026 00:19:35.960;0;0;0;0;
10/02/2026 00:19:54.357;0;1;0;0;
10/02/2026 00:19:55.900;0;0;0;0;
10/02/2026 00:20:14.469;0;1;1;0;
10/02/2026 00:20:16.691;0;0;0;0;
10/02/2026 00:21:14.228;0;1;0;0;
10/02/2026 00:21:15.932;0;0;0;0;
10/02/2026 00:22:34.180;0;1;0;0;
10/02/2026 00:22:35.834;0;0;0;0;
10/02/2026 00:23:16.513;0;0;1;0;
10/02/2026 00:23:17.737;0;0;0;0;
10/02/2026 00:23:34.181;0;0;1;0;
10/02/2026 00:23:35.315;0;0;0;0;
10/02/2026 00:27:34.417;0;1;0;0;
10/02/2026 00:27:36.72;0;0;0;0;
10/02/2026 00:27:54.318;0;1;0;0;
10/02/2026 00:27:56.22;0;0;0;0;
10/02/2026 00:28:34.339;0;1;0;0;
10/02/2026 00:28:36.193;0;0;0;0;
10/02/2026 00:28:54.349;0;1;1;0;
10/02/2026 00:28:55.964;0;0;0;0;
10/02/2026 00:29:37.563;1;0;0;0;
10/02/2026 00:29:37.564;1;1;1;0;
10/02/2026 00:29:51.721;1;0;0;0;
10/02/2026 00:30:12.722;0;0;0;0;
10/02/2026 00:33:27.82;1;0;0;0;
10/02/2026 00:33:27.83;1;1;0;0;
10/02/2026 00:33:28.758;1;0;0;0;
10/02/2026 00:34:04.972;1;0;1;0;
10/02/2026 00:34:17.648;1;0;0;0;
10/02/2026 00:34:39.300;0;0;0;0;
10/02/2026 00:35:17.226;0;1;0;0;
10/02/2026 00:35:22.124;0;0;0;0;
10/02/2026 00:35:38.87;0;1;1;0;
10/02/2026 00:35:39.632;0;0;0;0;
10/02/2026 00:35:57.67;0;1;1;0;
10/02/2026 00:35:59.162;0;0;0;0;
10/02/2026 00:36:17.177;0;1;1;0;
10/02/2026 00:36:19.313;0;0;0;0;
10/02/2026 00:36:37.188;0;1;1;0;
10/02/2026 00:36:39.373;0;0;0;0;
10/02/2026 00:36:57.198;0;1;1;0;
10/02/2026 00:36:58.883;0;0;0;0;
10/02/2026 00:37:17.209;0;1;1;0;
10/02/2026 00:37:18.804;0;0;0;0;
10/02/2026 00:37:37.220;0;0;1;0;
10/02/2026 00:37:38.534;0;0;0;0;
10/02/2026 00:38:17.371;0;1;0;0;
10/02/2026 00:38:18.885;0;0;0;0;
10/02/2026 00:40:57.225;0;1;0;0;
10/02/2026 00:40:59.199;0;0;0;0;
10/02/2026 00:41:17.236;0;1;0;0;
10/02/2026 00:41:18.819;0;0;0;0;
10/02/2026 00:41:37.256;0;1;0;0;
10/02/2026 00:41:39.80;0;0;0;0;
10/02/2026 00:42:17.287;0;1;0;0;
10/02/2026 00:42:19.321;0;0;0;0;
10/02/2026 00:42:37.380;0;1;0;0;
10/02/2026 00:42:39.842;0;0;0;0;
10/02/2026 00:42:57.481;0;0;1;0;
10/02/2026 00:42:58.802;0;0;0;0;
10/02/2026 00:43:17.580;0;0;1;0;
10/02/2026 00:43:18.722;0;0;0;0;
10/02/2026 00:45:17.441;0;1;0;0;
10/02/2026 00:45:18.955;0;0;0;0;
10/02/2026 00:46:17.483;0;0;1;0;
10/02/2026 00:46:18.747;0;0;0;0;
10/02/2026 00:46:37.578;0;0;1;0;
10/02/2026 00:46:38.797;0;0;0;0;
10/02/2026 00:48:37.456;0;1;0;0;
10/02/2026 00:48:39.241;0;0;0;0;
10/02/2026 00:50:17.882;0;1;0;0;
10/02/2026 00:50:19.423;0;0;0;0;
10/02/2026 00:52:57.713;0;0;1;0;
10/02/2026 00:52:58.857;0;0;0;0;
10/02/2026 00:53:17.703;0;0;1;0;
10/02/2026 00:53:18.967;0;0;0;0;
10/02/2026 00:54:37.905;0;1;0;0;
10/02/2026 00:54:39.510;0;0;0;0;
10/02/2026 00:56:37.768;0;1;0;0;
10/02/2026 00:56:39.423;0;0;0;0;
10/02/2026 01:02:17.827;0;0;1;0;
10/02/2026 01:02:19.61;0;0;0;0;
10/02/2026 01:05:38.32;0;1;0;0;
10/02/2026 01:05:39.746;0;0;0;0;
10/02/2026 01:08:58.17;0;1;0;0;
10/02/2026 01:08:59.571;0;0;0;0;
10/02/2026 01:11:18.382;0;0;1;0;
10/02/2026 01:11:19.535;0;0;0;0;
10/02/2026 01:11:38.492;0;0;1;0;
10/02/2026 01:11:39.765;0;0;0;0;
10/02/2026 01:22:58.500;0;0;1;0;
10/02/2026 01:22:59.633;0;0;0;0;
10/02/2026 01:23:18.553;0;0;1;0;
10/02/2026 01:23:19.794;0;0;0;0;
10/02/2026 01:30:54.737;0;1;1;0;
10/02/2026 01:30:54.738;1;1;1;0;
10/02/2026 01:31:01.928;1;0;0;0;
10/02/2026 01:31:02.637;1;1;1;0;
10/02/2026 01:31:03.770;1;0;0;0;
10/02/2026 01:31:12.635;1;1;1;0;
10/02/2026 01:31:14.10;1;0;0;0;
10/02/2026 01:31:22.636;1;1;1;0;
10/02/2026 01:31:23.770;1;0;0;0;
10/02/2026 01:31:32.631;1;1;1;0;
10/02/2026 01:31:33.771;1;0;0;0;
10/02/2026 01:31:42.631;1;1;1;0;
10/02/2026 01:31:43.771;1;0;0;0;
10/02/2026 01:31:52.637;1;1;1;0;
10/02/2026 01:31:53.771;1;0;0;0;
10/02/2026 01:32:02.637;1;1;1;0;
10/02/2026 01:32:03.792;1;0;0;0;
10/02/2026 01:32:15.343;0;0;0;0;
10/02/2026 01:32:55.13;0;1;0;0;
10/02/2026 01:32:58.448;0;0;0;0;
10/02/2026 01:33:34.882;0;1;1;0;
10/02/2026 01:33:36.597;0;0;0;0;
10/02/2026 01:33:54.883;0;0;1;0;
10/02/2026 01:33:56.117;0;0;0;0;
10/02/2026 01:39:35.42;0;1;0;0;
10/02/2026 01:39:36.577;0;0;0;0;
10/02/2026 01:44:55.342;0;1;0;0;
10/02/2026 01:44:57.66;0;0;0;0;
10/02/2026 01:48:15.187;0;1;0;0;
10/02/2026 01:48:16.741;0;0;0;0;
10/02/2026 01:49:55.339;0;0;1;0;
10/02/2026 01:49:56.663;0;0;0;0;
10/02/2026 01:51:55.403;0;1;0;0;
10/02/2026 01:51:57.47;0;0;0;0;
10/02/2026 01:56:35.590;0;1;0;0;
10/02/2026 01:56:37.225;0;0;0;0;
10/02/2026 01:58:55.504;0;0;1;0;
10/02/2026 01:58:56.738;0;0;0;0;
10/02/2026 02:01:35.669;0;1;0;0;
10/02/2026 02:01:37.283;0;0;0;0;
10/02/2026 02:03:35.727;0;1;0;0;
10/02/2026 02:03:37.436;0;0;0;0;
10/02/2026 02:04:15.773;0;1;0;0;
10/02/2026 02:04:17.428;0;0;0;0;
10/02/2026 02:06:35.707;0;1;0;0;
10/02/2026 02:06:37.291;0;0;0;0;
10/02/2026 02:07:35.858;0;1;1;0;
10/02/2026 02:07:37.383;0;0;0;0;
10/02/2026 02:07:55.839;0;0;1;0;
10/02/2026 02:07:57.153;0;0;0;0;
10/02/2026 02:09:16.161;0;1;0;0;
10/02/2026 02:09:18.56;0;0;0;0;
10/02/2026 02:09:35.892;0;0;1;0;
10/02/2026 02:09:37.136;0;0;0;0;
10/02/2026 02:09:55.903;0;1;0;0;
10/02/2026 02:09:57.557;0;0;0;0;
10/02/2026 02:10:55.834;0;1;0;0;
10/02/2026 02:10:57.448;0;0;0;0;
10/02/2026 02:14:56.170;0;0;1;0;
10/02/2026 02:14:57.435;0;0;0;0;
10/02/2026 02:15:56.72;0;0;1;0;
10/02/2026 02:15:57.396;0;0;0;0;
10/02/2026 02:16:16.82;0;1;0;0;
10/02/2026 02:16:17.837;0;0;0;0;
10/02/2026 02:16:36.113;0;0;1;0;
10/02/2026 02:16:37.257;0;0;0;0;
10/02/2026 02:16:56.114;0;1;1;0;
10/02/2026 02:16:57.928;0;0;0;0;
10/02/2026 02:17:36.118;0;0;1;0;
10/02/2026 02:17:37.519;0;0;0;0;
10/02/2026 02:18:16.309;0;0;1;0;
10/02/2026 02:18:17.620;0;0;0;0;
10/02/2026 02:18:36.66;0;0;1;0;
10/02/2026 02:18:37.290;0;0;0;0;
10/02/2026 02:21:56.241;0;0;1;0;
10/02/2026 02:21:57.395;0;0;0;0;
10/02/2026 02:22:16.252;0;0;1;0;
10/02/2026 02:22:17.486;0;0;0;0;
10/02/2026 02:24:16.305;0;1;0;0;
10/02/2026 02:24:18.9;0;0;0;0;
10/02/2026 02:25:36.237;0;1;1;0;
10/02/2026 02:25:37.991;0;0;0;0;
10/02/2026 02:26:23.264;1;0;0;0;
10/02/2026 02:26:23.265;1;1;1;0;
10/02/2026 02:26:37.592;1;0;0;0;
10/02/2026 02:26:57.993;0;0;0;0;
10/02/2026 02:30:02.20;0;1;0;0;
10/02/2026 02:30:02.21;1;1;0;0;
10/02/2026 02:30:03.671;1;0;0;0;
10/02/2026 02:30:39.835;1;0;1;0;
10/02/2026 02:30:52.892;1;0;0;0;
10/02/2026 02:31:13.112;0;0;0;0;
10/02/2026 02:31:52.91;0;1;0;0;
10/02/2026 02:31:55.75;0;0;0;0;
10/02/2026 02:32:12.95;0;1;1;0;
10/02/2026 02:32:14.295;0;0;0;0;
10/02/2026 02:32:32.110;0;1;0;0;
10/02/2026 02:32:33.765;0;0;0;0;
10/02/2026 02:32:52.121;0;1;0;0;
10/02/2026 02:32:54.116;0;0;0;0;
10/02/2026 02:33:12.131;0;1;0;0;
10/02/2026 02:33:13.646;0;0;0;0;
10/02/2026 02:33:32.172;0;0;1;0;
10/02/2026 02:33:33.696;0;0;0;0;
10/02/2026 02:33:52.233;0;0;1;0;
10/02/2026 02:33:53.527;0;0;0;0;
10/02/2026 02:34:32.484;0;1;0;0;
10/02/2026 02:34:33.978;0;0;0;0;
10/02/2026 02:35:32.115;0;0;1;0;
10/02/2026 02:35:33.429;0;0;0;0;
10/02/2026 02:37:12.201;0;1;0;0;
10/02/2026 02:37:13.782;0;0;0;0;
10/02/2026 02:37:52.402;0;0;1;0;
10/02/2026 02:37:53.663;0;0;0;0;
10/02/2026 02:40:52.364;0;1;1;0;
10/02/2026 02:40:54.38;0;0;0;0;
10/02/2026 02:41:12.374;0;0;1;0;
10/02/2026 02:41:13.608;0;0;0;0;
10/02/2026 02:41:52.495;0;0;1;0;
10/02/2026 02:41:53.629;0;0;0;0;
10/02/2026 02:42:12.566;0;0;1;0;
10/02/2026 02:42:13.819;0;0;0;0;
10/02/2026 02:44:12.428;0;1;0;0;
10/02/2026 02:44:14.223;0;0;0;0;
10/02/2026 02:45:12.552;0;1;0;0;
10/02/2026 02:45:14.124;0;0;0;0;
10/02/2026 02:47:12.522;0;1;0;0;
10/02/2026 02:47:14.167;0;0;0;0;
10/02/2026 02:47:32.543;0;1;0;0;
10/02/2026 02:47:34.167;0;0;0;0;
10/02/2026 02:48:12.454;0;0;1;0;
10/02/2026 02:48:13.678;0;0;0;0;
10/02/2026 02:48:32.494;0;0;1;0;
10/02/2026 02:48:33.719;0;0;0;0;
10/02/2026 02:50:12.497;0;1;0;0;
10/02/2026 02:50:14.21;0;0;0;0;
10/02/2026 02:52:12.747;0;1;0;0;
10/02/2026 02:52:14.435;0;0;0;0;
10/02/2026 02:54:12.723;0;0;1;0;
10/02/2026 02:54:14.37;0;0;0;0;
10/02/2026 02:54:52.634;0;1;0;0;
10/02/2026 02:54:54.248;0;0;0;0;
10/02/2026 02:57:12.677;0;1;0;0;
10/02/2026 02:57:14.232;0;0;0;0;
10/02/2026 03:00:32.883;0;1;0;0;
10/02/2026 03:00:34.487;0;0;0;0;
10/02/2026 03:09:12.946;0;1;0;0;
10/02/2026 03:09:14.500;0;0;0;0;
10/02/2026 03:09:33.37;0;0;1;0;
10/02/2026 03:09:34.261;0;0;0;0;
10/02/2026 03:13:53.274;0;1;0;0;
10/02/2026 03:13:54.878;0;0;0;0;
10/02/2026 03:17:13.349;0;1;0;0;
10/02/2026 03:17:14.903;0;0;0;0;
10/02/2026 03:21:53.406;0;0;1;0;
10/02/2026 03:21:54.540;0;0;0;0;
10/02/2026 03:22:13.397;0;0;1;0;
10/02/2026 03:22:14.661;0;0;0;0;
10/02/2026 03:23:13.519;0;1;0;0;
10/02/2026 03:23:15.133;0;0;0;0;
10/02/2026 03:27:02.867;0;1;1;0;
10/02/2026 03:27:02.878;1;1;1;0;
10/02/2026 03:27:10.234;1;0;0;0;
10/02/2026 03:27:10.543;1;1;1;0;
10/02/2026 03:27:11.696;1;0;0;0;
10/02/2026 03:27:20.541;1;1;1;0;
10/02/2026 03:27:21.926;1;0;0;0;
10/02/2026 03:27:30.542;1;1;1;0;
10/02/2026 03:27:31.686;1;0;0;0;
10/02/2026 03:27:40.542;1;1;1;0;
10/02/2026 03:27:41.687;1;0;0;0;
10/02/2026 03:27:50.542;1;1;1;0;
10/02/2026 03:27:51.687;1;0;0;0;
10/02/2026 03:28:00.653;1;1;1;0;
10/02/2026 03:28:01.787;1;0;0;0;
10/02/2026 03:28:10.653;1;1;1;0;
10/02/2026 03:28:11.788;1;0;0;0;
10/02/2026 03:28:23.59;0;0;0;0;
10/02/2026 03:29:02.628;0;1;0;0;
10/02/2026 03:29:06.654;0;0;0;0;
10/02/2026 03:29:42.888;0;1;1;0;
10/02/2026 03:29:44.813;0;0;0;0;
10/02/2026 03:30:03.59;0;0;1;0;
10/02/2026 03:30:04.393;0;0;0;0;
10/02/2026 03:35:43.69;0;1;0;0;
10/02/2026 03:35:44.563;0;0;0;0;
10/02/2026 03:37:42.981;0;0;1;0;
10/02/2026 03:37:44.316;0;0;0;0;
10/02/2026 03:45:03.487;0;1;0;0;
10/02/2026 03:45:05.108;0;0;0;0;
10/02/2026 03:51:23.274;0;1;0;0;
10/02/2026 03:51:24.828;0;0;0;0;
10/02/2026 03:51:43.285;0;0;1;0;
10/02/2026 03:51:44.419;0;0;0;0;
10/02/2026 03:52:03.296;0;0;1;0;
10/02/2026 03:52:04.579;0;0;0;0;
10/02/2026 03:58:23.476;0;1;0;0;
10/02/2026 03:58:25.571;0;0;0;0;
10/02/2026 03:58:43.497;0;1;0;0;
10/02/2026 03:58:45.21;0;0;0;0;
10/02/2026 04:02:43.693;0;1;0;0;
10/02/2026 04:02:45.137;0;0;0;0;
10/02/2026 04:05:23.892;0;0;1;0;
10/02/2026 04:05:25.31;0;0;0;0;
10/02/2026 04:05:43.768;0;0;1;0;
10/02/2026 04:05:45.22;0;0;0;0;
10/02/2026 04:07:43.831;0;1;0;0;
10/02/2026 04:07:45.466;0;0;0;0;
10/02/2026 04:08:43.863;0;1;0;0;
10/02/2026 04:08:45.647;0;0;0;0;
10/02/2026 04:09:03.893;0;1;1;0;
10/02/2026 04:09:05.598;0;0;0;0;
10/02/2026 04:09:23.904;0;1;1;0;
10/02/2026 04:09:25.518;0;0;0;0;
10/02/2026 04:13:44.1;0;0;1;0;
10/02/2026 04:13:45.275;0;0;0;0;
10/02/2026 04:14:04.146;0;1;0;0;
10/02/2026 04:14:05.656;0;0;0;0;
10/02/2026 04:14:44.313;0;0;1;0;
10/02/2026 04:14:45.547;0;0;0;0;
10/02/2026 04:15:24.83;0;0;1;0;
10/02/2026 04:15:25.277;0;0;0;0;
10/02/2026 04:16:03.974;0;0;1;0;
10/02/2026 04:16:05.349;0;0;0;0;
10/02/2026 04:17:24.137;0;0;1;0;
10/02/2026 04:17:25.481;0;0;0;0;
10/02/2026 04:18:04.18;0;0;1;0;
10/02/2026 04:18:05.261;0;0;0;0;
10/02/2026 04:18:24.118;0;0;1;0;
10/02/2026 04:18:25.522;0;0;0;0;
10/02/2026 04:19:44.160;0;1;1;0;
10/02/2026 04:19:45.734;0;0;0;0;
10/02/2026 04:21:44.228;0;0;1;0;
10/02/2026 04:21:45.397;0;0;0;0;
10/02/2026 04:22:44.154;0;0;1;0;
10/02/2026 04:22:45.509;0;0;0;0;
10/02/2026 04:22:59.259;1;0;0;0;
10/02/2026 04:22:59.260;1;1;1;0;
10/02/2026 04:23:13.197;1;0;0;0;
10/02/2026 04:23:34.108;0;0;0;0;
10/02/2026 04:26:33.15;0;1;0;0;
10/02/2026 04:26:33.16;1;1;0;0;
10/02/2026 04:26:34.761;1;0;0;0;
10/02/2026 04:27:11.170;1;0;1;0;
10/02/2026 04:27:23.982;1;0;0;0;
10/02/2026 04:27:45.133;0;0;0;0;
10/02/2026 04:28:23.101;0;1;0;0;
10/02/2026 04:28:28.7;0;0;0;0;
10/02/2026 04:28:43.110;0;0;1;0;
10/02/2026 04:28:44.734;0;0;0;0;
10/02/2026 04:29:03.150;0;1;1;0;
10/02/2026 04:29:05.135;0;0;0;0;
10/02/2026 04:29:23.126;0;1;0;0;
10/02/2026 04:29:25.356;0;0;0;0;
10/02/2026 04:29:43.141;0;1;0;0;
10/02/2026 04:29:45.226;0;0;0;0;
10/02/2026 04:30:05.216;0;1;1;0;
10/02/2026 04:30:07.9;0;0;0;0;
10/02/2026 04:30:23.305;0;1;1;0;
10/02/2026 04:30:25.237;0;0;0;0;
10/02/2026 04:30:43.406;0;0;1;0;
10/02/2026 04:30:44.847;0;0;0;0;
10/02/2026 04:31:03.183;0;0;1;0;
10/02/2026 04:31:04.538;0;0;0;0;
10/02/2026 04:31:23.194;0;1;0;0;
10/02/2026 04:31:24.728;0;0;0;0;
10/02/2026 04:32:43.136;0;1;0;0;
10/02/2026 04:32:44.630;0;0;0;0;
10/02/2026 04:33:43.227;0;1;0;0;
10/02/2026 04:33:44.982;0;0;0;0;
10/02/2026 04:34:43.184;0;0;1;0;
10/02/2026 04:34:44.533;0;0;0;0;
10/02/2026 04:35:23.310;0;1;0;0;
10/02/2026 04:35:24.954;0;0;0;0;
10/02/2026 04:36:43.353;0;0;1;0;
10/02/2026 04:36:44.596;0;0;0;0;
10/02/2026 04:40:23.477;0;0;1;0;
10/02/2026 04:40:24.701;0;0;0;0;
10/02/2026 04:40:43.368;0;0;1;0;
10/02/2026 04:40:44.502;0;0;0;0;
10/02/2026 04:42:23.511;0;1;0;0;
10/02/2026 04:42:25.55;0;0;0;0;
10/02/2026 04:43:03.531;0;0;1;0;
10/02/2026 04:43:04.845;0;0;0;0;
10/02/2026 04:44:23.584;0;1;0;0;
10/02/2026 04:44:25.208;0;0;0;0;
10/02/2026 04:47:43.558;0;0;1;0;
10/02/2026 04:47:44.782;0;0;0;0;
10/02/2026 04:52:23.700;0;1;0;0;
10/02/2026 04:52:25.700;0;0;0;0;
10/02/2026 04:52:43.711;0;1;1;0;
10/02/2026 04:52:45.480;0;0;0;0;
10/02/2026 04:56:03.901;0;0;1;0;
10/02/2026 04:56:05.265;0;0;0;0;
10/02/2026 04:59:23.901;0;1;0;0;
10/02/2026 04:59:25.490;0;0;0;0;
10/02/2026 05:05:44.86;0;1;0;0;
10/02/2026 05:05:45.690;0;0;0;0;
10/02/2026 05:08:24.260;0;0;1;0;
10/02/2026 05:08:25.394;0;0;0;0;
10/02/2026 05:08:44.266;0;0;1;0;
10/02/2026 05:08:45.495;0;0;0;0;
10/02/2026 05:13:44.319;0;1;0;0;
10/02/2026 05:13:46.23;0;0;0;0;
10/02/2026 05:17:04.519;0;1;0;0;
10/02/2026 05:17:06.109;0;0;0;0;
10/02/2026 05:24:04.625;0;1;0;0;
10/02/2026 05:24:06.400;0;0;0;0;
10/02/2026 05:24:07.628;1;0;0;0;
10/02/2026 05:24:07.629;1;1;1;0;
10/02/2026 05:24:14.849;1;0;0;0;
10/02/2026 05:24:15.560;1;1;1;0;
10/02/2026 05:24:16.701;1;0;0;0;
10/02/2026 05:24:25.719;1;1;1;0;
10/02/2026 05:24:27.91;1;0;0;0;
10/02/2026 05:24:35.683;1;1;1;0;
10/02/2026 05:24:36.821;1;0;0;0;
10/02/2026 05:24:45.750;1;1;1;0;
10/02/2026 05:24:46.882;1;0;0;0;
10/02/2026 05:24:55.821;1;1;1;0;
10/02/2026 05:24:56.962;1;0;0;0;
10/02/2026 05:25:05.882;1;1;1;0;
10/02/2026 05:25:07.22;1;0;0;0;
10/02/2026 05:25:15.623;1;1;1;0;
10/02/2026 05:25:16.762;1;0;0;0;
10/02/2026 05:25:27.723;0;0;0;0;
10/02/2026 05:26:07.833;0;1;0;0;
10/02/2026 05:26:10.808;0;0;0;0;
10/02/2026 05:26:47.853;0;0;1;0;
10/02/2026 05:26:49.217;0;0;0;0;
10/02/2026 05:27:07.863;0;0;1;0;
10/02/2026 05:27:09.188;0;0;0;0;
10/02/2026 05:28:07.945;0;1;0;0;
10/02/2026 05:28:09.620;0;0;0;0;
10/02/2026 05:28:47.816;0;1;0;0;
10/02/2026 05:28:49.401;0;0;0;0;
10/02/2026 05:33:48.155;0;1;0;0;
10/02/2026 05:33:49.629;0;0;0;0;
10/02/2026 05:36:28.112;0;0;1;0;
10/02/2026 05:36:29.433;0;0;0;0;
10/02/2026 05:38:08.172;0;1;0;0;
10/02/2026 05:38:09.806;0;0;0;0;
10/02/2026 05:43:28.326;0;1;0;0;
10/02/2026 05:43:29.985;0;0;0;0;
10/02/2026 05:45:28.439;0;1;0;0;
10/02/2026 05:45:30.128;0;0;0;0;
10/02/2026 05:47:08.347;0;1;0;0;
10/02/2026 05:47:09.901;0;0;0;0;
10/02/2026 05:47:48.358;0;1;0;0;
10/02/2026 05:47:50.2;0;0;0;0;
10/02/2026 05:48:48.660;0;0;1;0;
10/02/2026 05:48:49.834;0;0;0;0;
10/02/2026 05:49:08.783;0;0;1;0;
10/02/2026 05:49:10.14;0;0;0;0;
10/02/2026 06:01:08.811;0;1;0;0;
10/02/2026 06:01:10.795;0;0;0;0;
10/02/2026 06:01:28.821;0;1;0;0;
10/02/2026 06:01:30.455;0;0;0;0;
10/02/2026 06:02:08.842;0;1;0;0;
10/02/2026 06:02:10.806;0;0;0;0;
10/02/2026 06:02:28.853;0;1;0;0;
10/02/2026 06:02:30.847;0;0;0;0;
10/02/2026 06:02:48.883;0;0;1;0;
10/02/2026 06:02:50.137;0;0;0;0;
10/02/2026 06:04:08.916;0;1;0;0;
10/02/2026 06:04:10.379;0;0;0;0;
10/02/2026 06:04:48.826;0;0;1;0;
10/02/2026 06:04:49.960;0;0;0;0;
10/02/2026 06:05:48.941;0;1;0;0;
10/02/2026 06:05:50.702;0;0;0;0;
10/02/2026 06:06:28.859;0;0;1;0;
10/02/2026 06:06:30.83;0;0;0;0;
10/02/2026 06:07:49.1;0;1;0;0;
10/02/2026 06:07:50.715;0;0;0;0;
10/02/2026 06:09:49.74;0;1;1;0;
10/02/2026 06:09:50.698;0;0;0;0;
10/02/2026 06:10:29.86;0;0;1;0;
10/02/2026 06:10:30.319;0;0;0;0;
10/02/2026 06:11:09.6;0;1;0;0;
10/02/2026 06:11:10.650;0;0;0;0;
10/02/2026 06:11:29.17;0;1;0;0;
10/02/2026 06:11:30.721;0;0;0;0;
10/02/2026 06:12:49.44;0;0;1;0;
10/02/2026 06:12:50.303;0;0;0;0;
10/02/2026 06:13:29.170;0;1;0;0;
10/02/2026 06:13:30.914;0;0;0;0;
10/02/2026 06:14:09.191;0;1;0;0;
10/02/2026 06:14:10.885;0;0;0;0;
10/02/2026 06:17:49.206;0;0;1;0;
10/02/2026 06:17:50.460;0;0;0;0;
10/02/2026 06:18:49.401;0;0;1;0;
10/02/2026 06:18:50.802;0;0;0;0;
10/02/2026 06:19:09.622;0;1;1;0;
10/02/2026 06:19:11.363;0;0;0;0;
10/02/2026 06:19:49.349;0;1;0;0;
10/02/2026 06:19:51.94;0;0;0;0;
10/02/2026 06:19:53.363;1;0;0;0;
10/02/2026 06:19:53.364;1;1;1;0;
10/02/2026 06:20:07.471;1;0;0;0;
10/02/2026 06:20:28.643;0;0;0;0;
10/02/2026 06:47:47.785;0;1;0;0;
10/02/2026 06:47:47.786;1;1;0;0;
10/02/2026 06:47:49.501;1;0;0;0;
10/02/2026 06:48:25.945;1;0;1;0;
10/02/2026 06:48:38.761;1;0;0;0;
10/02/2026 06:48:57.140;0;0;0;0;
10/02/2026 06:49:37.940;0;1;0;0;
10/02/2026 06:49:42.837;0;0;0;0;
10/02/2026 06:49:57.949;0;0;1;0;
10/02/2026 06:49:59.454;0;0;0;0;
10/02/2026 06:50:18.114;0;1;1;0;
10/02/2026 06:50:20.206;0;0;0;0;
10/02/2026 06:50:38.86;0;1;0;0;
10/02/2026 06:50:40.226;0;0;0;0;
10/02/2026 06:50:58.175;0;1;1;0;
10/02/2026 06:51:00.247;0;0;0;0;
10/02/2026 06:51:18.386;0;1;1;0;
10/02/2026 06:51:20.187;0;0;0;0;
10/02/2026 06:51:38.3;0;1;1;0;
10/02/2026 06:51:39.777;0;0;0;0;
10/02/2026 06:51:58.13;0;0;1;0;
10/02/2026 06:51:59.397;0;0;0;0;
10/02/2026 06:52:18.23;0;1;0;0;
10/02/2026 06:52:19.908;0;0;0;0;
10/02/2026 06:53:57.966;0;1;0;0;
10/02/2026 06:53:59.581;0;0;0;0;
10/02/2026 06:54:17.966;0;1;0;0;
10/02/2026 06:54:19.701;0;0;0;0;
10/02/2026 06:55:18.108;0;0;1;0;
10/02/2026 06:55:19.513;0;0;0;0;
10/02/2026 06:55:38.98;0;1;0;0;
10/02/2026 06:55:39.723;0;0;0;0;
10/02/2026 06:56:18.200;0;1;0;0;
10/02/2026 06:56:19.804;0;0;0;0;
10/02/2026 06:57:38.162;0;0;1;0;
10/02/2026 06:57:39.316;0;0;0;0;
10/02/2026 06:59:58.145;0;0;1;0;
10/02/2026 06:59:59.400;0;0;0;0;
10/02/2026 07:01:38.268;0;1;0;0;
10/02/2026 07:01:40.213;0;0;0;0;
10/02/2026 07:02:18.289;0;1;0;0;
10/02/2026 07:02:20.34;0;0;0;0;
10/02/2026 07:02:58.310;0;1;0;0;
10/02/2026 07:03:00.295;0;0;0;0;
10/02/2026 07:03:18.321;0;1;0;0;
10/02/2026 07:03:19.985;0;0;0;0;
10/02/2026 07:04:58.643;0;1;0;0;
10/02/2026 07:05:00.258;0;0;0;0;
10/02/2026 07:05:18.283;0;0;1;0;
10/02/2026 07:05:19.508;0;0;0;0;
10/02/2026 07:05:38.294;0;0;1;0;
10/02/2026 07:05:39.518;0;0;0;0;
10/02/2026 07:06:20.440;0;1;0;0;
10/02/2026 07:06:22.242;0;0;0;0;
10/02/2026 07:06:58.326;0;1;0;0;
10/02/2026 07:06:59.941;0;0;0;0;
10/02/2026 07:07:38.347;0;1;0;0;
10/02/2026 07:07:40.22;0;0;0;0;
10/02/2026 07:08:38.479;0;1;0;0;
10/02/2026 07:08:39.943;0;0;0;0;
10/02/2026 07:13:58.800;0;0;1;0;
10/02/2026 07:13:59.941;0;0;0;0;
10/02/2026 07:15:58.689;0;0;1;0;
10/02/2026 07:15:59.924;0;0;0;0;
10/02/2026 07:23:38.911;0;0;1;0;
10/02/2026 07:23:40.156;0;0;0;0;
10/02/2026 07:24:38.973;0;1;0;0;
10/02/2026 07:24:40.577;0;0;0;0;
10/02/2026 07:27:19.190;0;1;0;0;
10/02/2026 07:27:20.762;0;0;0;0;
10/02/2026 07:36:39.301;0;1;0;0;
10/02/2026 07:36:40.986;0;0;0;0;
10/02/2026 07:39:19.339;0;1;0;0;
10/02/2026 07:39:20.890;0;0;0;0;
10/02/2026 07:42:19.456;0;0;1;0;
10/02/2026 07:42:20.605;0;0;0;0;
10/02/2026 07:42:39.471;0;0;1;0;
10/02/2026 07:42:40.745;0;0;0;0;
10/02/2026 07:44:19.594;0;1;0;0;
10/02/2026 07:44:21.88;0;0;0;0;
10/02/2026 07:45:39.575;0;1;0;0;
10/02/2026 07:45:41.221;0;0;0;0;
10/02/2026 07:46:32.589;1;0;0;0;
10/02/2026 07:46:32.590;1;1;1;0;
10/02/2026 07:46:39.901;1;0;0;0;
10/02/2026 07:46:40.489;1;1;1;0;
10/02/2026 07:46:41.633;1;0;0;0;
10/02/2026 07:46:50.483;1;1;1;0;
10/02/2026 07:46:51.903;1;0;0;0;
10/02/2026 07:47:00.688;1;1;1;0;
10/02/2026 07:47:01.843;1;0;0;0;
10/02/2026 07:47:10.589;1;1;1;0;
10/02/2026 07:47:11.733;1;0;0;0;
10/02/2026 07:47:20.689;1;1;1;0;
10/02/2026 07:47:21.844;1;0;0;0;
10/02/2026 07:47:30.789;1;1;1;0;
10/02/2026 07:47:31.934;1;0;0;0;
10/02/2026 07:47:40.789;1;1;1;0;
10/02/2026 07:47:41.944;1;0;0;0;
10/02/2026 07:47:52.555;0;0;0;0;
10/02/2026 07:48:32.643;0;1;0;0;
10/02/2026 07:48:36.691;0;0;0;0;
10/02/2026 07:48:52.758;0;1;0;0;
10/02/2026 07:48:54.369;0;0;0;0;
10/02/2026 07:49:13.16;0;1;1;0;
10/02/2026 07:49:14.600;0;0;0;0;
10/02/2026 07:49:32.625;0;0;1;0;
10/02/2026 07:49:33.879;0;0;0;0;
10/02/2026 07:49:52.645;0;1;0;0;
10/02/2026 07:49:54.80;0;0;0;0;
10/02/2026 07:57:12.928;0;1;0;0;
10/02/2026 07:57:14.512;0;0;0;0;
10/02/2026 07:58:12.990;0;1;0;0;
10/02/2026 07:58:14.524;0;0;0;0;
10/02/2026 08:00:13.23;0;0;1;0;
10/02/2026 08:00:14.347;0;0;0;0;
10/02/2026 08:03:53.119;0;1;0;0;
10/02/2026 08:03:54.873;0;0;0;0;
10/02/2026 08:04:33.140;0;1;0;0;
10/02/2026 08:04:34.774;0;0;0;0;
10/02/2026 08:07:33.130;0;1;0;0;
10/02/2026 08:07:34.899;0;0;0;0;
10/02/2026 08:08:33.156;0;1;0;0;
10/02/2026 08:08:34.771;0;0;0;0;
10/02/2026 08:10:53.320;0;0;1;0;
10/02/2026 08:10:54.474;0;0;0;0;
10/02/2026 08:13:33.304;0;1;0;0;
10/02/2026 08:13:34.739;0;0;0;0;
10/02/2026 08:14:13.335;0;0;1;0;
10/02/2026 08:14:14.590;0;0;0;0;
10/02/2026 08:17:33.657;0;1;0;0;
10/02/2026 08:17:35.256;0;0;0;0;
10/02/2026 08:21:13.502;0;1;0;0;
10/02/2026 08:21:15.392;0;0;0;0;
10/02/2026 08:21:53.628;0;1;0;0;
10/02/2026 08:21:55.393;0;0;0;0;
10/02/2026 08:22:13.639;0;1;0;0;
10/02/2026 08:22:15.243;0;0;0;0;
10/02/2026 08:22:33.650;0;0;1;0;
10/02/2026 08:22:35.64;0;0;0;0;
10/02/2026 08:22:53.660;0;1;0;0;
10/02/2026 08:22:55.535;0;0;0;0;
10/02/2026 08:23:13.701;0;0;1;0;
10/02/2026 08:23:15.95;0;0;0;0;
10/02/2026 08:23:33.821;0;0;1;0;
10/02/2026 08:23:35.95;0;0;0;0;
10/02/2026 08:24:13.702;0;1;0;0;
10/02/2026 08:24:15.207;0;0;0;0;
10/02/2026 08:24:53.743;0;1;0;0;
10/02/2026 08:24:55.338;0;0;0;0;
10/02/2026 08:27:53.798;0;1;0;0;
10/02/2026 08:27:55.292;0;0;0;0;
10/02/2026 08:29:13.840;0;0;1;0;
10/02/2026 08:29:14.994;0;0;0;0;
10/02/2026 08:29:33.950;0;1;1;0;
10/02/2026 08:29:35.525;0;0;0;0;
10/02/2026 08:29:54.211;0;0;1;0;
10/02/2026 08:29:55.426;0;0;0;0;
10/02/2026 08:31:34.62;0;1;0;0;
10/02/2026 08:31:35.568;0;0;0;0;
10/02/2026 08:33:33.867;0;1;0;0;
10/02/2026 08:33:35.451;0;0;0;0;
10/02/2026 08:34:13.988;0;0;1;0;
10/02/2026 08:34:15.182;0;0;0;0;
10/02/2026 08:34:33.998;0;0;1;0;
10/02/2026 08:34:35.203;0;0;0;0;
10/02/2026 08:38:16.319;0;1;0;0;
10/02/2026 08:38:17.911;0;0;0;0;
10/02/2026 08:38:34.24;0;0;1;0;
10/02/2026 08:38:35.249;0;0;0;0;
10/02/2026 08:40:14.57;0;0;1;0;
10/02/2026 08:40:15.191;0;0;0;0;
10/02/2026 08:41:34.199;0;1;1;0;
10/02/2026 08:41:35.824;0;0;0;0;
10/02/2026 08:41:54.209;0;0;1;0;
10/02/2026 08:41:55.664;0;0;0;0;
10/02/2026 08:42:10.215;1;0;0;0;
10/02/2026 08:42:10.216;1;1;1;0;
10/02/2026 08:42:24.243;1;0;0;0;
10/02/2026 08:42:45.25;0;0;0;0;
10/02/2026 08:49:45.28;0;1;0;0;
10/02/2026 08:49:45.29;1;1;0;0;
10/02/2026 08:49:46.804;1;0;0;0;
10/02/2026 08:50:22.48;1;0;1;0;
10/02/2026 08:50:35.124;1;0;0;0;
10/02/2026 08:50:55.254;0;0;0;0;
10/02/2026 08:51:34.422;0;1;0;0;
10/02/2026 08:51:39.29;0;0;0;0;
10/02/2026 08:51:54.355;0;1;1;0;
10/02/2026 08:51:56.347;0;0;0;0;
10/02/2026 08:52:14.112;0;1;1;0;
10/02/2026 08:52:16.217;0;0;0;0;
10/02/2026 08:52:34.123;0;1;0;0;
10/02/2026 08:52:36.198;0;0;0;0;
10/02/2026 08:52:54.133;0;1;1;0;
10/02/2026 08:52:56.268;0;0;0;0;
10/02/2026 08:53:14.143;0;0;1;0;
10/02/2026 08:53:15.528;0;0;0;0;
10/02/2026 08:53:34.174;0;1;1;0;
10/02/2026 08:53:35.869;0;0;0;0;
10/02/2026 08:53:54.64;0;0;1;0;
10/02/2026 08:53:55.349;0;0;0;0;
10/02/2026 08:54:34.86;0;1;0;0;
10/02/2026 08:54:35.670;0;0;0;0;
10/02/2026 08:56:54.409;0;0;1;0;
10/02/2026 08:56:55.754;0;0;0;0;
10/02/2026 08:57:34.270;0;1;1;0;
10/02/2026 08:57:36.285;0;0;0;0;
10/02/2026 08:57:54.281;0;1;1;0;
10/02/2026 08:57:56.306;0;0;0;0;
10/02/2026 09:01:14.306;0;1;0;0;
10/02/2026 09:01:16.21;0;0;0;0;
10/02/2026 09:02:14.307;0;0;1;0;
10/02/2026 09:02:15.441;0;0;0;0;
10/02/2026 09:02:54.418;0;1;1;0;
10/02/2026 09:02:55.973;0;0;0;0;
10/02/2026 09:03:54.480;0;1;0;0;
10/02/2026 09:03:56.175;0;0;0;0;
10/02/2026 09:04:34.621;0;1;0;0;
10/02/2026 09:04:36.256;0;0;0;0;
10/02/2026 09:05:14.487;0;1;0;0;
10/02/2026 09:05:16.237;0;0;0;0;
10/02/2026 09:05:54.508;0;1;0;0;
10/02/2026 09:05:56.108;0;0;0;0;
10/02/2026 09:08:14.497;0;1;0;0;
10/02/2026 09:08:16.231;0;0;0;0;
10/02/2026 09:08:34.502;0;1;1;0;
10/02/2026 09:08:36.242;0;0;0;0;
10/02/2026 09:08:54.497;0;0;1;0;
10/02/2026 09:08:55.752;0;0;0;0;
10/02/2026 09:10:34.640;0;1;0;0;
10/02/2026 09:10:36.545;0;0;0;0;
10/02/2026 09:11:14.661;0;1;0;0;
10/02/2026 09:11:16.206;0;0;0;0;
10/02/2026 09:11:54.982;0;1;0;0;
10/02/2026 09:11:56.797;0;0;0;0;
10/02/2026 09:12:34.698;0;1;0;0;
10/02/2026 09:12:36.167;0;0;0;0;
10/02/2026 09:16:34.809;0;0;1;0;
10/02/2026 09:16:35.943;0;0;0;0;
10/02/2026 09:16:54.819;0;0;1;0;
10/02/2026 09:16:56.74;0;0;0;0;
10/02/2026 09:19:54.924;0;1;0;0;
10/02/2026 09:19:56.409;0;0;0;0;
10/02/2026 09:22:54.978;0;1;0;0;
10/02/2026 09:22:56.593;0;0;0;0;
10/02/2026 09:25:15.102;0;1;0;0;
10/02/2026 09:25:16.917;0;0;0;0;
10/02/2026 09:25:55.333;0;1;0;0;
10/02/2026 09:25:56.958;0;0;0;0;
10/02/2026 09:28:55.47;0;1;0;0;
10/02/2026 09:28:56.542;0;0;0;0;
10/02/2026 09:29:15.58;0;0;1;0;
10/02/2026 09:29:16.222;0;0;0;0;
10/02/2026 09:33:35.528;0;1;1;0;
10/02/2026 09:33:37.350;0;0;0;0;
10/02/2026 09:34:35.236;0;1;0;0;
10/02/2026 09:34:36.811;0;0;0;0;
10/02/2026 09:46:55.581;0;0;1;0;
10/02/2026 09:46:56.720;0;0;0;0;
10/02/2026 09:47:59.721;1;0;0;0;
10/02/2026 09:47:59.722;1;1;1;0;
10/02/2026 09:48:06.902;1;0;0;0;
10/02/2026 09:48:07.622;1;1;1;0;
10/02/2026 09:48:08.764;1;0;0;0;
10/02/2026 09:48:17.620;1;1;1;0;
10/02/2026 09:48:18.765;1;0;0;0;
10/02/2026 09:48:27.615;1;1;1;0;
10/02/2026 09:48:29.65;1;0;0;0;
10/02/2026 09:48:37.621;1;1;1;0;
10/02/2026 09:48:38.765;1;0;0;0;
10/02/2026 09:48:47.616;1;1;1;0;
10/02/2026 09:48:48.765;1;0;0;0;
10/02/2026 09:48:57.621;1;1;1;0;
10/02/2026 09:48:58.766;1;0;0;0;
10/02/2026 09:49:07.616;1;1;1;0;
10/02/2026 09:49:08.766;1;0;0;0;
10/02/2026 09:49:19.737;0;0;0;0;
10/02/2026 09:49:59.727;0;1;0;0;
10/02/2026 09:50:02.862;0;0;0;0;
10/02/2026 09:50:19.946;0;0;1;0;
10/02/2026 09:50:21.300;0;0;0;0;
10/02/2026 09:50:39.896;0;0;1;0;
10/02/2026 09:50:41.181;0;0;0;0;
10/02/2026 09:51:19.757;0;1;0;0;
10/02/2026 09:51:21.282;0;0;0;0;
10/02/2026 10:00:40.133;0;1;1;0;
10/02/2026 10:00:41.607;0;0;0;0;
10/02/2026 10:04:40.474;0;1;0;0;
10/02/2026 10:04:42.144;0;0;0;0;
10/02/2026 10:12:40.483;0;1;0;0;
10/02/2026 10:12:42.57;0;0;0;0;
10/02/2026 10:14:00.425;0;0;1;0;
10/02/2026 10:14:01.559;0;0;0;0;
10/02/2026 10:14:20.505;0;0;1;0;
10/02/2026 10:14:21.760;0;0;0;0;
10/02/2026 10:21:40.861;0;1;0;0;
10/02/2026 10:21:42.512;0;0;0;0;
10/02/2026 10:22:00.819;0;1;0;0;
10/02/2026 10:22:02.583;0;0;0;0;
10/02/2026 10:22:20.940;0;1;0;0;
10/02/2026 10:22:22.584;0;0;0;0;
10/02/2026 10:22:41.230;0;1;0;0;
10/02/2026 10:22:42.824;0;0;0;0;
10/02/2026 10:23:00.780;0;1;0;0;
10/02/2026 10:23:03.55;0;0;0;0;
10/02/2026 10:23:20.790;0;1;0;0;
10/02/2026 10:23:22.925;0;0;0;0;
10/02/2026 10:24:20.822;0;1;0;0;
10/02/2026 10:24:22.427;0;0;0;0;
10/02/2026 10:25:40.869;0;0;1;0;
10/02/2026 10:25:42.8;0;0;0;0;
10/02/2026 10:26:00.775;0;0;1;0;
10/02/2026 10:26:02.29;0;0;0;0;
10/02/2026 10:30:41.12;0;0;1;0;
10/02/2026 10:30:42.256;0;0;0;0;
10/02/2026 10:31:01.23;0;0;1;0;
10/02/2026 10:31:02.177;0;0;0;0;
10/02/2026 10:33:21.39;0;0;1;0;
10/02/2026 10:33:22.311;0;0;0;0;
10/02/2026 10:33:41.17;0;0;1;0;
10/02/2026 10:33:42.211;0;0;0;0;
10/02/2026 10:35:01.429;0;0;1;0;
10/02/2026 10:35:02.834;0;0;0;0;
10/02/2026 10:35:41.160;0;0;1;0;
10/02/2026 10:35:42.554;0;0;0;0;
10/02/2026 10:36:01.170;0;0;1;0;
10/02/2026 10:36:02.405;0;0;0;0;
10/02/2026 10:36:21.181;0;1;0;0;
10/02/2026 10:36:22.636;0;0;0;0;
10/02/2026 10:36:41.191;0;1;1;0;
10/02/2026 10:36:42.876;0;0;0;0;
10/02/2026 10:37:01.197;0;0;1;0;
10/02/2026 10:37:02.476;0;0;0;0;
10/02/2026 10:37:21.212;0;1;1;0;
10/02/2026 10:37:23.168;0;0;0;0;
10/02/2026 10:43:38.384;1;0;0;0;
10/02/2026 10:43:38.385;1;1;1;0;
10/02/2026 10:43:52.697;1;0;0;0;
10/02/2026 10:44:13.318;0;0;0;0;
10/02/2026 10:54:35.305;0;1;0;0;
10/02/2026 10:54:35.306;1;1;0;0;
10/02/2026 10:54:36.919;1;0;0;0;
10/02/2026 10:55:13.12;1;0;1;0;
10/02/2026 10:55:26.110;1;0;0;0;
10/02/2026 10:55:45.139;0;0;0;0;
10/02/2026 10:56:25.248;0;1;0;0;
10/02/2026 10:56:30.236;0;0;0;0;
10/02/2026 10:56:45.257;0;0;1;0;
10/02/2026 10:56:46.752;0;0;0;0;
10/02/2026 10:57:05.268;0;1;1;0;
10/02/2026 10:57:07.253;0;0;0;0;
10/02/2026 10:57:25.279;0;1;0;0;
10/02/2026 10:57:27.484;0;0;0;0;
10/02/2026 10:57:45.289;0;1;0;0;
10/02/2026 10:57:47.214;0;0;0;0;
10/02/2026 10:58:05.300;0;1;1;0;
10/02/2026 10:58:07.175;0;0;0;0;
10/02/2026 10:58:25.320;0;1;1;0;
10/02/2026 10:58:27.185;0;0;0;0;
10/02/2026 10:58:45.316;0;1;1;0;
10/02/2026 10:58:47.36;0;0;0;0;
10/02/2026 10:59:05.331;0;0;1;0;
10/02/2026 10:59:06.626;0;0;0;0;
10/02/2026 10:59:25.342;0;0;1;0;
10/02/2026 10:59:26.666;0;0;0;0;
10/02/2026 10:59:45.422;0;1;0;0;
10/02/2026 10:59:46.997;0;0;0;0;
10/02/2026 11:02:05.659;0;0;1;0;
10/02/2026 11:02:07.1;0;0;0;0;
10/02/2026 11:02:25.551;0;0;1;0;
10/02/2026 11:02:26.781;0;0;0;0;
10/02/2026 11:04:05.469;0;0;1;0;
10/02/2026 11:04:06.924;0;0;0;0;
10/02/2026 11:04:45.490;0;0;1;0;
10/02/2026 11:04:46.885;0;0;0;0;
10/02/2026 11:05:05.500;0;0;1;0;
10/02/2026 11:05:06.765;0;0;0;0;
10/02/2026 11:06:05.552;0;1;1;0;
10/02/2026 11:06:07.177;0;0;0;0;
10/02/2026 11:06:45.453;0;1;0;0;
10/02/2026 11:06:47.88;0;0;0;0;
10/02/2026 11:08:25.736;0;1;0;0;
10/02/2026 11:08:27.531;0;0;0;0;
10/02/2026 11:08:45.496;0;1;0;0;
10/02/2026 11:08:47.171;0;0;0;0;
10/02/2026 11:11:05.669;0;1;1;0;
10/02/2026 11:11:07.304;0;0;0;0;
10/02/2026 11:11:25.680;0;1;0;0;
10/02/2026 11:11:27.315;0;0;0;0;
10/02/2026 11:16:05.817;0;0;1;0;
10/02/2026 11:16:06.951;0;0;0;0;
10/02/2026 11:17:25.950;0;0;1;0;
10/02/2026 11:17:27.244;0;0;0;0;
10/02/2026 11:24:06.59;0;1;0;0;
10/02/2026 11:24:07.774;0;0;0;0;
10/02/2026 11:24:46.256;0;1;0;0;
10/02/2026 11:24:47.915;0;0;0;0;
10/02/2026 11:27:46.85;0;1;0;0;
10/02/2026 11:27:47.609;0;0;0;0;
10/02/2026 11:32:46.332;0;0;1;0;
10/02/2026 11:32:47.527;0;0;0;0;
10/02/2026 11:33:26.233;0;1;0;0;
10/02/2026 11:33:27.848;0;0;0;0;
10/02/2026 11:37:46.634;0;1;0;0;
10/02/2026 11:37:48.325;0;0;0;0;
10/02/2026 11:43:26.604;0;0;1;0;
10/02/2026 11:43:27.753;0;0;0;0;
10/02/2026 11:43:46.691;0;1;0;0;
10/02/2026 11:43:48.325;0;0;0;0;
10/02/2026 11:44:26.922;0;0;1;0;
10/02/2026 11:44:28.195;0;0;0;0;
10/02/2026 11:52:06.773;0;1;0;0;
10/02/2026 11:52:08.378;0;0;0;0;
10/02/2026 11:53:30.118;1;0;0;0;
10/02/2026 11:53:30.119;1;1;1;0;
10/02/2026 11:53:37.299;1;0;0;0;
10/02/2026 11:53:37.807;1;1;1;0;
10/02/2026 11:53:38.941;1;0;0;0;
10/02/2026 11:53:47.806;1;1;1;0;
10/02/2026 11:53:48.941;1;0;0;0;
10/02/2026 11:53:57.806;1;1;1;0;
10/02/2026 11:53:59.271;1;0;0;0;
10/02/2026 11:54:07.807;1;1;1;0;
10/02/2026 11:54:08.941;1;0;0;0;
10/02/2026 11:54:17.807;1;1;1;0;
10/02/2026 11:54:18.942;1;0;0;0;
10/02/2026 11:54:27.807;1;1;1;0;
10/02/2026 11:54:28.942;1;0;0;0;
10/02/2026 11:54:37.907;1;1;1;0;
10/02/2026 11:54:39.52;1;0;0;0;
10/02/2026 11:54:49.643;0;0;0;0;
10/02/2026 11:55:30.13;0;1;0;0;
10/02/2026 11:55:34.59;0;0;0;0;
10/02/2026 11:55:50.22;0;0;1;0;
10/02/2026 11:55:51.317;0;0;0;0;
10/02/2026 11:56:10.33;0;1;1;0;
10/02/2026 11:56:11.888;0;0;0;0;
10/02/2026 12:02:30.113;0;1;0;0;
10/02/2026 12:02:31.598;0;0;0;0;
10/02/2026 12:05:10.299;0;1;0;0;
10/02/2026 12:05:11.982;0;0;0;0;
10/02/2026 12:10:30.346;0;1;0;0;
10/02/2026 12:10:31.901;0;0;0;0;
10/02/2026 12:12:30.509;0;0;1;0;
10/02/2026 12:12:31.844;0;0;0;0;
10/02/2026 12:15:30.504;0;1;0;0;
10/02/2026 12:15:32.119;0;0;0;0;
10/02/2026 12:19:50.732;0;1;0;0;
10/02/2026 12:19:52.406;0;0;0;0;
10/02/2026 12:23:51.12;0;0;1;0;
10/02/2026 12:23:52.153;0;0;0;0;
10/02/2026 12:24:11.133;0;0;1;0;
10/02/2026 12:24:12.403;0;0;0;0;
10/02/2026 12:25:10.871;0;1;0;0;
10/02/2026 12:25:12.655;0;0;0;0;
10/02/2026 12:26:30.933;0;0;1;0;
10/02/2026 12:26:32.327;0;0;0;0;
10/02/2026 12:28:50.876;0;0;1;0;
10/02/2026 12:28:52.191;0;0;0;0;
10/02/2026 12:29:11.120;0;0;1;0;
10/02/2026 12:29:12.261;0;0;0;0;
10/02/2026 12:29:31.28;0;1;1;0;
10/02/2026 12:29:32.582;0;0;0;0;
10/02/2026 12:29:51.142;0;1;0;0;
10/02/2026 12:29:52.613;0;0;0;0;
10/02/2026 12:30:51.50;0;1;0;0;
10/02/2026 12:30:52.835;0;0;0;0;
10/02/2026 12:34:33.388;0;0;1;0;
10/02/2026 12:34:34.622;0;0;0;0;
10/02/2026 12:35:51.251;0;0;1;0;
10/02/2026 12:35:52.392;0;0;0;0;
10/02/2026 12:37:11.230;0;1;0;0;
10/02/2026 12:37:12.775;0;0;0;0;
10/02/2026 12:37:31.240;0;0;1;0;
10/02/2026 12:37:32.485;0;0;0;0;
10/02/2026 12:37:51.251;0;1;1;0;
10/02/2026 12:37:52.886;0;0;0;0;
10/02/2026 12:38:11.262;0;0;1;0;
10/02/2026 12:38:12.466;0;0;0;0;
10/02/2026 12:38:51.312;0;0;1;0;
10/02/2026 12:38:52.667;0;0;0;0;
10/02/2026 12:39:31.204;0;1;0;0;
10/02/2026 12:39:33.599;0;0;0;0;
10/02/2026 12:39:51.214;0;1;1;0;
10/02/2026 12:39:53.219;0;0;0;0;
10/02/2026 12:40:31.315;0;1;0;0;
10/02/2026 12:40:33.50;0;0;0;0;
10/02/2026 12:41:11.536;0;0;1;0;
10/02/2026 12:41:12.671;0;0;0;0;
10/02/2026 12:41:31.242;0;1;0;0;
10/02/2026 12:41:32.831;0;0;0;0;
10/02/2026 12:41:53.419;0;0;1;0;
10/02/2026 12:41:54.694;0;0;0;0;
10/02/2026 12:42:11.371;0;1;0;0;
10/02/2026 12:42:12.992;0;0;0;0;
10/02/2026 12:43:51.420;0;0;1;0;
10/02/2026 12:43:52.885;0;0;0;0;
10/02/2026 12:44:11.441;0;0;1;0;
10/02/2026 12:44:12.865;0;0;0;0;
10/02/2026 12:45:31.473;0;0;1;0;
10/02/2026 12:45:32.867;0;0;0;0;
10/02/2026 12:46:51.424;0;0;1;0;
10/02/2026 12:46:52.769;0;0;0;0;
10/02/2026 12:47:11.445;0;1;0;0;
10/02/2026 12:47:13.540;0;0;0;0;
10/02/2026 12:47:31.756;0;1;0;0;
10/02/2026 12:47:33.491;0;0;0;0;
10/02/2026 12:47:51.657;0;1;0;0;
10/02/2026 12:47:53.191;0;0;0;0;
10/02/2026 12:48:18.453;1;0;0;0;
10/02/2026 12:48:18.454;1;1;1;0;
10/02/2026 12:48:32.752;1;0;0;0;
10/02/2026 12:48:53.673;0;0;0;0;
10/02/2026 12:52:16.105;0;1;0;0;
10/02/2026 12:52:16.106;1;1;0;0;
10/02/2026 12:52:17.821;1;0;0;0;
10/02/2026 12:52:54.110;1;0;1;0;
10/02/2026 12:53:07.101;1;0;0;0;
10/02/2026 12:53:27.332;0;0;0;0;
10/02/2026 12:54:06.290;0;1;1;0;
10/02/2026 12:54:12.949;0;0;0;0;
10/02/2026 12:54:26.299;0;0;1;0;
10/02/2026 12:54:27.794;0;0;0;0;
10/02/2026 12:54:46.310;0;0;1;0;
10/02/2026 12:54:47.665;0;0;0;0;
10/02/2026 12:55:06.320;0;0;1;0;
10/02/2026 12:55:07.765;0;0;0;0;
10/02/2026 12:55:26.331;0;1;0;0;
10/02/2026 12:55:28.957;0;0;0;0;
10/02/2026 12:55:46.341;0;1;0;0;
10/02/2026 12:55:48.697;0;0;0;0;
10/02/2026 12:56:06.352;0;0;1;0;
10/02/2026 12:56:07.867;0;0;0;0;
10/02/2026 12:56:26.362;0;1;0;0;
10/02/2026 12:56:27.967;0;0;0;0;
10/02/2026 12:59:06.450;0;1;0;0;
10/02/2026 12:59:08.151;0;0;0;0;
10/02/2026 12:59:26.547;0;1;1;0;
10/02/2026 12:59:28.162;0;0;0;0;
10/02/2026 12:59:46.641;0;0;1;0;
10/02/2026 12:59:47.862;0;0;0;0;
10/02/2026 13:00:46.489;0;1;0;0;
10/02/2026 13:00:48.865;0;0;0;0;
10/02/2026 13:01:06.499;0;1;1;0;
10/02/2026 13:01:08.54;0;0;0;0;
10/02/2026 13:01:46.520;0;1;1;0;
10/02/2026 13:01:48.235;0;0;0;0;
10/02/2026 13:02:06.551;0;0;1;0;
10/02/2026 13:02:07.795;0;0;0;0;
10/02/2026 13:02:26.541;0;0;1;0;
10/02/2026 13:02:27.786;0;0;0;0;
10/02/2026 13:03:06.562;0;0;1;0;
10/02/2026 13:03:08.47;0;0;0;0;
10/02/2026 13:04:06.594;0;0;1;0;
10/02/2026 13:04:07.939;0;0;0;0;
10/02/2026 13:04:26.604;0;0;1;0;
10/02/2026 13:04:27.839;0;0;0;0;
10/02/2026 13:07:26.879;0;1;0;0;
10/02/2026 13:07:28.584;0;0;0;0;
10/02/2026 13:08:06.700;0;1;1;0;
10/02/2026 13:08:08.445;0;0;0;0;
10/02/2026 13:09:06.731;0;1;0;0;
10/02/2026 13:09:08.757;0;0;0;0;
10/02/2026 13:09:26.742;0;1;1;0;
10/02/2026 13:09:28.707;0;0;0;0;
10/02/2026 13:10:06.773;0;1;0;0;
10/02/2026 13:10:08.518;0;0;0;0;
10/02/2026 13:10:46.784;0;1;0;0;
10/02/2026 13:10:48.369;0;0;0;0;
10/02/2026 13:13:06.747;0;1;0;0;
10/02/2026 13:13:08.542;0;0;0;0;
10/02/2026 13:14:06.932;0;1;0;0;
10/02/2026 13:14:08.704;0;0;0;0;
10/02/2026 13:14:27.32;0;1;1;0;
10/02/2026 13:14:29.45;0;0;0;0;
10/02/2026 13:14:47.141;0;1;0;0;
10/02/2026 13:14:49.65;0;0;0;0;
10/02/2026 13:17:26.979;0;1;0;0;
10/02/2026 13:17:28.499;0;0;0;0;
10/02/2026 13:24:27.95;0;1;1;0;
10/02/2026 13:24:28.699;0;0;0;0;
10/02/2026 13:29:27.323;0;1;0;0;
10/02/2026 13:29:28.927;0;0;0;0;
10/02/2026 13:35:07.481;0;1;1;0;
10/02/2026 13:35:09.116;0;0;0;0;
10/02/2026 13:35:27.492;0;0;1;0;
10/02/2026 13:35:28.736;0;0;0;0;
10/02/2026 13:35:47.503;0;0;1;0;
10/02/2026 13:35:48.657;0;0;0;0;
10/02/2026 13:36:27.523;0;1;0;0;
10/02/2026 13:36:29.148;0;0;0;0;
10/02/2026 13:37:47.555;0;1;0;0;
10/02/2026 13:37:49.170;0;0;0;0;
10/02/2026 13:39:27.488;0;1;0;0;
10/02/2026 13:39:29.103;0;0;0;0;
10/02/2026 13:49:57.805;1;0;0;0;
10/02/2026 13:49:57.806;1;1;1;0;
10/02/2026 13:50:04.955;1;0;0;0;
10/02/2026 13:50:05.799;1;1;1;0;
10/02/2026 13:50:06.947;1;0;0;0;
10/02/2026 13:50:15.803;1;1;1;0;
10/02/2026 13:50:16.978;1;0;0;0;
10/02/2026 13:50:26.3;1;1;1;0;
10/02/2026 13:50:27.459;1;0;0;0;
10/02/2026 13:50:35.913;1;1;1;0;
10/02/2026 13:50:37.58;1;0;0;0;
10/02/2026 13:50:46.4;1;1;1;0;
10/02/2026 13:50:47.139;1;0;0;0;
10/02/2026 13:50:55.904;1;1;1;0;
10/02/2026 13:50:57.39;1;0;0;0;
10/02/2026 13:51:06.4;1;1;1;0;
10/02/2026 13:51:07.139;1;0;0;0;
10/02/2026 13:51:17.930;0;0;0;0;
10/02/2026 13:51:57.891;0;1;0;0;
10/02/2026 13:52:02.346;0;0;0;0;
10/02/2026 13:52:18.13;0;1;1;0;
10/02/2026 13:52:19.994;0;0;0;0;
10/02/2026 13:52:38.364;0;1;1;0;
10/02/2026 13:52:39.935;0;0;0;0;
10/02/2026 13:56:58.177;0;0;1;0;
10/02/2026 13:56:59.491;0;0;0;0;
10/02/2026 13:57:38.48;0;1;0;0;
10/02/2026 13:57:39.512;0;0;0;0;
10/02/2026 14:04:58.572;0;1;0;0;
10/02/2026 14:05:00.105;0;0;0;0;
10/02/2026 14:05:38.381;0;1;1;0;
10/02/2026 14:05:40.116;0;0;0;0;
10/02/2026 14:11:38.551;0;0;1;0;
10/02/2026 14:11:39.815;0;0;0;0;
10/02/2026 14:12:58.603;0;1;0;0;
10/02/2026 14:13:00.228;0;0;0;0;
10/02/2026 14:15:18.792;0;1;0;0;
10/02/2026 14:15:20.412;0;0;0;0;
10/02/2026 14:17:38.716;0;1;0;0;
10/02/2026 14:17:40.285;0;0;0;0;
10/02/2026 14:20:38.976;0;1;0;0;
10/02/2026 14:20:40.531;0;0;0;0;
10/02/2026 14:22:59.100;0;0;1;0;
10/02/2026 14:23:00.234;0;0;0;0;
10/02/2026 14:23:18.880;0;0;1;0;
10/02/2026 14:23:20.135;0;0;0;0;
10/02/2026 14:24:58.933;0;1;0;0;
10/02/2026 14:25:00.468;0;0;0;0;
10/02/2026 14:25:38.954;0;1;0;0;
10/02/2026 14:25:40.599;0;0;0;0;
10/02/2026 14:27:39.934;0;1;0;0;
10/02/2026 14:27:41.493;0;0;0;0;
10/02/2026 14:30:19.81;0;1;0;0;
10/02/2026 14:30:21.77;0;0;0;0;
10/02/2026 14:30:39.93;0;0;1;0;
10/02/2026 14:30:40.236;0;0;0;0;
10/02/2026 14:30:59.103;0;1;1;0;
10/02/2026 14:31:00.767;0;0;0;0;
10/02/2026 14:33:19.502;0;1;0;0;
10/02/2026 14:33:21.21;0;0;0;0;
10/02/2026 14:33:39.378;0;1;1;0;
10/02/2026 14:33:40.962;0;0;0;0;
10/02/2026 14:34:59.340;0;1;0;0;
10/02/2026 14:35:01.164;0;0;0;0;
10/02/2026 14:35:19.454;0;1;0;0;
10/02/2026 14:35:21.85;0;0;0;0;
10/02/2026 14:36:19.252;0;1;0;0;
10/02/2026 14:36:20.916;0;0;0;0;
10/02/2026 14:36:39.262;0;1;0;0;
10/02/2026 14:36:40.796;0;0;0;0;
10/02/2026 14:36:59.272;0;0;1;0;
10/02/2026 14:37:00.427;0;0;0;0;
10/02/2026 14:37:19.283;0;1;0;0;
10/02/2026 14:37:21.208;0;0;0;0;
10/02/2026 14:37:39.293;0;1;0;0;
10/02/2026 14:37:41.128;0;0;0;0;
10/02/2026 14:38:59.235;0;0;1;0;
10/02/2026 14:39:00.520;0;0;0;0;
10/02/2026 14:39:19.286;0;1;1;0;
10/02/2026 14:39:20.750;0;0;0;0;
10/02/2026 14:40:59.342;0;1;0;0;
10/02/2026 14:41:00.953;0;0;0;0;
10/02/2026 14:41:59.663;0;0;1;0;
10/02/2026 14:42:01.115;0;0;0;0;
10/02/2026 14:42:39.431;0;0;1;0;
10/02/2026 14:42:40.765;0;0;0;0;
10/02/2026 14:42:59.441;0;0;1;0;
10/02/2026 14:43:00.646;0;0;0;0;
10/02/2026 14:44:58.617;1;0;0;0;
10/02/2026 14:44:58.618;1;1;1;0;
10/02/2026 14:45:12.971;1;0;0;0;
10/02/2026 14:45:33.462;0;0;0;0;
10/02/2026 14:53:42.326;0;1;0;0;
10/02/2026 14:53:42.327;1;1;0;0;
10/02/2026 14:53:43.982;1;0;0;0;
10/02/2026 14:54:20.336;1;0;1;0;
10/02/2026 14:54:33.233;1;0;0;0;
10/02/2026 14:54:53.83;0;0;0;0;
10/02/2026 14:55:32.522;0;1;1;0;
10/02/2026 14:55:37.469;0;0;0;0;
10/02/2026 14:55:52.531;0;0;1;0;
10/02/2026 14:55:53.886;0;0;0;0;
10/02/2026 14:56:12.541;0;1;1;0;
10/02/2026 14:56:14.206;0;0;0;0;
10/02/2026 14:56:32.552;0;1;1;0;
10/02/2026 14:56:34.717;0;0;0;0;
10/02/2026 14:56:52.622;0;1;0;0;
10/02/2026 14:56:54.518;0;0;0;0;
10/02/2026 14:57:12.703;0;1;1;0;
10/02/2026 14:57:14.688;0;0;0;0;
10/02/2026 14:57:32.819;0;1;1;0;
10/02/2026 14:57:34.679;0;0;0;0;
10/02/2026 14:57:52.789;0;1;1;0;
10/02/2026 14:57:54.309;0;0;0;0;
10/02/2026 14:58:12.638;0;1;1;0;
10/02/2026 14:58:14.219;0;0;0;0;
10/02/2026 14:58:32.515;0;0;1;0;
10/02/2026 14:58:33.829;0;0;0;0;
10/02/2026 14:59:12.927;0;1;0;0;
10/02/2026 14:59:14.421;0;0;0;0;
10/02/2026 15:00:12.538;0;1;0;0;
10/02/2026 15:00:14.182;0;0;0;0;
10/02/2026 15:01:12.669;0;1;0;0;
10/02/2026 15:01:14.254;0;0;0;0;
10/02/2026 15:01:32.675;0;0;1;0;
10/02/2026 15:01:34.64;0;0;0;0;
10/02/2026 15:02:12.700;0;0;1;0;
10/02/2026 15:02:13.975;0;0;0;0;
10/02/2026 15:04:12.789;0;0;1;0;
10/02/2026 15:04:13.948;0;0;0;0;
10/02/2026 15:05:52.726;0;0;1;0;
10/02/2026 15:05:53.950;0;0;0;0;
10/02/2026 15:06:52.868;0;0;1;0;
10/02/2026 15:06:54.62;0;0;0;0;
10/02/2026 15:13:53.200;0;0;1;0;
10/02/2026 15:13:54.333;0;0;0;0;
10/02/2026 15:17:13.113;0;0;1;0;
10/02/2026 15:17:14.378;0;0;0;0;
10/02/2026 15:20:53.209;0;1;0;0;
10/02/2026 15:20:54.703;0;0;0;0;
10/02/2026 15:23:33.288;0;0;1;0;
10/02/2026 15:23:34.427;0;0;0;0;
10/02/2026 15:23:53.303;0;0;1;0;
10/02/2026 15:23:54.538;0;0;0;0;
10/02/2026 15:25:13.245;0;1;0;0;
10/02/2026 15:25:14.860;0;0;0;0;
10/02/2026 15:26:13.347;0;1;0;0;
10/02/2026 15:26:14.901;0;0;0;0;
10/02/2026 15:26:53.669;0;1;0;0;
10/02/2026 15:26:55.273;0;0;0;0;
10/02/2026 15:32:53.547;0;1;0;0;
10/02/2026 15:32:55.162;0;0;0;0;
10/02/2026 15:33:13.693;0;0;1;0;
10/02/2026 15:33:14.832;0;0;0;0;
10/02/2026 15:34:13.589;0;1;1;0;
10/02/2026 15:34:15.214;0;0;0;0;
10/02/2026 15:52:50.14;1;0;0;0;
10/02/2026 15:52:50.15;1;1;1;0;
10/02/2026 15:52:57.195;1;0;0;0;
10/02/2026 15:52:58.14;1;1;1;0;
10/02/2026 15:52:59.157;1;0;0;0;
10/02/2026 15:53:08.13;1;1;1;0;
10/02/2026 15:53:09.428;1;0;0;0;
10/02/2026 15:53:18.104;1;1;1;0;
10/02/2026 15:53:19.238;1;0;0;0;
10/02/2026 15:53:28.124;1;1;1;0;
10/02/2026 15:53:29.258;1;0;0;0;
10/02/2026 15:53:38.186;1;1;1;0;
10/02/2026 15:53:39.319;1;0;0;0;
10/02/2026 15:53:48.249;1;1;1;0;
10/02/2026 15:53:49.409;1;0;0;0;
10/02/2026 15:53:58.308;1;1;1;0;
10/02/2026 15:53:59.439;1;0;0;0;
10/02/2026 15:54:10.180;0;0;0;0;
10/02/2026 15:54:50.199;0;1;0;0;
10/02/2026 15:54:53.565;0;0;0;0;
10/02/2026 15:55:30.219;0;1;1;0;
10/02/2026 15:55:31.924;0;0;0;0;
10/02/2026 15:55:50.240;0;0;1;0;
10/02/2026 15:55:51.524;0;0;0;0;
10/02/2026 15:59:30.269;0;1;0;0;
10/02/2026 15:59:31.760;0;0;0;0;
10/02/2026 16:00:50.368;0;0;1;0;
10/02/2026 16:00:51.683;0;0;0;0;
10/02/2026 16:03:50.463;0;1;0;0;
10/02/2026 16:03:52.238;0;0;0;0;
10/02/2026 16:05:30.416;0;1;0;0;
10/02/2026 16:05:31.970;0;0;0;0;
10/02/2026 16:06:30.428;0;1;0;0;
10/02/2026 16:06:32.72;0;0;0;0;
10/02/2026 16:08:10.580;0;1;0;0;
10/02/2026 16:08:12.145;0;0;0;0;
10/02/2026 16:17:10.985;0;1;1;0;
10/02/2026 16:17:12.750;0;0;0;0;
10/02/2026 16:18:10.850;0;1;0;0;
10/02/2026 16:18:12.431;0;0;0;0;
10/02/2026 16:19:10.898;0;0;1;0;
10/02/2026 16:19:12.153;0;0;0;0;
10/02/2026 16:23:50.956;0;1;0;0;
10/02/2026 16:23:52.421;0;0;0;0;
10/02/2026 16:27:11.131;0;1;1;0;
10/02/2026 16:27:12.917;0;0;0;0;
10/02/2026 16:28:51.90;0;1;0;0;
10/02/2026 16:28:52.639;0;0;0;0;
10/02/2026 16:29:31.345;0;0;1;0;
10/02/2026 16:29:32.660;0;0;0;0;
10/02/2026 16:29:51.126;0;0;1;0;
10/02/2026 16:29:52.320;0;0;0;0;
10/02/2026 16:33:51.332;0;1;0;0;
10/02/2026 16:33:53.167;0;0;0;0;
10/02/2026 16:34:51.284;0;1;0;0;
10/02/2026 16:34:52.899;0;0;0;0;
10/02/2026 16:37:11.503;0;1;1;0;
10/02/2026 16:37:13.273;0;0;0;0;
10/02/2026 16:37:31.611;0;1;0;0;
10/02/2026 16:37:33.173;0;0;0;0;
10/02/2026 16:38:11.459;0;1;1;0;
10/02/2026 16:38:12.924;0;0;0;0;
10/02/2026 16:38:31.470;0;1;1;0;
10/02/2026 16:38:33.465;0;0;0;0;
10/02/2026 16:38:51.480;0;1;1;0;
10/02/2026 16:38:53.916;0;0;0;0;
10/02/2026 16:40:31.533;0;1;0;0;
10/02/2026 16:40:33.98;0;0;0;0;
10/02/2026 16:41:11.454;0;1;0;0;
10/02/2026 16:41:13.49;0;0;0;0;
10/02/2026 16:41:51.556;0;0;1;0;
10/02/2026 16:41:52.689;0;0;0;0;
10/02/2026 16:48:03.646;1;0;0;0;
10/02/2026 16:48:03.647;1;1;1;0;
10/02/2026 16:48:17.824;1;0;0;0;
10/02/2026 16:48:38.445;0;0;0;0;
10/02/2026 16:52:22.236;0;1;0;0;
10/02/2026 16:52:22.237;1;1;0;0;
10/02/2026 16:52:23.967;1;0;0;0;
10/02/2026 16:53:00.415;1;0;1;0;
10/02/2026 16:53:13.518;1;0;0;0;
10/02/2026 16:53:33.868;0;0;0;0;
10/02/2026 16:54:12.336;0;1;0;0;
10/02/2026 16:54:19.135;0;0;0;0;
10/02/2026 16:54:32.365;0;0;1;0;
10/02/2026 16:54:33.720;0;0;0;0;
10/02/2026 16:55:32.276;0;1;0;0;
10/02/2026 16:55:35.333;0;0;0;0;
10/02/2026 16:55:52.287;0;1;0;0;
10/02/2026 16:55:54.502;0;0;0;0;
10/02/2026 16:58:52.722;0;1;0;0;
10/02/2026 16:58:54.557;0;0;0;0;
10/02/2026 16:59:12.493;0;0;1;0;
10/02/2026 16:59:13.887;0;0;0;0;
10/02/2026 16:59:32.483;0;1;1;0;
10/02/2026 16:59:34.178;0;0;0;0;
10/02/2026 17:00:12.508;0;1;0;0;
10/02/2026 17:00:14.68;0;0;0;0;
10/02/2026 17:00:32.604;0;1;0;0;
10/02/2026 17:00:34.169;0;0;0;0;
10/02/2026 17:00:52.758;0;0;1;0;
10/02/2026 17:00:53.989;0;0;0;0;
10/02/2026 17:01:52.456;0;1;0;0;
10/02/2026 17:01:54.822;0;0;0;0;
10/02/2026 17:02:32.477;0;1;0;0;
10/02/2026 17:02:34.512;0;0;0;0;
10/02/2026 17:03:12.483;0;1;0;0;
10/02/2026 17:03:14.283;0;0;0;0;
10/02/2026 17:03:32.498;0;1;0;0;
10/02/2026 17:03:34.143;0;0;0;0;
10/02/2026 17:07:12.714;0;0;1;0;
10/02/2026 17:07:13.949;0;0;0;0;
10/02/2026 17:08:12.839;0;0;1;0;
10/02/2026 17:08:13.970;0;0;0;0;
10/02/2026 17:08:32.938;0;0;1;0;
10/02/2026 17:08:34.221;0;0;0;0;
10/02/2026 17:10:52.820;0;0;1;0;
10/02/2026 17:10:54.254;0;0;0;0;
10/02/2026 17:11:52.851;0;1;0;0;
10/02/2026 17:11:54.486;0;0;0;0;
10/02/2026 17:12:32.867;0;1;1;0;
10/02/2026 17:12:34.437;0;0;0;0;
10/02/2026 17:15:33.149;0;0;1;0;
10/02/2026 17:15:34.341;0;0;0;0;
10/02/2026 17:25:13.231;0;0;1;0;
10/02/2026 17:25:14.386;0;0;0;0;
10/02/2026 17:25:33.242;0;0;1;0;
10/02/2026 17:25:34.476;0;0;0;0;
10/02/2026 17:32:33.443;0;0;1;0;
10/02/2026 17:32:34.657;0;0;0;0;
10/02/2026 17:37:33.581;0;1;0;0;
10/02/2026 17:37:35.246;0;0;0;0;
10/02/2026 17:39:13.634;0;0;1;0;
10/02/2026 17:39:14.788;0;0;0;0;
10/02/2026 17:39:33.714;0;1;1;0;
10/02/2026 17:39:35.399;0;0;0;0;
10/02/2026 17:50:39.877;1;0;0;0;
10/02/2026 17:50:39.878;1;1;1;0;
10/02/2026 17:50:47.188;1;0;0;0;
10/02/2026 17:50:47.872;1;1;1;0;
10/02/2026 17:50:49.50;1;0;0;0;
10/02/2026 17:50:57.771;1;1;1;0;
10/02/2026 17:50:58.910;1;0;0;0;
10/02/2026 17:51:07.776;1;1;1;0;
10/02/2026 17:51:09.241;1;0;0;0;
10/02/2026 17:51:17.876;1;1;1;0;
10/02/2026 17:51:19.11;1;0;0;0;
10/02/2026 17:51:27.876;1;1;1;0;
10/02/2026 17:51:29.11;1;0;0;0;
10/02/2026 17:51:37.877;1;1;1;0;
10/02/2026 17:51:39.12;1;0;0;0;
10/02/2026 17:51:47.877;1;1;1;0;
10/02/2026 17:51:49.12;1;0;0;0;
10/02/2026 17:51:59.853;0;0;0;0;
10/02/2026 17:52:40.52;0;1;0;0;
10/02/2026 17:52:44.319;0;0;0;0;
10/02/2026 17:53:00.62;0;1;1;0;
10/02/2026 17:53:02.27;0;0;0;0;
10/02/2026 17:53:20.72;0;1;1;0;
10/02/2026 17:53:21.547;0;0;0;0;
10/02/2026 18:01:00.290;0;0;1;0;
10/02/2026 18:01:01.609;0;0;0;0;
10/02/2026 18:01:20.206;0;1;0;0;
10/02/2026 18:01:21.660;0;0;0;0;
10/02/2026 18:13:00.655;0;1;0;0;
10/02/2026 18:13:02.390;0;0;0;0;
10/02/2026 18:14:40.598;0;1;0;0;
10/02/2026 18:14:42.152;0;0;0;0;
10/02/2026 18:15:00.588;0;0;1;0;
10/02/2026 18:15:01.782;0;0;0;0;
10/02/2026 18:23:40.953;0;0;1;0;
10/02/2026 18:23:42.107;0;0;0;0;
10/02/2026 18:25:00.975;0;0;1;0;
10/02/2026 18:25:02.239;0;0;0;0;
10/02/2026 18:30:41.365;0;0;1;0;
10/02/2026 18:30:42.569;0;0;0;0;
10/02/2026 18:31:21.175;0;0;1;0;
10/02/2026 18:31:22.470;0;0;0;0;
10/02/2026 18:32:41.127;0;1;0;0;
10/02/2026 18:32:43.253;0;0;0;0;
10/02/2026 18:33:01.118;0;1;1;0;
10/02/2026 18:33:02.763;0;0;0;0;
10/02/2026 18:33:21.108;0;1;0;0;
10/02/2026 18:33:22.903;0;0;0;0;
10/02/2026 18:37:01.648;0;1;0;0;
10/02/2026 18:37:03.420;0;0;0;0;
10/02/2026 18:37:41.335;0;1;0;0;
10/02/2026 18:37:42.870;0;0;0;0;
10/02/2026 18:38:41.267;0;0;1;0;
10/02/2026 18:38:42.521;0;0;0;0;
10/02/2026 18:39:01.287;0;0;1;0;
10/02/2026 18:39:02.482;0;0;0;0;
10/02/2026 18:39:21.278;0;0;1;0;
10/02/2026 18:39:22.562;0;0;0;0;
10/02/2026 18:40:41.460;0;1;0;0;
10/02/2026 18:40:43.505;0;0;0;0;
10/02/2026 18:41:01.486;0;0;1;0;
10/02/2026 18:41:02.745;0;0;0;0;
10/02/2026 18:41:21.587;0;0;1;0;
10/02/2026 18:41:22.736;0;0;0;0;
10/02/2026 18:41:41.802;0;1;0;0;
10/02/2026 18:41:43.577;0;0;0;0;
10/02/2026 18:46:41.589;0;0;1;0;
10/02/2026 18:46:42.934;0;0;0;0;
10/02/2026 18:47:01.600;0;0;1;0;
10/02/2026 18:47:02.944;0;0;0;0;
10/02/2026 18:47:04.252;1;0;0;0;
10/02/2026 18:47:04.253;1;1;1;0;
10/02/2026 18:47:18.620;1;0;0;0;
10/02/2026 18:47:39.131;0;0;0;0;
10/02/2026 18:50:46.42;0;1;0;0;
10/02/2026 18:50:46.43;1;1;0;0;
10/02/2026 18:50:47.768;1;0;0;0;
10/02/2026 18:51:24.2;1;0;1;0;
10/02/2026 18:51:37.28;1;0;0;0;
10/02/2026 18:51:58.20;0;0;0;0;
10/02/2026 18:52:36.37;0;1;0;0;
10/02/2026 18:52:40.994;0;0;0;0;
10/02/2026 18:52:56.46;0;0;1;0;
10/02/2026 18:52:57.601;0;0;0;0;
10/02/2026 18:53:16.77;0;1;1;0;
10/02/2026 18:53:18.332;0;0;0;0;
10/02/2026 18:53:36.67;0;1;1;0;
10/02/2026 18:53:38.343;0;0;0;0;
10/02/2026 18:53:56.88;0;1;0;0;
10/02/2026 18:53:58.363;0;0;0;0;
10/02/2026 18:54:16.78;0;1;1;0;
10/02/2026 18:54:18.444;0;0;0;0;
10/02/2026 18:54:36.79;0;0;1;0;
10/02/2026 18:54:37.634;0;0;0;0;
10/02/2026 18:54:56.89;0;1;1;0;
10/02/2026 18:54:57.644;0;0;0;0;
10/02/2026 18:55:16.200;0;0;1;0;
10/02/2026 18:55:17.514;0;0;0;0;
10/02/2026 18:57:16.323;0;1;1;0;
10/02/2026 18:57:18.618;0;0;0;0;
10/02/2026 18:57:36.414;0;1;0;0;
10/02/2026 18:57:38.48;0;0;0;0;
10/02/2026 18:57:58.526;0;1;0;0;
10/02/2026 18:58:00.111;0;0;0;0;
10/02/2026 18:58:36.305;0;0;1;0;
10/02/2026 18:58:37.539;0;0;0;0;
10/02/2026 18:59:36.402;0;1;0;0;
10/02/2026 18:59:38.382;0;0;0;0;
10/02/2026 18:59:56.599;0;1;0;0;
10/02/2026 18:59:58.452;0;0;0;0;
10/02/2026 19:00:16.257;0;1;0;0;
10/02/2026 19:00:18.743;0;0;0;0;
10/02/2026 19:01:56.400;0;0;1;0;
10/02/2026 19:01:57.624;0;0;0;0;
10/02/2026 19:02:16.410;0;0;1;0;
10/02/2026 19:02:17.815;0;0;0;0;
10/02/2026 19:02:36.421;0;0;1;0;
10/02/2026 19:02:37.585;0;0;0;0;
10/02/2026 19:03:36.452;0;1;0;0;
10/02/2026 19:03:38.237;0;0;0;0;
10/02/2026 19:04:16.473;0;1;1;0;
10/02/2026 19:04:18.218;0;0;0;0;
10/02/2026 19:06:16.436;0;1;0;0;
10/02/2026 19:06:17.931;0;0;0;0;
10/02/2026 19:06:36.467;0;1;0;0;
10/02/2026 19:06:38.52;0;0;0;0;
10/02/2026 19:07:16.621;0;0;1;0;
10/02/2026 19:07:18.23;0;0;0;0;
10/02/2026 19:07:56.469;0;1;0;0;
10/02/2026 19:07:58.294;0;0;0;0;
10/02/2026 19:08:56.601;0;0;1;0;
10/02/2026 19:08:57.945;0;0;0;0;
10/02/2026 19:09:16.611;0;0;1;0;
10/02/2026 19:09:17.845;0;0;0;0;
10/02/2026 19:20:16.837;0;0;1;0;
10/02/2026 19:20:18.92;0;0;0;0;
10/02/2026 19:20:36.858;0;0;1;0;
10/02/2026 19:20:38.212;0;0;0;0;
10/02/2026 19:24:57.75;0;1;0;0;
10/02/2026 19:24:58.700;0;0;0;0;
10/02/2026 19:26:57.48;0;1;0;0;
10/02/2026 19:26:58.693;0;0;0;0;
10/02/2026 19:33:37.218;0;0;1;0;
10/02/2026 19:33:38.353;0;0;0;0;
10/02/2026 19:35:37.361;0;0;1;0;
10/02/2026 19:35:38.606;0;0;0;0;
10/02/2026 19:36:17.382;0;1;0;0;
10/02/2026 19:36:18.927;0;0;0;0;
10/02/2026 19:38:57.462;0;1;0;0;
10/02/2026 19:38:59.22;0;0;0;0;
10/02/2026 19:47:34.612;1;0;0;0;
10/02/2026 19:47:34.613;1;1;1;0;
10/02/2026 19:47:41.798;1;0;0;0;
10/02/2026 19:47:42.617;1;1;1;0;
10/02/2026 19:47:43.750;1;0;0;0;
10/02/2026 19:47:52.515;1;1;1;0;
10/02/2026 19:47:53.650;1;0;0;0;
10/02/2026 19:48:02.616;1;1;1;0;
10/02/2026 19:48:04.51;1;0;0;0;
10/02/2026 19:48:12.817;1;1;1;0;
10/02/2026 19:48:13.951;1;0;0;0;
10/02/2026 19:48:22.712;1;1;1;0;
10/02/2026 19:48:23.851;1;0;0;0;
10/02/2026 19:48:32.817;1;1;1;0;
10/02/2026 19:48:33.952;1;0;0;0;
10/02/2026 19:48:42.917;1;1;1;0;
10/02/2026 19:48:44.52;1;0;0;0;
10/02/2026 19:48:54.543;0;0;0;0;
10/02/2026 19:49:34.778;0;1;0;0;
10/02/2026 19:49:38.989;0;0;0;0;
10/02/2026 19:49:54.863;0;1;1;0;
10/02/2026 19:49:56.647;0;0;0;0;
10/02/2026 19:50:14.982;0;0;1;0;
10/02/2026 19:50:16.277;0;0;0;0;
10/02/2026 19:50:35.96;0;1;0;0;
10/02/2026 19:50:36.668;0;0;0;0;
10/02/2026 19:54:35.19;0;1;0;0;
10/02/2026 19:54:36.594;0;0;0;0;
10/02/2026 19:54:55.115;0;0;1;0;
10/02/2026 19:54:56.404;0;0;0;0;
10/02/2026 19:59:14.967;0;1;0;0;
10/02/2026 19:59:16.762;0;0;0;0;
10/02/2026 20:01:15.106;0;1;0;0;
10/02/2026 20:01:16.755;0;0;0;0;
10/02/2026 20:05:15.137;0;0;1;0;
10/02/2026 20:05:16.271;0;0;0;0;
10/02/2026 20:05:35.147;0;1;1;0;
10/02/2026 20:05:36.882;0;0;0;0;
10/02/2026 20:07:15.290;0;1;0;0;
10/02/2026 20:07:16.965;0;0;0;0;
10/02/2026 20:13:15.466;0;0;1;0;
10/02/2026 20:13:16.605;0;0;0;0;
10/02/2026 20:15:15.534;0;1;0;0;
10/02/2026 20:15:17.168;0;0;0;0;
10/02/2026 20:18:35.599;0;1;0;0;
10/02/2026 20:18:37.244;0;0;0;0;
10/02/2026 20:18:55.820;0;0;1;0;
10/02/2026 20:18:57.44;0;0;0;0;
10/02/2026 20:21:15.704;0;1;0;0;
10/02/2026 20:21:17.338;0;0;0;0;
10/02/2026 20:24:35.699;0;1;0;0;
10/02/2026 20:24:37.314;0;0;0;0;
10/02/2026 20:25:35.831;0;1;1;0;
10/02/2026 20:25:37.475;0;0;0;0;
10/02/2026 20:28:15.915;0;1;0;0;
10/02/2026 20:28:17.510;0;0;0;0;
10/02/2026 20:28:35.955;0;0;1;0;
10/02/2026 20:28:37.170;0;0;0;0;
10/02/2026 20:28:55.836;0;1;0;0;
10/02/2026 20:28:57.551;0;0;0;0;
10/02/2026 20:29:15.847;0;1;1;0;
10/02/2026 20:29:17.581;0;0;0;0;
10/02/2026 20:29:35.858;0;1;0;0;
10/02/2026 20:29:37.502;0;0;0;0;
10/02/2026 20:31:36.156;0;0;1;0;
10/02/2026 20:31:37.415;0;0;0;0;
10/02/2026 20:31:56.266;0;1;1;0;
10/02/2026 20:31:58.316;0;0;0;0;
10/02/2026 20:32:36.52;0;1;1;0;
10/02/2026 20:32:38.127;0;0;0;0;
10/02/2026 20:33:36.234;0;1;1;0;
10/02/2026 20:33:38.549;0;0;0;0;
10/02/2026 20:34:16.84;0;1;0;0;
10/02/2026 20:34:17.980;0;0;0;0;
10/02/2026 20:34:56.125;0;0;1;0;
10/02/2026 20:34:57.440;0;0;0;0;
10/02/2026 20:37:16.59;0;0;1;0;
10/02/2026 20:37:17.253;0;0;0;0;
10/02/2026 20:43:33.380;1;0;0;0;
10/02/2026 20:43:33.381;1;1;1;0;
10/02/2026 20:43:47.543;1;0;0;0;
10/02/2026 20:44:08.315;0;0;0;0;
10/02/2026 21:28:07.624;1;0;0;0;
10/02/2026 21:28:07.625;1;1;0;0;
10/02/2026 21:28:09.300;1;0;0;0;
10/02/2026 21:28:45.631;1;0;1;0;
10/02/2026 21:28:58.450;1;0;0;0;
10/02/2026 21:29:17.530;0;0;0;0;
10/02/2026 21:29:57.980;0;1;0;0;
10/02/2026 21:30:04.869;0;0;0;0;
10/02/2026 21:30:18.42;0;0;1;0;
10/02/2026 21:30:19.373;0;0;0;0;
10/02/2026 21:30:38.131;0;0;1;0;
10/02/2026 21:30:39.554;0;0;0;0;
10/02/2026 21:31:38.26;0;1;1;0;
10/02/2026 21:31:40.186;0;0;0;0;
10/02/2026 21:31:58.41;0;1;0;0;
10/02/2026 21:32:00.567;0;0;0;0;
10/02/2026 21:32:18.72;0;1;0;0;
10/02/2026 21:32:19.817;0;0;0;0;
10/02/2026 21:35:58.308;0;0;1;0;
10/02/2026 21:35:59.723;0;0;0;0;
10/02/2026 21:36:38.169;0;0;1;0;
10/02/2026 21:36:39.553;0;0;0;0;
10/02/2026 21:36:58.179;0;0;1;0;
10/02/2026 21:36:59.414;0;0;0;0;
10/02/2026 21:37:18.210;0;0;1;0;
10/02/2026 21:37:19.454;0;0;0;0;
10/02/2026 21:37:38.220;0;1;1;0;
10/02/2026 21:37:39.735;0;0;0;0;
10/02/2026 21:38:58.444;0;1;0;0;
10/02/2026 21:39:00.278;0;0;0;0;
10/02/2026 21:39:18.396;0;1;1;0;
10/02/2026 21:39:20.378;0;0;0;0;
10/02/2026 21:40:18.285;0;0;1;0;
10/02/2026 21:40:19.749;0;0;0;0;
10/02/2026 21:40:38.295;0;0;1;0;
10/02/2026 21:40:39.550;0;0;0;0;
10/02/2026 21:40:58.316;0;0;1;0;
10/02/2026 21:40:59.660;0;0;0;0;
10/02/2026 21:41:18.316;0;0;1;0;
10/02/2026 21:41:19.561;0;0;0;0;
10/02/2026 21:42:38.338;0;1;0;0;
10/02/2026 21:42:40.63;0;0;0;0;
10/02/2026 21:43:18.359;0;1;0;0;
10/02/2026 21:43:19.994;0;0;0;0;
10/02/2026 21:43:38.510;0;1;0;0;
10/02/2026 21:43:40.145;0;0;0;0;
10/02/2026 21:44:58.412;0;1;0;0;
10/02/2026 21:44:59.977;0;0;0;0;
10/02/2026 21:47:00.670;0;0;1;0;
10/02/2026 21:47:01.811;0;0;0;0;
10/02/2026 21:47:18.618;0;0;1;0;
10/02/2026 21:47:19.880;0;0;0;0;
10/02/2026 21:52:18.874;0;0;1;0;
10/02/2026 21:52:20.68;0;0;0;0;
10/02/2026 21:53:58.695;0;1;0;0;
10/02/2026 21:54:00.480;0;0;0;0;
10/02/2026 21:54:58.897;0;1;0;0;
10/02/2026 21:55:00.542;0;0;0;0;
10/02/2026 21:56:06.646;1;0;0;0;
10/02/2026 21:56:06.647;1;1;1;0;
10/02/2026 21:56:13.497;1;0;0;0;
10/02/2026 21:56:14.355;1;1;1;0;
10/02/2026 21:56:15.489;1;0;0;0;
10/02/2026 21:56:24.449;1;1;1;0;
10/02/2026 21:56:25.589;1;0;0;0;
10/02/2026 21:56:34.454;1;1;1;0;
10/02/2026 21:56:35.910;1;0;0;0;
10/02/2026 21:56:44.454;1;1;1;0;
10/02/2026 21:56:45.590;1;0;0;0;
10/02/2026 21:56:54.455;1;1;1;0;
10/02/2026 21:56:55.590;1;0;0;0;
10/02/2026 21:57:04.450;1;1;1;0;
10/02/2026 21:57:05.590;1;0;0;0;
10/02/2026 21:57:14.455;1;1;1;0;
10/02/2026 21:57:15.590;1;0;0;0;
10/02/2026 21:57:26.792;0;0;0;0;
10/02/2026 21:58:06.651;0;1;1;0;
10/02/2026 21:58:09.876;0;0;0;0;
10/02/2026 21:58:26.660;0;1;0;0;
10/02/2026 21:58:28.385;0;0;0;0;
10/02/2026 21:59:06.961;0;0;1;0;
10/02/2026 21:59:08.386;0;0;0;0;
10/02/2026 22:04:46.840;0;1;0;0;
10/02/2026 22:04:48.464;0;0;0;0;
10/02/2026 22:05:26.871;0;1;0;0;
10/02/2026 22:05:28.535;0;0;0;0;
10/02/2026 22:06:26.893;0;1;0;0;
10/02/2026 22:06:28.607;0;0;0;0;
10/02/2026 22:06:46.903;0;0;1;0;
10/02/2026 22:06:48.257;0;0;0;0;
10/02/2026 22:07:06.956;0;0;1;0;
10/02/2026 22:07:08.178;0;0;0;0;
10/02/2026 22:07:26.926;0;1;0;0;
10/02/2026 22:07:28.629;0;0;0;0;
10/02/2026 22:10:27.8;0;0;1;0;
10/02/2026 22:10:28.423;0;0;0;0;
10/02/2026 22:11:07.25;0;0;1;0;
10/02/2026 22:11:08.354;0;0;0;0;
10/02/2026 22:11:27.35;0;1;0;0;
10/02/2026 22:11:28.905;0;0;0;0;
10/02/2026 22:12:07.56;0;1;0;0;
10/02/2026 22:12:08.746;0;0;0;0;
10/02/2026 22:12:27.127;0;0;1;0;
10/02/2026 22:12:28.366;0;0;0;0;
10/02/2026 22:12:47.382;0;0;1;0;
10/02/2026 22:12:48.526;0;0;0;0;
10/02/2026 22:13:47.113;0;1;0;0;
10/02/2026 22:13:48.848;0;0;0;0;
10/02/2026 22:14:07.77;0;0;1;0;
10/02/2026 22:14:08.328;0;0;0;0;
10/02/2026 22:14:27.188;0;1;1;0;
10/02/2026 22:14:28.699;0;0;0;0;
10/02/2026 22:14:47.295;0;1;1;0;
10/02/2026 22:14:49.90;0;0;0;0;
10/02/2026 22:15:07.65;0;1;0;0;
10/02/2026 22:15:08.590;0;0;0;0;
10/02/2026 22:15:47.57;0;0;1;0;
10/02/2026 22:15:48.491;0;0;0;0;
10/02/2026 22:16:07.67;0;1;0;0;
10/02/2026 22:16:08.832;0;0;0;0;
10/02/2026 22:16:27.177;0;1;0;0;
10/02/2026 22:16:29.62;0;0;0;0;
10/02/2026 22:17:27.209;0;0;1;0;
10/02/2026 22:17:28.583;0;0;0;0;
10/02/2026 22:17:47.220;0;0;1;0;
10/02/2026 22:17:48.464;0;0;0;0;
10/02/2026 22:18:07.250;0;1;0;0;
10/02/2026 22:18:09.55;0;0;0;0;
10/02/2026 22:18:27.240;0;1;0;0;
10/02/2026 22:18:28.995;0;0;0;0;
10/02/2026 22:25:38.616;1;0;0;0;
10/02/2026 22:25:38.617;1;1;1;0;
10/02/2026 22:25:53.20;1;0;0;0;
10/02/2026 22:26:13.581;0;0;0;0;
10/02/2026 22:30:33.994;0;1;0;0;
10/02/2026 22:30:33.995;1;1;0;0;
10/02/2026 22:30:35.740;1;0;0;0;
10/02/2026 22:31:12.944;1;0;1;0;
10/02/2026 22:31:25.781;1;0;0;0;
10/02/2026 22:31:44.230;0;0;0;0;
10/02/2026 22:32:24.552;0;1;0;0;
10/02/2026 22:32:31.278;0;0;0;0;
10/02/2026 22:32:44.298;0;0;1;0;
10/02/2026 22:32:45.633;0;0;0;0;
10/02/2026 22:33:04.309;0;0;1;0;
10/02/2026 22:33:05.643;0;0;0;0;
10/02/2026 22:34:04.340;0;0;1;0;
10/02/2026 22:34:05.695;0;0;0;0;
10/02/2026 22:34:44.481;0;1;0;0;
10/02/2026 22:34:46.36;0;0;0;0;
10/02/2026 22:35:04.372;0;1;0;0;
10/02/2026 22:35:06.768;0;0;0;0;
10/02/2026 22:35:24.278;0;1;0;0;
10/02/2026 22:35:26.498;0;0;0;0;
10/02/2026 22:36:04.403;0;1;0;0;
10/02/2026 22:36:05.868;0;0;0;0;
10/02/2026 22:37:44.456;0;1;0;0;
10/02/2026 22:37:46.101;0;0;0;0;
10/02/2026 22:38:24.467;0;1;1;0;
10/02/2026 22:38:26.152;0;0;0;0;
10/02/2026 22:39:04.571;0;0;1;0;
10/02/2026 22:39:05.993;0;0;0;0;
10/02/2026 22:39:24.511;0;0;1;0;
10/02/2026 22:39:25.753;0;0;0;0;
10/02/2026 22:39:44.602;0;0;1;0;
10/02/2026 22:39:45.753;0;0;0;0;
10/02/2026 22:41:24.577;0;1;0;0;
10/02/2026 22:41:26.296;0;0;0;0;
10/02/2026 22:41:44.572;0;1;1;0;
10/02/2026 22:41:46.367;0;0;0;0;
10/02/2026 22:45:04.917;0;0;1;0;
10/02/2026 22:45:06.62;0;0;0;0;
10/02/2026 22:46:24.699;0;1;0;0;
10/02/2026 22:46:26.364;0;0;0;0;
10/02/2026 22:46:44.710;0;0;1;0;
10/02/2026 22:46:46.134;0;0;0;0;
10/02/2026 22:47:24.804;0;1;0;0;
10/02/2026 22:47:26.426;0;0;0;0;
10/02/2026 22:47:44.905;0;0;1;0;
10/02/2026 22:47:46.246;0;0;0;0;
10/02/2026 22:49:44.815;0;0;1;0;
10/02/2026 22:49:46.39;0;0;0;0;
10/02/2026 22:52:44.878;0;0;1;0;
10/02/2026 22:52:46.33;0;0;0;0;
10/02/2026 22:54:24.931;0;0;1;0;
10/02/2026 22:54:26.196;0;0;0;0;
10/02/2026 22:58:30.206;1;1;1;0;
10/02/2026 22:58:30.206;1;1;1;0;
10/02/2026 22:58:37.63;1;0;0;0;
10/02/2026 22:58:37.751;1;1;1;0;
10/02/2026 22:58:38.904;1;0;0;0;
10/02/2026 22:58:47.749;1;1;1;0;
10/02/2026 22:58:48.895;1;0;0;0;
10/02/2026 22:58:57.750;1;1;1;0;
10/02/2026 22:58:59.165;1;0;0;0;
10/02/2026 22:59:07.750;1;1;1;0;
10/02/2026 22:59:08.895;1;0;0;0;
10/02/2026 22:59:17.746;1;1;1;0;
10/02/2026 22:59:18.885;1;0;0;0;
10/02/2026 22:59:27.871;1;1;1;0;
10/02/2026 22:59:29.6;1;0;0;0;
10/02/2026 22:59:37.751;1;1;1;0;
10/02/2026 22:59:38.886;1;0;0;0;
10/02/2026 22:59:50.508;0;0;0;0;
10/02/2026 23:00:29.836;0;1;1;0;
10/02/2026 23:00:34.493;0;0;0;0;
10/02/2026 23:00:49.945;0;1;0;0;
10/02/2026 23:00:51.981;0;0;0;0;
10/02/2026 23:01:09.956;0;0;1;0;
10/02/2026 23:01:11.361;0;0;0;0;
10/02/2026 23:01:29.966;0;1;1;0;
10/02/2026 23:01:31.682;0;0;0;0;
10/02/2026 23:03:10.309;0;0;1;0;
10/02/2026 23:03:11.644;0;0;0;0;
10/02/2026 23:06:10.23;0;0;1;0;
10/02/2026 23:06:11.158;0;0;0;0;
10/02/2026 23:06:30.14;0;0;1;0;
10/02/2026 23:06:31.299;0;0;0;0;
10/02/2026 23:07:10.35;0;0;1;0;
10/02/2026 23:07:11.440;0;0;0;0;
10/02/2026 23:08:30.187;0;0;1;0;
10/02/2026 23:08:31.512;0;0;0;0;
10/02/2026 23:08:50.187;0;1;0;0;
10/02/2026 23:08:51.933;0;0;0;0;
10/02/2026 23:09:10.248;0;1;0;0;
10/02/2026 23:09:11.913;0;0;0;0;
10/02/2026 23:10:10.230;0;1;0;0;
10/02/2026 23:10:11.775;0;0;0;0;
10/02/2026 23:10:30.240;0;0;1;0;
10/02/2026 23:10:31.385;0;0;0;0;
10/02/2026 23:10:50.334;0;1;1;0;
10/02/2026 23:10:52.36;0;0;0;0;
10/02/2026 23:12:50.224;0;1;1;0;
10/02/2026 23:12:51.869;0;0;0;0;
10/02/2026 23:13:30.214;0;1;0;0;
10/02/2026 23:13:31.740;0;0;0;0;
10/02/2026 23:14:10.336;0;0;1;0;
10/02/2026 23:14:11.710;0;0;0;0;
10/02/2026 23:16:30.765;0;0;1;0;
10/02/2026 23:16:31.974;0;0;0;0;
10/02/2026 23:16:50.730;0;1;1;0;
10/02/2026 23:16:52.655;0;0;0;0;
10/02/2026 23:17:10.430;0;0;1;0;
10/02/2026 23:17:11.725;0;0;0;0;
10/02/2026 23:17:30.441;0;1;1;0;
10/02/2026 23:17:32.516;0;0;0;0;
10/02/2026 23:18:10.535;0;0;1;0;
10/02/2026 23:18:12.27;0;0;0;0;
10/02/2026 23:18:30.636;0;0;1;0;
10/02/2026 23:18:31.917;0;0;0;0;
10/02/2026 23:19:10.393;0;0;1;0;
10/02/2026 23:19:11.828;0;0;0;0;
10/02/2026 23:19:30.414;0;1;1;0;
10/02/2026 23:19:32.239;0;0;0;0;
10/02/2026 23:19:50.404;0;0;1;0;
10/02/2026 23:19:51.599;0;0;0;0;
10/02/2026 23:20:10.445;0;1;0;0;
10/02/2026 23:20:12.210;0;0;0;0;
10/02/2026 23:27:07.742;1;0;0;0;
10/02/2026 23:27:07.743;1;1;1;0;
10/02/2026 23:27:22.330;1;0;0;0;
10/02/2026 23:27:42.431;0;0;0;0;
10/02/2026 23:30:21.768;1;0;0;0;
10/02/2026 23:30:21.769;1;1;0;0;
10/02/2026 23:30:23.384;1;0;0;0;
10/02/2026 23:30:59.677;1;0;1;0;
10/02/2026 23:31:12.665;1;0;0;0;
10/02/2026 23:31:33.406;0;0;0;0;
10/02/2026 23:32:12.59;0;1;0;0;
10/02/2026 23:32:18.732;0;0;0;0;
10/02/2026 23:32:32.73;0;0;1;0;
10/02/2026 23:32:33.347;0;0;0;0;
10/02/2026 23:35:12.607;0;1;0;0;
10/02/2026 23:35:14.402;0;0;0;0;
10/02/2026 23:35:32.167;0;1;0;0;
10/02/2026 23:35:34.743;0;0;0;0;
10/02/2026 23:35:52.187;0;1;0;0;
10/02/2026 23:35:54.163;0;0;0;0;
10/02/2026 23:37:52.376;0;0;1;0;
10/02/2026 23:37:53.695;0;0;0;0;
10/02/2026 23:38:32.241;0;0;1;0;
10/02/2026 23:38:33.666;0;0;0;0;
10/02/2026 23:38:52.252;0;0;1;0;
10/02/2026 23:38:53.487;0;0;0;0;
10/02/2026 23:40:12.294;0;1;0;0;
10/02/2026 23:40:13.769;0;0;0;0;
10/02/2026 23:40:32.300;0;1;0;0;
10/02/2026 23:40:34.190;0;0;0;0;
10/02/2026 23:40:52.316;0;1;0;0;
10/02/2026 23:40:54.321;0;0;0;0;
10/02/2026 23:41:12.326;0;1;1;0;
10/02/2026 23:41:14.571;0;0;0;0;
10/02/2026 23:41:32.336;0;1;1;0;
10/02/2026 23:41:34.161;0;0;0;0;
10/02/2026 23:42:12.387;0;0;1;0;
10/02/2026 23:42:13.732;0;0;0;0;
10/02/2026 23:43:32.379;0;1;0;0;
10/02/2026 23:43:33.874;0;0;0;0;
10/02/2026 23:44:12.401;0;0;1;0;
10/02/2026 23:44:13.685;0;0;0;0;
10/02/2026 23:45:52.657;0;1;0;0;
10/02/2026 23:45:54.528;0;0;0;0;
10/02/2026 23:46:12.917;0;1;0;0;
10/02/2026 23:46:14.719;0;0;0;0;
10/02/2026 23:47:52.516;0;1;0;0;
10/02/2026 23:47:54.41;0;0;0;0;
10/02/2026 23:48:52.548;0;1;0;0;
10/02/2026 23:48:54.102;0;0;0;0;
10/02/2026 23:49:12.568;0;0;1;0;
10/02/2026 23:49:13.792;0;0;0;0;
10/02/2026 23:49:32.558;0;0;1;0;
10/02/2026 23:49:33.693;0;0;0;0;
10/02/2026 23:49:52.789;0;1;0;0;
10/02/2026 23:49:54.464;0;0;0;0;
10/02/2026 23:52:12.632;0;1;0;0;
10/02/2026 23:52:14.197;0;0;0;0;
10/02/2026 23:53:52.695;0;1;0;0;
10/02/2026 23:53:54.240;0;0;0;0;
10/02/2026 23:58:05.804;1;0;0;0;
10/02/2026 23:58:05.805;1;1;1;0;
10/02/2026 23:58:12.574;1;0;0;0;
10/02/2026 23:58:13.503;1;1;1;0;
10/02/2026 23:58:14.666;1;0;0;0;
10/02/2026 23:58:23.502;1;1;1;0;
10/02/2026 23:58:24.647;1;0;0;0;
10/02/2026 23:58:33.502;1;1;1;0;
10/02/2026 23:58:34.947;1;0;0;0;
10/02/2026 23:58:43.502;1;1;1;0;
10/02/2026 23:58:44.657;1;0;0;0;
10/02/2026 23:58:53.502;1;1;1;0;
10/02/2026 23:58:54.647;1;0;0;0;
10/02/2026 23:59:03.498;1;1;1;0;
10/02/2026 23:59:04.648;1;0;0;0;
10/02/2026 23:59:13.603;1;1;1;0;
10/02/2026 23:59:14.748;1;0;0;0;
10/02/2026 23:59:26.710;0;0;0;0;
11/02/2026 00:00:05.608;0;1;1;0;
11/02/2026 00:00:09.324;0;0;0;0;
11/02/2026 00:00:25.627;0;1;0;0;
11/02/2026 00:00:27.513;0;0;0;0;
11/02/2026 00:00:45.723;0;0;1;0;
11/02/2026 00:00:47.133;0;0;0;0;
11/02/2026 00:01:05.834;0;1;0;0;
11/02/2026 00:01:07.424;0;0;0;0;
11/02/2026 00:03:06.165;0;1;0;0;
11/02/2026 00:03:08.217;0;0;0;0;
11/02/2026 00:03:45.792;0;1;0;0;
11/02/2026 00:03:47.578;0;0;0;0;
11/02/2026 00:08:25.819;0;0;1;0;
11/02/2026 00:08:27.174;0;0;0;0;
11/02/2026 00:13:45.988;0;0;1;0;
11/02/2026 00:13:47.122;0;0;0;0;
11/02/2026 00:14:06.84;0;0;1;0;
11/02/2026 00:14:07.373;0;0;0;0;
11/02/2026 00:15:06.155;0;1;0;0;
11/02/2026 00:15:07.985;0;0;0;0;
11/02/2026 00:15:26.130;0;1;0;0;
11/02/2026 00:15:27.715;0;0;0;0;
11/02/2026 00:16:06.235;0;1;0;0;
11/02/2026 00:16:07.896;0;0;0;0;
11/02/2026 00:16:46.635;0;1;1;0;
11/02/2026 00:16:48.298;0;0;0;0;
11/02/2026 00:17:26.193;0;1;0;0;
11/02/2026 00:17:27.828;0;0;0;0;
11/02/2026 00:18:06.214;0;0;1;0;
11/02/2026 00:18:07.659;0;0;0;0;
11/02/2026 00:18:26.235;0;1;1;0;
11/02/2026 00:18:27.950;0;0;0;0;
11/02/2026 00:18:46.136;0;0;1;0;
11/02/2026 00:18:47.350;0;0;0;0;
11/02/2026 00:19:06.146;0;0;1;0;
11/02/2026 00:19:07.370;0;0;0;0;
11/02/2026 00:20:46.194;0;1;0;0;
11/02/2026 00:20:47.753;0;0;0;0;
11/02/2026 00:24:06.379;0;1;1;0;
11/02/2026 00:24:08.38;0;0;0;0;
11/02/2026 00:26:26.356;0;0;1;0;
11/02/2026 00:26:27.882;0;0;0;0;
11/02/2026 00:26:28.999;1;0;0;0;
11/02/2026 00:26:28.999;1;1;1;0;
11/02/2026 00:26:42.797;1;0;0;0;
11/02/2026 00:27:03.638;0;0;0;0;
11/02/2026 00:30:17.507;0;1;0;0;
11/02/2026 00:30:17.508;1;1;0;0;
11/02/2026 00:30:19.177;1;0;0;0;
11/02/2026 00:30:55.420;1;0;1;0;
11/02/2026 00:31:08.418;1;0;0;0;
11/02/2026 00:31:29.389;0;0;0;0;
11/02/2026 00:32:07.926;0;1;0;0;
11/02/2026 00:32:14.696;0;0;0;0;
11/02/2026 00:32:27.995;0;0;1;0;
11/02/2026 00:32:29.341;0;0;0;0;
11/02/2026 00:32:48.96;0;1;1;0;
11/02/2026 00:32:50.282;0;0;0;0;
11/02/2026 00:33:07.736;0;1;0;0;
11/02/2026 00:33:10.72;0;0;0;0;
11/02/2026 00:33:27.847;0;1;0;0;
11/02/2026 00:33:29.552;0;0;0;0;
11/02/2026 00:34:07.868;0;1;0;0;
11/02/2026 00:34:09.363;0;0;0;0;
11/02/2026 00:38:07.984;0;0;1;0;
11/02/2026 00:38:09.369;0;0;0;0;
11/02/2026 00:38:28.5;0;0;1;0;
11/02/2026 00:38:29.269;0;0;0;0;
11/02/2026 00:38:48.25;0;0;1;0;
11/02/2026 00:38:49.220;0;0;0;0;
11/02/2026 00:39:08.76;0;1;0;0;
11/02/2026 00:39:09.721;0;0;0;0;
11/02/2026 00:39:28.26;0;1;0;0;
11/02/2026 00:39:29.581;0;0;0;0;
11/02/2026 00:43:48.437;0;0;1;0;
11/02/2026 00:43:49.678;0;0;0;0;
11/02/2026 00:44:08.153;0;0;1;0;
11/02/2026 00:44:09.308;0;0;0;0;
11/02/2026 00:45:28.195;0;1;0;0;
11/02/2026 00:45:29.870;0;0;0;0;
11/02/2026 00:47:08.258;0;1;0;0;
11/02/2026 00:47:09.843;0;0;0;0;
11/02/2026 00:47:48.429;0;0;1;0;
11/02/2026 00:47:49.684;0;0;0;0;
11/02/2026 00:49:08.281;0;1;0;0;
11/02/2026 00:49:09.806;0;0;0;0;
11/02/2026 00:49:28.292;0;1;0;0;
11/02/2026 00:49:29.916;0;0;0;0;
11/02/2026 00:49:48.298;0;1;1;0;
11/02/2026 00:49:50.137;0;0;0;0;
11/02/2026 00:51:48.365;0;1;0;0;
11/02/2026 00:51:49.970;0;0;0;0;
11/02/2026 00:55:48.472;0;1;0;0;
11/02/2026 00:55:50.246;0;0;0;0;
11/02/2026 00:56:08.482;0;1;0;0;
11/02/2026 00:56:09.986;0;0;0;0;
11/02/2026 00:56:28.492;0;0;1;0;
11/02/2026 00:56:29.636;0;0;0;0;
11/02/2026 00:56:48.503;0;1;1;0;
11/02/2026 00:56:50.348;0;0;0;0;
11/02/2026 00:58:32.559;1;0;0;0;
11/02/2026 00:58:32.560;1;1;1;0;
11/02/2026 00:58:39.590;1;0;0;0;
11/02/2026 00:58:40.258;1;1;1;0;
11/02/2026 00:58:41.391;1;0;0;0;
11/02/2026 00:58:50.256;1;1;1;0;
11/02/2026 00:58:51.392;1;0;0;0;
11/02/2026 00:59:00.257;1;1;1;0;
11/02/2026 00:59:01.692;1;0;0;0;
11/02/2026 00:59:10.253;1;1;1;0;
11/02/2026 00:59:11.392;1;0;0;0;
11/02/2026 00:59:20.257;1;1;1;0;
11/02/2026 00:59:21.392;1;0;0;0;
11/02/2026 00:59:30.257;1;1;1;0;
11/02/2026 00:59:31.393;1;0;0;0;
11/02/2026 00:59:40.257;1;1;1;0;
11/02/2026 00:59:41.393;1;0;0;0;
11/02/2026 00:59:53.165;0;0;0;0;
11/02/2026 01:00:32.463;0;1;1;0;
11/02/2026 01:00:36.960;0;0;0;0;
11/02/2026 01:00:52.472;0;1;0;0;
11/02/2026 01:00:54.528;0;0;0;0;
11/02/2026 01:01:12.483;0;1;1;0;
11/02/2026 01:01:14.118;0;0;0;0;
11/02/2026 01:01:32.503;0;0;1;0;
11/02/2026 01:01:33.778;0;0;0;0;
11/02/2026 01:02:12.715;0;1;0;0;
11/02/2026 01:02:14.189;0;0;0;0;
11/02/2026 01:02:32.525;0;0;1;0;
11/02/2026 01:02:33.850;0;0;0;0;
11/02/2026 01:04:32.498;0;1;0;0;
11/02/2026 01:04:34.143;0;0;0;0;
11/02/2026 01:05:52.610;0;1;0;0;
11/02/2026 01:05:54.195;0;0;0;0;
11/02/2026 01:08:32.800;0;0;1;0;
11/02/2026 01:08:34.59;0;0;0;0;
11/02/2026 01:12:32.790;0;0;1;0;
11/02/2026 01:12:33.925;0;0;0;0;
11/02/2026 01:13:32.822;0;1;0;0;
11/02/2026 01:13:34.487;0;0;0;0;
11/02/2026 01:14:52.924;0;1;0;0;
11/02/2026 01:14:54.969;0;0;0;0;
11/02/2026 01:15:13.40;0;1;1;0;
11/02/2026 01:15:15.150;0;0;0;0;
11/02/2026 01:16:53.202;0;0;1;0;
11/02/2026 01:16:54.402;0;0;0;0;
11/02/2026 01:17:13.112;0;1;1;0;
11/02/2026 01:17:14.843;0;0;0;0;
11/02/2026 01:17:32.853;0;1;1;0;
11/02/2026 01:17:34.473;0;0;0;0;
11/02/2026 01:18:52.960;0;0;1;0;
11/02/2026 01:18:54.425;0;0;0;0;
11/02/2026 01:19:32.981;0;0;1;0;
11/02/2026 01:19:34.426;0;0;0;0;
11/02/2026 01:19:52.991;0;1;1;0;
11/02/2026 01:19:54.796;0;0;0;0;
11/02/2026 01:20:13.2;0;0;1;0;
11/02/2026 01:20:14.216;0;0;0;0;
11/02/2026 01:20:33.12;0;1;0;0;
11/02/2026 01:20:35.58;0;0;0;0;
11/02/2026 01:22:33.95;0;1;0;0;
11/02/2026 01:22:34.630;0;0;0;0;
11/02/2026 01:23:13.32;0;1;0;0;
11/02/2026 01:23:14.611;0;0;0;0;
11/02/2026 01:23:33.135;0;1;0;0;
11/02/2026 01:23:34.752;0;0;0;0;
11/02/2026 01:24:13.33;0;1;0;0;
11/02/2026 01:24:14.623;0;0;0;0;
11/02/2026 01:25:13.70;0;0;1;0;
11/02/2026 01:25:14.484;0;0;0;0;
11/02/2026 01:26:13.166;0;0;1;0;
11/02/2026 01:26:14.485;0;0;0;0;
11/02/2026 01:26:53.192;0;0;1;0;
11/02/2026 01:26:54.677;0;0;0;0;
11/02/2026 01:27:15.855;1;0;0;0;
11/02/2026 01:27:15.856;1;1;1;0;
11/02/2026 01:27:29.803;1;0;0;0;
11/02/2026 01:27:50.914;0;0;0;0;
11/02/2026 01:30:23.925;0;1;0;0;
11/02/2026 01:30:23.926;1;1;0;0;
11/02/2026 01:30:25.581;1;0;0;0;
11/02/2026 01:31:02.54;1;0;1;0;
11/02/2026 01:31:15.131;1;0;0;0;
11/02/2026 01:31:36.233;0;0;0;0;
11/02/2026 01:32:14.550;0;1;0;0;
11/02/2026 01:32:21.239;0;0;0;0;
11/02/2026 01:32:34.329;0;1;0;0;
11/02/2026 01:32:36.245;0;0;0;0;
11/02/2026 01:32:54.335;0;1;1;0;
11/02/2026 01:32:56.315;0;0;0;0;
11/02/2026 01:33:14.350;0;1;0;0;
11/02/2026 01:33:16.696;0;0;0;0;
11/02/2026 01:33:34.361;0;0;1;0;
11/02/2026 01:33:35.736;0;0;0;0;
11/02/2026 01:34:34.636;0;1;0;0;
11/02/2026 01:34:36.147;0;0;0;0;
11/02/2026 01:35:14.634;0;0;1;0;
11/02/2026 01:35:15.988;0;0;0;0;
11/02/2026 01:38:14.494;0;0;1;0;
11/02/2026 01:38:15.753;0;0;0;0;
11/02/2026 01:38:34.498;0;0;1;0;
11/02/2026 01:38:35.723;0;0;0;0;
11/02/2026 01:40:14.561;0;1;0;0;
11/02/2026 01:40:16.706;0;0;0;0;
11/02/2026 01:40:34.551;0;1;1;0;
11/02/2026 01:40:36.717;0;0;0;0;
11/02/2026 01:40:54.558;0;1;1;0;
11/02/2026 01:40:57.328;0;0;0;0;
11/02/2026 01:41:14.573;0;1;0;0;
11/02/2026 01:41:16.298;0;0;0;0;
11/02/2026 01:41:34.583;0;0;1;0;
11/02/2026 01:41:36.8;0;0;0;0;
11/02/2026 01:42:34.765;0;1;0;0;
11/02/2026 01:42:36.680;0;0;0;0;
11/02/2026 01:42:54.859;0;1;0;0;
11/02/2026 01:42:56.540;0;0;0;0;
11/02/2026 01:43:34.646;0;0;1;0;
11/02/2026 01:43:35.981;0;0;0;0;
11/02/2026 01:44:54.578;0;1;0;0;
11/02/2026 01:44:56.193;0;0;0;0;
11/02/2026 01:45:14.678;0;1;0;0;
11/02/2026 01:45:16.233;0;0;0;0;
11/02/2026 01:45:54.699;0;1;0;0;
11/02/2026 01:45:57.125;0;0;0;0;
11/02/2026 01:46:14.710;0;1;1;0;
11/02/2026 01:46:16.765;0;0;0;0;
11/02/2026 01:47:14.942;0;1;0;0;
11/02/2026 01:47:16.507;0;0;0;0;
11/02/2026 01:47:54.773;0;1;1;0;
11/02/2026 01:47:56.277;0;0;0;0;
11/02/2026 01:48:14.769;0;0;1;0;
11/02/2026 01:48:16.8;0;0;0;0;
11/02/2026 01:49:54.958;0;1;0;0;
11/02/2026 01:49:56.571;0;0;0;0;
11/02/2026 01:57:35.47;0;1;0;0;
11/02/2026 01:57:36.812;0;0;0;0;
11/02/2026 01:57:55.67;0;0;1;0;
11/02/2026 01:57:56.202;0;0;0;0;
11/02/2026 01:58:15.52;0;0;1;0;
11/02/2026 01:58:16.313;0;0;0;0;
11/02/2026 01:58:35.59;0;1;0;0;
11/02/2026 01:58:36.734;0;0;0;0;
11/02/2026 01:59:08.82;1;0;0;0;
11/02/2026 01:59:08.83;1;1;1;0;
11/02/2026 01:59:15.53;1;0;0;0;
11/02/2026 01:59:15.944;1;1;1;0;
11/02/2026 01:59:17.85;1;0;0;0;
11/02/2026 01:59:25.995;1;1;1;0;
11/02/2026 01:59:27.405;1;0;0;0;
11/02/2026 01:59:36.56;1;1;1;0;
11/02/2026 01:59:37.195;1;0;0;0;
11/02/2026 01:59:45.776;1;1;1;0;
11/02/2026 01:59:46.915;1;0;0;0;
11/02/2026 01:59:55.780;1;1;1;0;
11/02/2026 01:59:56.926;1;0;0;0;
11/02/2026 02:00:05.781;1;1;1;0;
11/02/2026 02:00:06.926;1;0;0;0;
11/02/2026 02:00:15.781;1;1;1;0;
11/02/2026 02:00:16.926;1;0;0;0;
11/02/2026 02:00:28.578;0;0;0;0;
11/02/2026 02:01:07.886;0;1;1;0;
11/02/2026 02:01:12.593;0;0;0;0;
11/02/2026 02:01:27.895;0;1;0;0;
11/02/2026 02:01:29.991;0;0;0;0;
11/02/2026 02:01:47.906;0;1;1;0;
11/02/2026 02:01:49.911;0;0;0;0;
11/02/2026 02:02:07.916;0;0;1;0;
11/02/2026 02:02:09.201;0;0;0;0;
11/02/2026 02:03:27.948;0;0;1;0;
11/02/2026 02:03:29.263;0;0;0;0;
11/02/2026 02:09:08.137;0;1;1;0;
11/02/2026 02:09:09.602;0;0;0;0;
11/02/2026 02:11:08.521;0;0;1;0;
11/02/2026 02:11:09.745;0;0;0;0;
11/02/2026 02:11:28.281;0;0;1;0;
11/02/2026 02:11:29.576;0;0;0;0;
11/02/2026 02:13:28.344;0;1;0;0;
11/02/2026 02:13:30.149;0;0;0;0;
11/02/2026 02:15:28.317;0;1;0;0;
11/02/2026 02:15:29.872;0;0;0;0;
11/02/2026 02:15:48.317;0;1;0;0;
11/02/2026 02:15:50.563;0;0;0;0;
11/02/2026 02:16:08.318;0;1;0;0;
11/02/2026 02:16:10.203;0;0;0;0;
11/02/2026 02:16:28.318;0;0;1;0;
11/02/2026 02:16:29.453;0;0;0;0;
11/02/2026 02:17:10.562;0;1;0;0;
11/02/2026 02:17:12.427;0;0;0;0;
11/02/2026 02:17:28.680;0;1;0;0;
11/02/2026 02:17:30.225;0;0;0;0;
11/02/2026 02:17:48.461;0;1;1;0;
11/02/2026 02:17:49.986;0;0;0;0;
11/02/2026 02:18:08.471;0;0;1;0;
11/02/2026 02:18:09.626;0;0;0;0;
11/02/2026 02:18:28.482;0;1;1;0;
11/02/2026 02:18:29.957;0;0;0;0;
11/02/2026 02:19:48.524;0;1;0;0;
11/02/2026 02:19:50.149;0;0;0;0;
11/02/2026 02:21:28.476;0;0;1;0;
11/02/2026 02:21:29.741;0;0;0;0;
11/02/2026 02:22:28.493;0;1;0;0;
11/02/2026 02:22:30.263;0;0;0;0;
11/02/2026 02:23:28.619;0;1;0;0;
11/02/2026 02:23:30.324;0;0;0;0;
11/02/2026 02:27:28.635;0;1;0;0;
11/02/2026 02:27:30.200;0;0;0;0;
11/02/2026 02:27:37.924;1;0;0;0;
11/02/2026 02:27:37.925;1;1;1;0;
11/02/2026 02:27:52.353;1;0;0;0;
11/02/2026 02:28:13.204;0;0;0;0;
11/02/2026 02:31:00.935;0;1;0;0;
11/02/2026 02:31:00.936;1;1;0;0;
11/02/2026 02:31:02.595;1;0;0;0;
11/02/2026 02:31:38.763;1;0;1;0;
11/02/2026 02:31:51.956;1;0;0;0;
11/02/2026 02:32:13.348;0;0;0;0;
11/02/2026 02:32:51.127;0;1;0;0;
11/02/2026 02:32:57.793;0;0;0;0;
11/02/2026 02:33:11.63;0;1;1;0;
11/02/2026 02:33:13.139;0;0;0;0;
11/02/2026 02:33:31.116;0;1;0;0;
11/02/2026 02:33:33.740;0;0;0;0;
11/02/2026 02:33:51.418;0;1;0;0;
11/02/2026 02:33:53.90;0;0;0;0;
11/02/2026 02:34:31.101;0;0;1;0;
11/02/2026 02:34:32.360;0;0;0;0;
11/02/2026 02:36:31.148;0;1;0;0;
11/02/2026 02:36:32.914;0;0;0;0;
11/02/2026 02:37:51.190;0;0;1;0;
11/02/2026 02:37:52.515;0;0;0;0;
11/02/2026 02:38:11.251;0;1;0;0;
11/02/2026 02:38:12.926;0;0;0;0;
11/02/2026 02:38:31.638;0;0;1;0;
11/02/2026 02:38:32.917;0;0;0;0;
11/02/2026 02:40:31.274;0;1;0;0;
11/02/2026 02:40:32.910;0;0;0;0;
11/02/2026 02:40:51.285;0;1;0;0;
11/02/2026 02:40:52.940;0;0;0;0;
11/02/2026 02:41:11.319;0;1;1;0;
11/02/2026 02:41:13.321;0;0;0;0;
11/02/2026 02:41:51.510;0;0;1;0;
11/02/2026 02:41:52.771;0;0;0;0;
11/02/2026 02:42:11.610;0;1;0;0;
11/02/2026 02:42:13.192;0;0;0;0;
11/02/2026 02:42:31.348;0;1;0;0;
11/02/2026 02:42:33.563;0;0;0;0;
11/02/2026 02:43:11.338;0;1;0;0;
11/02/2026 02:43:13.344;0;0;0;0;
11/02/2026 02:46:51.454;0;1;0;0;
11/02/2026 02:46:52.929;0;0;0;0;
11/02/2026 02:47:11.465;0;0;1;0;
11/02/2026 02:47:12.669;0;0;0;0;
11/02/2026 02:49:51.529;0;0;1;0;
11/02/2026 02:49:52.753;0;0;0;0;
11/02/2026 02:53:31.824;0;0;1;0;
11/02/2026 02:53:33.59;0;0;0;0;
11/02/2026 02:53:51.965;0;1;0;0;
11/02/2026 02:53:53.580;0;0;0;0;
11/02/2026 02:54:11.695;0;0;1;0;
11/02/2026 02:54:13.30;0;0;0;0;
11/02/2026 02:54:31.676;0;1;0;0;
11/02/2026 02:54:33.321;0;0;0;0;
11/02/2026 02:59:28.965;1;0;0;0;
11/02/2026 02:59:28.966;1;1;1;0;
11/02/2026 02:59:35.891;1;0;0;0;
11/02/2026 02:59:36.505;1;1;1;0;
11/02/2026 02:59:37.642;1;0;0;0;
11/02/2026 02:59:46.503;1;1;1;0;
11/02/2026 02:59:47.643;1;0;0;0;
11/02/2026 02:59:56.508;1;1;1;0;
11/02/2026 02:59:57.943;1;0;0;0;
11/02/2026 03:00:06.508;1;1;1;0;
11/02/2026 03:00:07.643;1;0;0;0;
11/02/2026 03:00:16.508;1;1;1;0;
11/02/2026 03:00:17.643;1;0;0;0;
11/02/2026 03:00:26.504;1;1;1;0;
11/02/2026 03:00:27.644;1;0;0;0;
11/02/2026 03:00:36.509;1;1;1;0;
11/02/2026 03:00:37.644;1;0;0;0;
11/02/2026 03:00:49.436;0;0;0;0;
11/02/2026 03:01:28.715;0;1;1;0;
11/02/2026 03:01:33.842;0;0;0;0;
11/02/2026 03:01:48.723;0;1;0;0;
11/02/2026 03:01:51.129;0;0;0;0;
11/02/2026 03:02:08.734;0;1;0;0;
11/02/2026 03:02:10.759;0;0;0;0;
11/02/2026 03:02:28.744;0;0;1;0;
11/02/2026 03:02:30.159;0;0;0;0;
11/02/2026 03:03:08.706;0;1;0;0;
11/02/2026 03:03:10.481;0;0;0;0;
11/02/2026 03:03:48.927;0;1;0;0;
11/02/2026 03:03:50.632;0;0;0;0;
11/02/2026 03:07:28.922;0;0;1;0;
11/02/2026 03:07:30.257;0;0;0;0;
11/02/2026 03:11:29.42;0;0;1;0;
11/02/2026 03:11:30.183;0;0;0;0;
11/02/2026 03:11:49.160;0;0;1;0;
11/02/2026 03:11:50.444;0;0;0;0;
11/02/2026 03:13:09.51;0;1;0;0;
11/02/2026 03:13:10.856;0;0;0;0;
11/02/2026 03:13:29.62;0;1;0;0;
11/02/2026 03:13:30.877;0;0;0;0;
11/02/2026 03:14:49.103;0;1;0;0;
11/02/2026 03:14:50.879;0;0;0;0;
11/02/2026 03:15:29.124;0;1;0;0;
11/02/2026 03:15:30.659;0;0;0;0;
11/02/2026 03:16:29.232;0;1;0;0;
11/02/2026 03:16:31.81;0;0;0;0;
11/02/2026 03:16:49.347;0;1;0;0;
11/02/2026 03:16:50.902;0;0;0;0;
11/02/2026 03:17:49.188;0;1;0;0;
11/02/2026 03:17:50.813;0;0;0;0;
11/02/2026 03:18:09.302;0;1;0;0;
11/02/2026 03:18:10.984;0;0;0;0;
11/02/2026 03:18:29.99;0;0;1;0;
11/02/2026 03:18:30.353;0;0;0;0;
11/02/2026 03:18:49.205;0;0;1;0;
11/02/2026 03:18:50.344;0;0;0;0;
11/02/2026 03:19:09.220;0;1;1;0;
11/02/2026 03:19:10.805;0;0;0;0;
11/02/2026 03:19:49.241;0;1;0;0;
11/02/2026 03:19:50.866;0;0;0;0;
11/02/2026 03:20:09.251;0;0;1;0;
11/02/2026 03:20:10.646;0;0;0;0;
11/02/2026 03:21:29.293;0;0;1;0;
11/02/2026 03:21:30.688;0;0;0;0;
11/02/2026 03:22:29.345;0;0;1;0;
11/02/2026 03:22:30.580;0;0;0;0;
11/02/2026 03:23:29.527;0;1;0;0;
11/02/2026 03:23:31.502;0;0;0;0;
11/02/2026 03:24:09.287;0;1;0;0;
11/02/2026 03:24:11.83;0;0;0;0;
11/02/2026 03:26:09.430;0;1;0;0;
11/02/2026 03:26:10.985;0;0;0;0;
11/02/2026 03:27:49.483;0;0;1;0;
11/02/2026 03:27:50.938;0;0;0;0;
11/02/2026 03:27:52.35;1;0;0;0;
11/02/2026 03:27:52.36;1;1;1;0;
11/02/2026 03:28:06.334;1;0;0;0;
11/02/2026 03:28:26.995;0;0;0;0;
11/02/2026 03:31:37.694;0;1;0;0;
11/02/2026 03:31:37.695;1;1;0;0;
11/02/2026 03:31:39.350;1;0;0;0;
11/02/2026 03:32:15.754;1;0;1;0;
11/02/2026 03:32:28.731;1;0;0;0;
11/02/2026 03:32:49.992;0;0;0;0;
11/02/2026 03:33:28.131;0;1;0;0;
11/02/2026 03:33:31.565;0;0;0;0;
11/02/2026 03:33:51.55;0;0;1;0;
11/02/2026 03:33:52.346;0;0;0;0;
11/02/2026 03:34:09.110;0;1;1;0;
11/02/2026 03:34:10.845;0;0;0;0;
11/02/2026 03:38:08.275;0;1;0;0;
11/02/2026 03:38:09.750;0;0;0;0;
11/02/2026 03:38:28.376;0;0;1;0;
11/02/2026 03:38:29.730;0;0;0;0;
11/02/2026 03:38:48.156;0;0;1;0;
11/02/2026 03:38:49.461;0;0;0;0;
11/02/2026 03:39:08.146;0;1;0;0;
11/02/2026 03:39:09.822;0;0;0;0;
11/02/2026 03:40:08.178;0;0;1;0;
11/02/2026 03:40:09.643;0;0;0;0;
11/02/2026 03:41:08.362;0;0;1;0;
11/02/2026 03:41:09.674;0;0;0;0;
11/02/2026 03:41:28.455;0;0;1;0;
11/02/2026 03:41:29.685;0;0;0;0;
11/02/2026 03:42:08.221;0;1;0;0;
11/02/2026 03:42:09.866;0;0;0;0;
11/02/2026 03:42:28.231;0;1;0;0;
11/02/2026 03:42:29.907;0;0;0;0;
11/02/2026 03:42:48.242;0;1;0;0;
11/02/2026 03:42:50.257;0;0;0;0;
11/02/2026 03:44:28.350;0;0;1;0;
11/02/2026 03:44:29.589;0;0;0;0;
11/02/2026 03:46:08.627;0;1;0;0;
11/02/2026 03:46:10.92;0;0;0;0;
11/02/2026 03:47:08.278;0;0;1;0;
11/02/2026 03:47:09.413;0;0;0;0;
11/02/2026 03:49:08.417;0;0;1;0;
11/02/2026 03:49:09.676;0;0;0;0;
11/02/2026 03:49:48.443;0;0;1;0;
11/02/2026 03:49:49.577;0;0;0;0;
11/02/2026 03:52:28.596;0;0;1;0;
11/02/2026 03:52:29.841;0;0;0;0;
11/02/2026 04:00:19.754;1;0;0;0;
11/02/2026 04:00:19.755;1;1;1;0;
11/02/2026 04:00:26.610;1;0;0;0;
11/02/2026 04:00:27.358;1;1;1;0;
11/02/2026 04:00:28.492;1;0;0;0;
11/02/2026 04:00:37.357;1;1;1;0;
11/02/2026 04:00:38.492;1;0;0;0;
11/02/2026 04:00:47.457;1;1;1;0;
11/02/2026 04:00:48.923;1;0;0;0;
11/02/2026 04:00:57.453;1;1;1;0;
11/02/2026 04:00:58.592;1;0;0;0;
11/02/2026 04:01:07.457;1;1;1;0;
11/02/2026 04:01:08.593;1;0;0;0;
11/02/2026 04:01:17.453;1;1;1;0;
11/02/2026 04:01:18.593;1;0;0;0;
11/02/2026 04:01:27.458;1;1;1;0;
11/02/2026 04:01:28.593;1;0;0;0;
11/02/2026 04:01:40.345;0;0;0;0;
11/02/2026 04:02:19.643;0;1;1;0;
11/02/2026 04:02:22.709;0;0;0;0;
11/02/2026 04:02:59.854;0;1;0;0;
11/02/2026 04:03:01.478;0;0;0;0;
11/02/2026 04:03:19.964;0;0;1;0;
11/02/2026 04:03:21.389;0;0;0;0;
11/02/2026 04:04:39.820;0;1;0;0;
11/02/2026 04:04:41.531;0;0;0;0;
11/02/2026 04:05:19.637;0;1;0;0;
11/02/2026 04:05:21.272;0;0;0;0;
11/02/2026 04:05:59.658;0;0;1;0;
11/02/2026 04:06:00.942;0;0;0;0;
11/02/2026 04:11:39.836;0;0;1;0;
11/02/2026 04:11:41.51;0;0;0;0;
11/02/2026 04:12:19.847;0;0;1;0;
11/02/2026 04:12:21.252;0;0;0;0;
11/02/2026 04:13:59.880;0;0;1;0;
11/02/2026 04:14:01.225;0;0;0;0;
11/02/2026 04:16:00.253;0;0;1;0;
11/02/2026 04:16:01.498;0;0;0;0;
11/02/2026 04:19:20.49;0;0;1;0;
11/02/2026 04:19:21.183;0;0;0;0;
11/02/2026 04:19:40.69;0;0;1;0;
11/02/2026 04:19:41.323;0;0;0;0;
11/02/2026 04:21:00.181;0;0;1;0;
11/02/2026 04:21:01.315;0;0;0;0;
11/02/2026 04:23:00.244;0;1;1;0;
11/02/2026 04:23:01.719;0;0;0;0;
11/02/2026 04:23:20.254;0;1;1;0;
11/02/2026 04:23:21.889;0;0;0;0;
11/02/2026 04:23:40.265;0;1;0;0;
11/02/2026 04:23:42.190;0;0;0;0;
11/02/2026 04:29:34.587;1;0;0;0;
11/02/2026 04:29:34.588;1;1;1;0;
11/02/2026 04:29:49.6;1;0;0;0;
11/02/2026 04:30:09.157;0;0;0;0;
11/02/2026 04:32:51.660;0;1;0;0;
11/02/2026 04:32:51.661;1;1;0;0;
11/02/2026 04:32:53.301;1;0;0;0;
11/02/2026 04:33:31.481;1;0;1;0;
11/02/2026 04:33:44.583;1;0;0;0;
11/02/2026 04:34:03.212;0;0;0;0;
11/02/2026 04:34:41.909;0;1;1;0;
11/02/2026 04:34:48.549;0;0;0;0;
11/02/2026 04:35:01.760;0;0;1;0;
11/02/2026 04:35:03.74;0;0;0;0;
11/02/2026 04:36:02.53;0;1;1;0;
11/02/2026 04:36:03.796;0;0;0;0;
11/02/2026 04:36:21.781;0;1;0;0;
11/02/2026 04:36:24.377;0;0;0;0;
11/02/2026 04:36:41.791;0;1;0;0;
11/02/2026 04:36:43.717;0;0;0;0;
11/02/2026 04:38:01.833;0;0;1;0;
11/02/2026 04:38:03.258;0;0;0;0;
11/02/2026 04:38:41.854;0;0;1;0;
11/02/2026 04:38:43.179;0;0;0;0;
11/02/2026 04:39:22.76;0;0;1;0;
11/02/2026 04:39:23.410;0;0;0;0;
11/02/2026 04:39:41.926;0;1;1;0;
11/02/2026 04:39:43.551;0;0;0;0;
11/02/2026 04:40:02.26;0;0;1;0;
11/02/2026 04:40:03.281;0;0;0;0;
11/02/2026 04:40:22.368;0;0;1;0;
11/02/2026 04:40:23.502;0;0;0;0;
11/02/2026 04:42:01.949;0;1;0;0;
11/02/2026 04:42:03.955;0;0;0;0;
11/02/2026 04:42:21.960;0;1;0;0;
11/02/2026 04:42:23.665;0;0;0;0;
11/02/2026 04:43:23.23;0;0;1;0;
11/02/2026 04:43:24.297;0;0;0;0;
11/02/2026 04:44:02.12;0;1;0;0;
11/02/2026 04:44:04.238;0;0;0;0;
11/02/2026 04:44:22.23;0;1;0;0;
11/02/2026 04:44:23.928;0;0;0;0;
11/02/2026 04:45:42.65;0;0;1;0;
11/02/2026 04:45:43.269;0;0;0;0;
11/02/2026 04:47:22.207;0;0;1;0;
11/02/2026 04:47:23.642;0;0;0;0;
11/02/2026 04:47:42.308;0;0;1;0;
11/02/2026 04:47:43.653;0;0;0;0;
11/02/2026 04:48:02.308;0;0;1;0;
11/02/2026 04:48:03.473;0;0;0;0;
11/02/2026 04:48:22.139;0;1;1;0;
11/02/2026 04:48:23.664;0;0;0;0;
11/02/2026 04:48:42.140;0;0;1;0;
11/02/2026 04:48:43.274;0;0;0;0;
11/02/2026 04:50:22.586;0;0;1;0;
11/02/2026 04:50:23.857;0;0;0;0;
11/02/2026 04:51:02.213;0;1;0;0;
11/02/2026 04:51:03.908;0;0;0;0;
11/02/2026 04:51:22.223;0;0;1;0;
11/02/2026 04:51:23.678;0;0;0;0;
11/02/2026 04:53:22.286;0;1;0;0;
11/02/2026 04:53:23.931;0;0;0;0;
11/02/2026 04:54:02.528;0;1;0;0;
11/02/2026 04:54:04.53;0;0;0;0;
11/02/2026 04:54:42.389;0;1;1;0;
11/02/2026 04:54:44.214;0;0;0;0;
11/02/2026 04:58:02.433;0;1;0;0;
11/02/2026 04:58:04.38;0;0;0;0;
11/02/2026 04:59:02.505;0;1;0;0;
11/02/2026 04:59:04.100;0;0;0;0;
11/02/2026 05:01:02.568;0;1;0;0;
11/02/2026 05:01:04.754;0;0;0;0;
11/02/2026 05:01:05.411;1;0;0;0;
11/02/2026 05:01:05.412;1;1;1;0;
11/02/2026 05:01:12.271;1;0;0;0;
11/02/2026 05:01:13.120;1;1;1;0;
11/02/2026 05:01:14.253;1;0;0;0;
11/02/2026 05:01:23.118;1;1;1;0;
11/02/2026 05:01:24.254;1;0;0;0;
11/02/2026 05:01:33.118;1;1;1;0;
11/02/2026 05:01:34.554;1;0;0;0;
11/02/2026 05:01:43.119;1;1;1;0;
11/02/2026 05:01:44.254;1;0;0;0;
11/02/2026 05:01:53.119;1;1;1;0;
11/02/2026 05:01:54.254;1;0;0;0;
11/02/2026 05:02:03.119;1;1;1;0;
11/02/2026 05:02:04.255;1;0;0;0;
11/02/2026 05:02:13.109;1;1;1;0;
11/02/2026 05:02:14.245;1;0;0;0;
11/02/2026 05:02:26.77;0;0;0;0;
11/02/2026 05:03:05.331;0;1;1;0;
11/02/2026 05:03:10.723;0;0;0;0;
11/02/2026 05:03:25.334;0;1;0;0;
11/02/2026 05:03:27.960;0;0;0;0;
11/02/2026 05:03:45.345;0;1;0;0;
11/02/2026 05:03:46.940;0;0;0;0;
11/02/2026 05:04:45.556;0;1;0;0;
11/02/2026 05:04:47.802;0;0;0;0;
11/02/2026 05:05:05.307;0;1;1;0;
11/02/2026 05:05:06.922;0;0;0;0;
11/02/2026 05:05:45.402;0;1;0;0;
11/02/2026 05:05:47.13;0;0;0;0;
11/02/2026 05:08:45.482;0;0;1;0;
11/02/2026 05:08:46.817;0;0;0;0;
11/02/2026 05:15:05.662;0;0;1;0;
11/02/2026 05:15:06.867;0;0;0;0;
11/02/2026 05:15:25.673;0;0;1;0;
11/02/2026 05:15:26.917;0;0;0;0;
11/02/2026 05:19:05.952;0;0;1;0;
11/02/2026 05:19:07.113;0;0;0;0;
11/02/2026 05:19:45.679;0;0;1;0;
11/02/2026 05:19:46.904;0;0;0;0;
11/02/2026 05:21:25.832;0;0;1;0;
11/02/2026 05:21:27.46;0;0;0;0;
11/02/2026 05:21:45.843;0;1;0;0;
11/02/2026 05:21:47.778;0;0;0;0;
11/02/2026 05:22:05.853;0;1;0;0;
11/02/2026 05:22:07.578;0;0;0;0;
11/02/2026 05:22:45.874;0;0;1;0;
11/02/2026 05:22:47.58;0;0;0;0;
11/02/2026 05:23:26.5;0;1;0;0;
11/02/2026 05:23:27.610;0;0;0;0;
11/02/2026 05:23:46.116;0;0;1;0;
11/02/2026 05:23:47.390;0;0;0;0;
11/02/2026 05:24:05.816;0;0;1;0;
11/02/2026 05:24:06.970;0;0;0;0;
11/02/2026 05:24:25.826;0;0;1;0;
11/02/2026 05:24:27.51;0;0;0;0;
11/02/2026 05:24:45.900;0;1;0;0;
11/02/2026 05:24:47.572;0;0;0;0;
11/02/2026 05:25:45.859;0;0;1;0;
11/02/2026 05:25:47.233;0;0;0;0;
11/02/2026 05:29:26.64;0;1;0;0;
11/02/2026 05:29:27.989;0;0;0;0;
11/02/2026 05:29:46.75;0;1;1;0;
11/02/2026 05:29:47.729;0;0;0;0;
11/02/2026 05:29:48.536;1;0;0;0;
11/02/2026 05:29:48.537;1;1;1;0;
11/02/2026 05:30:02.915;1;0;0;0;
11/02/2026 05:30:23.536;0;0;0;0;
11/02/2026 05:37:09.85;0;1;0;0;
11/02/2026 05:37:09.86;1;1;0;0;
11/02/2026 05:37:10.731;1;0;0;0;
11/02/2026 05:37:47.104;1;0;1;0;
11/02/2026 05:38:00.112;1;0;0;0;
11/02/2026 05:38:21.173;0;0;0;0;
11/02/2026 05:38:59.500;0;1;0;0;
11/02/2026 05:39:06.310;0;0;0;0;
11/02/2026 05:39:19.479;0;0;1;0;
11/02/2026 05:39:20.854;0;0;0;0;
11/02/2026 05:39:39.490;0;1;0;0;
11/02/2026 05:39:41.135;0;0;0;0;
11/02/2026 05:39:59.500;0;1;0;0;
11/02/2026 05:40:01.997;0;0;0;0;
11/02/2026 05:40:19.511;0;1;0;0;
11/02/2026 05:40:21.527;0;0;0;0;
11/02/2026 05:40:39.562;0;0;1;0;
11/02/2026 05:40:40.866;0;0;0;0;
11/02/2026 05:41:59.564;0;1;0;0;
11/02/2026 05:42:01.19;0;0;0;0;
11/02/2026 05:42:47.593;1;0;0;0;
11/02/2026 05:42:47.594;1;1;1;0;
11/02/2026 05:42:54.253;1;0;0;0;
11/02/2026 05:42:55.434;1;1;1;0;
11/02/2026 05:42:56.576;1;0;0;0;
11/02/2026 05:43:05.489;1;1;1;0;
11/02/2026 05:43:06.636;1;0;0;0;
11/02/2026 05:43:15.536;1;1;1;0;
11/02/2026 05:43:16.986;1;0;0;0;
11/02/2026 05:43:25.633;1;1;1;0;
11/02/2026 05:43:26.776;1;0;0;0;
11/02/2026 05:43:35.291;1;1;1;0;
11/02/2026 05:43:36.436;1;0;0;0;
11/02/2026 05:43:45.292;1;1;1;0;
11/02/2026 05:43:46.437;1;0;0;0;
11/02/2026 05:43:55.291;1;1;1;0;
11/02/2026 05:43:56.437;1;0;0;0;
11/02/2026 05:44:09.420;0;0;0;0;
11/02/2026 05:44:47.397;0;1;1;0;
11/02/2026 05:44:50.312;0;0;0;0;
11/02/2026 05:45:27.437;0;0;1;0;
11/02/2026 05:45:28.902;0;0;0;0;
11/02/2026 05:45:47.427;0;1;1;0;
11/02/2026 05:45:48.952;0;0;0;0;
11/02/2026 05:46:27.438;0;1;0;0;
11/02/2026 05:46:29.53;0;0;0;0;
11/02/2026 05:47:47.580;0;0;1;0;
11/02/2026 05:47:48.895;0;0;0;0;
11/02/2026 05:48:07.591;0;0;1;0;
11/02/2026 05:48:08.725;0;0;0;0;
11/02/2026 05:49:23.808;1;0;0;0;
11/02/2026 05:49:23.809;1;1;1;0;
11/02/2026 05:49:38.157;1;0;0;0;
11/02/2026 05:49:59.8;0;0;0;0;
11/02/2026 05:52:45.812;0;1;0;0;
11/02/2026 05:52:45.813;1;1;0;0;
11/02/2026 05:52:47.478;1;0;0;0;
11/02/2026 05:53:23.717;1;0;1;0;
11/02/2026 05:53:36.599;1;0;0;0;
11/02/2026 05:53:57.540;0;0;0;0;
11/02/2026 05:54:36.118;0;1;0;0;
11/02/2026 05:54:42.897;0;0;0;0;
11/02/2026 05:54:56.116;0;0;1;0;
11/02/2026 05:54:57.432;0;0;0;0;
11/02/2026 05:55:16.127;0;1;0;0;
11/02/2026 05:55:17.802;0;0;0;0;
11/02/2026 05:55:36.138;0;1;0;0;
11/02/2026 05:55:38.353;0;0;0;0;
11/02/2026 05:55:56.148;0;1;1;0;
11/02/2026 05:55:58.304;0;0;0;0;
11/02/2026 05:56:36.189;0;1;0;0;
11/02/2026 05:56:37.654;0;0;0;0;
11/02/2026 05:58:26.222;1;0;0;0;
11/02/2026 05:58:26.223;1;1;1;0;
11/02/2026 05:58:33.2;1;0;0;0;
11/02/2026 05:58:33.964;1;1;1;0;
11/02/2026 05:58:35.95;1;0;0;0;
11/02/2026 05:58:44.10;1;1;1;0;
11/02/2026 05:58:45.145;1;0;0;0;
11/02/2026 05:58:54.104;1;1;1;0;
11/02/2026 05:58:55.536;1;0;0;0;
11/02/2026 05:59:04.115;1;1;1;0;
11/02/2026 05:59:05.256;1;0;0;0;
11/02/2026 05:59:14.166;1;1;1;0;
11/02/2026 05:59:15.306;1;0;0;0;
11/02/2026 05:59:24.216;1;1;1;0;
11/02/2026 05:59:25.356;1;0;0;0;
11/02/2026 05:59:33.921;1;1;1;0;
11/02/2026 05:59:35.56;1;0;0;0;
11/02/2026 05:59:47.489;0;0;0;0;
11/02/2026 06:00:26.127;0;1;1;0;
11/02/2026 06:00:28.951;0;0;0;0;
11/02/2026 06:01:06.146;0;0;1;0;
11/02/2026 06:01:07.581;0;0;0;0;
11/02/2026 06:01:26.156;0;0;1;0;
11/02/2026 06:01:27.421;0;0;0;0;
11/02/2026 06:04:46.372;0;0;1;0;
11/02/2026 06:04:47.687;0;0;0;0;
11/02/2026 06:05:12.338;1;0;0;0;
11/02/2026 06:05:12.339;1;1;1;0;
11/02/2026 06:05:26.647;1;0;0;0;
11/02/2026 06:05:47.738;0;0;0;0;
11/02/2026 06:08:38.165;0;1;0;0;
11/02/2026 06:08:38.166;1;1;0;0;
11/02/2026 06:08:39.856;1;0;0;0;
11/02/2026 06:09:16.79;1;0;1;0;
11/02/2026 06:09:28.896;1;0;0;0;
11/02/2026 06:09:49.107;0;0;0;0;
11/02/2026 06:10:28.365;0;1;0;0;
11/02/2026 06:10:35.34;0;0;0;0;
11/02/2026 06:10:48.484;0;0;1;0;
11/02/2026 06:10:49.799;0;0;0;0;
11/02/2026 06:11:08.384;0;1;0;0;
11/02/2026 06:11:11.21;0;0;0;0;
11/02/2026 06:11:28.485;0;1;1;0;
11/02/2026 06:11:30.821;0;0;0;0;
11/02/2026 06:12:08.646;0;1;0;0;
11/02/2026 06:12:10.111;0;0;0;0;
11/02/2026 06:13:48.549;0;1;0;0;
11/02/2026 06:13:50.204;0;0;0;0;
11/02/2026 06:14:26.568;1;0;0;0;
11/02/2026 06:14:26.569;1;1;1;0;
11/02/2026 06:14:33.408;1;0;0;0;
11/02/2026 06:14:34.590;1;1;1;0;
11/02/2026 06:14:35.731;1;0;0;0;
11/02/2026 06:14:44.266;1;1;1;0;
11/02/2026 06:14:45.401;1;0;0;0;
11/02/2026 06:14:54.265;1;1;1;0;
11/02/2026 06:14:55.701;1;0;0;0;
11/02/2026 06:15:04.266;1;1;1;0;
11/02/2026 06:15:05.401;1;0;0;0;
11/02/2026 06:15:14.262;1;1;1;0;
11/02/2026 06:15:15.401;1;0;0;0;
11/02/2026 06:15:24.266;1;1;1;0;
11/02/2026 06:15:25.402;1;0;0;0;
11/02/2026 06:15:34.267;1;1;1;0;
11/02/2026 06:15:35.402;1;0;0;0;
11/02/2026 06:15:48.75;0;0;0;0;
11/02/2026 06:16:26.472;0;1;1;0;
11/02/2026 06:16:29.557;0;0;0;0;
11/02/2026 06:16:46.481;0;1;0;0;
11/02/2026 06:16:48.6;0;0;0;0;
11/02/2026 06:17:06.522;0;0;1;0;
11/02/2026 06:17:07.977;0;0;0;0;
11/02/2026 06:17:26.402;0;1;1;0;
11/02/2026 06:17:27.977;0;0;0;0;
11/02/2026 06:18:26.430;0;0;1;0;
11/02/2026 06:18:27.749;0;0;0;0;
11/02/2026 06:20:06.653;0;1;0;0;
11/02/2026 06:20:08.122;0;0;0;0;
11/02/2026 06:20:57.608;1;0;0;0;
11/02/2026 06:20:57.609;1;1;1;0;
11/02/2026 06:21:11.827;1;0;0;0;
11/02/2026 06:21:33.159;0;0;0;0;
11/02/2026 06:24:26.345;1;0;0;0;
11/02/2026 06:24:26.346;1;1;0;0;
11/02/2026 06:24:27.961;1;0;0;0;
11/02/2026 06:25:04.415;1;0;1;0;
11/02/2026 06:25:17.81;1;0;0;0;
11/02/2026 06:25:37.763;0;0;0;0;
11/02/2026 06:26:16.721;0;1;0;0;
11/02/2026 06:26:23.409;0;0;0;0;
11/02/2026 06:26:36.729;0;0;1;0;
11/02/2026 06:26:38.44;0;0;0;0;
11/02/2026 06:27:56.772;0;1;0;0;
11/02/2026 06:27:59.248;0;0;0;0;
11/02/2026 06:28:16.782;0;1;0;0;
11/02/2026 06:28:19.278;0;0;0;0;
11/02/2026 06:28:56.803;0;0;1;0;
11/02/2026 06:28:58.108;0;0;0;0;
11/02/2026 06:29:56.845;0;1;0;0;
11/02/2026 06:29:58.320;0;0;0;0;
11/02/2026 06:30:11.840;1;0;0;0;
11/02/2026 06:30:11.841;1;1;1;0;
11/02/2026 06:30:18.531;1;0;0;0;
11/02/2026 06:30:19.539;1;1;1;0;
11/02/2026 06:30:20.673;1;0;0;0;
11/02/2026 06:30:29.533;1;1;1;0;
11/02/2026 06:30:30.673;1;0;0;0;
11/02/2026 06:30:39.538;1;1;1;0;
11/02/2026 06:30:40.974;1;0;0;0;
11/02/2026 06:30:49.539;1;1;1;0;
11/02/2026 06:30:50.674;1;0;0;0;
11/02/2026 06:30:59.639;1;1;1;0;
11/02/2026 06:31:00.784;1;0;0;0;
11/02/2026 06:31:09.635;1;1;1;0;
11/02/2026 06:31:10.774;1;0;0;0;
11/02/2026 06:31:19.735;1;1;1;0;
11/02/2026 06:31:20.874;1;0;0;0;
11/02/2026 06:31:33.337;0;0;0;0;
11/02/2026 06:32:11.745;0;1;1;0;
11/02/2026 06:32:14.870;0;0;0;0;
11/02/2026 06:32:51.764;0;0;1;0;
11/02/2026 06:32:53.209;0;0;0;0;
11/02/2026 06:33:11.785;0;0;1;0;
11/02/2026 06:33:13.80;0;0;0;0;
11/02/2026 06:34:51.738;0;1;0;0;
11/02/2026 06:34:53.262;0;0;0;0;
11/02/2026 06:36:40.869;1;0;0;0;
11/02/2026 06:36:40.869;1;1;1;0;
11/02/2026 06:36:54.887;1;0;0;0;
11/02/2026 06:37:16.469;0;0;0;0;
11/02/2026 06:40:16.151;0;1;0;0;
11/02/2026 06:40:16.152;1;1;0;0;
11/02/2026 06:40:17.801;1;0;0;0;
11/02/2026 06:40:56.317;1;0;1;0;
11/02/2026 06:41:09.74;1;0;0;0;
11/02/2026 06:41:26.972;0;0;0;0;
11/02/2026 06:42:06.481;0;1;0;0;
11/02/2026 06:42:13.170;0;0;0;0;
11/02/2026 06:42:26.510;0;0;1;0;
11/02/2026 06:42:27.835;0;0;0;0;
11/02/2026 06:43:06.544;0;1;0;0;
11/02/2026 06:43:08.717;0;0;0;0;
11/02/2026 06:43:26.576;0;1;0;0;
11/02/2026 06:43:28.977;0;0;0;0;
11/02/2026 06:43:46.666;0;1;0;0;
11/02/2026 06:43:48.287;0;0;0;0;
11/02/2026 06:44:26.856;0;0;1;0;
11/02/2026 06:44:28.128;0;0;0;0;
11/02/2026 06:45:52.601;1;0;0;0;
11/02/2026 06:45:52.601;1;1;1;0;
11/02/2026 06:45:59.291;1;0;0;0;
11/02/2026 06:46:00.300;1;1;1;0;
11/02/2026 06:46:01.444;1;0;0;0;
11/02/2026 06:46:10.299;1;1;1;0;
11/02/2026 06:46:11.454;1;0;0;0;
11/02/2026 06:46:20.299;1;1;1;0;
11/02/2026 06:46:21.735;1;0;0;0;
11/02/2026 06:46:30.299;1;1;1;0;
11/02/2026 06:46:31.444;1;0;0;0;
11/02/2026 06:46:40.299;1;1;1;0;
11/02/2026 06:46:41.445;1;0;0;0;
11/02/2026 06:46:50.300;1;1;1;0;
11/02/2026 06:46:51.455;1;0;0;0;
11/02/2026 06:47:00.300;1;1;1;0;
11/02/2026 06:47:01.445;1;0;0;0;
11/02/2026 06:47:12.947;0;0;0;0;
11/02/2026 06:47:52.405;0;1;1;0;
11/02/2026 06:47:55.371;0;0;0;0;
11/02/2026 06:48:32.515;0;0;1;0;
11/02/2026 06:48:33.920;0;0;0;0;
11/02/2026 06:48:52.606;0;0;1;0;
11/02/2026 06:48:53.891;0;0;0;0;
11/02/2026 06:51:32.896;0;1;0;0;
11/02/2026 06:51:34.435;0;0;0;0;
11/02/2026 06:52:26.535;1;0;0;0;
11/02/2026 06:52:26.536;1;1;1;0;
11/02/2026 06:52:40.563;1;0;0;0;
11/02/2026 06:53:02.145;0;0;0;0;
11/02/2026 06:55:53.761;0;1;0;0;
11/02/2026 06:55:53.762;1;1;0;0;
11/02/2026 06:55:55.391;1;0;0;0;
11/02/2026 06:56:31.674;1;0;1;0;
11/02/2026 06:56:44.482;1;0;0;0;
11/02/2026 06:57:05.43;0;0;0;0;
11/02/2026 06:57:44.30;0;1;0;0;
11/02/2026 06:57:50.609;0;0;0;0;
11/02/2026 06:58:04.30;0;0;1;0;
11/02/2026 06:58:05.315;0;0;0;0;
11/02/2026 06:59:44.72;0;1;0;0;
11/02/2026 06:59:46.478;0;0;0;0;
11/02/2026 07:00:04.103;0;1;0;0;
11/02/2026 07:00:06.459;0;0;0;0;
11/02/2026 07:00:24.204;0;1;0;0;
11/02/2026 07:00:25.839;0;0;0;0;
11/02/2026 07:00:44.284;0;0;1;0;
11/02/2026 07:00:45.619;0;0;0;0;
11/02/2026 07:01:04.381;0;1;0;0;
11/02/2026 07:01:06.30;0;0;0;0;
11/02/2026 07:01:34.135;1;0;0;0;
11/02/2026 07:01:34.136;1;1;1;0;
11/02/2026 07:01:40.886;1;0;0;0;
11/02/2026 07:01:41.834;1;1;1;0;
11/02/2026 07:01:42.988;1;0;0;0;
11/02/2026 07:01:51.833;1;1;1;0;
11/02/2026 07:01:52.978;1;0;0;0;
11/02/2026 07:02:01.873;1;1;1;0;
11/02/2026 07:02:03.349;1;0;0;0;
11/02/2026 07:02:11.994;1;1;1;0;
11/02/2026 07:02:13.139;1;0;0;0;
11/02/2026 07:02:21.969;1;1;1;0;
11/02/2026 07:02:23.119;1;0;0;0;
11/02/2026 07:02:32.23;1;1;1;0;
11/02/2026 07:02:33.169;1;0;0;0;
11/02/2026 07:02:42.69;1;1;1;0;
11/02/2026 07:02:43.210;1;0;0;0;
11/02/2026 07:02:55.152;0;0;0;0;
11/02/2026 07:03:33.935;0;1;1;0;
11/02/2026 07:03:36.845;0;0;0;0;
11/02/2026 07:04:13.949;0;0;1;0;
11/02/2026 07:04:15.384;0;0;0;0;
11/02/2026 07:04:33.960;0;0;1;0;
11/02/2026 07:04:35.245;0;0;0;0;
11/02/2026 07:08:06.77;1;0;0;0;
11/02/2026 07:08:06.78;1;1;1;0;
11/02/2026 07:08:20.55;1;0;0;0;
11/02/2026 07:08:41.757;0;0;0;0;
11/02/2026 07:11:27.300;1;0;0;0;
11/02/2026 07:11:27.301;1;1;0;0;
11/02/2026 07:11:28.890;1;0;0;0;
11/02/2026 07:12:05.314;1;0;1;0;
11/02/2026 07:12:18.431;1;0;0;0;
11/02/2026 07:12:38.171;0;0;0;0;
11/02/2026 07:13:17.921;0;1;0;0;
11/02/2026 07:13:24.629;0;0;0;0;
11/02/2026 07:13:37.949;0;0;1;0;
11/02/2026 07:13:39.314;0;0;0;0;
11/02/2026 07:14:17.730;0;1;0;0;
11/02/2026 07:14:19.866;0;0;0;0;
11/02/2026 07:14:37.741;0;1;0;0;
11/02/2026 07:14:40.317;0;0;0;0;
11/02/2026 07:14:57.751;0;1;0;0;
11/02/2026 07:14:59.316;0;0;0;0;
11/02/2026 07:15:17.772;0;0;1;0;
11/02/2026 07:15:19.36;0;0;0;0;
11/02/2026 07:16:17.868;0;0;1;0;
11/02/2026 07:16:19.148;0;0;0;0;
11/02/2026 07:17:00.57;0;0;1;0;
11/02/2026 07:17:01.442;0;0;0;0;
11/02/2026 07:17:02.919;1;0;0;0;
11/02/2026 07:17:02.920;1;1;1;0;
11/02/2026 07:17:09.830;1;0;0;0;
11/02/2026 07:17:10.618;1;1;1;0;
11/02/2026 07:17:11.762;1;0;0;0;
11/02/2026 07:17:20.613;1;1;1;0;
11/02/2026 07:17:21.752;1;0;0;0;
11/02/2026 07:17:30.717;1;1;1;0;
11/02/2026 07:17:32.143;1;0;0;0;
11/02/2026 07:17:40.814;1;1;1;0;
11/02/2026 07:17:41.983;1;0;0;0;
11/02/2026 07:17:50.814;1;1;1;0;
11/02/2026 07:17:51.963;1;0;0;0;
11/02/2026 07:18:00.814;1;1;1;0;
11/02/2026 07:18:01.964;1;0;0;0;
11/02/2026 07:18:10.919;1;1;1;0;
11/02/2026 07:18:12.74;1;0;0;0;
11/02/2026 07:18:23.926;0;0;0;0;
11/02/2026 07:19:02.724;0;1;1;0;
11/02/2026 07:19:05.739;0;0;0;0;
11/02/2026 07:19:42.827;0;0;1;0;
11/02/2026 07:19:44.199;0;0;0;0;
11/02/2026 07:22:42.918;0;1;0;0;
11/02/2026 07:22:44.493;0;0;0;0;
11/02/2026 07:23:37.868;1;0;0;0;
11/02/2026 07:23:37.869;1;1;1;0;
11/02/2026 07:23:52.53;1;0;0;0;
11/02/2026 07:24:13.535;0;0;0;0;
11/02/2026 07:27:51.79;1;0;0;0;
11/02/2026 07:27:51.80;1;1;0;0;
11/02/2026 07:27:52.613;1;0;0;0;
11/02/2026 07:28:28.836;1;0;1;0;
11/02/2026 07:28:41.843;1;0;0;0;
11/02/2026 07:29:02.214;0;0;0;0;
11/02/2026 07:29:41.242;0;1;0;0;
11/02/2026 07:29:47.811;0;0;0;0;
11/02/2026 07:30:21.242;0;0;1;0;
11/02/2026 07:30:22.537;0;0;0;0;
11/02/2026 07:31:01.263;0;1;0;0;
11/02/2026 07:31:03.539;0;0;0;0;
11/02/2026 07:31:21.293;0;1;0;0;
11/02/2026 07:31:23.749;0;0;0;0;
11/02/2026 07:31:41.280;0;1;0;0;
11/02/2026 07:31:42.809;0;0;0;0;
11/02/2026 07:32:01.294;0;0;1;0;
11/02/2026 07:32:02.579;0;0;0;0;
11/02/2026 07:33:18.588;1;0;0;0;
11/02/2026 07:33:18.589;1;1;1;0;
11/02/2026 07:33:25.324;1;0;0;0;
11/02/2026 07:33:26.23;1;1;1;0;
11/02/2026 07:33:27.176;1;0;0;0;
11/02/2026 07:33:36.21;1;1;1;0;
11/02/2026 07:33:37.166;1;0;0;0;
11/02/2026 07:33:46.21;1;1;1;0;
11/02/2026 07:33:47.437;1;0;0;0;
11/02/2026 07:33:56.122;1;1;1;0;
11/02/2026 07:33:57.267;1;0;0;0;
11/02/2026 07:34:06.132;1;1;1;0;
11/02/2026 07:34:07.277;1;0;0;0;
11/02/2026 07:34:16.118;1;1;1;0;
11/02/2026 07:34:17.257;1;0;0;0;
11/02/2026 07:34:26.22;1;1;1;0;
11/02/2026 07:34:27.158;1;0;0;0;
11/02/2026 07:34:40.1;0;0;0;0;
11/02/2026 07:35:18.108;0;1;1;0;
11/02/2026 07:35:21.473;0;0;0;0;
11/02/2026 07:35:58.228;0;1;1;0;
11/02/2026 07:35:59.813;0;0;0;0;
11/02/2026 07:36:18.238;0;0;1;0;
11/02/2026 07:36:19.493;0;0;0;0;
11/02/2026 07:40:14.479;1;0;0;0;
11/02/2026 07:40:14.480;1;1;1;0;
11/02/2026 07:40:28.458;1;0;0;0;
11/02/2026 07:40:49.760;0;0;0;0;
11/02/2026 07:43:32.919;1;0;0;0;
11/02/2026 07:43:32.920;1;1;0;0;
11/02/2026 07:43:34.480;1;0;0;0;
11/02/2026 07:44:10.953;1;0;1;0;
11/02/2026 07:44:23.790;1;0;0;0;
11/02/2026 07:44:43.921;0;0;0;0;
11/02/2026 07:45:23.299;0;1;0;0;
11/02/2026 07:45:29.898;0;0;0;0;
11/02/2026 07:45:43.308;0;0;1;0;
11/02/2026 07:45:44.593;0;0;0;0;
11/02/2026 07:47:43.372;0;1;0;0;
11/02/2026 07:47:45.217;0;0;0;0;
11/02/2026 07:48:03.502;0;1;0;0;
11/02/2026 07:48:06.48;0;0;0;0;
11/02/2026 07:48:23.513;0;1;1;0;
11/02/2026 07:48:25.488;0;0;0;0;
11/02/2026 07:49:08.418;1;0;0;0;
11/02/2026 07:49:08.419;1;1;1;0;
11/02/2026 07:49:15.149;1;0;0;0;
11/02/2026 07:49:16.117;1;1;1;0;
11/02/2026 07:49:17.251;1;0;0;0;
11/02/2026 07:49:26.112;1;1;1;0;
11/02/2026 07:49:27.251;1;0;0;0;
11/02/2026 07:49:36.116;1;1;1;0;
11/02/2026 07:49:37.522;1;0;0;0;
11/02/2026 07:49:46.117;1;1;1;0;
11/02/2026 07:49:47.252;1;0;0;0;
11/02/2026 07:49:56.117;1;1;1;0;
11/02/2026 07:49:57.252;1;0;0;0;
11/02/2026 07:50:06.113;1;1;1;0;
11/02/2026 07:50:07.253;1;0;0;0;
11/02/2026 07:50:16.117;1;1;1;0;
11/02/2026 07:50:17.253;1;0;0;0;
11/02/2026 07:50:29.906;0;0;0;0;
11/02/2026 07:51:08.323;0;1;1;0;
11/02/2026 07:51:11.208;0;0;0;0;
11/02/2026 07:51:48.343;0;0;1;0;
11/02/2026 07:51:49.818;0;0;0;0;
11/02/2026 07:52:08.359;0;0;1;0;
11/02/2026 07:52:09.588;0;0;0;0;
11/02/2026 07:53:08.495;0;1;0;0;
11/02/2026 07:53:10.170;0;0;0;0;
11/02/2026 07:53:28.666;0;1;0;0;
11/02/2026 07:53:30.791;0;0;0;0;
11/02/2026 07:53:48.216;0;1;1;0;
11/02/2026 07:53:53.805;0;0;0;0;
11/02/2026 07:54:08.306;0;0;1;0;
11/02/2026 07:54:10.42;0;0;0;0;
11/02/2026 07:54:28.360;0;0;1;0;
11/02/2026 07:54:29.882;0;0;0;0;
11/02/2026 07:54:48.449;0;0;1;0;
11/02/2026 07:54:49.792;0;0;0;0;
11/02/2026 07:56:11.412;1;0;0;0;
11/02/2026 07:56:11.413;1;1;1;0;
11/02/2026 07:56:26.532;1;0;0;0;
11/02/2026 07:56:46.833;0;0;0;0;
11/02/2026 07:59:37.991;0;1;0;0;
11/02/2026 07:59:37.992;1;1;0;0;
11/02/2026 07:59:39.682;1;0;0;0;
11/02/2026 08:00:16.59;1;0;1;0;
11/02/2026 08:00:29.42;1;0;0;0;
11/02/2026 08:00:49.233;0;0;0;0;
11/02/2026 08:01:28.401;0;1;0;0;
11/02/2026 08:01:31.637;0;0;0;0;
11/02/2026 08:01:48.400;0;0;1;0;
11/02/2026 08:01:49.715;0;0;0;0;
11/02/2026 08:02:08.491;0;1;1;0;
11/02/2026 08:02:10.46;0;0;0;0;
11/02/2026 08:03:08.332;0;1;0;0;
11/02/2026 08:03:11.399;0;0;0;0;
11/02/2026 08:03:28.343;0;1;0;0;
11/02/2026 08:03:31.319;0;0;0;0;
11/02/2026 08:03:48.353;0;1;0;0;
11/02/2026 08:03:57.717;0;0;0;0;
11/02/2026 08:04:08.364;0;0;1;0;
11/02/2026 08:04:10.29;0;0;0;0;
11/02/2026 08:04:28.375;0;0;1;0;
11/02/2026 08:04:29.910;0;0;0;0;
11/02/2026 08:04:48.385;0;0;1;0;
11/02/2026 08:04:49.660;0;0;0;0;
11/02/2026 08:05:34.412;1;0;0;0;
11/02/2026 08:05:34.413;1;1;1;0;
11/02/2026 08:05:42.544;1;0;0;0;
11/02/2026 08:05:42.560;1;1;1;0;
11/02/2026 08:05:43.695;1;0;0;0;
11/02/2026 08:05:52.110;1;1;1;0;
11/02/2026 08:05:53.245;1;0;0;0;
11/02/2026 08:06:02.106;1;1;1;0;
11/02/2026 08:06:03.516;1;0;0;0;
11/02/2026 08:06:12.110;1;1;1;0;
11/02/2026 08:06:13.246;1;0;0;0;
11/02/2026 08:06:22.106;1;1;1;0;
11/02/2026 08:06:23.246;1;0;0;0;
11/02/2026 08:06:32.111;1;1;1;0;
11/02/2026 08:06:33.246;1;0;0;0;
11/02/2026 08:06:42.311;1;1;1;0;
11/02/2026 08:06:43.447;1;0;0;0;
11/02/2026 08:06:55.759;0;0;0;0;
11/02/2026 08:07:34.587;0;1;1;0;
11/02/2026 08:07:39.894;0;0;0;0;
11/02/2026 08:07:54.326;0;0;1;0;
11/02/2026 08:07:55.751;0;0;0;0;
11/02/2026 08:08:14.336;0;0;1;0;
11/02/2026 08:08:15.731;0;0;0;0;
11/02/2026 08:08:34.347;0;0;1;0;
11/02/2026 08:08:35.682;0;0;0;0;
11/02/2026 08:09:14.451;0;0;1;0;
11/02/2026 08:09:15.843;0;0;0;0;
11/02/2026 08:12:23.361;1;0;0;0;
11/02/2026 08:12:23.362;1;1;1;0;
11/02/2026 08:12:37.430;1;0;0;0;
11/02/2026 08:12:58.702;0;0;0;0;
11/02/2026 08:15:42.484;0;1;0;0;
11/02/2026 08:15:42.485;1;1;0;0;
11/02/2026 08:15:44.74;1;0;0;0;
11/02/2026 08:16:20.522;1;0;1;0;
11/02/2026 08:16:33.414;1;0;0;0;
11/02/2026 08:16:53.115;0;0;0;0;
11/02/2026 08:17:32.866;0;1;0;0;
11/02/2026 08:17:39.562;0;0;0;0;
11/02/2026 08:17:52.867;0;0;1;0;
11/02/2026 08:17:54.227;0;0;0;0;
11/02/2026 08:21:26.867;1;0;0;0;
11/02/2026 08:21:26.868;1;1;1;0;
11/02/2026 08:21:33.853;1;0;0;0;
11/02/2026 08:21:34.572;1;1;1;0;
11/02/2026 08:21:35.705;1;0;0;0;
11/02/2026 08:21:44.570;1;1;1;0;
11/02/2026 08:21:45.705;1;0;0;0;
11/02/2026 08:21:54.570;1;1;1;0;
11/02/2026 08:21:55.985;1;0;0;0;
11/02/2026 08:22:04.570;1;1;1;0;
11/02/2026 08:22:05.725;1;0;0;0;
11/02/2026 08:22:14.570;1;1;1;0;
11/02/2026 08:22:15.716;1;0;0;0;
11/02/2026 08:22:24.571;1;1;1;0;
11/02/2026 08:22:25.726;1;0;0;0;
11/02/2026 08:22:34.771;1;1;1;0;
11/02/2026 08:22:35.936;1;0;0;0;
11/02/2026 08:22:48.129;0;0;0;0;
11/02/2026 08:23:26.927;0;1;1;0;
11/02/2026 08:23:31.964;0;0;0;0;
11/02/2026 08:23:46.685;0;0;1;0;
11/02/2026 08:23:48.361;0;0;0;0;
11/02/2026 08:24:06.696;0;1;1;0;
11/02/2026 08:24:08.401;0;0;0;0;
11/02/2026 08:24:26.716;0;0;1;0;
11/02/2026 08:24:27.911;0;0;0;0;
11/02/2026 08:25:47.161;0;1;0;0;
11/02/2026 08:25:48.904;0;0;0;0;
11/02/2026 08:26:06.849;0;1;0;0;
11/02/2026 08:26:08.655;0;0;0;0;
11/02/2026 08:27:06.881;0;0;1;0;
11/02/2026 08:27:08.126;0;0;0;0;
11/02/2026 08:27:26.892;0;0;1;0;
11/02/2026 08:27:28.126;0;0;0;0;
11/02/2026 08:28:17.963;1;0;0;0;
11/02/2026 08:28:17.964;1;1;1;0;
11/02/2026 08:28:33.744;1;0;0;0;
11/02/2026 08:28:53.344;0;0;0;0;
11/02/2026 08:31:50.312;0;1;0;0;
11/02/2026 08:31:50.313;1;1;0;0;
11/02/2026 08:31:52.18;1;0;0;0;
11/02/2026 08:32:28.211;1;0;1;0;
11/02/2026 08:32:41.8;1;0;0;0;
11/02/2026 08:33:01.719;0;0;0;0;
11/02/2026 08:33:40.487;0;1;0;0;
11/02/2026 08:33:45.474;0;0;0;0;
11/02/2026 08:34:00.486;0;0;1;0;
11/02/2026 08:34:02.11;0;0;0;0;
11/02/2026 08:34:20.597;0;0;1;0;
11/02/2026 08:34:21.972;0;0;0;0;
11/02/2026 08:34:40.607;0;0;1;0;
11/02/2026 08:34:41.832;0;0;0;0;
11/02/2026 08:35:00.618;0;0;1;0;
11/02/2026 08:35:01.813;0;0;0;0;
11/02/2026 08:37:37.698;1;0;0;0;
11/02/2026 08:37:37.699;1;1;1;0;
11/02/2026 08:37:45.751;1;0;0;0;
11/02/2026 08:37:45.766;1;1;1;0;
11/02/2026 08:37:46.902;1;0;0;0;
11/02/2026 08:37:55.397;1;1;1;0;
11/02/2026 08:37:56.532;1;0;0;0;
11/02/2026 08:38:05.397;1;1;1;0;
11/02/2026 08:38:06.832;1;0;0;0;
11/02/2026 08:38:15.397;1;1;1;0;
11/02/2026 08:38:16.532;1;0;0;0;
11/02/2026 08:38:25.397;1;1;1;0;
11/02/2026 08:38:26.533;1;0;0;0;
11/02/2026 08:38:35.398;1;1;1;0;
11/02/2026 08:38:36.543;1;0;0;0;
11/02/2026 08:38:45.398;1;1;1;0;
11/02/2026 08:38:46.533;1;0;0;0;
11/02/2026 08:38:58.896;0;0;0;0;
11/02/2026 08:39:37.603;0;1;1;0;
11/02/2026 08:39:42.961;0;0;0;0;
11/02/2026 08:40:17.713;0;0;1;0;
11/02/2026 08:40:19.178;0;0;0;0;
11/02/2026 08:40:37.714;0;0;1;0;
11/02/2026 08:40:38.999;0;0;0;0;
11/02/2026 08:43:17.932;0;1;0;0;
11/02/2026 08:43:19.954;0;0;0;0;
11/02/2026 08:43:37.719;0;1;0;0;
11/02/2026 08:43:39.404;0;0;0;0;
11/02/2026 08:44:13.635;1;0;0;0;
11/02/2026 08:44:13.636;1;1;1;0;
11/02/2026 08:44:27.523;1;0;0;0;
11/02/2026 08:44:49.205;0;0;0;0;
11/02/2026 08:47:32.417;1;0;0;0;
11/02/2026 08:47:32.418;1;1;0;0;
11/02/2026 08:47:33.947;1;0;0;0;
11/02/2026 08:48:10.330;1;0;1;0;
11/02/2026 08:48:23.308;1;0;0;0;
11/02/2026 08:48:43.679;0;0;0;0;
11/02/2026 08:49:22.712;0;1;0;0;
11/02/2026 08:49:27.694;0;0;0;0;
11/02/2026 08:49:42.726;0;0;1;0;
11/02/2026 08:49:44.261;0;0;0;0;
11/02/2026 08:50:02.732;0;0;1;0;
11/02/2026 08:50:04.111;0;0;0;0;
11/02/2026 08:50:22.747;0;0;1;0;
11/02/2026 08:50:24.2;0;0;0;0;
11/02/2026 08:53:25.674;1;0;0;0;
11/02/2026 08:53:25.675;1;1;1;0;
11/02/2026 08:53:33.686;1;0;0;0;
11/02/2026 08:53:33.701;1;1;1;0;
11/02/2026 08:53:34.847;1;0;0;0;
11/02/2026 08:53:43.382;1;1;1;0;
11/02/2026 08:53:44.527;1;0;0;0;
11/02/2026 08:53:53.383;1;1;1;0;
11/02/2026 08:53:54.798;1;0;0;0;
11/02/2026 08:54:03.382;1;1;1;0;
11/02/2026 08:54:04.538;1;0;0;0;
11/02/2026 08:54:13.483;1;1;1;0;
11/02/2026 08:54:14.628;1;0;0;0;
11/02/2026 08:54:23.483;1;1;1;0;
11/02/2026 08:54:24.628;1;0;0;0;
11/02/2026 08:54:33.583;1;1;1;0;
11/02/2026 08:54:34.729;1;0;0;0;
11/02/2026 08:54:47.402;0;0;0;0;
11/02/2026 08:55:25.489;0;1;1;0;
11/02/2026 08:55:30.886;0;0;0;0;
11/02/2026 08:55:45.498;0;0;1;0;
11/02/2026 08:55:46.873;0;0;0;0;
11/02/2026 08:56:05.508;0;0;1;0;
11/02/2026 08:56:06.823;0;0;0;0;
11/02/2026 08:56:25.593;0;0;1;0;
11/02/2026 08:56:26.884;0;0;0;0;
11/02/2026 08:58:45.683;0;0;1;0;
11/02/2026 08:58:47.38;0;0;0;0;
11/02/2026 08:59:25.714;0;0;1;0;
11/02/2026 08:59:27.129;0;0;0;0;
11/02/2026 09:00:18.639;1;0;0;0;
11/02/2026 09:00:18.640;1;1;1;0;
11/02/2026 09:00:32.436;1;0;0;0;
11/02/2026 09:00:54.98;0;0;0;0;
11/02/2026 09:03:50.752;0;1;0;0;
11/02/2026 09:03:50.753;1;1;0;0;
11/02/2026 09:03:52.343;1;0;0;0;
11/02/2026 09:04:28.766;1;0;1;0;
11/02/2026 09:04:41.483;1;0;0;0;
11/02/2026 09:05:02.485;0;0;0;0;
11/02/2026 09:05:41.132;0;1;0;0;
11/02/2026 09:05:46.150;0;0;0;0;
11/02/2026 09:06:01.143;0;0;1;0;
11/02/2026 09:06:02.666;0;0;0;0;
11/02/2026 09:06:21.152;0;0;1;0;
11/02/2026 09:06:22.537;0;0;0;0;
11/02/2026 09:06:41.182;0;0;1;0;
11/02/2026 09:06:42.417;0;0;0;0;
11/02/2026 09:09:44.100;1;0;0;0;
11/02/2026 09:09:44.100;1;1;1;0;
11/02/2026 09:09:52.72;1;0;0;0;
11/02/2026 09:09:52.87;1;1;1;0;
11/02/2026 09:09:53.223;1;0;0;0;
11/02/2026 09:10:01.798;1;1;1;0;
11/02/2026 09:10:02.933;1;0;0;0;
11/02/2026 09:10:11.898;1;1;1;0;
11/02/2026 09:10:13.314;1;0;0;0;
11/02/2026 09:10:21.798;1;1;1;0;
11/02/2026 09:10:22.933;1;0;0;0;
11/02/2026 09:10:31.899;1;1;1;0;
11/02/2026 09:10:33.34;1;0;0;0;
11/02/2026 09:10:41.895;1;1;1;0;
11/02/2026 09:10:43.34;1;0;0;0;
11/02/2026 09:10:51.995;1;1;1;0;
11/02/2026 09:10:53.134;1;0;0;0;
11/02/2026 09:11:05.437;0;0;0;0;
11/02/2026 09:11:44.14;0;1;1;0;
11/02/2026 09:11:49.432;0;0;0;0;
11/02/2026 09:12:04.24;0;0;1;0;
11/02/2026 09:12:05.449;0;0;0;0;
11/02/2026 09:12:24.60;0;0;1;0;
11/02/2026 09:12:25.359;0;0;0;0;
11/02/2026 09:16:24.140;0;0;1;0;
11/02/2026 09:16:25.395;0;0;0;0;
11/02/2026 09:16:27.153;1;0;0;0;
11/02/2026 09:16:27.154;1;1;1;0;
11/02/2026 09:16:41.182;1;0;0;0;
11/02/2026 09:17:02.513;0;0;0;0;
11/02/2026 09:19:41.420;0;1;0;0;
11/02/2026 09:19:41.420;1;1;0;0;
11/02/2026 09:19:43.0;1;0;0;0;
11/02/2026 09:20:19.313;1;0;1;0;
11/02/2026 09:20:32.210;1;0;0;0;
11/02/2026 09:20:53.172;0;0;0;0;
11/02/2026 09:21:31.699;0;1;0;0;
11/02/2026 09:21:34.424;0;0;0;0;
11/02/2026 09:21:51.688;0;0;1;0;
11/02/2026 09:21:52.943;0;0;0;0;
11/02/2026 09:22:11.698;0;1;1;0;
11/02/2026 09:22:13.554;0;0;0;0;
11/02/2026 09:22:31.709;0;1;0;0;
11/02/2026 09:22:35.407;0;0;0;0;
11/02/2026 09:22:51.720;0;1;1;0;
11/02/2026 09:22:54.907;0;0;0;0;
11/02/2026 09:23:11.731;0;0;1;0;
11/02/2026 09:23:13.205;0;0;0;0;
11/02/2026 09:23:31.741;0;0;1;0;
11/02/2026 09:23:33.126;0;0;0;0;
11/02/2026 09:23:51.892;0;0;1;0;
11/02/2026 09:23:53.96;0;0;0;0;
11/02/2026 09:24:11.892;0;0;1;0;
11/02/2026 09:24:13.137;0;0;0;0;
11/02/2026 09:25:34.656;1;0;0;0;
11/02/2026 09:25:34.657;1;1;1;0;
11/02/2026 09:25:42.859;1;0;0;0;
11/02/2026 09:25:42.877;1;1;1;0;
11/02/2026 09:25:44.10;1;0;0;0;
11/02/2026 09:25:52.350;1;1;1;0;
11/02/2026 09:25:53.490;1;0;0;0;
11/02/2026 09:26:02.350;1;1;1;0;
11/02/2026 09:26:03.750;1;0;0;0;
11/02/2026 09:26:12.355;1;1;1;0;
11/02/2026 09:26:13.510;1;0;0;0;
11/02/2026 09:26:22.355;1;1;1;0;
11/02/2026 09:26:23.561;1;0;0;0;
11/02/2026 09:26:32.355;1;1;1;0;
11/02/2026 09:26:33.491;1;0;0;0;
11/02/2026 09:26:42.356;1;1;1;0;
11/02/2026 09:26:43.491;1;0;0;0;
11/02/2026 09:26:56.74;0;0;0;0;
11/02/2026 09:27:34.627;0;1;1;0;
11/02/2026 09:27:40.59;0;0;0;0;
11/02/2026 09:27:56.733;0;0;1;0;
11/02/2026 09:27:58.158;0;0;0;0;
11/02/2026 09:28:14.807;0;0;1;0;
11/02/2026 09:28:16.136;0;0;0;0;
11/02/2026 09:32:13.761;1;0;0;0;
11/02/2026 09:32:13.762;1;1;1;0;
11/02/2026 09:32:27.774;1;0;0;0;
11/02/2026 09:32:49.276;0;0;0;0;
11/02/2026 09:35:35.951;0;1;0;0;
11/02/2026 09:35:35.952;1;1;0;0;
11/02/2026 09:35:37.511;1;0;0;0;
11/02/2026 09:36:13.964;1;0;1;0;
11/02/2026 09:36:26.902;1;0;0;0;
11/02/2026 09:36:46.752;0;0;0;0;
11/02/2026 09:37:26.311;0;1;0;0;
11/02/2026 09:37:32.129;0;0;0;0;
11/02/2026 09:37:46.320;0;0;1;0;
11/02/2026 09:37:47.635;0;0;0;0;
11/02/2026 09:38:06.330;0;1;0;0;
11/02/2026 09:38:08.887;0;0;0;0;
11/02/2026 09:38:26.361;0;0;1;0;
11/02/2026 09:38:27.646;0;0;0;0;
11/02/2026 09:38:46.351;0;1;0;0;
11/02/2026 09:38:48.818;0;0;0;0;
11/02/2026 09:39:06.363;0;1;0;0;
11/02/2026 09:39:08.958;0;0;0;0;
11/02/2026 09:40:06.394;0;0;1;0;
11/02/2026 09:40:07.718;0;0;0;0;
11/02/2026 09:41:18.527;1;0;0;0;
11/02/2026 09:41:18.528;1;1;1;0;
11/02/2026 09:41:25.618;1;0;0;0;
11/02/2026 09:41:26.336;1;1;1;0;
11/02/2026 09:41:27.470;1;0;0;0;
11/02/2026 09:41:36.336;1;1;1;0;
11/02/2026 09:41:37.471;1;0;0;0;
11/02/2026 09:41:46.35;1;1;1;0;
11/02/2026 09:41:47.471;1;0;0;0;
11/02/2026 09:41:56.35;1;1;1;0;
11/02/2026 09:41:57.171;1;0;0;0;
11/02/2026 09:42:06.160;1;1;1;0;
11/02/2026 09:42:07.301;1;0;0;0;
11/02/2026 09:42:16.136;1;1;1;0;
11/02/2026 09:42:17.271;1;0;0;0;
11/02/2026 09:42:26.150;1;1;1;0;
11/02/2026 09:42:27.282;1;0;0;0;
11/02/2026 09:42:39.644;0;0;0;0;
11/02/2026 09:43:18.494;0;1;1;0;
11/02/2026 09:43:24.150;0;0;0;0;
11/02/2026 09:43:38.467;0;0;1;0;
11/02/2026 09:43:40.156;0;0;0;0;
11/02/2026 09:43:58.555;0;0;1;0;
11/02/2026 09:44:00.37;0;0;0;0;
11/02/2026 09:44:18.332;0;0;1;0;
11/02/2026 09:44:19.537;0;0;0;0;
11/02/2026 09:46:58.316;0;1;0;0;
11/02/2026 09:47:00.52;0;0;0;0;
11/02/2026 09:47:18.327;0;0;1;0;
11/02/2026 09:47:19.552;0;0;0;0;
11/02/2026 09:47:38.378;0;1;0;0;
11/02/2026 09:47:39.932;0;0;0;0;
11/02/2026 09:47:58.334;0;1;1;0;
11/02/2026 09:47:59.983;0;0;0;0;
11/02/2026 09:48:12.478;1;0;0;0;
11/02/2026 09:48:12.478;1;1;1;0;
11/02/2026 09:48:27.701;1;0;0;0;
11/02/2026 09:48:47.772;0;0;0;0;
11/02/2026 09:52:23.656;0;1;0;0;
11/02/2026 09:52:23.657;1;1;0;0;
11/02/2026 09:52:25.346;1;0;0;0;
11/02/2026 09:53:01.669;1;0;1;0;
11/02/2026 09:53:14.807;1;0;0;0;
11/02/2026 09:53:34.747;0;0;0;0;
11/02/2026 09:54:14.126;0;1;0;0;
11/02/2026 09:54:20.845;0;0;0;0;
11/02/2026 09:54:34.215;0;0;1;0;
11/02/2026 09:54:35.500;0;0;0;0;
11/02/2026 09:54:54.295;0;0;1;0;
11/02/2026 09:54:55.580;0;0;0;0;
11/02/2026 09:55:54.97;0;0;1;0;
11/02/2026 09:55:55.422;0;0;0;0;
11/02/2026 09:56:54.129;0;1;0;0;
11/02/2026 09:56:56.624;0;0;0;0;
11/02/2026 09:57:14.140;0;1;0;0;
11/02/2026 09:57:16.515;0;0;0;0;
11/02/2026 09:57:54.303;0;1;0;0;
11/02/2026 09:57:56.196;0;0;0;0;
11/02/2026 09:58:13.289;1;0;0;0;
11/02/2026 09:58:13.290;1;1;1;0;
11/02/2026 09:58:20.490;1;0;0;0;
11/02/2026 09:58:20.888;1;1;1;0;
11/02/2026 09:58:22.42;1;0;0;0;
11/02/2026 09:58:30.987;1;1;1;0;
11/02/2026 09:58:32.142;1;0;0;0;
11/02/2026 09:58:40.987;1;1;1;0;
11/02/2026 09:58:42.403;1;0;0;0;
11/02/2026 09:58:51.88;1;1;1;0;
11/02/2026 09:58:52.243;1;0;0;0;
11/02/2026 09:59:01.89;1;1;1;0;
11/02/2026 09:59:02.253;1;0;0;0;
11/02/2026 09:59:11.284;1;1;1;0;
11/02/2026 09:59:12.434;1;0;0;0;
11/02/2026 09:59:21.189;1;1;1;0;
11/02/2026 09:59:22.344;1;0;0;0;
11/02/2026 09:59:34.717;0;0;0;0;
11/02/2026 10:00:12.974;0;1;1;0;
11/02/2026 10:00:18.622;0;0;0;0;
11/02/2026 10:00:33.37;0;0;1;0;
11/02/2026 10:00:34.778;0;0;0;0;
11/02/2026 10:00:53.127;0;0;1;0;
11/02/2026 10:00:54.589;0;0;0;0;
11/02/2026 10:01:13.218;0;0;1;0;
11/02/2026 10:01:14.479;0;0;0;0;
11/02/2026 10:05:00.349;1;0;0;0;
11/02/2026 10:05:00.350;1;1;1;0;
11/02/2026 10:05:15.897;1;0;0;0;
11/02/2026 10:05:35.567;0;0;0;0;
11/02/2026 10:08:25.288;0;1;0;0;
11/02/2026 10:08:25.289;1;1;0;0;
11/02/2026 10:08:26.984;1;0;0;0;
11/02/2026 10:09:03.361;1;0;1;0;
11/02/2026 10:09:16.435;1;0;0;0;
11/02/2026 10:09:36.636;0;0;0;0;
11/02/2026 10:10:15.696;0;1;1;0;
11/02/2026 10:10:22.352;0;0;0;0;
11/02/2026 10:11:55.625;0;1;0;0;
11/02/2026 10:11:57.460;0;0;0;0;
11/02/2026 10:12:15.605;0;1;0;0;
11/02/2026 10:12:18.151;0;0;0;0;
11/02/2026 10:12:35.626;0;1;0;0;
11/02/2026 10:12:37.391;0;0;0;0;
11/02/2026 10:12:55.516;0;0;1;0;
11/02/2026 10:12:56.801;0;0;0;0;
11/02/2026 10:14:11.654;1;0;0;0;
11/02/2026 10:14:11.655;1;1;1;0;
11/02/2026 10:14:18.505;1;0;0;0;
11/02/2026 10:14:19.353;1;1;1;0;
11/02/2026 10:14:20.497;1;0;0;0;
11/02/2026 10:14:29.352;1;1;1;0;
11/02/2026 10:14:30.497;1;0;0;0;
11/02/2026 10:14:39.352;1;1;1;0;
11/02/2026 10:14:40.808;1;0;0;0;
11/02/2026 10:14:49.552;1;1;1;0;
11/02/2026 10:14:50.688;1;0;0;0;
11/02/2026 10:14:59.453;1;1;1;0;
11/02/2026 10:15:00.588;1;0;0;0;
11/02/2026 10:15:09.453;1;1;1;0;
11/02/2026 10:15:10.588;1;0;0;0;
11/02/2026 10:15:19.549;1;1;1;0;
11/02/2026 10:15:20.679;1;0;0;0;
11/02/2026 10:15:33.422;0;0;0;0;
11/02/2026 10:16:11.549;0;1;1;0;
11/02/2026 10:16:14.434;0;0;0;0;
11/02/2026 10:16:31.557;0;1;1;0;
11/02/2026 10:16:35.495;0;0;0;0;
11/02/2026 10:16:51.568;0;0;1;0;
11/02/2026 10:16:53.244;0;0;0;0;
11/02/2026 10:17:11.579;0;0;1;0;
11/02/2026 10:17:12.964;0;0;0;0;
11/02/2026 10:17:31.643;0;0;1;0;
11/02/2026 10:17:32.854;0;0;0;0;
11/02/2026 10:20:49.692;1;0;0;0;
11/02/2026 10:20:49.693;1;1;1;0;
11/02/2026 10:21:05.332;1;0;0;0;
11/02/2026 10:21:24.802;0;0;0;0;
11/02/2026 10:24:04.305;0;1;0;0;
11/02/2026 10:24:04.306;1;1;0;0;
11/02/2026 10:24:06.0;1;0;0;0;
11/02/2026 10:24:42.214;1;0;1;0;
11/02/2026 10:24:55.341;1;0;0;0;
11/02/2026 10:25:15.562;0;0;0;0;
11/02/2026 10:25:54.856;0;1;0;0;
11/02/2026 10:26:01.459;0;0;0;0;
11/02/2026 10:26:14.814;0;0;1;0;
11/02/2026 10:26:16.224;0;0;0;0;
11/02/2026 10:28:34.662;0;1;0;0;
11/02/2026 10:28:36.398;0;0;0;0;
11/02/2026 10:28:54.735;0;1;0;0;
11/02/2026 10:28:57.209;0;0;0;0;
11/02/2026 10:29:14.819;0;1;0;0;
11/02/2026 10:29:16.809;0;0;0;0;
11/02/2026 10:30:03.833;1;0;0;0;
11/02/2026 10:30:03.834;1;1;1;0;
11/02/2026 10:30:10.795;1;0;0;0;
11/02/2026 10:30:11.529;1;1;1;0;
11/02/2026 10:30:12.666;1;0;0;0;
11/02/2026 10:30:21.631;1;1;1;0;
11/02/2026 10:30:22.767;1;0;0;0;
11/02/2026 10:30:31.632;1;1;1;0;
11/02/2026 10:30:33.37;1;0;0;0;
11/02/2026 10:30:41.832;1;1;1;0;
11/02/2026 10:30:42.968;1;0;0;0;
11/02/2026 10:30:51.432;1;1;1;0;
11/02/2026 10:30:52.567;1;0;0;0;
11/02/2026 10:31:01.428;1;1;1;0;
11/02/2026 10:31:02.568;1;0;0;0;
11/02/2026 10:31:11.433;1;1;1;0;
11/02/2026 10:31:12.568;1;0;0;0;
11/02/2026 10:31:25.491;0;0;0;0;
11/02/2026 10:32:03.634;0;1;1;0;
11/02/2026 10:32:06.383;0;0;0;0;
11/02/2026 10:32:43.781;0;1;1;0;
11/02/2026 10:32:50.889;0;0;0;0;
11/02/2026 10:33:03.544;0;0;1;0;
11/02/2026 10:33:05.304;0;0;0;0;
11/02/2026 10:33:23.559;0;0;1;0;
11/02/2026 10:33:25.194;0;0;0;0;
11/02/2026 10:33:43.570;0;0;1;0;
11/02/2026 10:33:44.914;0;0;0;0;
11/02/2026 10:35:43.723;0;0;1;0;
11/02/2026 10:35:44.947;0;0;0;0;
11/02/2026 10:36:48.883;0;1;1;0;
11/02/2026 10:36:48.884;1;1;1;0;
11/02/2026 10:37:04.649;1;0;0;0;
11/02/2026 10:37:24.249;0;0;0;0;
11/02/2026 10:40:18.345;0;1;0;0;
11/02/2026 10:40:18.346;1;1;0;0;
11/02/2026 10:40:20.1;1;0;0;0;
11/02/2026 10:40:56.159;1;0;1;0;
11/02/2026 10:41:09.222;1;0;0;0;
11/02/2026 10:41:29.663;0;0;0;0;
11/02/2026 10:42:08.493;0;1;1;0;
11/02/2026 10:42:15.60;0;0;0;0;
11/02/2026 10:42:28.490;0;0;1;0;
11/02/2026 10:42:29.805;0;0;0;0;
11/02/2026 10:44:08.538;0;1;0;0;
11/02/2026 10:44:10.558;0;0;0;0;
11/02/2026 10:44:28.553;0;1;0;0;
11/02/2026 10:44:30.749;0;0;0;0;
11/02/2026 10:45:08.584;0;1;0;0;
11/02/2026 10:45:10.189;0;0;0;0;
11/02/2026 10:46:08.646;0;1;0;0;
11/02/2026 10:46:11.628;1;1;0;0;
11/02/2026 10:46:12.663;1;0;0;0;
11/02/2026 10:46:12.680;1;1;1;0;
11/02/2026 10:46:19.550;1;0;0;0;
11/02/2026 10:46:19.565;1;1;1;0;
11/02/2026 10:46:20.702;1;0;0;0;
11/02/2026 10:46:29.226;1;1;1;0;
11/02/2026 10:46:30.361;1;0;0;0;
11/02/2026 10:46:39.226;1;1;1;0;
11/02/2026 10:46:40.632;1;0;0;0;
11/02/2026 10:46:49.227;1;1;1;0;
11/02/2026 10:46:50.362;1;0;0;0;
11/02/2026 10:46:59.223;1;1;1;0;
11/02/2026 10:47:00.362;1;0;0;0;
11/02/2026 10:47:09.327;1;1;1;0;
11/02/2026 10:47:10.463;1;0;0;0;
11/02/2026 10:47:19.328;1;1;1;0;
11/02/2026 10:47:20.463;1;0;0;0;
11/02/2026 10:47:33.6;0;0;0;0;
11/02/2026 10:48:11.483;0;1;1;0;
11/02/2026 10:48:17.121;0;0;0;0;
11/02/2026 10:48:31.492;0;0;1;0;
11/02/2026 10:48:33.177;0;0;0;0;
11/02/2026 10:48:51.503;0;0;1;0;
11/02/2026 10:48:53.38;0;0;0;0;
11/02/2026 10:49:11.544;0;0;1;0;
11/02/2026 10:49:12.858;0;0;0;0;
11/02/2026 10:49:31.524;0;0;1;0;
11/02/2026 10:49:32.769;0;0;0;0;
11/02/2026 10:50:31.555;0;0;1;0;
11/02/2026 10:50:33.30;0;0;0;0;
11/02/2026 10:50:51.586;0;0;1;0;
11/02/2026 10:50:52.901;0;0;0;0;
11/02/2026 10:51:11.472;0;0;1;0;
11/02/2026 10:51:12.661;0;0;0;0;
11/02/2026 10:52:54.622;1;0;0;0;
11/02/2026 10:52:54.622;1;1;1;0;
11/02/2026 10:53:10.282;1;0;0;0;
11/02/2026 10:53:29.922;0;0;0;0;
11/02/2026 10:56:10.794;0;1;0;0;
11/02/2026 10:56:10.795;1;1;0;0;
11/02/2026 10:56:12.471;1;0;0;0;
11/02/2026 10:56:49.4;1;0;1;0;
11/02/2026 10:57:02.252;1;0;0;0;
11/02/2026 10:57:22.553;0;0;0;0;
11/02/2026 10:58:01.30;0;1;0;0;
11/02/2026 10:58:07.729;0;0;0;0;
11/02/2026 10:58:21.49;0;0;1;0;
11/02/2026 10:58:22.334;0;0;0;0;
11/02/2026 10:58:41.49;0;0;1;0;
11/02/2026 10:58:42.304;0;0;0;0;
11/02/2026 11:01:41.145;0;0;1;0;
11/02/2026 11:01:42.459;0;0;0;0;
11/02/2026 11:02:00.153;1;0;0;0;
11/02/2026 11:02:00.154;1;1;1;0;
11/02/2026 11:02:07.285;1;0;0;0;
11/02/2026 11:02:07.936;1;1;1;0;
11/02/2026 11:02:09.87;1;0;0;0;
11/02/2026 11:02:17.981;1;1;1;0;
11/02/2026 11:02:19.127;1;0;0;0;
11/02/2026 11:02:28.35;1;1;1;0;
11/02/2026 11:02:29.487;1;0;0;0;
11/02/2026 11:02:38.212;1;1;1;0;
11/02/2026 11:02:39.368;1;0;0;0;
11/02/2026 11:02:48.883;1;1;1;0;
11/02/2026 11:02:50.69;1;0;0;0;
11/02/2026 11:02:57.853;1;1;1;0;
11/02/2026 11:02:58.998;1;0;0;0;
11/02/2026 11:03:08.238;1;1;1;0;
11/02/2026 11:03:09.378;1;0;0;0;
11/02/2026 11:03:21.831;0;0;0;0;
11/02/2026 11:03:59.959;0;1;1;0;
11/02/2026 11:04:05.636;0;0;0;0;
11/02/2026 11:04:19.957;0;0;1;0;
11/02/2026 11:04:21.663;0;0;0;0;
11/02/2026 11:04:39.978;0;0;1;0;
11/02/2026 11:04:41.503;0;0;0;0;
11/02/2026 11:05:00.78;0;0;1;0;
11/02/2026 11:05:01.363;0;0;0;0;
11/02/2026 11:08:47.221;1;0;0;0;
11/02/2026 11:08:47.222;1;1;1;0;
11/02/2026 11:09:02.911;1;0;0;0;
11/02/2026 11:09:22.521;0;0;0;0;
11/02/2026 11:12:07.707;0;1;0;0;
11/02/2026 11:12:07.708;1;1;0;0;
11/02/2026 11:12:09.394;1;0;0;0;
11/02/2026 11:12:45.718;1;0;1;0;
11/02/2026 11:12:58.744;1;0;0;0;
11/02/2026 11:13:19.195;0;0;0;0;
11/02/2026 11:13:58.113;0;1;0;0;
11/02/2026 11:14:04.742;0;0;0;0;
11/02/2026 11:14:18.162;0;0;1;0;
11/02/2026 11:14:19.487;0;0;0;0;
11/02/2026 11:14:38.253;0;0;1;0;
11/02/2026 11:14:39.558;0;0;0;0;
11/02/2026 11:16:18.205;0;1;0;0;
11/02/2026 11:16:19.821;0;0;0;0;
11/02/2026 11:16:38.186;0;1;0;0;
11/02/2026 11:16:40.362;0;0;0;0;
11/02/2026 11:16:58.196;0;1;0;0;
11/02/2026 11:17:00.22;0;0;0;0;
11/02/2026 11:17:18.312;0;1;0;0;
11/02/2026 11:17:19.812;0;0;0;0;
11/02/2026 11:17:48.311;1;0;0;0;
11/02/2026 11:17:48.312;1;1;1;0;
11/02/2026 11:17:55.108;1;0;0;0;
11/02/2026 11:17:55.957;1;1;1;0;
11/02/2026 11:17:57.90;1;0;0;0;
11/02/2026 11:18:05.856;1;1;1;0;
11/02/2026 11:18:06.990;1;0;0;0;
11/02/2026 11:18:15.856;1;1;1;0;
11/02/2026 11:18:17.261;1;0;0;0;
11/02/2026 11:18:25.851;1;1;1;0;
11/02/2026 11:18:26.991;1;0;0;0;
11/02/2026 11:18:35.957;1;1;1;0;
11/02/2026 11:18:37.91;1;0;0;0;
11/02/2026 11:18:45.956;1;1;1;0;
11/02/2026 11:18:47.112;1;0;0;0;
11/02/2026 11:18:55.957;1;1;1;0;
11/02/2026 11:18:57.92;1;0;0;0;
11/02/2026 11:19:10.205;0;0;0;0;
11/02/2026 11:19:48.112;0;1;1;0;
11/02/2026 11:19:50.907;0;0;0;0;
11/02/2026 11:20:28.132;0;0;1;0;
11/02/2026 11:20:29.517;0;0;0;0;
11/02/2026 11:21:28.164;0;1;0;0;
11/02/2026 11:21:29.939;0;0;0;0;
11/02/2026 11:21:48.175;0;1;0;0;
11/02/2026 11:21:54.624;0;0;0;0;
11/02/2026 11:22:08.184;0;0;1;0;
11/02/2026 11:22:09.990;0;0;0;0;
11/02/2026 11:22:28.205;0;0;1;0;
11/02/2026 11:22:29.800;0;0;0;0;
11/02/2026 11:22:48.296;0;0;1;0;
11/02/2026 11:22:49.631;0;0;0;0;
11/02/2026 11:24:28.159;0;0;1;0;
11/02/2026 11:24:29.383;0;0;0;0;
11/02/2026 11:24:41.251;1;0;0;0;
11/02/2026 11:24:41.252;1;1;1;0;
11/02/2026 11:24:56.831;1;0;0;0;
11/02/2026 11:25:16.521;0;0;0;0;
11/02/2026 11:27:53.716;0;1;0;0;
11/02/2026 11:27:53.717;1;1;0;0;
11/02/2026 11:27:55.386;1;0;0;0;
11/02/2026 11:28:31.349;1;0;1;0;
11/02/2026 11:28:44.476;1;0;0;0;
11/02/2026 11:29:05.198;0;0;0;0;
11/02/2026 11:29:43.746;0;1;0;0;
11/02/2026 11:29:50.364;0;0;0;0;
11/02/2026 11:30:03.756;0;0;1;0;
11/02/2026 11:30:05.59;0;0;0;0;
11/02/2026 11:30:23.846;0;0;1;0;
11/02/2026 11:30:25.130;0;0;0;0;
11/02/2026 11:32:43.819;0;1;0;0;
11/02/2026 11:32:45.914;0;0;0;0;
11/02/2026 11:33:03.829;0;1;0;0;
11/02/2026 11:33:05.855;0;0;0;0;
11/02/2026 11:33:41.848;1;0;0;0;
11/02/2026 11:33:41.849;1;1;1;0;
11/02/2026 11:33:48.859;1;0;0;0;
11/02/2026 11:33:49.547;1;1;1;0;
11/02/2026 11:33:50.681;1;0;0;0;
11/02/2026 11:33:59.541;1;1;1;0;
11/02/2026 11:34:00.681;1;0;0;0;
11/02/2026 11:34:09.542;1;1;1;0;
11/02/2026 11:34:10.951;1;0;0;0;
11/02/2026 11:34:19.542;1;1;1;0;
11/02/2026 11:34:20.681;1;0;0;0;
11/02/2026 11:34:29.546;1;1;1;0;
11/02/2026 11:34:30.682;1;0;0;0;
11/02/2026 11:34:39.547;1;1;1;0;
11/02/2026 11:34:40.682;1;0;0;0;
11/02/2026 11:34:49.547;1;1;1;0;
11/02/2026 11:34:50.682;1;0;0;0;
11/02/2026 11:35:03.696;0;0;0;0;
11/02/2026 11:35:41.923;0;1;0;0;
11/02/2026 11:35:47.641;0;0;0;0;
11/02/2026 11:36:02.142;0;0;1;0;
11/02/2026 11:36:03.987;0;0;0;0;
11/02/2026 11:36:21.772;0;0;1;0;
11/02/2026 11:36:23.317;0;0;0;0;
11/02/2026 11:36:41.783;0;0;1;0;
11/02/2026 11:36:43.58;0;0;0;0;
11/02/2026 11:40:19.75;1;0;0;0;
11/02/2026 11:40:19.76;1;1;1;0;
11/02/2026 11:40:34.525;1;0;0;0;
11/02/2026 11:40:54.205;0;0;0;0;
11/02/2026 11:43:38.448;1;0;0;0;
11/02/2026 11:43:38.449;1;1;0;0;
11/02/2026 11:43:40.148;1;0;0;0;
11/02/2026 11:44:16.361;1;0;1;0;
11/02/2026 11:44:29.399;1;0;0;0;
11/02/2026 11:44:50.210;0;0;0;0;
11/02/2026 11:45:28.998;0;1;0;0;
11/02/2026 11:45:35.667;0;0;0;0;
11/02/2026 11:45:48.953;0;0;1;0;
11/02/2026 11:45:50.292;0;0;0;0;
11/02/2026 11:46:09.48;0;0;1;0;
11/02/2026 11:46:10.363;0;0;0;0;
11/02/2026 11:47:08.789;0;1;0;0;
11/02/2026 11:47:10.384;0;0;0;0;
11/02/2026 11:47:28.790;0;1;1;0;
11/02/2026 11:47:31.396;0;0;0;0;
11/02/2026 11:47:48.790;0;1;0;0;
11/02/2026 11:47:50.676;0;0;0;0;
11/02/2026 11:48:08.804;0;0;1;0;
11/02/2026 11:48:10.216;0;0;0;0;
11/02/2026 11:48:28.894;0;1;0;0;
11/02/2026 11:48:30.917;0;0;0;0;
11/02/2026 11:48:48.987;0;1;0;0;
11/02/2026 11:48:50.617;0;0;0;0;
11/02/2026 11:49:09.76;0;1;0;0;
11/02/2026 11:49:10.588;0;0;0;0;
11/02/2026 11:49:26.840;1;0;0;0;
11/02/2026 11:49:26.841;1;1;1;0;
11/02/2026 11:49:33.751;1;0;0;0;
11/02/2026 11:49:34.540;1;1;1;0;
11/02/2026 11:49:35.693;1;0;0;0;
11/02/2026 11:49:44.534;1;1;1;0;
11/02/2026 11:49:45.673;1;0;0;0;
11/02/2026 11:49:54.538;1;1;1;0;
11/02/2026 11:49:55.944;1;0;0;0;
11/02/2026 11:50:04.534;1;1;1;0;
11/02/2026 11:50:05.674;1;0;0;0;
11/02/2026 11:50:14.539;1;1;1;0;
11/02/2026 11:50:15.674;1;0;0;0;
11/02/2026 11:50:24.539;1;1;1;0;
11/02/2026 11:50:25.675;1;0;0;0;
11/02/2026 11:50:34.539;1;1;1;0;
11/02/2026 11:50:35.675;1;0;0;0;
11/02/2026 11:50:48.718;0;0;0;0;
11/02/2026 11:51:26.745;0;1;0;0;
11/02/2026 11:51:32.423;0;0;0;0;
11/02/2026 11:51:46.754;0;0;1;0;
11/02/2026 11:51:48.560;0;0;0;0;
11/02/2026 11:52:06.765;0;0;1;0;
11/02/2026 11:52:08.300;0;0;0;0;
11/02/2026 11:52:26.775;0;0;1;0;
11/02/2026 11:52:28.130;0;0;0;0;
11/02/2026 11:56:09.714;1;0;0;0;
11/02/2026 11:56:09.715;1;1;1;0;
11/02/2026 11:56:25.293;1;0;0;0;
11/02/2026 11:56:44.984;0;0;0;0;
11/02/2026 11:59:47.598;0;1;0;0;
11/02/2026 11:59:47.598;1;1;0;0;
11/02/2026 11:59:49.284;1;0;0;0;
11/02/2026 12:00:25.503;1;0;1;0;
11/02/2026 12:00:38.624;1;0;0;0;
11/02/2026 12:00:59.125;0;0;0;0;
11/02/2026 12:01:37.893;0;1;0;0;
11/02/2026 12:01:44.502;0;0;0;0;
11/02/2026 12:01:57.902;0;0;1;0;
11/02/2026 12:01:59.207;0;0;0;0;
11/02/2026 12:02:17.913;0;0;1;0;
11/02/2026 12:02:19.208;0;0;0;0;
11/02/2026 12:04:57.987;0;0;1;0;
11/02/2026 12:04:59.302;0;0;0;0;
11/02/2026 12:05:46.16;1;0;0;0;
11/02/2026 12:05:46.17;1;1;1;0;
11/02/2026 12:05:53.297;1;0;0;0;
11/02/2026 12:05:53.839;1;1;1;0;
11/02/2026 12:05:54.969;1;0;0;0;
11/02/2026 12:06:03.888;1;1;1;0;
11/02/2026 12:06:05.19;1;0;0;0;
11/02/2026 12:06:15.946;1;1;1;0;
11/02/2026 12:06:17.382;1;0;0;0;
11/02/2026 12:06:23.995;1;1;1;0;
11/02/2026 12:06:25.130;1;0;0;0;
11/02/2026 12:06:33.715;1;1;1;0;
11/02/2026 12:06:34.850;1;0;0;0;
11/02/2026 12:06:43.715;1;1;1;0;
11/02/2026 12:06:44.850;1;0;0;0;
11/02/2026 12:06:53.715;1;1;1;0;
11/02/2026 12:06:54.850;1;0;0;0;
11/02/2026 12:07:07.623;0;0;0;0;
11/02/2026 12:07:45.901;0;1;1;0;
11/02/2026 12:07:51.509;0;0;0;0;
11/02/2026 12:08:05.910;0;0;1;0;
11/02/2026 12:08:07.535;0;0;0;0;
11/02/2026 12:08:25.920;0;0;1;0;
11/02/2026 12:08:27.485;0;0;0;0;
11/02/2026 12:08:45.931;0;0;1;0;
11/02/2026 12:08:47.236;0;0;0;0;
11/02/2026 12:12:24.945;1;0;0;0;
11/02/2026 12:12:24.946;1;1;1;0;
11/02/2026 12:12:40.555;1;0;0;0;
11/02/2026 12:13:00.325;0;0;0;0;
11/02/2026 12:15:37.421;0;1;0;0;
11/02/2026 12:15:37.422;1;1;0;0;
11/02/2026 12:15:39.101;1;0;0;0;
11/02/2026 12:16:15.324;1;0;1;0;
11/02/2026 12:16:28.422;1;0;0;0;
11/02/2026 12:16:49.453;0;0;0;0;
11/02/2026 12:17:27.516;0;1;0;0;
11/02/2026 12:17:34.69;0;0;0;0;
11/02/2026 12:17:47.519;0;0;1;0;
11/02/2026 12:17:48.894;0;0;0;0;
11/02/2026 12:18:07.620;0;0;1;0;
11/02/2026 12:18:08.935;0;0;0;0;
11/02/2026 12:18:47.744;0;0;1;0;
11/02/2026 12:18:49.96;0;0;0;0;
11/02/2026 12:20:07.959;0;1;0;0;
11/02/2026 12:20:10.279;0;0;0;0;
11/02/2026 12:20:27.694;0;1;0;0;
11/02/2026 12:20:30.250;0;0;0;0;
11/02/2026 12:21:07.715;0;1;0;0;
11/02/2026 12:21:09.160;0;0;0;0;
11/02/2026 12:21:30.738;1;0;0;0;
11/02/2026 12:21:30.739;1;1;1;0;
11/02/2026 12:21:38.109;1;0;0;0;
11/02/2026 12:21:38.437;1;1;1;0;
11/02/2026 12:21:39.571;1;0;0;0;
11/02/2026 12:21:48.599;1;1;1;0;
11/02/2026 12:21:49.731;1;0;0;0;
11/02/2026 12:21:58.496;1;1;1;0;
11/02/2026 12:21:59.932;1;0;0;0;
11/02/2026 12:22:08.549;1;1;1;0;
11/02/2026 12:22:09.682;1;0;0;0;
11/02/2026 12:22:18.601;1;1;1;0;
11/02/2026 12:22:19.732;1;0;0;0;
11/02/2026 12:22:28.653;1;1;1;0;
11/02/2026 12:22:29.792;1;0;0;0;
11/02/2026 12:22:38.702;1;1;1;0;
11/02/2026 12:22:39.833;1;0;0;0;
11/02/2026 12:22:52.396;0;0;0;0;
11/02/2026 12:23:30.633;0;1;0;0;
11/02/2026 12:23:35.19;0;0;0;0;
11/02/2026 12:23:50.632;0;0;1;0;
11/02/2026 12:23:51.927;0;0;0;0;
11/02/2026 12:24:10.642;0;0;1;0;
11/02/2026 12:24:12.27;0;0;0;0;
11/02/2026 12:24:30.654;0;1;1;0;
11/02/2026 12:24:32.769;0;0;0;0;
11/02/2026 12:25:10.674;0;0;1;0;
11/02/2026 12:25:12.9;0;0;0;0;
11/02/2026 12:27:58.686;1;0;0;0;
11/02/2026 12:27:58.687;1;1;1;0;
11/02/2026 12:28:12.694;1;0;0;0;
11/02/2026 12:28:34.56;0;0;0;0;
11/02/2026 12:31:13.974;1;0;0;0;
11/02/2026 12:31:13.975;1;1;0;0;
11/02/2026 12:31:15.504;1;0;0;0;
11/02/2026 12:31:51.987;1;0;1;0;
11/02/2026 12:32:05.85;1;0;0;0;
11/02/2026 12:32:25.696;0;0;0;0;
11/02/2026 12:33:04.454;0;1;0;0;
11/02/2026 12:33:09.441;0;0;0;0;
11/02/2026 12:33:24.543;0;0;1;0;
11/02/2026 12:33:26.98;0;0;0;0;
11/02/2026 12:33:44.643;0;0;1;0;
11/02/2026 12:33:46.9;0;0;0;0;
11/02/2026 12:34:04.434;0;0;1;0;
11/02/2026 12:34:05.589;0;0;0;0;
11/02/2026 12:34:44.425;0;0;1;0;
11/02/2026 12:34:45.780;0;0;0;0;
11/02/2026 12:36:04.659;0;1;0;0;
11/02/2026 12:36:06.633;0;0;0;0;
11/02/2026 12:36:24.599;0;1;0;0;
11/02/2026 12:36:26.603;0;0;0;0;
11/02/2026 12:36:44.692;0;1;1;0;
11/02/2026 12:36:46.674;0;0;0;0;
11/02/2026 12:36:57.541;1;0;0;0;
11/02/2026 12:36:57.542;1;1;1;0;
11/02/2026 12:37:05.854;1;0;0;0;
11/02/2026 12:37:05.869;1;1;1;0;
11/02/2026 12:37:07.5;1;0;0;0;
11/02/2026 12:37:15.349;1;1;1;0;
11/02/2026 12:37:16.485;1;0;0;0;
11/02/2026 12:37:25.349;1;1;1;0;
11/02/2026 12:37:26.785;1;0;0;0;
11/02/2026 12:37:35.450;1;1;1;0;
11/02/2026 12:37:36.585;1;0;0;0;
11/02/2026 12:37:45.450;1;1;1;0;
11/02/2026 12:37:46.585;1;0;0;0;
11/02/2026 12:37:55.250;1;1;1;0;
11/02/2026 12:37:56.385;1;0;0;0;
11/02/2026 12:38:05.253;1;1;1;0;
11/02/2026 12:38:06.426;1;0;0;0;
11/02/2026 12:38:18.708;0;0;0;0;
11/02/2026 12:38:57.396;0;1;0;0;
11/02/2026 12:39:02.824;0;0;0;0;
11/02/2026 12:39:17.596;0;0;1;0;
11/02/2026 12:39:18.950;0;0;0;0;
11/02/2026 12:39:37.537;0;0;1;0;
11/02/2026 12:39:38.881;0;0;0;0;
11/02/2026 12:39:57.631;0;0;1;0;
11/02/2026 12:39:58.921;0;0;0;0;
11/02/2026 12:40:37.347;0;0;1;0;
11/02/2026 12:40:38.662;0;0;0;0;
11/02/2026 12:40:57.358;0;0;1;0;
11/02/2026 12:40:58.492;0;0;0;0;
11/02/2026 12:41:17.378;0;0;1;0;
11/02/2026 12:41:18.633;0;0;0;0;
11/02/2026 12:42:57.512;0;0;1;0;
11/02/2026 12:42:58.926;0;0;0;0;
11/02/2026 12:43:40.234;1;0;0;0;
11/02/2026 12:43:40.235;1;1;1;0;
11/02/2026 12:43:53.992;1;0;0;0;
11/02/2026 12:44:15.805;0;0;0;0;
11/02/2026 12:47:11.710;0;1;0;0;
11/02/2026 12:47:11.711;1;1;0;0;
11/02/2026 12:47:13.298;1;0;0;0;
11/02/2026 12:47:49.905;1;0;1;0;
11/02/2026 12:48:02.959;1;0;0;0;
11/02/2026 12:48:23.340;0;0;0;0;
11/02/2026 12:49:02.258;0;1;0;0;
11/02/2026 12:49:07.295;0;0;0;0;
11/02/2026 12:49:22.351;0;0;1;0;
11/02/2026 12:49:23.882;0;0;0;0;
11/02/2026 12:49:42.117;0;0;1;0;
11/02/2026 12:49:43.592;0;0;0;0;
11/02/2026 12:50:02.107;0;1;1;0;
11/02/2026 12:50:04.33;0;0;0;0;
11/02/2026 12:50:22.118;0;1;0;0;
11/02/2026 12:50:23.813;0;0;0;0;
11/02/2026 12:50:42.129;0;1;1;0;
11/02/2026 12:50:43.804;0;0;0;0;
11/02/2026 12:51:02.139;0;1;1;0;
11/02/2026 12:51:03.894;0;0;0;0;
11/02/2026 12:51:22.150;0;0;1;0;
11/02/2026 12:51:23.425;0;0;0;0;
11/02/2026 12:51:42.160;0;1;0;0;
11/02/2026 12:51:44.86;0;0;0;0;
11/02/2026 12:52:02.171;0;1;1;0;
11/02/2026 12:52:04.306;0;0;0;0;
11/02/2026 12:52:22.181;0;1;1;0;
11/02/2026 12:52:23.686;0;0;0;0;
11/02/2026 12:52:42.227;0;1;1;0;
11/02/2026 12:52:43.877;0;0;0;0;
11/02/2026 12:52:51.315;1;0;0;0;
11/02/2026 12:52:51.316;1;1;1;0;
11/02/2026 12:52:58.632;1;0;0;0;
11/02/2026 12:52:58.896;1;1;1;0;
11/02/2026 12:53:00.44;1;0;0;0;
11/02/2026 12:53:08.899;1;1;1;0;
11/02/2026 12:53:10.54;1;0;0;0;
11/02/2026 12:53:18.899;1;1;1;0;
11/02/2026 12:53:20.334;1;0;0;0;
11/02/2026 12:53:28.899;1;1;1;0;
11/02/2026 12:53:30.54;1;0;0;0;
11/02/2026 12:53:38.895;1;1;1;0;
11/02/2026 12:53:40.45;1;0;0;0;
11/02/2026 12:53:48.895;1;1;1;0;
11/02/2026 12:53:50.45;1;0;0;0;
11/02/2026 12:53:59.0;1;1;1;0;
11/02/2026 12:54:00.145;1;0;0;0;
11/02/2026 12:54:12.728;0;0;0;0;
11/02/2026 12:54:51.15;0;1;0;0;
11/02/2026 12:54:56.813;0;0;0;0;
11/02/2026 12:55:11.5;0;0;1;0;
11/02/2026 12:55:12.830;0;0;0;0;
11/02/2026 12:55:31.5;0;0;1;0;
11/02/2026 12:55:32.470;0;0;0;0;
11/02/2026 12:55:51.11;0;0;1;0;
11/02/2026 12:55:52.270;0;0;0;0;
11/02/2026 12:59:11.266;0;0;1;0;
11/02/2026 12:59:12.496;0;0;0;0;
11/02/2026 12:59:29.225;1;0;0;0;
11/02/2026 12:59:29.226;1;1;1;0;
11/02/2026 12:59:44.899;1;0;0;0;
11/02/2026 13:00:04.950;0;0;0;0;
11/02/2026 13:02:55.582;0;1;0;0;
11/02/2026 13:02:55.583;1;1;0;0;
11/02/2026 13:02:57.269;1;0;0;0;
11/02/2026 13:03:33.592;1;0;1;0;
11/02/2026 13:03:46.749;1;0;0;0;
11/02/2026 13:04:07.301;0;0;0;0;
11/02/2026 13:04:45.968;0;1;1;0;
11/02/2026 13:04:52.547;0;0;0;0;
11/02/2026 13:08:06.72;0;0;1;0;
11/02/2026 13:08:07.417;0;0;0;0;
11/02/2026 13:08:26.82;0;1;0;0;
11/02/2026 13:08:27.908;0;0;0;0;
11/02/2026 13:08:42.88;1;0;0;0;
11/02/2026 13:08:42.89;1;1;1;0;
11/02/2026 13:08:49.561;1;0;0;0;
11/02/2026 13:08:50.8;1;1;1;0;
11/02/2026 13:08:51.162;1;0;0;0;
11/02/2026 13:08:59.890;1;1;1;0;
11/02/2026 13:09:01.32;1;0;0;0;
11/02/2026 13:09:09.940;1;1;1;0;
11/02/2026 13:09:11.392;1;0;0;0;
11/02/2026 13:09:19.991;1;1;1;0;
11/02/2026 13:09:21.142;1;0;0;0;
11/02/2026 13:09:30.42;1;1;1;0;
11/02/2026 13:09:31.193;1;0;0;0;
11/02/2026 13:09:39.788;1;1;1;0;
11/02/2026 13:09:40.943;1;0;0;0;
11/02/2026 13:09:49.788;1;1;1;0;
11/02/2026 13:09:50.943;1;0;0;0;
11/02/2026 13:10:03.556;0;0;0;0;
11/02/2026 13:10:41.894;0;1;0;0;
11/02/2026 13:10:43.597;0;0;0;0;
11/02/2026 13:11:01.912;0;1;1;0;
11/02/2026 13:11:04.278;0;0;0;0;
11/02/2026 13:11:21.913;0;1;0;0;
11/02/2026 13:11:23.528;0;0;0;0;
11/02/2026 13:11:41.833;0;0;1;0;
11/02/2026 13:11:43.358;0;0;0;0;
11/02/2026 13:12:21.935;0;1;1;0;
11/02/2026 13:12:23.580;0;0;0;0;
11/02/2026 13:12:41.935;0;1;0;0;
11/02/2026 13:12:43.580;0;0;0;0;
11/02/2026 13:13:02.46;0;1;1;0;
11/02/2026 13:13:07.535;0;0;0;0;
11/02/2026 13:13:22.56;0;0;1;0;
11/02/2026 13:13:23.791;0;0;0;0;
11/02/2026 13:13:42.67;0;0;1;0;
11/02/2026 13:13:43.602;0;0;0;0;
11/02/2026 13:14:02.77;0;0;1;0;
11/02/2026 13:14:03.342;0;0;0;0;
11/02/2026 13:15:02.189;0;0;1;0;
11/02/2026 13:15:03.434;0;0;0;0;
11/02/2026 13:15:32.369;1;0;0;0;
11/02/2026 13:15:32.370;1;1;1;0;
11/02/2026 13:15:47.889;1;0;0;0;
11/02/2026 13:16:08.30;0;0;0;0;
11/02/2026 13:21:41.649;0;1;0;0;
11/02/2026 13:21:41.650;1;1;0;0;
11/02/2026 13:21:43.366;1;0;0;0;
11/02/2026 13:22:19.700;1;0;1;0;
11/02/2026 13:22:32.786;1;0;0;0;
11/02/2026 13:22:53.818;0;0;0;0;
11/02/2026 13:23:32.51;0;1;0;0;
11/02/2026 13:23:38.634;0;0;0;0;
11/02/2026 13:23:52.315;0;0;1;0;
11/02/2026 13:23:53.659;0;0;0;0;
11/02/2026 13:24:12.239;0;0;1;0;
11/02/2026 13:24:13.530;0;0;0;0;
11/02/2026 13:24:51.951;0;0;1;0;
11/02/2026 13:24:53.301;0;0;0;0;
11/02/2026 13:27:24.41;1;0;0;0;
11/02/2026 13:27:24.42;1;1;1;0;
11/02/2026 13:27:31.343;1;0;0;0;
11/02/2026 13:27:31.740;1;1;1;0;
11/02/2026 13:27:32.894;1;0;0;0;
11/02/2026 13:27:41.835;1;1;1;0;
11/02/2026 13:27:42.985;1;0;0;0;
11/02/2026 13:27:51.739;1;1;1;0;
11/02/2026 13:27:53.125;1;0;0;0;
11/02/2026 13:28:01.840;1;1;1;0;
11/02/2026 13:28:02.985;1;0;0;0;
11/02/2026 13:28:11.840;1;1;1;0;
11/02/2026 13:28:12.985;1;0;0;0;
11/02/2026 13:28:21.970;1;1;1;0;
11/02/2026 13:28:23.106;1;0;0;0;
11/02/2026 13:28:31.941;1;1;1;0;
11/02/2026 13:28:33.76;1;0;0;0;
11/02/2026 13:28:45.509;0;0;0;0;
11/02/2026 13:29:23.826;0;1;0;0;
11/02/2026 13:29:28.62;0;0;0;0;
11/02/2026 13:29:43.936;0;1;1;0;
11/02/2026 13:29:46.121;0;0;0;0;
11/02/2026 13:30:03.946;0;1;1;0;
11/02/2026 13:30:05.711;0;0;0;0;
11/02/2026 13:30:24.1;0;1;0;0;
11/02/2026 13:30:25.812;0;0;0;0;
11/02/2026 13:30:44.91;0;1;1;0;
11/02/2026 13:30:45.782;0;0;0;0;
11/02/2026 13:31:04.181;0;1;1;0;
11/02/2026 13:31:05.843;0;0;0;0;
11/02/2026 13:31:24.272;0;1;1;0;
11/02/2026 13:31:25.903;0;0;0;0;
11/02/2026 13:31:43.999;0;0;1;0;
11/02/2026 13:31:45.393;0;0;0;0;
11/02/2026 13:33:04.51;0;1;0;0;
11/02/2026 13:33:05.976;0;0;0;0;
11/02/2026 13:33:24.71;0;1;1;0;
11/02/2026 13:33:29.560;0;0;0;0;
11/02/2026 13:33:43.962;0;0;1;0;
11/02/2026 13:33:45.687;0;0;0;0;
11/02/2026 13:34:03.972;0;1;1;0;
11/02/2026 13:34:11.79;1;1;1;0;
11/02/2026 13:34:12.114;1;0;0;0;
11/02/2026 13:34:12.131;1;1;1;0;
11/02/2026 13:34:27.540;1;0;0;0;
11/02/2026 13:34:46.749;0;0;0;0;
11/02/2026 13:37:38.948;0;1;0;0;
11/02/2026 13:37:38.949;1;1;0;0;
11/02/2026 13:37:40.543;1;0;0;0;
11/02/2026 13:38:16.957;1;0;1;0;
11/02/2026 13:38:29.954;1;0;0;0;
11/02/2026 13:38:51.286;0;0;0;0;
11/02/2026 13:39:29.383;0;1;0;0;
11/02/2026 13:39:34.420;0;0;0;0;
11/02/2026 13:39:49.438;0;0;1;0;
11/02/2026 13:39:51.37;0;0;0;0;
11/02/2026 13:40:09.533;0;0;1;0;
11/02/2026 13:40:10.868;0;0;0;0;
11/02/2026 13:41:09.394;0;0;1;0;
11/02/2026 13:41:10.539;0;0;0;0;
11/02/2026 13:41:29.415;0;0;1;0;
11/02/2026 13:41:30.690;0;0;0;0;
11/02/2026 13:42:09.461;0;1;0;0;
11/02/2026 13:42:11.291;0;0;0;0;
11/02/2026 13:42:29.437;0;1;0;0;
11/02/2026 13:42:31.322;0;0;0;0;
11/02/2026 13:42:49.468;0;1;0;0;
11/02/2026 13:42:51.412;0;0;0;0;
11/02/2026 13:43:09.738;0;1;1;0;
11/02/2026 13:43:11.533;0;0;0;0;
11/02/2026 13:43:28.467;1;0;0;0;
11/02/2026 13:43:28.468;1;1;1;0;
11/02/2026 13:43:36.609;1;0;0;0;
11/02/2026 13:43:36.625;1;1;1;0;
11/02/2026 13:43:37.760;1;0;0;0;
11/02/2026 13:43:46.365;1;1;1;0;
11/02/2026 13:43:47.500;1;0;0;0;
11/02/2026 13:43:56.261;1;1;1;0;
11/02/2026 13:43:57.680;1;0;0;0;
11/02/2026 13:44:06.265;1;1;1;0;
11/02/2026 13:44:07.400;1;0;0;0;
11/02/2026 13:44:16.365;1;1;1;0;
11/02/2026 13:44:17.501;1;0;0;0;
11/02/2026 13:44:26.366;1;1;1;0;
11/02/2026 13:44:27.501;1;0;0;0;
11/02/2026 13:44:36.466;1;1;1;0;
11/02/2026 13:44:37.601;1;0;0;0;
11/02/2026 13:44:50.94;0;0;0;0;
11/02/2026 13:45:28.341;0;1;0;0;
11/02/2026 13:45:33.679;0;0;0;0;
11/02/2026 13:45:48.350;0;0;1;0;
11/02/2026 13:45:49.695;0;0;0;0;
11/02/2026 13:46:08.396;0;0;1;0;
11/02/2026 13:46:09.786;0;0;0;0;
11/02/2026 13:49:28.366;0;0;1;0;
11/02/2026 13:49:29.681;0;0;0;0;
11/02/2026 13:50:04.483;1;0;0;0;
11/02/2026 13:50:04.484;1;1;1;0;
11/02/2026 13:50:18.461;1;0;0;0;
11/02/2026 13:50:39.863;0;0;0;0;
11/02/2026 13:54:11.677;0;1;0;0;
11/02/2026 13:54:11.678;1;1;0;0;
11/02/2026 13:54:13.247;1;0;0;0;
11/02/2026 13:54:49.591;1;0;1;0;
11/02/2026 13:55:02.478;1;0;0;0;
11/02/2026 13:55:23.479;0;0;0;0;
11/02/2026 13:56:01.977;0;1;0;0;
11/02/2026 13:56:07.4;0;0;0;0;
11/02/2026 13:56:22.76;0;1;1;0;
11/02/2026 13:56:23.741;0;0;0;0;
11/02/2026 13:56:42.157;0;1;1;0;
11/02/2026 13:56:44.132;0;0;0;0;
11/02/2026 13:57:02.247;0;1;0;0;
11/02/2026 13:57:04.373;0;0;0;0;
11/02/2026 13:57:22.17;0;1;1;0;
11/02/2026 13:57:23.903;0;0;0;0;
11/02/2026 13:57:42.28;0;1;1;0;
11/02/2026 13:57:43.733;0;0;0;0;
11/02/2026 13:58:02.49;0;1;1;0;
11/02/2026 13:58:03.694;0;0;0;0;
11/02/2026 13:58:22.39;0;0;1;0;
11/02/2026 13:58:23.324;0;0;0;0;
11/02/2026 13:58:42.40;0;1;0;0;
11/02/2026 13:58:43.625;0;0;0;0;
11/02/2026 13:59:02.181;0;0;1;0;
11/02/2026 13:59:03.495;0;0;0;0;
11/02/2026 13:59:22.91;0;1;0;0;
11/02/2026 13:59:23.706;0;0;0;0;
11/02/2026 13:59:46.207;1;0;0;0;
11/02/2026 13:59:46.208;1;1;1;0;
11/02/2026 13:59:53.237;1;0;0;0;
11/02/2026 13:59:53.785;1;1;1;0;
11/02/2026 13:59:54.938;1;0;0;0;
11/02/2026 14:00:03.783;1;1;1;0;
11/02/2026 14:00:04.938;1;0;0;0;
11/02/2026 14:00:13.783;1;1;1;0;
11/02/2026 14:00:15.229;1;0;0;0;
11/02/2026 14:00:23.783;1;1;1;0;
11/02/2026 14:00:24.939;1;0;0;0;
11/02/2026 14:00:33.784;1;1;1;0;
11/02/2026 14:00:34.939;1;0;0;0;
11/02/2026 14:00:43.784;1;1;1;0;
11/02/2026 14:00:44.939;1;0;0;0;
11/02/2026 14:00:53.884;1;1;1;0;
11/02/2026 14:00:55.40;1;0;0;0;
11/02/2026 14:01:07.452;0;0;0;0;
11/02/2026 14:01:45.900;0;1;1;0;
11/02/2026 14:01:50.607;0;0;0;0;
11/02/2026 14:02:05.899;0;1;1;0;
11/02/2026 14:02:07.484;0;0;0;0;
11/02/2026 14:02:25.900;0;1;1;0;
11/02/2026 14:02:27.515;0;0;0;0;
11/02/2026 14:02:45.900;0;0;1;0;
11/02/2026 14:02:47.155;0;0;0;0;
11/02/2026 14:03:26.51;0;1;1;0;
11/02/2026 14:03:27.636;0;0;0;0;
11/02/2026 14:04:26.103;0;1;0;0;
11/02/2026 14:04:28.749;0;0;0;0;
11/02/2026 14:04:46.193;0;1;0;0;
11/02/2026 14:04:48.339;0;0;0;0;
11/02/2026 14:05:06.475;0;1;0;0;
11/02/2026 14:05:15.607;0;0;0;0;
11/02/2026 14:05:26.385;0;0;1;0;
11/02/2026 14:05:28.130;0;0;0;0;
11/02/2026 14:05:46.95;0;0;1;0;
11/02/2026 14:05:47.750;0;0;0;0;
11/02/2026 14:06:06.105;0;0;1;0;
11/02/2026 14:06:07.460;0;0;0;0;
11/02/2026 14:06:26.112;0;0;1;0;
11/02/2026 14:06:27.371;0;0;0;0;
11/02/2026 14:06:44.154;1;0;0;0;
11/02/2026 14:06:44.155;1;1;1;0;
11/02/2026 14:06:59.704;1;0;0;0;
11/02/2026 14:07:19.334;0;0;0;0;
11/02/2026 14:09:56.538;0;1;0;0;
11/02/2026 14:09:56.539;1;1;0;0;
11/02/2026 14:09:58.228;1;0;0;0;
11/02/2026 14:10:34.442;1;0;1;0;
11/02/2026 14:10:47.439;1;0;0;0;
11/02/2026 14:11:08.470;0;0;0;0;
11/02/2026 14:11:46.808;0;1;0;0;
11/02/2026 14:11:53.436;0;0;0;0;
11/02/2026 14:12:06.806;0;0;1;0;
11/02/2026 14:12:08.121;0;0;0;0;
11/02/2026 14:12:26.817;0;0;1;0;
11/02/2026 14:12:28.132;0;0;0;0;
11/02/2026 14:13:26.849;0;0;1;0;
11/02/2026 14:13:28.274;0;0;0;0;
11/02/2026 14:15:46.922;0;0;1;0;
11/02/2026 14:15:48.67;0;0;0;0;
11/02/2026 14:15:49.775;1;0;0;0;
11/02/2026 14:15:49.776;1;1;1;0;
11/02/2026 14:15:57.76;1;0;0;0;
11/02/2026 14:15:57.474;1;1;1;0;
11/02/2026 14:15:58.608;1;0;0;0;
11/02/2026 14:16:07.473;1;1;1;0;
11/02/2026 14:16:08.608;1;0;0;0;
11/02/2026 14:16:17.473;1;1;1;0;
11/02/2026 14:16:18.909;1;0;0;0;
11/02/2026 14:16:27.473;1;1;1;0;
11/02/2026 14:16:28.609;1;0;0;0;
11/02/2026 14:16:37.474;1;1;1;0;
11/02/2026 14:16:38.609;1;0;0;0;
11/02/2026 14:16:47.474;1;1;1;0;
11/02/2026 14:16:48.609;1;0;0;0;
11/02/2026 14:16:57.474;1;1;1;0;
11/02/2026 14:16:58.609;1;0;0;0;
11/02/2026 14:17:10.972;0;0;0;0;
11/02/2026 14:17:49.830;0;1;0;0;
11/02/2026 14:17:55.548;0;0;0;0;
11/02/2026 14:18:09.919;0;0;1;0;
11/02/2026 14:18:11.694;0;0;0;0;
11/02/2026 14:18:29.689;0;1;1;0;
11/02/2026 14:18:31.294;0;0;0;0;
11/02/2026 14:18:49.700;0;1;1;0;
11/02/2026 14:18:51.505;0;0;0;0;
11/02/2026 14:19:09.721;0;1;0;0;
11/02/2026 14:19:11.696;0;0;0;0;
11/02/2026 14:19:29.871;0;1;1;0;
11/02/2026 14:19:31.706;0;0;0;0;
11/02/2026 14:19:49.776;0;1;1;0;
11/02/2026 14:19:51.697;0;0;0;0;
11/02/2026 14:20:09.867;0;1;1;0;
11/02/2026 14:20:12.68;0;0;0;0;
11/02/2026 14:20:30.138;0;1;1;0;
11/02/2026 14:20:31.898;0;0;0;0;
11/02/2026 14:20:49.664;0;1;1;0;
11/02/2026 14:20:51.498;0;0;0;0;
11/02/2026 14:21:09.674;0;0;1;0;
11/02/2026 14:21:11.48;0;0;0;0;
11/02/2026 14:22:17.713;1;0;0;0;
11/02/2026 14:22:17.714;1;1;1;0;
11/02/2026 14:22:31.751;1;0;0;0;
11/02/2026 14:22:53.273;0;0;0;0;
11/02/2026 14:25:36.379;0;1;0;0;
11/02/2026 14:25:36.380;1;1;0;0;
11/02/2026 14:25:38.25;1;0;0;0;
11/02/2026 14:26:14.288;1;0;1;0;
11/02/2026 14:26:27.336;1;0;0;0;
11/02/2026 14:26:48.538;0;0;0;0;
11/02/2026 14:27:26.785;0;1;0;0;
11/02/2026 14:27:31.792;0;0;0;0;
11/02/2026 14:27:47.54;0;1;1;0;
11/02/2026 14:27:49.0;0;0;0;0;
11/02/2026 14:28:06.965;0;1;1;0;
11/02/2026 14:28:08.760;0;0;0;0;
11/02/2026 14:28:26.705;0;1;0;0;
11/02/2026 14:28:28.590;0;0;0;0;
11/02/2026 14:28:46.725;0;1;1;0;
11/02/2026 14:28:48.611;0;0;0;0;
11/02/2026 14:29:06.716;0;1;1;0;
11/02/2026 14:29:08.331;0;0;0;0;
11/02/2026 14:29:26.716;0;1;0;0;
11/02/2026 14:29:28.362;0;0;0;0;
11/02/2026 14:29:46.723;0;0;1;0;
11/02/2026 14:29:48.12;0;0;0;0;
11/02/2026 14:30:06.738;0;0;1;0;
11/02/2026 14:30:08.22;0;0;0;0;
11/02/2026 14:30:46.904;0;1;0;0;
11/02/2026 14:30:48.654;0;0;0;0;
11/02/2026 14:31:15.824;1;0;0;0;
11/02/2026 14:31:15.825;1;1;1;0;
11/02/2026 14:31:23.159;1;0;0;0;
11/02/2026 14:31:23.528;1;1;1;0;
11/02/2026 14:31:24.691;1;0;0;0;
11/02/2026 14:31:33.826;1;1;1;0;
11/02/2026 14:31:34.962;1;0;0;0;
11/02/2026 14:31:45.829;1;1;1;0;
11/02/2026 14:31:47.284;1;0;0;0;
11/02/2026 14:31:53.727;1;1;1;0;
11/02/2026 14:31:54.862;1;0;0;0;
11/02/2026 14:32:03.727;1;1;1;0;
11/02/2026 14:32:04.862;1;0;0;0;
11/02/2026 14:32:13.827;1;1;1;0;
11/02/2026 14:32:14.963;1;0;0;0;
11/02/2026 14:32:23.527;1;1;1;0;
11/02/2026 14:32:24.663;1;0;0;0;
11/02/2026 14:32:37.736;0;0;0;0;
11/02/2026 14:33:15.683;0;1;0;0;
11/02/2026 14:33:21.251;0;0;0;0;
11/02/2026 14:33:35.717;0;1;1;0;
11/02/2026 14:33:44.985;0;0;0;0;
11/02/2026 14:33:55.806;0;0;1;0;
11/02/2026 14:33:57.558;0;0;0;0;
11/02/2026 14:34:18.670;0;0;1;0;
11/02/2026 14:34:20.261;0;0;0;0;
11/02/2026 14:34:36.674;0;0;1;0;
11/02/2026 14:34:38.49;0;0;0;0;
11/02/2026 14:36:55.767;0;0;1;0;
11/02/2026 14:36:56.962;0;0;0;0;
11/02/2026 14:37:47.800;1;0;0;0;
11/02/2026 14:37:47.801;1;1;1;0;
11/02/2026 14:38:03.510;1;0;0;0;
11/02/2026 14:38:23.130;0;0;0;0;
11/02/2026 14:41:01.851;0;1;0;0;
11/02/2026 14:41:01.852;1;1;0;0;
11/02/2026 14:41:03.578;1;0;0;0;
11/02/2026 14:41:39.961;1;0;1;0;
11/02/2026 14:41:53.98;1;0;0;0;
11/02/2026 14:42:13.830;0;0;0;0;
11/02/2026 14:42:52.309;0;1;0;0;
11/02/2026 14:42:57.294;0;0;0;0;
11/02/2026 14:43:12.591;0;0;1;0;
11/02/2026 14:43:14.82;0;0;0;0;
11/02/2026 14:43:32.166;0;0;1;0;
11/02/2026 14:43:33.511;0;0;0;0;
11/02/2026 14:43:52.157;0;0;1;0;
11/02/2026 14:43:53.442;0;0;0;0;
11/02/2026 14:44:32.169;0;1;1;0;
11/02/2026 14:44:33.933;0;0;0;0;
11/02/2026 14:44:52.179;0;1;0;0;
11/02/2026 14:44:54.184;0;0;0;0;
11/02/2026 14:45:12.189;0;1;1;0;
11/02/2026 14:45:13.774;0;0;0;0;
11/02/2026 14:45:32.200;0;1;1;0;
11/02/2026 14:45:33.945;0;0;0;0;
11/02/2026 14:45:52.210;0;1;0;0;
11/02/2026 14:45:54.166;0;0;0;0;
11/02/2026 14:46:12.221;0;1;1;0;
11/02/2026 14:46:14.367;0;0;0;0;
11/02/2026 14:46:32.227;0;0;1;0;
11/02/2026 14:46:33.616;0;0;0;0;
11/02/2026 14:46:47.388;1;0;0;0;
11/02/2026 14:46:47.389;1;1;1;0;
11/02/2026 14:46:55.138;1;0;0;0;
11/02/2026 14:46:55.204;1;1;1;0;
11/02/2026 14:46:56.380;1;0;0;0;
11/02/2026 14:47:04.855;1;1;1;0;
11/02/2026 14:47:05.989;1;0;0;0;
11/02/2026 14:47:14.854;1;1;1;0;
11/02/2026 14:47:16.260;1;0;0;0;
11/02/2026 14:47:24.855;1;1;1;0;
11/02/2026 14:47:25.990;1;0;0;0;
11/02/2026 14:47:34.955;1;1;1;0;
11/02/2026 14:47:36.90;1;0;0;0;
11/02/2026 14:47:44.955;1;1;1;0;
11/02/2026 14:47:46.91;1;0;0;0;
11/02/2026 14:47:54.956;1;1;1;0;
11/02/2026 14:47:56.91;1;0;0;0;
11/02/2026 14:48:09.34;0;0;0;0;
11/02/2026 14:48:47.121;0;1;0;0;
11/02/2026 14:48:52.849;0;0;0;0;
11/02/2026 14:49:07.160;0;0;1;0;
11/02/2026 14:49:08.936;0;0;0;0;
11/02/2026 14:49:27.141;0;0;1;0;
11/02/2026 14:49:28.676;0;0;0;0;
11/02/2026 14:49:47.151;0;0;1;0;
11/02/2026 14:49:48.486;0;0;0;0;
11/02/2026 14:53:07.167;0;0;1;0;
11/02/2026 14:53:08.331;0;0;0;0;
11/02/2026 14:53:29.254;0;0;1;0;
11/02/2026 14:53:30.604;0;0;0;0;
11/02/2026 14:53:31.922;1;0;0;0;
11/02/2026 14:53:31.923;1;1;1;0;
11/02/2026 14:53:47.131;1;0;0;0;
11/02/2026 14:54:07.212;0;0;0;0;
11/02/2026 14:56:41.276;0;1;0;0;
11/02/2026 14:56:41.277;1;1;0;0;
11/02/2026 14:56:42.983;1;0;0;0;
11/02/2026 14:57:19.176;1;0;1;0;
11/02/2026 14:57:32.133;1;0;0;0;
11/02/2026 14:57:53.215;0;0;0;0;
11/02/2026 14:58:31.702;0;1;0;0;
11/02/2026 14:58:36.709;0;0;0;0;
11/02/2026 14:58:51.601;0;0;1;0;
11/02/2026 14:58:53.166;0;0;0;0;
11/02/2026 14:59:11.692;0;0;1;0;
11/02/2026 14:59:13.67;0;0;0;0;
11/02/2026 14:59:31.973;0;0;1;0;
11/02/2026 14:59:33.197;0;0;0;0;
11/02/2026 15:01:51.646;0;1;1;0;
11/02/2026 15:01:53.772;0;0;0;0;
11/02/2026 15:02:13.721;0;1;0;0;
11/02/2026 15:02:15.654;0;0;0;0;
11/02/2026 15:02:30.665;1;0;0;0;
11/02/2026 15:02:30.666;1;1;1;0;
11/02/2026 15:02:39.278;1;0;0;0;
11/02/2026 15:02:39.294;1;1;1;0;
11/02/2026 15:02:40.429;1;0;0;0;
11/02/2026 15:02:48.363;1;1;1;0;
11/02/2026 15:02:49.499;1;0;0;0;
11/02/2026 15:02:58.364;1;1;1;0;
11/02/2026 15:02:59.769;1;0;0;0;
11/02/2026 15:03:08.464;1;1;1;0;
11/02/2026 15:03:09.619;1;0;0;0;
11/02/2026 15:03:18.665;1;1;1;0;
11/02/2026 15:03:19.800;1;0;0;0;
11/02/2026 15:03:28.565;1;1;1;0;
11/02/2026 15:03:29.700;1;0;0;0;
11/02/2026 15:03:38.565;1;1;1;0;
11/02/2026 15:03:39.700;1;0;0;0;
11/02/2026 15:03:51.923;0;0;0;0;
11/02/2026 15:04:30.570;0;1;0;0;
11/02/2026 15:04:35.958;0;0;0;0;
11/02/2026 15:04:50.579;0;0;1;0;
11/02/2026 15:04:51.964;0;0;0;0;
11/02/2026 15:05:10.590;0;0;1;0;
11/02/2026 15:05:11.955;0;0;0;0;
11/02/2026 15:05:30.842;0;0;1;0;
11/02/2026 15:05:32.116;0;0;0;0;
11/02/2026 15:06:31.116;0;0;1;0;
11/02/2026 15:06:32.438;0;0;0;0;
11/02/2026 15:07:10.549;0;0;1;0;
11/02/2026 15:07:11.748;0;0;0;0;
11/02/2026 15:08:30.585;0;0;1;0;
11/02/2026 15:08:32.20;0;0;0;0;
11/02/2026 15:09:07.833;1;0;0;0;
11/02/2026 15:09:07.834;1;1;1;0;
11/02/2026 15:09:21.531;1;0;0;0;
11/02/2026 15:09:43.514;0;0;0;0;
11/02/2026 15:13:29.83;0;1;0;0;
11/02/2026 15:13:29.84;1;1;0;0;
11/02/2026 15:13:30.679;1;0;0;0;
11/02/2026 15:14:07.77;1;0;1;0;
11/02/2026 15:14:20.110;1;0;0;0;
11/02/2026 15:14:40.902;0;0;0;0;
11/02/2026 15:15:19.416;0;1;0;0;
11/02/2026 15:15:24.406;0;0;0;0;
11/02/2026 15:15:39.510;0;0;1;0;
11/02/2026 15:15:41.63;0;0;0;0;
11/02/2026 15:15:59.603;0;1;1;0;
11/02/2026 15:16:01.194;0;0;0;0;
11/02/2026 15:16:19.693;0;1;1;0;
11/02/2026 15:16:21.735;0;0;0;0;
11/02/2026 15:16:39.409;0;1;0;0;
11/02/2026 15:16:41.445;0;0;0;0;
11/02/2026 15:16:59.420;0;1;1;0;
11/02/2026 15:17:01.396;0;0;0;0;
11/02/2026 15:17:19.461;0;0;1;0;
11/02/2026 15:17:20.856;0;0;0;0;
11/02/2026 15:17:39.437;0;1;1;0;
11/02/2026 15:17:41.847;0;0;0;0;
11/02/2026 15:17:59.452;0;0;1;0;
11/02/2026 15:18:00.807;0;0;0;0;
11/02/2026 15:18:19.462;0;1;1;0;
11/02/2026 15:18:21.398;0;0;0;0;
11/02/2026 15:19:05.489;1;0;0;0;
11/02/2026 15:19:05.490;1;1;1;0;
11/02/2026 15:19:12.610;1;0;0;0;
11/02/2026 15:19:13.184;1;1;1;0;
11/02/2026 15:19:14.322;1;0;0;0;
11/02/2026 15:19:23.187;1;1;1;0;
11/02/2026 15:19:24.322;1;0;0;0;
11/02/2026 15:19:33.187;1;1;1;0;
11/02/2026 15:19:34.593;1;0;0;0;
11/02/2026 15:19:43.188;1;1;1;0;
11/02/2026 15:19:44.323;1;0;0;0;
11/02/2026 15:19:53.184;1;1;1;0;
11/02/2026 15:19:54.323;1;0;0;0;
11/02/2026 15:20:03.188;1;1;1;0;
11/02/2026 15:20:04.323;1;0;0;0;
11/02/2026 15:20:13.289;1;1;1;0;
11/02/2026 15:20:14.424;1;0;0;0;
11/02/2026 15:20:26.746;0;0;0;0;
11/02/2026 15:21:05.634;0;1;0;0;
11/02/2026 15:21:09.620;0;0;0;0;
11/02/2026 15:21:25.403;0;0;1;0;
11/02/2026 15:21:26.738;0;0;0;0;
11/02/2026 15:21:45.413;0;0;1;0;
11/02/2026 15:21:46.748;0;0;0;0;
11/02/2026 15:22:05.424;0;1;0;0;
11/02/2026 15:22:07.289;0;0;0;0;
11/02/2026 15:24:45.399;0;1;0;0;
11/02/2026 15:24:46.833;0;0;0;0;
11/02/2026 15:25:53.437;1;0;0;0;
11/02/2026 15:25:53.438;1;1;1;0;
11/02/2026 15:26:07.396;1;0;0;0;
11/02/2026 15:26:28.798;0;0;0;0;
11/02/2026 15:35:09.3;0;1;0;0;
11/02/2026 15:35:09.4;1;1;0;0;
11/02/2026 15:35:10.594;1;0;0;0;
11/02/2026 15:35:46.757;1;0;1;0;
11/02/2026 15:35:59.825;1;0;0;0;
11/02/2026 15:36:21.347;0;0;0;0;
11/02/2026 15:36:59.144;0;1;0;0;
11/02/2026 15:37:04.191;0;0;0;0;
11/02/2026 15:37:19.153;0;0;1;0;
11/02/2026 15:37:20.688;0;0;0;0;
11/02/2026 15:37:39.163;0;0;1;0;
11/02/2026 15:37:40.578;0;0;0;0;
11/02/2026 15:37:59.174;0;1;1;0;
11/02/2026 15:38:00.939;0;0;0;0;
11/02/2026 15:38:19.184;0;1;0;0;
11/02/2026 15:38:20.840;0;0;0;0;
11/02/2026 15:38:39.195;0;0;1;0;
11/02/2026 15:38:40.690;0;0;0;0;
11/02/2026 15:38:59.206;0;1;0;0;
11/02/2026 15:39:00.851;0;0;0;0;
11/02/2026 15:39:39.247;0;1;0;0;
11/02/2026 15:39:41.92;0;0;0;0;
11/02/2026 15:39:59.248;0;1;0;0;
11/02/2026 15:40:01.583;0;0;0;0;
11/02/2026 15:40:21.300;0;0;1;0;
11/02/2026 15:40:22.675;0;0;0;0;
11/02/2026 15:40:59.444;0;1;0;0;
11/02/2026 15:41:02.302;1;1;0;0;
11/02/2026 15:41:03.326;1;0;0;0;
11/02/2026 15:41:03.341;1;1;1;0;
11/02/2026 15:41:11.14;1;0;0;0;
11/02/2026 15:41:11.31;1;1;1;0;
11/02/2026 15:41:12.926;1;0;0;0;
11/02/2026 15:41:19.999;1;1;1;0;
11/02/2026 15:41:21.155;1;0;0;0;
11/02/2026 15:41:29.999;1;1;1;0;
11/02/2026 15:41:31.405;1;0;0;0;
11/02/2026 15:41:40.0;1;1;1;0;
11/02/2026 15:41:41.135;1;0;0;0;
11/02/2026 15:41:50.0;1;1;1;0;
11/02/2026 15:41:51.145;1;0;0;0;
11/02/2026 15:42:00.0;1;1;1;0;
11/02/2026 15:42:01.146;1;0;0;0;
11/02/2026 15:42:10.101;1;1;1;0;
11/02/2026 15:42:11.246;1;0;0;0;
11/02/2026 15:42:23.549;0;0;0;0;
11/02/2026 15:43:02.116;0;1;0;0;
11/02/2026 15:43:07.924;0;0;0;0;
11/02/2026 15:43:22.126;0;0;1;0;
11/02/2026 15:43:23.891;0;0;0;0;
11/02/2026 15:43:42.136;0;0;1;0;
11/02/2026 15:43:43.661;0;0;0;0;
11/02/2026 15:44:02.146;0;0;1;0;
11/02/2026 15:44:03.401;0;0;0;0;
11/02/2026 15:44:42.207;0;0;1;0;
11/02/2026 15:44:43.402;0;0;0;0;
11/02/2026 15:45:42.589;0;1;1;0;
11/02/2026 15:45:44.605;0;0;0;0;
11/02/2026 15:46:02.300;0;1;0;0;
11/02/2026 15:46:04.15;0;0;0;0;
11/02/2026 15:46:22.310;0;1;0;0;
11/02/2026 15:46:24.266;0;0;0;0;
11/02/2026 15:46:42.484;0;1;1;0;
11/02/2026 15:46:44.747;0;0;0;0;
11/02/2026 15:47:02.366;0;1;1;0;
11/02/2026 15:47:04.267;0;0;0;0;
11/02/2026 15:47:22.464;0;1;1;0;
11/02/2026 15:47:24.387;0;0;0;0;
11/02/2026 15:47:29.348;1;0;0;0;
11/02/2026 15:47:29.349;1;1;1;0;
11/02/2026 15:47:44.128;1;0;0;0;
11/02/2026 15:48:04.669;0;0;0;0;
11/02/2026 15:50:41.70;0;1;0;0;
11/02/2026 15:50:41.71;1;1;0;0;
11/02/2026 15:50:42.696;1;0;0;0;
11/02/2026 15:51:18.979;1;0;1;0;
11/02/2026 15:51:31.946;1;0;0;0;
11/02/2026 15:51:52.347;0;0;0;0;
11/02/2026 15:52:31.361;0;1;0;0;
11/02/2026 15:52:34.220;0;0;0;0;
11/02/2026 15:53:11.385;0;0;1;0;
11/02/2026 15:53:12.740;0;0;0;0;
11/02/2026 15:53:31.395;0;0;1;0;
11/02/2026 15:53:32.690;0;0;0;0;
11/02/2026 15:54:11.456;0;1;0;0;
11/02/2026 15:54:18.67;0;0;0;0;
11/02/2026 15:54:31.427;0;0;1;0;
11/02/2026 15:54:33.42;0;0;0;0;
11/02/2026 15:54:51.438;0;0;1;0;
11/02/2026 15:54:52.903;0;0;0;0;
11/02/2026 15:55:11.748;0;0;1;0;
11/02/2026 15:55:13.63;0;0;0;0;
11/02/2026 15:56:11.460;0;0;1;0;
11/02/2026 15:56:12.684;0;0;0;0;
11/02/2026 15:56:29.478;1;0;0;0;
11/02/2026 15:56:29.478;1;1;1;0;
11/02/2026 15:56:37.760;1;0;0;0;
11/02/2026 15:56:37.777;1;1;1;0;
11/02/2026 15:56:38.911;1;0;0;0;
11/02/2026 15:56:47.190;1;1;1;0;
11/02/2026 15:56:48.321;1;0;0;0;
11/02/2026 15:56:57.448;1;1;1;0;
11/02/2026 15:56:58.822;1;0;0;0;
11/02/2026 15:57:07.291;1;1;1;0;
11/02/2026 15:57:08.422;1;0;0;0;
11/02/2026 15:57:17.347;1;1;1;0;
11/02/2026 15:57:18.482;1;0;0;0;
11/02/2026 15:57:27.401;1;1;1;0;
11/02/2026 15:57:28.532;1;0;0;0;
11/02/2026 15:57:37.451;1;1;1;0;
11/02/2026 15:57:38.582;1;0;0;0;
11/02/2026 15:57:50.665;0;0;0;0;
11/02/2026 15:58:29.353;0;1;0;0;
11/02/2026 15:58:34.780;0;0;0;0;
11/02/2026 15:58:49.362;0;0;1;0;
11/02/2026 15:58:50.737;0;0;0;0;
11/02/2026 15:59:09.372;0;0;1;0;
11/02/2026 15:59:10.697;0;0;0;0;
11/02/2026 16:03:15.665;1;0;0;0;
11/02/2026 16:03:15.666;1;1;1;0;
11/02/2026 16:03:29.583;1;0;0;0;
11/02/2026 16:03:51.125;0;0;0;0;
11/02/2026 16:07:10.237;0;1;0;0;
11/02/2026 16:07:10.238;1;1;0;0;
11/02/2026 16:07:11.853;1;0;0;0;
11/02/2026 16:07:48.611;1;0;1;0;
11/02/2026 16:08:01.704;1;0;0;0;
11/02/2026 16:08:21.745;0;0;0;0;
11/02/2026 16:09:00.965;0;1;0;0;
11/02/2026 16:09:07.572;0;0;0;0;
11/02/2026 16:09:20.853;0;0;1;0;
11/02/2026 16:09:22.127;0;0;0;0;
11/02/2026 16:12:51.839;1;0;0;0;
11/02/2026 16:12:51.840;1;1;1;0;
11/02/2026 16:12:58.479;1;0;0;0;
11/02/2026 16:12:58.494;1;1;1;0;
11/02/2026 16:13:00.141;1;0;0;0;
11/02/2026 16:13:07.464;1;1;1;0;
11/02/2026 16:13:08.609;1;0;0;0;
11/02/2026 16:13:17.454;1;1;1;0;
11/02/2026 16:13:18.870;1;0;0;0;
11/02/2026 16:13:27.454;1;1;1;0;
11/02/2026 16:13:28.590;1;0;0;0;
11/02/2026 16:13:37.451;1;1;1;0;
11/02/2026 16:13:38.580;1;0;0;0;
11/02/2026 16:13:47.455;1;1;1;0;
11/02/2026 16:13:48.620;1;0;0;0;
11/02/2026 16:13:57.455;1;1;1;0;
11/02/2026 16:13:58.591;1;0;0;0;
11/02/2026 16:14:13.496;0;0;0;0;
11/02/2026 16:14:49.631;0;1;0;0;
11/02/2026 16:14:55.299;0;0;0;0;
11/02/2026 16:15:09.626;0;0;1;0;
11/02/2026 16:15:11.395;0;0;0;0;
11/02/2026 16:15:29.640;0;0;1;0;
11/02/2026 16:15:31.166;0;0;0;0;
11/02/2026 16:15:49.651;0;0;1;0;
11/02/2026 16:15:50.946;0;0;0;0;
11/02/2026 16:16:29.712;0;1;0;0;
11/02/2026 16:16:31.648;0;0;0;0;
11/02/2026 16:16:49.683;0;1;0;0;
11/02/2026 16:16:51.438;0;0;0;0;
11/02/2026 16:17:09.693;0;1;1;0;
11/02/2026 16:17:11.649;0;0;0;0;
11/02/2026 16:17:30.14;0;1;1;0;
11/02/2026 16:17:31.950;0;0;0;0;
11/02/2026 16:17:49.874;0;1;1;0;
11/02/2026 16:17:51.780;0;0;0;0;
11/02/2026 16:18:09.966;0;1;1;0;
11/02/2026 16:18:11.870;0;0;0;0;
11/02/2026 16:18:29.636;0;1;1;0;
11/02/2026 16:18:31.541;0;0;0;0;
11/02/2026 16:18:49.646;0;0;1;0;
11/02/2026 16:18:51.21;0;0;0;0;
11/02/2026 16:19:09.661;0;0;1;0;
11/02/2026 16:19:10.921;0;0;0;0;
11/02/2026 16:19:17.774;1;0;0;0;
11/02/2026 16:19:17.775;1;1;1;0;
11/02/2026 16:19:32.43;1;0;0;0;
11/02/2026 16:19:53.104;0;0;0;0;
11/02/2026 16:22:33.162;1;0;0;0;
11/02/2026 16:22:33.163;1;1;0;0;
11/02/2026 16:22:34.782;1;0;0;0;
11/02/2026 16:23:10.976;1;0;1;0;
11/02/2026 16:23:24.263;1;0;0;0;
11/02/2026 16:23:44.704;0;0;0;0;
11/02/2026 16:24:23.297;0;1;1;0;
11/02/2026 16:24:26.147;0;0;0;0;
11/02/2026 16:24:43.323;0;1;1;0;
11/02/2026 16:24:45.96;0;0;0;0;
11/02/2026 16:25:23.506;0;0;1;0;
11/02/2026 16:25:24.707;0;0;0;0;
11/02/2026 16:25:43.604;0;1;0;0;
11/02/2026 16:25:45.688;0;0;0;0;
11/02/2026 16:26:03.383;0;1;1;0;
11/02/2026 16:26:06.380;0;0;0;0;
11/02/2026 16:26:23.363;0;0;1;0;
11/02/2026 16:26:24.728;0;0;0;0;
11/02/2026 16:26:43.374;0;0;1;0;
11/02/2026 16:26:44.619;0;0;0;0;
11/02/2026 16:27:03.385;0;0;1;0;
11/02/2026 16:27:04.539;0;0;0;0;
11/02/2026 16:27:23.395;0;0;1;0;
11/02/2026 16:27:24.660;0;0;0;0;
11/02/2026 16:28:13.422;1;0;0;0;
11/02/2026 16:28:13.423;1;1;1;0;
11/02/2026 16:28:21.798;1;0;0;0;
11/02/2026 16:28:21.816;1;1;1;0;
11/02/2026 16:28:22.960;1;0;0;0;
11/02/2026 16:28:31.124;1;1;1;0;
11/02/2026 16:28:32.279;1;0;0;0;
11/02/2026 16:28:41.124;1;1;1;0;
11/02/2026 16:28:42.540;1;0;0;0;
11/02/2026 16:28:51.120;1;1;1;0;
11/02/2026 16:28:52.260;1;0;0;0;
11/02/2026 16:29:01.225;1;1;1;0;
11/02/2026 16:29:02.370;1;0;0;0;
11/02/2026 16:29:11.235;1;1;1;0;
11/02/2026 16:29:12.380;1;0;0;0;
11/02/2026 16:29:21.226;1;1;1;0;
11/02/2026 16:29:22.361;1;0;0;0;
11/02/2026 16:29:34.763;0;0;0;0;
11/02/2026 16:30:13.421;0;1;0;0;
11/02/2026 16:30:18.889;0;0;0;0;
11/02/2026 16:30:34.351;0;0;1;0;
11/02/2026 16:30:35.696;0;0;0;0;
11/02/2026 16:30:53.330;0;0;1;0;
11/02/2026 16:30:54.705;0;0;0;0;
11/02/2026 16:31:13.341;0;0;1;0;
11/02/2026 16:31:14.666;0;0;0;0;
11/02/2026 16:31:53.406;0;0;1;0;
11/02/2026 16:31:54.797;0;0;0;0;
11/02/2026 16:34:53.366;0;0;1;0;
11/02/2026 16:34:54.591;0;0;0;0;
11/02/2026 16:35:02.465;1;0;0;0;
11/02/2026 16:35:02.466;1;1;1;0;
11/02/2026 16:35:16.544;1;0;0;0;
11/02/2026 16:35:38.26;0;0;0;0;
11/02/2026 16:38:26.797;0;1;0;0;
11/02/2026 16:38:26.798;1;1;0;0;
11/02/2026 16:38:28.363;1;0;0;0;
11/02/2026 16:39:04.796;1;0;1;0;
11/02/2026 16:39:17.863;1;0;0;0;
11/02/2026 16:39:38.735;0;0;0;0;
11/02/2026 16:40:17.163;0;1;0;0;
11/02/2026 16:40:19.36;0;0;0;0;
11/02/2026 16:40:37.171;0;1;0;0;
11/02/2026 16:40:39.587;0;0;0;0;
11/02/2026 16:41:17.192;0;1;0;0;
11/02/2026 16:41:18.858;0;0;0;0;
11/02/2026 16:41:57.214;0;0;1;0;
11/02/2026 16:41:58.518;0;0;0;0;
11/02/2026 16:42:17.244;0;0;1;0;
11/02/2026 16:42:18.579;0;0;0;0;
11/02/2026 16:43:17.526;0;1;0;0;
11/02/2026 16:43:19.261;0;0;0;0;
11/02/2026 16:43:37.266;0;0;1;0;
11/02/2026 16:43:38.611;0;0;0;0;
11/02/2026 16:43:52.272;1;0;0;0;
11/02/2026 16:43:52.272;1;1;1;0;
11/02/2026 16:43:59.492;1;0;0;0;
11/02/2026 16:43:59.980;1;1;1;0;
11/02/2026 16:44:01.114;1;0;0;0;
11/02/2026 16:44:09.980;1;1;1;0;
11/02/2026 16:44:11.114;1;0;0;0;
11/02/2026 16:44:19.979;1;1;1;0;
11/02/2026 16:44:21.415;1;0;0;0;
11/02/2026 16:44:29.980;1;1;1;0;
11/02/2026 16:44:31.115;1;0;0;0;
11/02/2026 16:44:39.980;1;1;1;0;
11/02/2026 16:44:41.135;1;0;0;0;
11/02/2026 16:44:49.980;1;1;1;0;
11/02/2026 16:44:51.115;1;0;0;0;
11/02/2026 16:44:59.981;1;1;1;0;
11/02/2026 16:45:01.116;1;0;0;0;
11/02/2026 16:45:13.769;0;0;0;0;
11/02/2026 16:45:52.176;0;1;0;0;
11/02/2026 16:45:57.544;0;0;0;0;
11/02/2026 16:46:12.215;0;0;1;0;
11/02/2026 16:46:13.530;0;0;0;0;
11/02/2026 16:46:32.186;0;0;1;0;
11/02/2026 16:46:33.510;0;0;0;0;
11/02/2026 16:46:52.276;0;0;1;0;
11/02/2026 16:46:53.591;0;0;0;0;
11/02/2026 16:47:32.127;0;0;1;0;
11/02/2026 16:47:33.442;0;0;0;0;
11/02/2026 16:47:52.168;0;0;1;0;
11/02/2026 16:47:53.342;0;0;0;0;
11/02/2026 16:49:32.543;0;0;1;0;
11/02/2026 16:49:33.765;0;0;0;0;
11/02/2026 16:50:38.207;1;0;0;0;
11/02/2026 16:50:38.208;1;1;1;0;
11/02/2026 16:50:52.356;1;0;0;0;
11/02/2026 16:51:13.378;0;0;0;0;
11/02/2026 16:53:58.774;0;1;0;0;
11/02/2026 16:53:58.775;1;1;0;0;
11/02/2026 16:54:00.361;1;0;0;0;
11/02/2026 16:54:36.784;1;0;1;0;
11/02/2026 16:54:49.871;1;0;0;0;
11/02/2026 16:55:10.242;0;0;0;0;
11/02/2026 16:55:49.171;0;1;0;0;
11/02/2026 16:55:51.435;0;0;0;0;
11/02/2026 16:56:09.255;0;1;1;0;
11/02/2026 16:56:11.335;0;0;0;0;
11/02/2026 16:56:49.436;0;1;0;0;
11/02/2026 16:56:51.246;0;0;0;0;
11/02/2026 16:57:29.221;0;0;1;0;
11/02/2026 16:57:30.696;0;0;0;0;
11/02/2026 16:57:49.232;0;1;0;0;
11/02/2026 16:57:52.769;0;0;0;0;
11/02/2026 16:58:09.262;0;1;1;0;
11/02/2026 16:58:12.279;0;0;0;0;
11/02/2026 16:58:29.253;0;0;1;0;
11/02/2026 16:58:30.668;0;0;0;0;
11/02/2026 16:58:49.264;0;0;1;0;
11/02/2026 16:58:50.598;0;0;0;0;
11/02/2026 16:59:09.309;0;0;1;0;
11/02/2026 16:59:10.499;0;0;0;0;
11/02/2026 16:59:52.358;1;0;0;0;
11/02/2026 16:59:52.359;1;1;1;0;
11/02/2026 17:00:00.620;1;0;0;0;
11/02/2026 17:00:00.640;1;1;1;0;
11/02/2026 17:00:01.771;1;0;0;0;
11/02/2026 17:00:10.56;1;1;1;0;
11/02/2026 17:00:11.191;1;0;0;0;
11/02/2026 17:00:20.152;1;1;1;0;
11/02/2026 17:00:21.562;1;0;0;0;
11/02/2026 17:00:30.156;1;1;1;0;
11/02/2026 17:00:31.292;1;0;0;0;
11/02/2026 17:00:40.457;1;1;1;0;
11/02/2026 17:00:41.592;1;0;0;0;
11/02/2026 17:00:50.257;1;1;1;0;
11/02/2026 17:00:51.392;1;0;0;0;
11/02/2026 17:01:00.353;1;1;1;0;
11/02/2026 17:01:01.493;1;0;0;0;
11/02/2026 17:01:13.895;0;0;0;0;
11/02/2026 17:01:52.352;0;1;1;0;
11/02/2026 17:01:58.161;0;0;0;0;
11/02/2026 17:02:12.272;0;0;1;0;
11/02/2026 17:02:13.867;0;0;0;0;
11/02/2026 17:02:32.316;0;0;1;0;
11/02/2026 17:02:33.777;0;0;0;0;
11/02/2026 17:02:52.647;0;0;1;0;
11/02/2026 17:02:53.958;0;0;0;0;
11/02/2026 17:03:12.497;0;0;1;0;
11/02/2026 17:03:13.688;0;0;0;0;
11/02/2026 17:06:32.448;0;0;1;0;
11/02/2026 17:06:33.864;0;0;0;0;
11/02/2026 17:06:35.456;1;0;0;0;
11/02/2026 17:06:35.457;1;1;1;0;
11/02/2026 17:06:50.881;1;0;0;0;
11/02/2026 17:07:10.892;0;0;0;0;
11/02/2026 17:10:14.522;0;1;0;0;
11/02/2026 17:10:14.523;1;1;0;0;
11/02/2026 17:10:16.214;1;0;0;0;
11/02/2026 17:10:52.396;1;0;1;0;
11/02/2026 17:11:05.474;1;0;0;0;
11/02/2026 17:11:26.676;0;0;0;0;
11/02/2026 17:12:07.319;0;1;0;0;
11/02/2026 17:12:14.44;0;0;0;0;
11/02/2026 17:12:24.818;0;0;1;0;
11/02/2026 17:12:26.87;0;0;0;0;
11/02/2026 17:13:04.813;0;0;1;0;
11/02/2026 17:13:06.98;0;0;0;0;
11/02/2026 17:15:04.856;0;0;1;0;
11/02/2026 17:15:06.171;0;0;0;0;
11/02/2026 17:16:02.965;1;0;0;0;
11/02/2026 17:16:02.966;1;1;1;0;
11/02/2026 17:16:10.267;1;0;0;0;
11/02/2026 17:16:10.665;1;1;1;0;
11/02/2026 17:16:11.798;1;0;0;0;
11/02/2026 17:16:20.964;1;1;1;0;
11/02/2026 17:16:22.119;1;0;0;0;
11/02/2026 17:16:30.764;1;1;1;0;
11/02/2026 17:16:32.169;1;0;0;0;
11/02/2026 17:16:40.764;1;1;1;0;
11/02/2026 17:16:41.899;1;0;0;0;
11/02/2026 17:16:50.864;1;1;1;0;
11/02/2026 17:16:52.0;1;0;0;0;
11/02/2026 17:17:00.564;1;1;1;0;
11/02/2026 17:17:01.700;1;0;0;0;
11/02/2026 17:17:10.564;1;1;1;0;
11/02/2026 17:17:11.700;1;0;0;0;
11/02/2026 17:17:24.603;0;0;0;0;
11/02/2026 17:18:02.790;0;1;1;0;
11/02/2026 17:18:08.508;0;0;0;0;
11/02/2026 17:18:22.861;0;0;1;0;
11/02/2026 17:18:24.495;0;0;0;0;
11/02/2026 17:18:42.954;0;0;1;0;
11/02/2026 17:18:44.465;0;0;0;0;
11/02/2026 17:19:03.46;0;0;1;0;
11/02/2026 17:19:04.355;0;0;0;0;
11/02/2026 17:19:22.827;0;0;1;0;
11/02/2026 17:19:24.56;0;0;0;0;
11/02/2026 17:20:42.773;0;0;1;0;
11/02/2026 17:20:44.148;0;0;0;0;
11/02/2026 17:21:42.815;0;0;1;0;
11/02/2026 17:21:44.129;0;0;0;0;
11/02/2026 17:22:22.816;0;0;1;0;
11/02/2026 17:22:24.220;0;0;0;0;
11/02/2026 17:22:48.125;1;0;0;0;
11/02/2026 17:22:48.126;1;1;1;0;
11/02/2026 17:23:03.461;1;0;0;0;
11/02/2026 17:23:23.391;0;0;0;0;
11/02/2026 17:26:09.205;0;1;0;0;
11/02/2026 17:26:09.206;1;1;0;0;
11/02/2026 17:26:10.925;1;0;0;0;
11/02/2026 17:26:47.553;1;0;1;0;
11/02/2026 17:27:00.697;1;0;0;0;
11/02/2026 17:27:19.876;0;0;0;0;
11/02/2026 17:27:59.907;0;1;0;0;
11/02/2026 17:28:06.614;0;0;0;0;
11/02/2026 17:28:19.768;0;0;1;0;
11/02/2026 17:28:21.89;0;0;0;0;
11/02/2026 17:29:39.456;0;0;1;0;
11/02/2026 17:29:40.771;0;0;0;0;
11/02/2026 17:30:19.577;0;0;1;0;
11/02/2026 17:30:20.922;0;0;0;0;
11/02/2026 17:30:39.598;0;0;1;0;
11/02/2026 17:30:40.822;0;0;0;0;
11/02/2026 17:31:39.729;0;1;0;0;
11/02/2026 17:31:42.125;0;0;0;0;
11/02/2026 17:31:45.615;1;0;0;0;
11/02/2026 17:31:45.616;1;1;1;0;
11/02/2026 17:31:53.97;1;0;0;0;
11/02/2026 17:31:53.315;1;1;1;0;
11/02/2026 17:31:54.468;1;0;0;0;
11/02/2026 17:32:03.313;1;1;1;0;
11/02/2026 17:32:04.468;1;0;0;0;
11/02/2026 17:32:13.613;1;1;1;0;
11/02/2026 17:32:15.29;1;0;0;0;
11/02/2026 17:32:23.414;1;1;1;0;
11/02/2026 17:32:24.559;1;0;0;0;
11/02/2026 17:32:33.514;1;1;1;0;
11/02/2026 17:32:34.659;1;0;0;0;
11/02/2026 17:32:43.524;1;1;1;0;
11/02/2026 17:32:44.700;1;0;0;0;
11/02/2026 17:32:53.614;1;1;1;0;
11/02/2026 17:32:54.770;1;0;0;0;
11/02/2026 17:33:06.752;0;0;0;0;
11/02/2026 17:34:05.430;0;1;0;0;
11/02/2026 17:34:07.675;0;0;0;0;
11/02/2026 17:35:05.709;0;0;1;0;
11/02/2026 17:35:07.36;0;0;0;0;
11/02/2026 17:36:05.572;0;1;0;0;
11/02/2026 17:36:09.319;0;0;0;0;
11/02/2026 17:36:25.583;0;1;1;0;
11/02/2026 17:36:29.630;0;0;0;0;
11/02/2026 17:36:45.593;0;0;1;0;
11/02/2026 17:36:47.318;0;0;0;0;
11/02/2026 17:37:05.604;0;0;1;0;
11/02/2026 17:37:07.49;0;0;0;0;
11/02/2026 17:37:25.615;0;0;1;0;
11/02/2026 17:37:26.849;0;0;0;0;
11/02/2026 17:37:45.635;0;0;1;0;
11/02/2026 17:37:46.870;0;0;0;0;
11/02/2026 17:38:05.535;0;0;1;0;
11/02/2026 17:38:06.930;0;0;0;0;
11/02/2026 17:38:33.653;1;0;0;0;
11/02/2026 17:38:33.654;1;1;1;0;
11/02/2026 17:38:49.113;1;0;0;0;
11/02/2026 17:39:09.254;0;0;0;0;
11/02/2026 17:42:03.411;0;1;0;0;
11/02/2026 17:42:03.412;1;1;0;0;
11/02/2026 17:42:05.107;1;0;0;0;
11/02/2026 17:42:41.335;1;0;1;0;
11/02/2026 17:42:54.667;1;0;0;0;
11/02/2026 17:43:14.798;0;0;0;0;
11/02/2026 17:43:53.706;0;1;0;0;
11/02/2026 17:43:56.641;0;0;0;0;
11/02/2026 17:44:13.715;0;1;1;0;
11/02/2026 17:44:16.922;0;0;0;0;
11/02/2026 17:44:33.725;0;0;1;0;
11/02/2026 17:44:35.181;0;0;0;0;
11/02/2026 17:44:53.736;0;0;1;0;
11/02/2026 17:44:54.991;0;0;0;0;
11/02/2026 17:45:13.657;0;0;1;0;
11/02/2026 17:45:14.911;0;0;0;0;
11/02/2026 17:47:45.812;1;0;0;0;
11/02/2026 17:47:45.813;1;1;1;0;
11/02/2026 17:47:54.165;1;0;0;0;
11/02/2026 17:47:54.181;1;1;1;0;
11/02/2026 17:47:55.336;1;0;0;0;
11/02/2026 17:48:03.510;1;1;1;0;
11/02/2026 17:48:04.655;1;0;0;0;
11/02/2026 17:48:13.524;1;1;1;0;
11/02/2026 17:48:14.976;1;0;0;0;
11/02/2026 17:48:23.576;1;1;1;0;
11/02/2026 17:48:24.726;1;0;0;0;
11/02/2026 17:48:33.623;1;1;1;0;
11/02/2026 17:48:34.776;1;0;0;0;
11/02/2026 17:48:44.542;1;1;1;0;
11/02/2026 17:48:45.688;1;0;0;0;
11/02/2026 17:48:53.966;1;1;1;0;
11/02/2026 17:48:55.117;1;0;0;0;
11/02/2026 17:49:07.320;0;0;0;0;
11/02/2026 17:49:45.617;0;1;0;0;
11/02/2026 17:49:51.85;0;0;0;0;
11/02/2026 17:50:05.636;0;0;1;0;
11/02/2026 17:50:06.951;0;0;0;0;
11/02/2026 17:50:25.626;0;0;1;0;
11/02/2026 17:50:26.941;0;0;0;0;
11/02/2026 17:51:05.648;0;0;1;0;
11/02/2026 17:51:06.933;0;0;0;0;
11/02/2026 17:53:05.822;0;0;1;0;
11/02/2026 17:53:07.216;0;0;0;0;
11/02/2026 17:54:29.837;1;0;0;0;
11/02/2026 17:54:29.837;1;1;1;0;
11/02/2026 17:54:44.85;1;0;0;0;
11/02/2026 17:55:05.557;0;0;0;0;
11/02/2026 17:57:54.333;0;1;0;0;
11/02/2026 17:57:54.334;1;1;0;0;
11/02/2026 17:57:55.924;1;0;0;0;
11/02/2026 17:58:32.217;1;0;1;0;
11/02/2026 17:58:45.325;1;0;0;0;
11/02/2026 17:59:06.286;0;0;0;0;
11/02/2026 17:59:45.623;0;1;0;0;
11/02/2026 17:59:50.692;0;0;0;0;
11/02/2026 18:00:04.602;0;0;1;0;
11/02/2026 18:00:06.178;0;0;0;0;
11/02/2026 18:00:24.613;0;0;1;0;
11/02/2026 18:00:25.918;0;0;0;0;
11/02/2026 18:00:44.623;0;0;1;0;
11/02/2026 18:00:45.898;0;0;0;0;
11/02/2026 18:01:04.634;0;1;0;0;
11/02/2026 18:01:06.219;0;0;0;0;
11/02/2026 18:01:24.645;0;1;0;0;
11/02/2026 18:01:26.210;0;0;0;0;
11/02/2026 18:01:44.655;0;1;0;0;
11/02/2026 18:01:46.801;0;0;0;0;
11/02/2026 18:02:04.666;0;1;1;0;
11/02/2026 18:02:06.721;0;0;0;0;
11/02/2026 18:02:24.676;0;1;1;0;
11/02/2026 18:02:26.381;0;0;0;0;
11/02/2026 18:02:44.687;0;1;1;0;
11/02/2026 18:02:46.392;0;0;0;0;
11/02/2026 18:03:04.697;0;1;1;0;
11/02/2026 18:03:06.553;0;0;0;0;
11/02/2026 18:03:24.969;0;0;1;0;
11/02/2026 18:03:26.313;0;0;0;0;
11/02/2026 18:03:44.708;0;0;1;0;
11/02/2026 18:03:45.963;0;0;0;0;
11/02/2026 18:03:47.551;1;0;0;0;
11/02/2026 18:03:47.551;1;1;1;0;
11/02/2026 18:03:54.332;1;0;0;0;
11/02/2026 18:03:55.250;1;1;1;0;
11/02/2026 18:03:56.384;1;0;0;0;
11/02/2026 18:04:05.249;1;1;1;0;
11/02/2026 18:04:06.384;1;0;0;0;
11/02/2026 18:04:15.249;1;1;1;0;
11/02/2026 18:04:16.654;1;0;0;0;
11/02/2026 18:04:25.249;1;1;1;0;
11/02/2026 18:04:26.404;1;0;0;0;
11/02/2026 18:04:35.249;1;1;1;0;
11/02/2026 18:04:36.385;1;0;0;0;
11/02/2026 18:04:45.250;1;1;1;0;
11/02/2026 18:04:46.385;1;0;0;0;
11/02/2026 18:04:55.350;1;1;1;0;
11/02/2026 18:04:56.525;1;0;0;0;
11/02/2026 18:05:09.329;0;0;0;0;
11/02/2026 18:05:25.351;0;0;1;0;
11/02/2026 18:05:26.907;0;0;0;0;
11/02/2026 18:05:47.466;0;1;1;0;
11/02/2026 18:05:52.923;0;0;0;0;
11/02/2026 18:06:07.474;0;0;1;0;
11/02/2026 18:06:08.920;0;0;0;0;
11/02/2026 18:06:27.486;0;0;1;0;
11/02/2026 18:06:28.930;0;0;0;0;
11/02/2026 18:06:47.536;0;0;1;0;
11/02/2026 18:06:48.891;0;0;0;0;
11/02/2026 18:07:47.718;0;0;1;0;
11/02/2026 18:07:49.62;0;0;0;0;
11/02/2026 18:09:07.602;0;0;1;0;
11/02/2026 18:09:08.744;0;0;0;0;
11/02/2026 18:10:30.614;1;0;0;0;
11/02/2026 18:10:30.615;1;1;1;0;
11/02/2026 18:10:44.713;1;0;0;0;
11/02/2026 18:11:06.125;0;0;0;0;
11/02/2026 18:13:49.220;0;1;0;0;
11/02/2026 18:13:49.221;1;1;0;0;
11/02/2026 18:13:50.826;1;0;0;0;
11/02/2026 18:14:27.170;1;0;1;0;
11/02/2026 18:14:40.346;1;0;0;0;
11/02/2026 18:15:01.188;0;0;0;0;
11/02/2026 18:15:39.520;0;1;0;0;
11/02/2026 18:15:42.560;0;0;0;0;
11/02/2026 18:15:59.617;0;1;1;0;
11/02/2026 18:16:01.370;0;0;0;0;
11/02/2026 18:16:19.374;0;1;0;0;
11/02/2026 18:16:21.230;0;0;0;0;
11/02/2026 18:16:39.385;0;1;0;0;
11/02/2026 18:16:41.120;0;0;0;0;
11/02/2026 18:16:59.395;0;1;1;0;
11/02/2026 18:17:01.11;0;0;0;0;
11/02/2026 18:17:19.406;0;0;1;0;
11/02/2026 18:17:20.721;0;0;0;0;
11/02/2026 18:17:39.427;0;1;0;0;
11/02/2026 18:17:40.952;0;0;0;0;
11/02/2026 18:18:39.428;0;1;1;0;
11/02/2026 18:18:41.284;0;0;0;0;
11/02/2026 18:18:59.439;0;1;0;0;
11/02/2026 18:19:02.205;0;0;0;0;
11/02/2026 18:19:19.449;0;1;1;0;
11/02/2026 18:19:22.936;0;0;0;0;
11/02/2026 18:19:36.619;1;0;0;0;
11/02/2026 18:19:36.620;1;1;1;0;
11/02/2026 18:19:43.708;1;0;0;0;
11/02/2026 18:19:44.75;1;1;1;0;
11/02/2026 18:19:45.209;1;0;0;0;
11/02/2026 18:19:54.74;1;1;1;0;
11/02/2026 18:19:55.209;1;0;0;0;
11/02/2026 18:20:04.74;1;1;1;0;
11/02/2026 18:20:05.480;1;0;0;0;
11/02/2026 18:20:14.175;1;1;1;0;
11/02/2026 18:20:15.320;1;0;0;0;
11/02/2026 18:20:24.75;1;1;1;0;
11/02/2026 18:20:25.210;1;0;0;0;
11/02/2026 18:20:34.175;1;1;1;0;
11/02/2026 18:20:35.311;1;0;0;0;
11/02/2026 18:20:44.176;1;1;1;0;
11/02/2026 18:20:45.311;1;0;0;0;
11/02/2026 18:20:58.34;0;0;0;0;
11/02/2026 18:21:36.331;0;1;0;0;
11/02/2026 18:21:42.189;0;0;0;0;
11/02/2026 18:21:56.341;0;0;1;0;
11/02/2026 18:21:58.126;0;0;0;0;
11/02/2026 18:22:16.351;0;0;1;0;
11/02/2026 18:22:17.856;0;0;0;0;
11/02/2026 18:22:36.361;0;0;1;0;
11/02/2026 18:22:37.666;0;0;0;0;
11/02/2026 18:23:16.382;0;0;1;0;
11/02/2026 18:23:17.537;0;0;0;0;
11/02/2026 18:24:56.631;0;0;1;0;
11/02/2026 18:24:57.850;0;0;0;0;
11/02/2026 18:26:06.467;1;0;0;0;
11/02/2026 18:26:06.468;1;1;1;0;
11/02/2026 18:26:22.106;1;0;0;0;
11/02/2026 18:26:41.727;0;0;0;0;
11/02/2026 18:29:21.73;0;1;0;0;
11/02/2026 18:29:21.74;1;1;0;0;
11/02/2026 18:29:22.783;1;0;0;0;
11/02/2026 18:29:58.986;1;0;1;0;
11/02/2026 18:30:12.174;1;0;0;0;
11/02/2026 18:30:32.785;0;0;0;0;
11/02/2026 18:31:11.373;0;1;0;0;
11/02/2026 18:31:16.400;0;0;0;0;
11/02/2026 18:31:31.382;0;0;1;0;
11/02/2026 18:31:32.917;0;0;0;0;
11/02/2026 18:31:51.402;0;0;1;0;
11/02/2026 18:31:52.777;0;0;0;0;
11/02/2026 18:32:11.403;0;0;1;0;
11/02/2026 18:32:12.668;0;0;0;0;
11/02/2026 18:32:31.313;0;0;1;0;
11/02/2026 18:32:32.448;0;0;0;0;
11/02/2026 18:34:31.677;0;1;0;0;
11/02/2026 18:34:33.742;0;0;0;0;
11/02/2026 18:34:51.777;0;1;0;0;
11/02/2026 18:34:53.673;0;0;0;0;
11/02/2026 18:35:11.488;0;1;1;0;
11/02/2026 18:35:13.253;0;0;0;0;
11/02/2026 18:35:14.340;1;0;0;0;
11/02/2026 18:35:14.341;1;1;1;0;
11/02/2026 18:35:22.262;1;0;0;0;
11/02/2026 18:35:22.278;1;1;1;0;
11/02/2026 18:35:23.413;1;0;0;0;
11/02/2026 18:35:32.38;1;1;1;0;
11/02/2026 18:35:33.173;1;0;0;0;
11/02/2026 18:35:42.38;1;1;1;0;
11/02/2026 18:35:43.184;1;0;0;0;
11/02/2026 18:35:52.39;1;1;1;0;
11/02/2026 18:35:53.494;1;0;0;0;
11/02/2026 18:36:02.39;1;1;1;0;
11/02/2026 18:36:03.194;1;0;0;0;
11/02/2026 18:36:12.39;1;1;1;0;
11/02/2026 18:36:13.225;1;0;0;0;
11/02/2026 18:36:22.39;1;1;1;0;
11/02/2026 18:36:23.195;1;0;0;0;
11/02/2026 18:36:35.848;0;0;0;0;
11/02/2026 18:36:52.140;0;0;1;0;
11/02/2026 18:36:53.716;0;0;0;0;
11/02/2026 18:37:14.171;0;1;1;0;
11/02/2026 18:37:19.483;0;0;0;0;
11/02/2026 18:37:34.525;0;0;1;0;
11/02/2026 18:37:36.80;0;0;0;0;
11/02/2026 18:37:54.365;0;0;1;0;
11/02/2026 18:37:55.740;0;0;0;0;
11/02/2026 18:39:34.352;0;0;1;0;
11/02/2026 18:39:35.702;0;0;0;0;
11/02/2026 18:41:34.371;0;0;1;0;
11/02/2026 18:41:35.795;0;0;0;0;
11/02/2026 18:42:02.389;1;0;0;0;
11/02/2026 18:42:02.390;1;1;1;0;
11/02/2026 18:42:16.167;1;0;0;0;
11/02/2026 18:42:37.829;0;0;0;0;
11/02/2026 18:45:24.31;0;1;0;0;
11/02/2026 18:45:24.32;1;1;0;0;
11/02/2026 18:45:25.623;1;0;0;0;
11/02/2026 18:45:59.754;1;0;1;0;
11/02/2026 18:46:13.132;1;0;0;0;
11/02/2026 18:46:35.795;0;0;0;0;
11/02/2026 18:47:12.120;0;1;0;0;
11/02/2026 18:47:17.167;0;0;0;0;
11/02/2026 18:47:32.129;0;0;1;0;
11/02/2026 18:47:33.654;0;0;0;0;
11/02/2026 18:47:52.140;0;0;1;0;
11/02/2026 18:47:53.515;0;0;0;0;
11/02/2026 18:48:12.150;0;0;1;0;
11/02/2026 18:48:13.435;0;0;0;0;
11/02/2026 18:49:32.192;0;1;0;0;
11/02/2026 18:49:33.788;0;0;0;0;
11/02/2026 18:49:52.203;0;1;0;0;
11/02/2026 18:49:53.778;0;0;0;0;
11/02/2026 18:50:12.214;0;1;0;0;
11/02/2026 18:50:14.199;0;0;0;0;
11/02/2026 18:50:32.294;0;1;1;0;
11/02/2026 18:50:34.9;0;0;0;0;
11/02/2026 18:50:52.395;0;1;0;0;
11/02/2026 18:50:53.940;0;0;0;0;
11/02/2026 18:51:12.476;0;1;1;0;
11/02/2026 18:51:14.691;0;0;0;0;
11/02/2026 18:51:15.318;1;0;0;0;
11/02/2026 18:51:15.319;1;1;1;0;
11/02/2026 18:51:23.330;1;0;0;0;
11/02/2026 18:51:23.346;1;1;1;0;
11/02/2026 18:51:24.481;1;0;0;0;
11/02/2026 18:51:33.16;1;1;1;0;
11/02/2026 18:51:34.151;1;0;0;0;
11/02/2026 18:51:43.16;1;1;1;0;
11/02/2026 18:51:44.422;1;0;0;0;
11/02/2026 18:51:53.16;1;1;1;0;
11/02/2026 18:51:54.152;1;0;0;0;
11/02/2026 18:52:03.17;1;1;1;0;
11/02/2026 18:52:04.152;1;0;0;0;
11/02/2026 18:52:13.17;1;1;1;0;
11/02/2026 18:52:14.232;1;0;0;0;
11/02/2026 18:52:23.17;1;1;1;0;
11/02/2026 18:52:24.152;1;0;0;0;
11/02/2026 18:52:36.675;0;0;0;0;
11/02/2026 18:53:15.233;0;1;0;0;
11/02/2026 18:53:19.289;0;0;0;0;
11/02/2026 18:53:35.242;0;1;1;0;
11/02/2026 18:53:37.708;0;0;0;0;
11/02/2026 18:53:55.253;0;1;1;0;
11/02/2026 18:54:04.525;0;0;0;0;
11/02/2026 18:54:15.263;0;0;1;0;
11/02/2026 18:54:16.988;0;0;0;0;
11/02/2026 18:54:35.269;0;0;1;0;
11/02/2026 18:54:36.959;0;0;0;0;
11/02/2026 18:54:55.384;0;0;1;0;
11/02/2026 18:54:56.799;0;0;0;0;
11/02/2026 18:55:15.505;0;0;1;0;
11/02/2026 18:55:16.679;0;0;0;0;
11/02/2026 18:56:35.250;0;0;1;0;
11/02/2026 18:56:36.501;0;0;0;0;
11/02/2026 18:57:55.259;0;0;1;0;
11/02/2026 18:57:56.634;0;0;0;0;
11/02/2026 18:58:08.371;1;0;0;0;
11/02/2026 18:58:08.372;1;1;1;0;
11/02/2026 18:58:23.821;1;0;0;0;
11/02/2026 18:58:43.702;0;0;0;0;
11/02/2026 19:01:09.646;0;1;0;0;
11/02/2026 19:01:09.647;1;1;0;0;
11/02/2026 19:01:11.346;1;0;0;0;
11/02/2026 19:01:47.560;1;0;1;0;
11/02/2026 19:02:00.537;1;0;0;0;
11/02/2026 19:02:20.907;0;0;0;0;
11/02/2026 19:02:59.945;0;1;0;0;
11/02/2026 19:03:06.644;0;0;0;0;
11/02/2026 19:03:20.34;0;0;1;0;
11/02/2026 19:03:21.319;0;0;0;0;
11/02/2026 19:03:40.145;0;0;1;0;
11/02/2026 19:03:41.460;0;0;0;0;
11/02/2026 19:04:39.977;0;0;1;0;
11/02/2026 19:04:41.291;0;0;0;0;
11/02/2026 19:07:00.265;0;0;1;0;
11/02/2026 19:07:01.415;0;0;0;0;
11/02/2026 19:07:03.133;1;0;0;0;
11/02/2026 19:07:03.134;1;1;1;0;
11/02/2026 19:07:10.284;1;0;0;0;
11/02/2026 19:07:10.832;1;1;1;0;
11/02/2026 19:07:11.986;1;0;0;0;
11/02/2026 19:07:20.831;1;1;1;0;
11/02/2026 19:07:21.986;1;0;0;0;
11/02/2026 19:07:30.931;1;1;1;0;
11/02/2026 19:07:32.347;1;0;0;0;
11/02/2026 19:07:41.32;1;1;1;0;
11/02/2026 19:07:42.177;1;0;0;0;
11/02/2026 19:07:51.32;1;1;1;0;
11/02/2026 19:07:52.177;1;0;0;0;
11/02/2026 19:08:01.162;1;1;1;0;
11/02/2026 19:08:02.298;1;0;0;0;
11/02/2026 19:08:11.133;1;1;1;0;
11/02/2026 19:08:12.268;1;0;0;0;
11/02/2026 19:08:24.350;0;0;0;0;
11/02/2026 19:09:02.918;0;1;0;0;
11/02/2026 19:09:08.626;0;0;0;0;
11/02/2026 19:09:22.974;0;0;1;0;
11/02/2026 19:09:24.772;0;0;0;0;
11/02/2026 19:09:43.71;0;0;1;0;
11/02/2026 19:09:44.563;0;0;0;0;
11/02/2026 19:10:03.162;0;0;1;0;
11/02/2026 19:10:04.423;0;0;0;0;
11/02/2026 19:10:44.100;0;1;0;0;
11/02/2026 19:10:45.665;0;0;0;0;
11/02/2026 19:11:23.91;0;1;0;0;
11/02/2026 19:11:24.996;0;0;0;0;
11/02/2026 19:11:43.101;0;1;0;0;
11/02/2026 19:11:44.606;0;0;0;0;
11/02/2026 19:12:03.111;0;1;1;0;
11/02/2026 19:12:04.776;0;0;0;0;
11/02/2026 19:12:23.152;0;1;0;0;
11/02/2026 19:12:24.747;0;0;0;0;
11/02/2026 19:12:43.132;0;1;1;0;
11/02/2026 19:12:45.78;0;0;0;0;
11/02/2026 19:13:03.153;0;1;1;0;
11/02/2026 19:13:04.838;0;0;0;0;
11/02/2026 19:13:23.54;0;1;1;0;
11/02/2026 19:13:25.149;0;0;0;0;
11/02/2026 19:13:42.236;1;1;1;0;
11/02/2026 19:13:42.238;1;1;1;0;
11/02/2026 19:13:56.962;1;0;0;0;
11/02/2026 19:14:17.453;0;0;0;0;
11/02/2026 19:17:01.108;0;1;0;0;
11/02/2026 19:17:01.109;1;1;0;0;
11/02/2026 19:17:02.694;1;0;0;0;
11/02/2026 19:17:39.273;1;0;1;0;
11/02/2026 19:17:51.995;1;0;0;0;
11/02/2026 19:18:12.756;0;0;0;0;
11/02/2026 19:18:51.626;0;1;0;0;
11/02/2026 19:18:56.671;0;0;0;0;
11/02/2026 19:19:11.717;0;0;1;0;
11/02/2026 19:19:13.288;0;0;0;0;
11/02/2026 19:19:31.493;0;0;1;0;
11/02/2026 19:19:32.848;0;0;0;0;
11/02/2026 19:19:51.504;0;0;1;0;
11/02/2026 19:19:52.739;0;0;0;0;
11/02/2026 19:22:51.594;0;0;1;0;
11/02/2026 19:22:52.733;0;0;0;0;
11/02/2026 19:23:06.818;1;0;0;0;
11/02/2026 19:23:06.819;1;1;1;0;
11/02/2026 19:23:14.956;1;0;0;0;
11/02/2026 19:23:14.971;1;1;1;0;
11/02/2026 19:23:16.107;1;0;0;0;
11/02/2026 19:23:24.302;1;1;1;0;
11/02/2026 19:23:25.437;1;0;0;0;
11/02/2026 19:23:34.302;1;1;1;0;
11/02/2026 19:23:35.737;1;0;0;0;
11/02/2026 19:23:44.302;1;1;1;0;
11/02/2026 19:23:45.437;1;0;0;0;
11/02/2026 19:23:54.302;1;1;1;0;
11/02/2026 19:23:55.438;1;0;0;0;
11/02/2026 19:24:04.303;1;1;1;0;
11/02/2026 19:24:05.438;1;0;0;0;
11/02/2026 19:24:14.303;1;1;1;0;
11/02/2026 19:24:15.448;1;0;0;0;
11/02/2026 19:24:28.492;0;0;0;0;
11/02/2026 19:25:06.528;0;1;0;0;
11/02/2026 19:25:12.6;0;0;0;0;
11/02/2026 19:25:26.417;0;0;1;0;
11/02/2026 19:25:27.742;0;0;0;0;
11/02/2026 19:25:46.428;0;0;1;0;
11/02/2026 19:25:47.773;0;0;0;0;
11/02/2026 19:26:06.438;0;0;1;0;
11/02/2026 19:26:07.723;0;0;0;0;
11/02/2026 19:27:06.456;0;0;1;0;
11/02/2026 19:27:07.865;0;0;0;0;
11/02/2026 19:27:26.551;0;0;1;0;
11/02/2026 19:27:27.745;0;0;0;0;
11/02/2026 19:28:46.613;0;0;1;0;
11/02/2026 19:28:47.968;0;0;0;0;
11/02/2026 19:29:23.531;1;0;0;0;
11/02/2026 19:29:23.532;1;1;1;0;
11/02/2026 19:29:37.368;1;0;0;0;
11/02/2026 19:29:58.931;0;0;0;0;
11/02/2026 19:32:39.73;0;1;0;0;
11/02/2026 19:32:39.74;1;1;0;0;
11/02/2026 19:32:40.669;1;0;0;0;
11/02/2026 19:33:17.12;1;0;1;0;
11/02/2026 19:33:30.200;1;0;0;0;
11/02/2026 19:33:50.511;0;0;0;0;
11/02/2026 19:34:29.369;0;1;0;0;
11/02/2026 19:34:34.376;0;0;0;0;
11/02/2026 19:34:49.387;0;0;1;0;
11/02/2026 19:34:50.883;0;0;0;0;
11/02/2026 19:35:09.378;0;0;1;0;
11/02/2026 19:35:10.723;0;0;0;0;
11/02/2026 19:35:29.378;0;1;1;0;
11/02/2026 19:35:31.84;0;0;0;0;
11/02/2026 19:35:49.399;0;1;0;0;
11/02/2026 19:35:51.345;0;0;0;0;
11/02/2026 19:36:09.430;0;1;1;0;
11/02/2026 19:36:11.215;0;0;0;0;
11/02/2026 19:36:29.530;0;1;1;0;
11/02/2026 19:36:31.366;0;0;0;0;
11/02/2026 19:36:49.631;0;1;0;0;
11/02/2026 19:36:51.136;0;0;0;0;
11/02/2026 19:37:09.712;0;1;1;0;
11/02/2026 19:37:11.377;0;0;0;0;
11/02/2026 19:37:29.442;0;1;1;0;
11/02/2026 19:37:31.247;0;0;0;0;
11/02/2026 19:37:49.452;0;1;1;0;
11/02/2026 19:37:50.997;0;0;0;0;
11/02/2026 19:38:25.469;1;0;0;0;
11/02/2026 19:38:25.470;1;1;1;0;
11/02/2026 19:38:33.101;1;0;0;0;
11/02/2026 19:38:33.328;1;1;1;0;
11/02/2026 19:38:34.462;1;0;0;0;
11/02/2026 19:38:43.372;1;1;1;0;
11/02/2026 19:38:44.512;1;0;0;0;
11/02/2026 19:38:53.425;1;1;1;0;
11/02/2026 19:38:54.863;1;0;0;0;
11/02/2026 19:39:03.167;1;1;1;0;
11/02/2026 19:39:04.303;1;0;0;0;
11/02/2026 19:39:13.168;1;1;1;0;
11/02/2026 19:39:14.303;1;0;0;0;
11/02/2026 19:39:23.168;1;1;1;0;
11/02/2026 19:39:24.303;1;0;0;0;
11/02/2026 19:39:33.168;1;1;1;0;
11/02/2026 19:39:34.303;1;0;0;0;
11/02/2026 19:39:46.746;0;0;0;0;
11/02/2026 19:40:25.374;0;1;0;0;
11/02/2026 19:40:30.982;0;0;0;0;
11/02/2026 19:40:45.383;0;0;1;0;
11/02/2026 19:40:46.718;0;0;0;0;
11/02/2026 19:41:05.393;0;0;1;0;
11/02/2026 19:41:06.818;0;0;0;0;
11/02/2026 19:41:25.404;0;0;1;0;
11/02/2026 19:41:26.699;0;0;0;0;
11/02/2026 19:42:05.425;0;0;1;0;
11/02/2026 19:42:06.780;0;0;0;0;
11/02/2026 19:42:45.346;0;0;1;0;
11/02/2026 19:42:46.481;0;0;0;0;
11/02/2026 19:45:28.152;1;0;0;0;
11/02/2026 19:45:28.153;1;1;1;0;
11/02/2026 19:45:42.41;1;0;0;0;
11/02/2026 19:46:03.493;0;0;0;0;
11/02/2026 19:51:00.231;0;1;0;0;
11/02/2026 19:51:00.232;1;1;0;0;
11/02/2026 19:51:01.821;1;0;0;0;
11/02/2026 19:51:38.144;1;0;1;0;
11/02/2026 19:51:51.352;1;0;0;0;
11/02/2026 19:52:11.703;0;0;0;0;
11/02/2026 19:52:50.591;0;1;0;0;
11/02/2026 19:52:55.608;0;0;0;0;
11/02/2026 19:53:10.600;0;0;1;0;
11/02/2026 19:53:12.165;0;0;0;0;
11/02/2026 19:53:30.610;0;0;1;0;
11/02/2026 19:53:31.975;0;0;0;0;
11/02/2026 19:53:50.621;0;0;1;0;
11/02/2026 19:53:51.886;0;0;0;0;
11/02/2026 19:54:10.631;0;0;1;0;
11/02/2026 19:54:11.786;0;0;0;0;
11/02/2026 19:54:30.642;0;1;0;0;
11/02/2026 19:54:32.447;0;0;0;0;
11/02/2026 19:54:50.673;0;1;0;0;
11/02/2026 19:54:52.478;0;0;0;0;
11/02/2026 19:55:10.763;0;1;0;0;
11/02/2026 19:55:12.599;0;0;0;0;
11/02/2026 19:55:30.884;0;1;1;0;
11/02/2026 19:55:32.499;0;0;0;0;
11/02/2026 19:55:50.955;0;1;1;0;
11/02/2026 19:55:52.770;0;0;0;0;
11/02/2026 19:56:10.695;0;1;1;0;
11/02/2026 19:56:12.550;0;0;0;0;
11/02/2026 19:56:30.715;0;1;1;0;
11/02/2026 19:56:32.240;0;0;0;0;
11/02/2026 19:56:46.711;1;0;0;0;
11/02/2026 19:56:46.712;1;1;1;0;
11/02/2026 19:56:54.493;1;0;0;0;
11/02/2026 19:56:54.524;1;1;1;0;
11/02/2026 19:56:55.674;1;0;0;0;
11/02/2026 19:57:07.466;1;1;1;0;
11/02/2026 19:57:08.848;1;0;0;0;
11/02/2026 19:57:15.411;1;1;1;0;
11/02/2026 19:57:16.566;1;0;0;0;
11/02/2026 19:57:24.614;1;1;1;0;
11/02/2026 19:57:25.765;1;0;0;0;
11/02/2026 19:57:34.665;1;1;1;0;
11/02/2026 19:57:35.815;1;0;0;0;
11/02/2026 19:57:44.406;1;1;1;0;
11/02/2026 19:57:45.586;1;0;0;0;
11/02/2026 19:57:54.410;1;1;1;0;
11/02/2026 19:57:55.566;1;0;0;0;
11/02/2026 19:58:08.629;0;0;0;0;
11/02/2026 19:58:46.516;0;1;0;0;
11/02/2026 19:58:51.944;0;0;0;0;
11/02/2026 19:59:06.525;0;0;1;0;
11/02/2026 19:59:07.900;0;0;0;0;
11/02/2026 19:59:26.535;0;0;1;0;
11/02/2026 19:59:27.850;0;0;0;0;
11/02/2026 20:00:46.568;0;1;0;0;
11/02/2026 20:00:55.851;0;0;0;0;
11/02/2026 20:01:06.679;0;0;1;0;
11/02/2026 20:01:08.444;0;0;0;0;
11/02/2026 20:01:26.719;0;0;1;0;
11/02/2026 20:01:28.484;0;0;0;0;
11/02/2026 20:01:46.699;0;0;1;0;
11/02/2026 20:01:48.74;0;0;0;0;
11/02/2026 20:03:40.886;1;0;0;0;
11/02/2026 20:03:40.887;1;1;1;0;
11/02/2026 20:03:56.346;1;0;0;0;
11/02/2026 20:04:16.116;0;0;0;0;
11/02/2026 20:07:01.160;0;1;0;0;
11/02/2026 20:07:01.161;1;1;0;0;
11/02/2026 20:07:02.886;1;0;0;0;
11/02/2026 20:07:39.69;1;0;1;0;
11/02/2026 20:07:52.226;1;0;0;0;
11/02/2026 20:08:13.88;0;0;0;0;
11/02/2026 20:08:51.461;0;1;0;0;
11/02/2026 20:08:56.472;0;0;0;0;
11/02/2026 20:09:11.464;0;0;1;0;
11/02/2026 20:09:13.19;0;0;0;0;
11/02/2026 20:09:31.475;0;0;1;0;
11/02/2026 20:09:32.820;0;0;0;0;
11/02/2026 20:09:51.485;0;0;1;0;
11/02/2026 20:09:52.710;0;0;0;0;
11/02/2026 20:10:31.516;0;0;1;0;
11/02/2026 20:10:32.741;0;0;0;0;
11/02/2026 20:10:51.407;0;1;0;0;
11/02/2026 20:10:53.82;0;0;0;0;
11/02/2026 20:11:11.507;0;1;0;0;
11/02/2026 20:11:13.63;0;0;0;0;
11/02/2026 20:11:31.558;0;1;0;0;
11/02/2026 20:11:33.133;0;0;0;0;
11/02/2026 20:11:51.649;0;1;1;0;
11/02/2026 20:11:53.174;0;0;0;0;
11/02/2026 20:12:11.739;0;0;1;0;
11/02/2026 20:12:13.24;0;0;0;0;
11/02/2026 20:12:33.852;0;1;0;0;
11/02/2026 20:12:35.427;0;0;0;0;
11/02/2026 20:12:36.704;1;0;0;0;
11/02/2026 20:12:36.705;1;1;1;0;
11/02/2026 20:12:44.636;1;0;0;0;
11/02/2026 20:12:44.655;1;1;1;0;
11/02/2026 20:12:45.798;1;0;0;0;
11/02/2026 20:12:54.413;1;1;1;0;
11/02/2026 20:12:55.558;1;0;0;0;
11/02/2026 20:13:04.413;1;1;1;0;
11/02/2026 20:13:05.828;1;0;0;0;
11/02/2026 20:13:14.423;1;1;1;0;
11/02/2026 20:13:15.568;1;0;0;0;
11/02/2026 20:13:24.513;1;1;1;0;
11/02/2026 20:13:25.659;1;0;0;0;
11/02/2026 20:13:34.409;1;1;1;0;
11/02/2026 20:13:35.549;1;0;0;0;
11/02/2026 20:13:44.414;1;1;1;0;
11/02/2026 20:13:45.549;1;0;0;0;
11/02/2026 20:13:57.862;0;0;0;0;
11/02/2026 20:14:36.589;0;1;0;0;
11/02/2026 20:14:42.27;0;0;0;0;
11/02/2026 20:14:56.598;0;0;1;0;
11/02/2026 20:14:57.943;0;0;0;0;
11/02/2026 20:15:16.609;0;0;1;0;
11/02/2026 20:15:17.984;0;0;0;0;
11/02/2026 20:15:36.619;0;0;1;0;
11/02/2026 20:15:37.914;0;0;0;0;
11/02/2026 20:16:16.731;0;0;1;0;
11/02/2026 20:16:18.146;0;0;0;0;
11/02/2026 20:16:36.821;0;0;1;0;
11/02/2026 20:16:37.976;0;0;0;0;
11/02/2026 20:19:13.732;1;0;0;0;
11/02/2026 20:19:13.732;1;1;1;0;
11/02/2026 20:19:27.740;1;0;0;0;
11/02/2026 20:19:49.602;0;0;0;0;
01/01/1970 00:02:51.330;0;1;1;0;
01/01/1970 00:02:51.331;1;1;1;0;
01/01/1970 00:02:52.658;1;0;0;0;
01/01/1970 00:03:17.303;0;0;0;0;
